timestamp,hotel,checkin,provider,price_nzd,room_type
2026-09-16 05:44:36,VR Queen Street Auckland,2026-11-08,Super.com,229,
2026-09-16 05:44:36,VR Queen Street Auckland,2026-11-08,Hotels.com,286,Standard King Room
2026-09-16 05:44:36,VR Queen Street Auckland,2026-11-08,Booking.com,293,
2026-09-16 05:44:36,VR Queen Street Auckland,2026-11-08,Official site,325,
2026-09-16 05:44:38,VR Auckland City,2026-11-08,Booking.com,285,
2026-09-16 05:44:38,VR Auckland City,2026-11-08,Expedia,316,Classic One Bedroom Apartment
2026-09-16 05:44:41,VR Queen Street Auckland,2026-10-17,Super.com,212,
2026-09-16 05:44:41,VR Queen Street Auckland,2026-10-17,Hotels.com,242,Standard King Room
2026-09-16 05:44:41,VR Queen Street Auckland,2026-10-17,Booking.com,250,
2026-09-16 05:44:41,VR Queen Street Auckland,2026-10-17,Official site,278,
2026-09-16 05:44:44,VR Auckland City,2026-09-20,Official site,74,
2026-09-16 05:44:44,VR Auckland City,2026-09-20,Super.com,85,
2026-09-16 05:44:44,VR Auckland City,2026-09-20,Booking.com,108,Studio Apartment
2026-09-16 05:44:52,VR Queen Street Auckland,2026-09-16,Official site,86,
2026-09-16 05:44:52,VR Queen Street Auckland,2026-09-16,Super.com,130,
2026-09-16 05:44:52,VR Queen Street Auckland,2026-09-16,Booking.com,141,
2026-09-16 05:44:52,VR Queen Street Auckland,2026-09-16,Hotels.com,143,Premier King Room
2026-09-16 05:45:00,VR Auckland City,2026-09-16,Official site,79,
2026-09-16 05:45:00,VR Auckland City,2026-09-16,Super.com,114,
2026-09-16 05:45:00,VR Auckland City,2026-09-16,Booking.com,135,Studio Apartment
2026-09-16 05:45:00,VR Auckland City,2026-09-16,Hotels.com,145,
2026-09-16 05:45:05,VR Queen Street Auckland,2026-09-17,Super.com,33,
2026-09-16 05:45:05,VR Queen Street Auckland,2026-09-17,Official site,81,Free Parking Spacious 2BR Apt Walk to Sky Tower
2026-09-16 05:45:05,VR Queen Street Auckland,2026-09-17,Hotels.com,126,
2026-09-16 05:45:05,VR Queen Street Auckland,2026-09-17,Booking.com,131,One-Bedroom Suite
2026-09-16 05:45:13,VR Auckland City,2026-09-17,Official site,81,
2026-09-16 05:45:13,VR Auckland City,2026-09-17,Super.com,128,
2026-09-16 05:45:13,VR Auckland City,2026-09-17,Booking.com,152,Studio Apartment
2026-09-16 05:45:13,VR Auckland City,2026-09-17,Expedia,163,
2026-09-16 05:45:17,VR Queen Street Auckland,2026-09-18,Super.com,129,
2026-09-16 05:45:17,VR Queen Street Auckland,2026-09-18,Hotels.com,144,Standard King Room
2026-09-16 05:45:17,VR Queen Street Auckland,2026-09-18,Booking.com,151,
2026-09-16 05:45:17,VR Queen Street Auckland,2026-09-18,Official site,167,
2026-09-16 05:45:22,VR Auckland City,2026-09-18,Official site,88,
2026-09-16 05:45:22,VR Auckland City,2026-09-18,Super.com,111,
2026-09-16 05:45:22,VR Auckland City,2026-09-18,Booking.com,130,
2026-09-16 05:45:22,VR Auckland City,2026-09-18,Expedia,140,Studio Apartment
2026-09-16 05:45:30,VR Queen Street Auckland,2026-09-19,Super.com,135,
2026-09-16 05:45:30,VR Queen Street Auckland,2026-09-19,Hotels.com,151,Standard King Room
2026-09-16 05:45:30,VR Queen Street Auckland,2026-09-19,Booking.com,157,
2026-09-16 05:45:30,VR Queen Street Auckland,2026-09-19,Official site,175,
2026-09-16 05:45:35,VR Auckland City,2026-09-19,Super.com,115,
2026-09-16 05:45:35,VR Auckland City,2026-09-19,Booking.com,135,Studio Apartment
2026-09-16 05:45:35,VR Auckland City,2026-09-19,Expedia,145,
2026-09-16 05:45:41,VR Queen Street Auckland,2026-09-20,Official site,78,VR Queen Street - Hotel & Suites
2026-09-16 05:45:41,VR Queen Street Auckland,2026-09-20,Super.com,78,
2026-09-16 05:45:41,VR Queen Street Auckland,2026-09-20,Hotels.com,87,
2026-09-16 05:45:41,VR Queen Street Auckland,2026-09-20,Booking.com,92,
2026-09-16 05:45:48,VR Auckland City,2026-09-20,Official site,74,Parkside Hotel & Apartments
2026-09-16 05:45:48,VR Auckland City,2026-09-20,Super.com,85,
2026-09-16 05:45:48,VR Auckland City,2026-09-20,Booking.com,108,Studio Apartment
2026-09-16 05:45:48,VR Auckland City,2026-09-20,Expedia,108,
2026-09-16 05:45:55,VR Queen Street Auckland,2026-09-21,Official site,74,
2026-09-16 05:45:55,VR Queen Street Auckland,2026-09-21,Super.com,79,
2026-09-16 05:45:55,VR Queen Street Auckland,2026-09-21,Hotels.com,88,Standard King Room
2026-09-16 05:45:55,VR Queen Street Auckland,2026-09-21,Booking.com,92,
2026-09-16 05:46:02,VR Auckland City,2026-09-21,Official site,74,
2026-09-16 05:46:02,VR Auckland City,2026-09-21,Super.com,86,
2026-09-16 05:46:02,VR Auckland City,2026-09-21,Booking.com,100,Studio Apartment
2026-09-16 05:46:02,VR Auckland City,2026-09-21,Agoda,108,
2026-09-16 05:46:07,VR Queen Street Auckland,2026-09-22,Official site,73,
2026-09-16 05:46:07,VR Queen Street Auckland,2026-09-22,Super.com,81,
2026-09-16 05:46:07,VR Queen Street Auckland,2026-09-22,Hotels.com,90,
2026-09-16 05:46:07,VR Queen Street Auckland,2026-09-22,Booking.com,95,Standard King Room
2026-09-16 05:46:13,VR Auckland City,2026-09-22,Official site,74,
2026-09-16 05:46:13,VR Auckland City,2026-09-22,Super.com,87,
2026-09-16 05:46:13,VR Auckland City,2026-09-22,Booking.com,104,Studio Apartment
2026-09-16 05:46:13,VR Auckland City,2026-09-22,Expedia,112,
2026-09-16 05:46:18,VR Queen Street Auckland,2026-09-23,Official site,74,Free Parking Spacious 2BR Apt Walk to Sky Tower
2026-09-16 05:46:18,VR Queen Street Auckland,2026-09-23,Super.com,77,
2026-09-16 05:46:18,VR Queen Street Auckland,2026-09-23,Booking.com,91,
2026-09-16 05:46:18,VR Queen Street Auckland,2026-09-23,Hotels.com,98,Standard King Room
2026-09-16 05:46:25,VR Auckland City,2026-09-23,Official site,74,
2026-09-16 05:46:25,VR Auckland City,2026-09-23,Super.com,87,
2026-09-16 05:46:25,VR Auckland City,2026-09-23,Booking.com,104,Studio Apartment
2026-09-16 05:46:25,VR Auckland City,2026-09-23,Agoda,112,
2026-09-16 05:46:29,VR Queen Street Auckland,2026-09-24,Super.com,77,
2026-09-16 05:46:29,VR Queen Street Auckland,2026-09-24,Hotels.com,87,Standard King Room
2026-09-16 05:46:29,VR Queen Street Auckland,2026-09-24,Booking.com,91,
2026-09-16 05:46:29,VR Queen Street Auckland,2026-09-24,Official site,101,
2026-09-16 05:46:34,VR Auckland City,2026-09-24,Super.com,87,
2026-09-16 05:46:34,VR Auckland City,2026-09-24,Booking.com,104,Studio Apartment
2026-09-16 05:46:34,VR Auckland City,2026-09-24,Agoda,112,
2026-09-16 05:46:38,VR Queen Street Auckland,2026-09-25,Official site,85,
2026-09-16 05:46:38,VR Queen Street Auckland,2026-09-25,Super.com,115,
2026-09-16 05:46:38,VR Queen Street Auckland,2026-09-25,Hotels.com,129,
2026-09-16 05:46:38,VR Queen Street Auckland,2026-09-25,Booking.com,134,Standard King Room
2026-09-16 05:46:45,VR Auckland City,2026-09-25,Official site,85,
2026-09-16 05:46:45,VR Auckland City,2026-09-25,Super.com,123,
2026-09-16 05:46:45,VR Auckland City,2026-09-25,Booking.com,139,
2026-09-16 05:46:45,VR Auckland City,2026-09-25,Expedia,149,Studio Apartment
2026-09-16 05:46:51,VR Queen Street Auckland,2026-09-26,Super.com,117,
2026-09-16 05:46:51,VR Queen Street Auckland,2026-09-26,Hotels.com,131,
2026-09-16 05:46:51,VR Queen Street Auckland,2026-09-26,Booking.com,138,Standard King Room
2026-09-16 05:46:51,VR Queen Street Auckland,2026-09-26,Official site,153,
2026-09-16 05:46:56,VR Auckland City,2026-09-26,Official site,97,
2026-09-16 05:46:56,VR Auckland City,2026-09-26,Super.com,164,
2026-09-16 05:46:56,VR Auckland City,2026-09-26,Booking.com,194,
2026-09-16 05:46:56,VR Auckland City,2026-09-26,Expedia,208,Studio Apartment
2026-09-16 05:47:01,VR Queen Street Auckland,2026-09-27,Official site,77,
2026-09-16 05:47:01,VR Queen Street Auckland,2026-09-27,Super.com,82,
2026-09-16 05:47:01,VR Queen Street Auckland,2026-09-27,Hotels.com,91,Standard King Room
2026-09-16 05:47:01,VR Queen Street Auckland,2026-09-27,Booking.com,94,
2026-09-16 05:47:07,VR Auckland City,2026-09-27,Official site,74,
2026-09-16 05:47:07,VR Auckland City,2026-09-27,Super.com,110,
2026-09-16 05:47:07,VR Auckland City,2026-09-27,Booking.com,140,Studio Apartment
2026-09-16 05:47:07,VR Auckland City,2026-09-27,Agoda,140,
2026-09-16 05:47:14,VR Queen Street Auckland,2026-09-28,Official site,72,The Quadrant Hotel & Suites
2026-09-16 05:47:14,VR Queen Street Auckland,2026-09-28,Super.com,79,
2026-09-16 05:47:14,VR Queen Street Auckland,2026-09-28,Hotels.com,89,
2026-09-16 05:47:14,VR Queen Street Auckland,2026-09-28,Booking.com,94,Standard King Room
2026-09-16 05:47:21,VR Auckland City,2026-09-28,Official site,74,
2026-09-16 05:47:21,VR Auckland City,2026-09-28,Super.com,83,
2026-09-16 05:47:21,VR Auckland City,2026-09-28,Booking.com,108,Studio Apartment
2026-09-16 05:47:21,VR Auckland City,2026-09-28,Agoda,108,
2026-09-16 05:47:25,VR Queen Street Auckland,2026-09-29,Official site,80,VR Queen Street - Hotel & Suites
2026-09-16 05:47:25,VR Queen Street Auckland,2026-09-29,Super.com,80,
2026-09-16 05:47:25,VR Queen Street Auckland,2026-09-29,Hotels.com,89,
2026-09-16 05:47:25,VR Queen Street Auckland,2026-09-29,Booking.com,94,Standard King Room
2026-09-16 05:47:32,VR Auckland City,2026-09-29,Official site,74,
2026-09-16 05:47:32,VR Auckland City,2026-09-29,Booking.com,74,Princes Wharf Boutique Apartment
2026-09-16 05:47:32,VR Auckland City,2026-09-29,Super.com,87,
2026-09-16 05:47:32,VR Auckland City,2026-09-29,Expedia,112,Studio Apartment
2026-09-16 05:47:39,VR Queen Street Auckland,2026-09-30,Official site,66,
2026-09-16 05:47:39,VR Queen Street Auckland,2026-09-30,Super.com,85,
2026-09-16 05:47:39,VR Queen Street Auckland,2026-09-30,Hotels.com,95,
2026-09-16 05:47:39,VR Queen Street Auckland,2026-09-30,Booking.com,100,Standard King Room
2026-09-16 05:47:45,VR Auckland City,2026-09-30,Official site,66,
2026-09-16 05:47:45,VR Auckland City,2026-09-30,Booking.com,104,Studio Apartment
2026-09-16 05:47:45,VR Auckland City,2026-09-30,Agoda,112,
2026-09-16 05:47:51,VR Queen Street Auckland,2026-10-01,Official site,77,
2026-09-16 05:47:51,VR Queen Street Auckland,2026-10-01,Super.com,94,
2026-09-16 05:47:51,VR Queen Street Auckland,2026-10-01,Hotels.com,110,Standard King Room
2026-09-16 05:47:51,VR Queen Street Auckland,2026-10-01,Booking.com,113,
2026-09-16 05:47:58,VR Auckland City,2026-10-01,Official site,77,
2026-09-16 05:47:58,VR Auckland City,2026-10-01,Super.com,93,
2026-09-16 05:47:58,VR Auckland City,2026-10-01,Booking.com,109,Studio Apartment
2026-09-16 05:47:58,VR Auckland City,2026-10-01,Agoda,117,
2026-09-16 05:48:05,VR Queen Street Auckland,2026-10-02,Official site,96,
2026-09-16 05:48:05,VR Queen Street Auckland,2026-10-02,Super.com,112,
2026-09-16 05:48:05,VR Queen Street Auckland,2026-10-02,Booking.com,130,
2026-09-16 05:48:05,VR Queen Street Auckland,2026-10-02,Hotels.com,140,Standard King Room
2026-09-16 05:48:12,VR Auckland City,2026-10-02,Official site,96,
2026-09-16 05:48:12,VR Auckland City,2026-10-02,Super.com,112,
2026-09-16 05:48:12,VR Auckland City,2026-10-02,Booking.com,135,
2026-09-16 05:48:12,VR Auckland City,2026-10-02,Expedia,136,Studio Apartment
2026-09-16 05:48:18,VR Queen Street Auckland,2026-10-03,Official site,108,
2026-09-16 05:48:18,VR Queen Street Auckland,2026-10-03,Super.com,121,
2026-09-16 05:48:18,VR Queen Street Auckland,2026-10-03,Booking.com,142,Standard King Room
2026-09-16 05:48:18,VR Queen Street Auckland,2026-10-03,Expedia,143,
2026-09-16 05:48:24,VR Auckland City,2026-10-03,Official site,102,
2026-09-16 05:48:24,VR Auckland City,2026-10-03,Super.com,130,
2026-09-16 05:48:24,VR Auckland City,2026-10-03,Booking.com,155,
2026-09-16 05:48:24,VR Auckland City,2026-10-03,Expedia,167,Studio Apartment
2026-09-16 05:48:29,VR Queen Street Auckland,2026-10-04,Official site,89,Princes Wharf Amazing 2 bedroom Free Parking
2026-09-16 05:48:29,VR Queen Street Auckland,2026-10-04,Super.com,90,
2026-09-16 05:48:29,VR Queen Street Auckland,2026-10-04,Hotels.com,100,Standard King Room
2026-09-16 05:48:29,VR Queen Street Auckland,2026-10-04,Booking.com,106,
2026-09-16 05:48:35,VR Auckland City,2026-10-04,Official site,84,
2026-09-16 05:48:35,VR Auckland City,2026-10-04,Super.com,109,
2026-09-16 05:48:35,VR Auckland City,2026-10-04,Booking.com,139,Studio Apartment
2026-09-16 05:48:35,VR Auckland City,2026-10-04,Agoda,139,
2026-09-16 05:48:40,VR Queen Street Auckland,2026-10-05,Super.com,90,
2026-09-16 05:48:40,VR Queen Street Auckland,2026-10-05,Booking.com,106,Standard King Room
2026-09-16 05:48:40,VR Queen Street Auckland,2026-10-05,Expedia,106,
2026-09-16 05:48:40,VR Queen Street Auckland,2026-10-05,Official site,117,
2026-09-16 05:48:44,VR Auckland City,2026-10-05,Official site,84,Auckland Harbour Suites
2026-09-16 05:48:44,VR Auckland City,2026-10-05,Booking.com,133,Studio Apartment
2026-09-16 05:48:44,VR Auckland City,2026-10-05,Agoda,139,
2026-09-16 05:48:51,VR Queen Street Auckland,2026-10-06,Official site,77,
2026-09-16 05:48:51,VR Queen Street Auckland,2026-10-06,Super.com,90,
2026-09-16 05:48:51,VR Queen Street Auckland,2026-10-06,Expedia,102,
2026-09-16 05:48:51,VR Queen Street Auckland,2026-10-06,Booking.com,106,Standard King Room
2026-09-16 05:48:57,VR Auckland City,2026-10-06,Official site,84,
2026-09-16 05:48:57,VR Auckland City,2026-10-06,Booking.com,139,Studio Apartment
2026-09-16 05:48:57,VR Auckland City,2026-10-06,Expedia,139,
2026-09-16 05:49:03,VR Queen Street Auckland,2026-10-07,Official site,71,
2026-09-16 05:49:03,VR Queen Street Auckland,2026-10-07,Super.com,85,
2026-09-16 05:49:03,VR Queen Street Auckland,2026-10-07,Hotels.com,97,
2026-09-16 05:49:03,VR Queen Street Auckland,2026-10-07,Booking.com,100,Standard King Room
2026-09-16 05:49:10,VR Auckland City,2026-10-07,Official site,71,
2026-09-16 05:49:10,VR Auckland City,2026-10-07,Super.com,108,
2026-09-16 05:49:10,VR Auckland City,2026-10-07,Booking.com,139,Studio Apartment
2026-09-16 05:49:10,VR Auckland City,2026-10-07,Expedia,139,
2026-09-16 05:49:16,VR Queen Street Auckland,2026-10-08,Super.com,28,
2026-09-16 05:49:16,VR Queen Street Auckland,2026-10-08,Official site,111,Ramada Suites By Wyndham Victoria Street West
2026-09-16 05:49:16,VR Queen Street Auckland,2026-10-08,Hotels.com,128,Standard King Room
2026-09-16 05:49:16,VR Queen Street Auckland,2026-10-08,Booking.com,134,
2026-09-16 05:49:23,VR Auckland City,2026-10-08,Official site,84,Chic Princes Wharf Studio | City View | Parking
2026-09-16 05:49:23,VR Auckland City,2026-10-08,Super.com,150,
2026-09-16 05:49:23,VR Auckland City,2026-10-08,Booking.com,174,Executive One-Bedroom Apartment
2026-09-16 05:49:23,VR Auckland City,2026-10-08,Expedia,185,
2026-09-16 05:49:29,VR Queen Street Auckland,2026-10-09,Official site,75,Grand Central Serviced Apartments
2026-09-16 05:49:29,VR Queen Street Auckland,2026-10-09,Super.com,224,
2026-09-16 05:49:29,VR Queen Street Auckland,2026-10-09,Hotels.com,257,Standard King Room
2026-09-16 05:49:29,VR Queen Street Auckland,2026-10-09,Booking.com,264,
2026-09-16 05:49:35,VR Auckland City,2026-10-09,Official site,75,Grand Central Serviced Apartments
2026-09-16 05:49:35,VR Auckland City,2026-10-09,Super.com,255,
2026-09-16 05:49:35,VR Auckland City,2026-10-09,Agoda,330,
2026-09-16 05:49:35,VR Auckland City,2026-10-09,Booking.com,331,Executive One-Bedroom Apartment
2026-09-16 05:49:41,VR Queen Street Auckland,2026-10-10,Official site,90,
2026-09-16 05:49:41,VR Queen Street Auckland,2026-10-10,Super.com,233,
2026-09-16 05:49:41,VR Queen Street Auckland,2026-10-10,Hotels.com,263,
2026-09-16 05:49:41,VR Queen Street Auckland,2026-10-10,Booking.com,270,Standard King Room
2026-09-16 05:49:48,VR Auckland City,2026-10-10,Official site,102,
2026-09-16 05:49:48,VR Auckland City,2026-10-10,Booking.com,549,Studio Apartment
2026-09-16 05:49:48,VR Auckland City,2026-10-10,Agoda,590,
2026-09-16 05:49:52,VR Queen Street Auckland,2026-10-11,Super.com,96,
2026-09-16 05:49:52,VR Queen Street Auckland,2026-10-11,Booking.com,113,Standard King Room
2026-09-16 05:49:52,VR Queen Street Auckland,2026-10-11,Expedia,122,
2026-09-16 05:49:52,VR Queen Street Auckland,2026-10-11,Official site,125,
2026-09-16 05:49:57,VR Auckland City,2026-10-11,Official site,84,
2026-09-16 05:49:57,VR Auckland City,2026-10-11,Booking.com,112,Studio Apartment
2026-09-16 05:49:57,VR Auckland City,2026-10-11,Agoda,112,
2026-09-16 05:50:02,VR Queen Street Auckland,2026-10-12,Official site,85,Ramada Suites By Wyndham Victoria Street West
2026-09-16 05:50:02,VR Queen Street Auckland,2026-10-12,Super.com,100,
2026-09-16 05:50:02,VR Queen Street Auckland,2026-10-12,Hotels.com,109,
2026-09-16 05:50:02,VR Queen Street Auckland,2026-10-12,Booking.com,113,Standard King Room
2026-09-16 05:50:09,VR Auckland City,2026-10-12,Official site,84,ibis budget Auckland Central - Double Studio
2026-09-16 05:50:09,VR Auckland City,2026-10-12,Super.com,101,
2026-09-16 05:50:09,VR Auckland City,2026-10-12,Booking.com,131,Studio Apartment
2026-09-16 05:50:09,VR Auckland City,2026-10-12,Expedia,131,
2026-09-16 05:50:15,VR Queen Street Auckland,2026-10-13,Official site,89,The Quadrant Hotel & Suites
2026-09-16 05:50:15,VR Queen Street Auckland,2026-10-13,Super.com,99,
2026-09-16 05:50:15,VR Queen Street Auckland,2026-10-13,Hotels.com,108,
2026-09-16 05:50:15,VR Queen Street Auckland,2026-10-13,Booking.com,113,Standard King Room
2026-09-16 05:50:21,VR Auckland City,2026-10-13,Official site,84,Ramada Suites By Wyndham Victoria Street West
2026-09-16 05:50:21,VR Auckland City,2026-10-13,Super.com,92,
2026-09-16 05:50:21,VR Auckland City,2026-10-13,Booking.com,112,Studio Apartment
2026-09-16 05:50:21,VR Auckland City,2026-10-13,Hotels.com,117,
2026-09-16 05:50:28,VR Queen Street Auckland,2026-10-14,Official site,84,
2026-09-16 05:50:28,VR Queen Street Auckland,2026-10-14,Super.com,97,
2026-09-16 05:50:28,VR Queen Street Auckland,2026-10-14,Booking.com,113,Standard King Room
2026-09-16 05:50:28,VR Queen Street Auckland,2026-10-14,Expedia,114,
2026-09-16 05:50:34,VR Auckland City,2026-10-14,Official site,84,ibis budget Auckland Central - Double Studio
2026-09-16 05:50:34,VR Auckland City,2026-10-14,Super.com,91,
2026-09-16 05:50:34,VR Auckland City,2026-10-14,Expedia,117,Studio Apartment
2026-09-16 05:50:34,VR Auckland City,2026-10-14,Booking.com,117,
2026-09-16 05:50:41,VR Queen Street Auckland,2026-10-15,Official site,97,VR Queen Street - Hotel & Suites
2026-09-16 05:50:41,VR Queen Street Auckland,2026-10-15,Super.com,97,
2026-09-16 05:50:41,VR Queen Street Auckland,2026-10-15,Booking.com,113,Standard King Room
2026-09-16 05:50:41,VR Queen Street Auckland,2026-10-15,Expedia,114,
2026-09-16 05:50:47,VR Auckland City,2026-10-15,Official site,84,ibis budget Auckland Central - Double Studio
2026-09-16 05:50:47,VR Auckland City,2026-10-15,Booking.com,117,One-Bedroom Apartment
2026-09-16 05:50:47,VR Auckland City,2026-10-15,Agoda,126,
2026-09-16 05:50:53,VR Queen Street Auckland,2026-10-16,Official site,129,
2026-09-16 05:50:53,VR Queen Street Auckland,2026-10-16,Super.com,131,
2026-09-16 05:50:53,VR Queen Street Auckland,2026-10-16,Expedia,153,
2026-09-16 05:50:53,VR Queen Street Auckland,2026-10-16,Booking.com,155,Standard King Room
2026-09-16 05:51:00,VR Auckland City,2026-10-16,Official site,102,Penthouse - One-Bedroom Apartment
2026-09-16 05:51:00,VR Auckland City,2026-10-16,Expedia,185,
2026-09-16 05:51:00,VR Auckland City,2026-10-16,Booking.com,186,Executive One-Bedroom Apartment
2026-09-16 05:51:06,VR Queen Street Auckland,2026-10-17,Official site,69,
2026-09-16 05:51:06,VR Queen Street Auckland,2026-10-17,Super.com,212,
2026-09-16 05:51:06,VR Queen Street Auckland,2026-10-17,Hotels.com,242,Standard King Room
2026-09-16 05:51:06,VR Queen Street Auckland,2026-10-17,Booking.com,250,
2026-09-16 05:51:12,VR Auckland City,2026-10-17,Official site,69,
2026-09-16 05:51:12,VR Auckland City,2026-10-17,Super.com,557,
2026-09-16 05:51:12,VR Auckland City,2026-10-17,Booking.com,639,Deluxe Family Room
2026-09-16 05:51:12,VR Auckland City,2026-10-17,Agoda,687,
2026-09-16 05:51:18,VR Queen Street Auckland,2026-10-18,Super.com,103,
2026-09-16 05:51:18,VR Queen Street Auckland,2026-10-18,Hotels.com,116,
2026-09-16 05:51:18,VR Queen Street Auckland,2026-10-18,Booking.com,121,Standard King Room
2026-09-16 05:51:18,VR Queen Street Auckland,2026-10-18,Official site,135,
2026-09-16 05:51:23,VR Auckland City,2026-10-18,Official site,84,Princes Wharf - Penthouse - Stunning Views
2026-09-16 05:51:23,VR Auckland City,2026-10-18,Booking.com,149,Studio Apartment
2026-09-16 05:51:23,VR Auckland City,2026-10-18,Expedia,149,
2026-09-16 05:51:30,VR Queen Street Auckland,2026-10-19,Official site,84,The Quadrant Hotel & Suites
2026-09-16 05:51:30,VR Queen Street Auckland,2026-10-19,Super.com,103,
2026-09-16 05:51:30,VR Queen Street Auckland,2026-10-19,Booking.com,121,Standard King Room
2026-09-16 05:51:36,VR Auckland City,2026-10-19,Official site,84,The Quadrant Hotel & Suites
2026-09-16 05:51:36,VR Auckland City,2026-10-19,Expedia,183,One-Bedroom Apartment
2026-09-16 05:51:36,VR Auckland City,2026-10-19,Booking.com,183,
2026-09-16 05:51:42,VR Queen Street Auckland,2026-10-20,Super.com,53,
2026-09-16 05:51:42,VR Queen Street Auckland,2026-10-20,Official site,75,Grand Central Serviced Apartments
2026-09-16 05:51:42,VR Queen Street Auckland,2026-10-20,Booking.com,184,Standard King Room
2026-09-16 05:51:42,VR Queen Street Auckland,2026-10-20,Hotels.com,198,
2026-09-16 05:51:49,VR Auckland City,2026-10-20,Official site,75,Grand Central Serviced Apartments
2026-09-16 05:51:49,VR Auckland City,2026-10-20,Super.com,156,
2026-09-16 05:51:49,VR Auckland City,2026-10-20,Expedia,199,Classic One Bedroom Apartment
2026-09-16 05:51:49,VR Auckland City,2026-10-20,Booking.com,199,
2026-09-16 05:51:55,VR Queen Street Auckland,2026-10-21,Super.com,53,
2026-09-16 05:51:55,VR Queen Street Auckland,2026-10-21,Official site,131,
2026-09-16 05:51:55,VR Queen Street Auckland,2026-10-21,Hotels.com,180,
2026-09-16 05:51:55,VR Queen Street Auckland,2026-10-21,Booking.com,184,Standard King Room
2026-09-16 05:52:02,VR Auckland City,2026-10-21,Super.com,45,
2026-09-16 05:52:02,VR Auckland City,2026-10-21,Official site,128,Princes Wharf Boutique Apartments
2026-09-16 05:52:02,VR Auckland City,2026-10-21,Booking.com,170,Studio Apartment
2026-09-16 05:52:08,VR Queen Street Auckland,2026-10-22,Super.com,26,
2026-09-16 05:52:08,VR Queen Street Auckland,2026-10-22,Booking.com,84,
2026-09-16 05:52:08,VR Queen Street Auckland,2026-10-22,Official site,97,The Quadrant Hotel & Suites
2026-09-16 05:52:08,VR Queen Street Auckland,2026-10-22,Hotels.com,146,Standard King Room
2026-09-16 05:52:14,VR Auckland City,2026-10-22,Official site,84,
2026-09-16 05:52:14,VR Auckland City,2026-10-22,Super.com,123,
2026-09-16 05:52:14,VR Auckland City,2026-10-22,Expedia,218,Classic One Bedroom Apartment
2026-09-16 05:52:14,VR Auckland City,2026-10-22,Booking.com,218,
2026-09-16 05:52:21,VR Queen Street Auckland,2026-10-23,Super.com,62,
2026-09-16 05:52:21,VR Queen Street Auckland,2026-10-23,Hotels.com,208,Standard King Room
2026-09-16 05:52:21,VR Queen Street Auckland,2026-10-23,Booking.com,214,
2026-09-16 05:52:21,VR Queen Street Auckland,2026-10-23,Official site,237,
2026-09-16 05:52:25,VR Auckland City,2026-10-23,Official site,102,Penthouse - One-Bedroom Apartment
2026-09-16 05:52:25,VR Auckland City,2026-10-23,Trip.com,450,
2026-09-16 05:52:25,VR Auckland City,2026-10-23,Booking.com,465,Two-Bedroom Apartment
2026-09-16 05:52:25,VR Auckland City,2026-10-23,Expedia,465,
2026-09-16 05:52:32,VR Queen Street Auckland,2026-10-24,Official site,75,Grand Central Serviced Apartments
2026-09-16 05:52:32,VR Queen Street Auckland,2026-10-24,Super.com,203,
2026-09-16 05:52:32,VR Queen Street Auckland,2026-10-24,Hotels.com,224,Standard King Room
2026-09-16 05:52:32,VR Queen Street Auckland,2026-10-24,Booking.com,230,
2026-09-16 05:52:38,VR Auckland City,2026-10-24,Official site,75,Grand Central Serviced Apartments
2026-09-16 05:52:38,VR Auckland City,2026-10-24,Booking.com,289,Studio Apartment
2026-09-16 05:52:38,VR Auckland City,2026-10-24,Agoda,311,
2026-09-16 05:52:45,VR Queen Street Auckland,2026-10-25,Official site,84,Mercure Auckland Queen Street
2026-09-16 05:52:45,VR Queen Street Auckland,2026-10-25,Super.com,227,
2026-09-16 05:52:45,VR Queen Street Auckland,2026-10-25,Hotels.com,244,
2026-09-16 05:52:45,VR Queen Street Auckland,2026-10-25,Booking.com,250,Standard King Room
2026-09-16 05:52:51,VR Auckland City,2026-10-25,Official site,84,Mercure Auckland Queen Street
2026-09-16 05:52:51,VR Auckland City,2026-10-25,Super.com,96,
2026-09-16 05:52:51,VR Auckland City,2026-10-25,Expedia,127,Studio Apartment
2026-09-16 05:52:51,VR Auckland City,2026-10-25,Booking.com,149,
2026-09-16 05:52:57,VR Queen Street Auckland,2026-10-26,Official site,96,Open VR Queen Street - Hotel & Suites in a new tab.
2026-09-16 05:52:57,VR Queen Street Auckland,2026-10-26,Super.com,96,
2026-09-16 05:52:57,VR Queen Street Auckland,2026-10-26,Booking.com,113,Standard King Room
2026-09-16 05:52:57,VR Queen Street Auckland,2026-10-26,Expedia,114,
2026-09-16 05:53:04,VR Auckland City,2026-10-26,Official site,84,Mercure Auckland Queen Street
2026-09-16 05:53:04,VR Auckland City,2026-10-26,Super.com,90,
2026-09-16 05:53:04,VR Auckland City,2026-10-26,Booking.com,119,Studio Apartment
2026-09-16 05:53:04,VR Auckland City,2026-10-26,Agoda,140,
2026-09-16 05:53:10,VR Queen Street Auckland,2026-10-27,Official site,97,VR Queen Street - Hotel & Suites
2026-09-16 05:53:10,VR Queen Street Auckland,2026-10-27,Super.com,97,
2026-09-16 05:53:10,VR Queen Street Auckland,2026-10-27,Hotels.com,108,Standard King Room
2026-09-16 05:53:10,VR Queen Street Auckland,2026-10-27,Booking.com,113,
2026-09-16 05:53:17,VR Auckland City,2026-10-27,Official site,84,Princes Wharf Amazing 2 bedroom Free Parking
2026-09-16 05:53:17,VR Auckland City,2026-10-27,Booking.com,140,Studio Apartment
2026-09-16 05:53:17,VR Auckland City,2026-10-27,Expedia,140,
2026-09-16 05:53:23,VR Queen Street Auckland,2026-10-28,Official site,84,
2026-09-16 05:53:23,VR Queen Street Auckland,2026-10-28,Super.com,97,
2026-09-16 05:53:23,VR Queen Street Auckland,2026-10-28,Hotels.com,108,Standard King Room
2026-09-16 05:53:23,VR Queen Street Auckland,2026-10-28,Booking.com,113,
2026-09-16 05:53:30,VR Auckland City,2026-10-28,Official site,84,Auckland Harbour Suites
2026-09-16 05:53:30,VR Auckland City,2026-10-28,Super.com,90,
2026-09-16 05:53:30,VR Auckland City,2026-10-28,Expedia,119,
2026-09-16 05:53:30,VR Auckland City,2026-10-28,Booking.com,140,Studio Apartment
2026-09-16 05:53:36,VR Queen Street Auckland,2026-10-29,Official site,84,
2026-09-16 05:53:36,VR Queen Street Auckland,2026-10-29,Super.com,97,
2026-09-16 05:53:36,VR Queen Street Auckland,2026-10-29,Booking.com,113,Standard King Room
2026-09-16 05:53:36,VR Queen Street Auckland,2026-10-29,Hotels.com,122,
2026-09-16 05:53:42,VR Auckland City,2026-10-29,Official site,84,
2026-09-16 05:53:42,VR Auckland City,2026-10-29,Booking.com,84,ibis budget Auckland Central - Double Studio
2026-09-16 05:53:42,VR Auckland City,2026-10-29,Expedia,140,
2026-09-16 05:53:49,VR Queen Street Auckland,2026-10-30,Official site,117,ibis budget Auckland Central - Double Studio
2026-09-16 05:53:49,VR Queen Street Auckland,2026-10-30,Super.com,120,
2026-09-16 05:53:49,VR Queen Street Auckland,2026-10-30,Expedia,147,
2026-09-16 05:53:49,VR Queen Street Auckland,2026-10-30,Booking.com,151,Standard King Room
2026-09-16 05:53:55,VR Auckland City,2026-10-30,Official site,102,Penthouse - One-Bedroom Apartment
2026-09-16 05:53:55,VR Auckland City,2026-10-30,Super.com,126,
2026-09-16 05:53:55,VR Auckland City,2026-10-30,Booking.com,194,Studio Apartment
2026-09-16 05:53:55,VR Auckland City,2026-10-30,Expedia,194,
2026-09-16 05:54:01,VR Queen Street Auckland,2026-10-31,Official site,102,
2026-09-16 05:54:01,VR Queen Street Auckland,2026-10-31,Super.com,124,
2026-09-16 05:54:01,VR Queen Street Auckland,2026-10-31,Hotels.com,146,
2026-09-16 05:54:01,VR Queen Street Auckland,2026-10-31,Booking.com,151,Standard King Room
2026-09-16 05:54:07,VR Auckland City,2026-10-31,Official site,102,Penthouse - One-Bedroom Apartment
2026-09-16 05:54:07,VR Auckland City,2026-10-31,Super.com,127,
2026-09-16 05:54:07,VR Auckland City,2026-10-31,Expedia,170,
2026-09-16 05:54:07,VR Auckland City,2026-10-31,Booking.com,196,One-Bedroom Apartment
2026-09-16 05:54:13,VR Queen Street Auckland,2026-11-01,Official site,104,Open VR Queen Street - Hotel & Suites in a new tab.
2026-09-16 05:54:13,VR Queen Street Auckland,2026-11-01,Super.com,104,
2026-09-16 05:54:13,VR Queen Street Auckland,2026-11-01,Hotels.com,121,Standard King Room
2026-09-16 05:54:13,VR Queen Street Auckland,2026-11-01,Booking.com,126,
2026-09-16 05:54:20,VR Auckland City,2026-11-01,Official site,107,Pullman Auckland Hotel & Apartments
2026-09-16 05:54:20,VR Auckland City,2026-11-01,Super.com,126,
2026-09-16 05:54:20,VR Auckland City,2026-11-01,Expedia,157,
2026-09-16 05:54:20,VR Auckland City,2026-11-01,Booking.com,173,Studio Apartment
2026-09-16 05:54:27,VR Queen Street Auckland,2026-11-02,Official site,103,Open VR Queen Street - Hotel & Suites in a new tab.
2026-09-16 05:54:27,VR Queen Street Auckland,2026-11-02,Super.com,103,
2026-09-16 05:54:27,VR Queen Street Auckland,2026-11-02,Hotels.com,121,Standard King Room
2026-09-16 05:54:27,VR Queen Street Auckland,2026-11-02,Booking.com,126,
2026-09-16 05:54:33,VR Auckland City,2026-11-02,Official site,107,
2026-09-16 05:54:33,VR Auckland City,2026-11-02,Booking.com,154,Studio Apartment
2026-09-16 05:54:33,VR Auckland City,2026-11-02,Hotels.com,154,
2026-09-16 05:54:38,VR Queen Street Auckland,2026-11-03,Official site,94,ibis budget Auckland Central - Double Studio
2026-09-16 05:54:38,VR Queen Street Auckland,2026-11-03,Super.com,103,
2026-09-16 05:54:38,VR Queen Street Auckland,2026-11-03,Hotels.com,120,Standard King Room
2026-09-16 05:54:38,VR Queen Street Auckland,2026-11-03,Booking.com,126,
2026-09-16 05:54:44,VR Auckland City,2026-11-03,Official site,94,ibis budget Auckland Central - Double Studio
2026-09-16 05:54:44,VR Auckland City,2026-11-03,Expedia,157,
2026-09-16 05:54:44,VR Auckland City,2026-11-03,Hotels.com,157,
2026-09-16 05:54:44,VR Auckland City,2026-11-03,Booking.com,169,Studio Apartment
2026-09-16 05:54:51,VR Queen Street Auckland,2026-11-04,Official site,84,Ramada Suites By Wyndham Victoria Street West
2026-09-16 05:54:51,VR Queen Street Auckland,2026-11-04,Super.com,139,
2026-09-16 05:54:51,VR Queen Street Auckland,2026-11-04,Hotels.com,162,Standard King Room
2026-09-16 05:54:51,VR Queen Street Auckland,2026-11-04,Booking.com,167,
2026-09-16 05:54:57,VR Auckland City,2026-11-04,Official site,84,Ramada Suites By Wyndham Victoria Street West
2026-09-16 05:54:57,VR Auckland City,2026-11-04,Expedia,180,Studio Apartment
2026-09-16 05:54:57,VR Auckland City,2026-11-04,Booking.com,180,
2026-09-16 05:55:03,VR Queen Street Auckland,2026-11-05,Super.com,41,
2026-09-16 05:55:03,VR Queen Street Auckland,2026-11-05,Official site,98,VR Queen Street - Hotel & Suites
2026-09-16 05:55:03,VR Queen Street Auckland,2026-11-05,Hotels.com,178,
2026-09-16 05:55:03,VR Queen Street Auckland,2026-11-05,Booking.com,184,Standard King Room
2026-09-16 05:55:10,VR Auckland City,2026-11-05,Official site,98,VR Queen Street - Hotel & Suites
2026-09-16 05:55:10,VR Auckland City,2026-11-05,Super.com,119,
2026-09-16 05:55:10,VR Auckland City,2026-11-05,Booking.com,272,Studio Apartment
2026-09-16 05:55:10,VR Auckland City,2026-11-05,Expedia,272,
2026-09-16 05:55:16,VR Queen Street Auckland,2026-11-06,Official site,125,
2026-09-16 05:55:16,VR Queen Street Auckland,2026-11-06,Super.com,147,
2026-09-16 05:55:16,VR Queen Street Auckland,2026-11-06,Expedia,183,
2026-09-16 05:55:16,VR Queen Street Auckland,2026-11-06,Booking.com,184,Standard King Room
2026-09-16 05:55:22,VR Auckland City,2026-11-06,Official site,125,Princes Wharf Boutique Apartments
2026-09-16 05:55:22,VR Auckland City,2026-11-06,Expedia,383,Studio Apartment
2026-09-16 05:55:22,VR Auckland City,2026-11-06,Booking.com,383,
2026-09-16 05:55:29,VR Queen Street Auckland,2026-11-07,Official site,128,"Swiss-Belsuites Victoria Park, Auckland"
2026-09-16 05:55:29,VR Queen Street Auckland,2026-11-07,Super.com,296,
2026-09-16 05:55:29,VR Queen Street Auckland,2026-11-07,Booking.com,360,One-Bedroom Suite
2026-09-16 05:55:29,VR Queen Street Auckland,2026-11-07,Hotels.com,387,
2026-09-16 05:55:35,VR Auckland City,2026-11-07,Official site,128,"Swiss-Belsuites Victoria Park, Auckland"
2026-09-16 05:55:35,VR Auckland City,2026-11-07,Hotels.com,440,
2026-09-16 05:55:35,VR Auckland City,2026-11-07,Booking.com,598,Deluxe Family Room
2026-09-16 05:55:35,VR Auckland City,2026-11-07,Expedia,632,
2026-09-16 05:55:41,VR Queen Street Auckland,2026-11-08,Official site,81,
2026-09-16 05:55:41,VR Queen Street Auckland,2026-11-08,Super.com,231,
2026-09-16 05:55:41,VR Queen Street Auckland,2026-11-08,Hotels.com,286,
2026-09-16 05:55:41,VR Queen Street Auckland,2026-11-08,Booking.com,293,Standard King Room
2026-09-16 05:55:47,VR Auckland City,2026-11-08,Official site,81,
2026-09-16 05:55:47,VR Auckland City,2026-11-08,Booking.com,285,
2026-09-16 05:55:47,VR Auckland City,2026-11-08,Expedia,316,
2026-09-16 05:55:53,VR Queen Street Auckland,2026-11-09,Official site,102,Penthouse - One-Bedroom Apartment
2026-09-16 05:55:53,VR Queen Street Auckland,2026-11-09,Super.com,167,
2026-09-16 05:55:53,VR Queen Street Auckland,2026-11-09,Hotels.com,204,Standard King Room
2026-09-16 05:55:53,VR Queen Street Auckland,2026-11-09,Booking.com,209,
2026-09-16 05:55:59,VR Auckland City,2026-11-09,Official site,102,Penthouse - One-Bedroom Apartment
2026-09-16 05:55:59,VR Auckland City,2026-11-09,Super.com,118,
2026-09-16 05:55:59,VR Auckland City,2026-11-09,Expedia,157,One-Bedroom Apartment
2026-09-16 05:55:59,VR Auckland City,2026-11-09,Booking.com,218,
2026-09-16 05:56:06,VR Queen Street Auckland,2026-11-10,Official site,102,Open VR Queen Street - Hotel & Suites in a new tab.
2026-09-16 05:56:06,VR Queen Street Auckland,2026-11-10,Super.com,102,
2026-09-16 05:56:06,VR Queen Street Auckland,2026-11-10,Booking.com,130,Standard King Room
2026-09-16 05:56:06,VR Queen Street Auckland,2026-11-10,Expedia,131,
2026-09-16 05:56:12,VR Auckland City,2026-11-10,Official site,103,Penthouse - One-Bedroom Apartment
2026-09-16 05:56:12,VR Auckland City,2026-11-10,Super.com,118,
2026-09-16 05:56:12,VR Auckland City,2026-11-10,Booking.com,203,Studio Apartment
2026-09-16 05:56:12,VR Auckland City,2026-11-10,Hotels.com,203,
2026-09-16 05:56:18,VR Queen Street Auckland,2026-11-11,Super.com,46,
2026-09-16 05:56:18,VR Queen Street Auckland,2026-11-11,Official site,92,Penthouse - One-Bedroom Apartment
2026-09-16 05:56:18,VR Queen Street Auckland,2026-11-11,Hotels.com,182,Standard King Room
2026-09-16 05:56:18,VR Queen Street Auckland,2026-11-11,Booking.com,188,
2026-09-16 05:56:25,VR Auckland City,2026-11-11,Official site,92,Penthouse - One-Bedroom Apartment
2026-09-16 05:56:25,VR Auckland City,2026-11-11,Expedia,224,Classic One Bedroom Apartment
2026-09-16 05:56:25,VR Auckland City,2026-11-11,Booking.com,224,
2026-09-16 05:56:31,VR Queen Street Auckland,2026-11-12,Super.com,46,
2026-09-16 05:56:31,VR Queen Street Auckland,2026-11-12,Official site,92,
2026-09-16 05:56:31,VR Queen Street Auckland,2026-11-12,Hotels.com,182,Standard King Room
2026-09-16 05:56:31,VR Queen Street Auckland,2026-11-12,Booking.com,188,
2026-09-16 05:56:37,VR Auckland City,2026-11-12,Official site,92,
2026-09-16 05:56:37,VR Auckland City,2026-11-12,Booking.com,168,Studio Apartment
2026-09-16 05:56:37,VR Auckland City,2026-11-12,Expedia,168,
2026-09-16 05:56:43,VR Queen Street Auckland,2026-11-13,Official site,92,
2026-09-16 05:56:43,VR Queen Street Auckland,2026-11-13,Super.com,137,
2026-09-16 05:56:43,VR Queen Street Auckland,2026-11-13,Booking.com,167,Standard King Room
2026-09-16 05:56:43,VR Queen Street Auckland,2026-11-13,Expedia,168,
2026-09-16 05:56:50,VR Auckland City,2026-11-13,Official site,76,City Gardens Apartments
2026-09-16 05:56:50,VR Auckland City,2026-11-13,Super.com,118,
2026-09-16 05:56:50,VR Auckland City,2026-11-13,Booking.com,230,Studio Apartment
2026-09-16 05:56:50,VR Auckland City,2026-11-13,Expedia,230,
2026-09-16 05:56:56,VR Queen Street Auckland,2026-11-14,Official site,138,Open VR Queen Street - Hotel & Suites in a new tab.
2026-09-16 05:56:56,VR Queen Street Auckland,2026-11-14,Super.com,138,
2026-09-16 05:56:56,VR Queen Street Auckland,2026-11-14,Expedia,165,
2026-09-16 05:56:56,VR Queen Street Auckland,2026-11-14,Booking.com,167,Standard King Room
2026-09-16 05:57:03,VR Auckland City,2026-11-14,Official site,125,Parkside Hotel & Apartments Auckland
2026-09-16 05:57:03,VR Auckland City,2026-11-14,Booking.com,295,Studio Apartment
2026-09-16 05:57:03,VR Auckland City,2026-11-14,Hotels.com,295,
2026-09-16 05:57:09,VR Queen Street Auckland,2026-11-15,Official site,92,"Swiss-Belsuites Victoria Park, Auckland"
2026-09-16 05:57:09,VR Queen Street Auckland,2026-11-15,Super.com,111,
2026-09-16 05:57:09,VR Queen Street Auckland,2026-11-15,Hotels.com,128,
2026-09-16 05:57:09,VR Queen Street Auckland,2026-11-15,Booking.com,134,Standard King Room
2026-09-16 05:57:15,VR Auckland City,2026-11-15,Official site,92,"Swiss-Belsuites Victoria Park, Auckland"
2026-09-16 05:57:15,VR Auckland City,2026-11-15,Expedia,200,Studio Apartment
2026-09-16 05:57:15,VR Auckland City,2026-11-15,Booking.com,200,
2026-09-16 05:57:15,VR Auckland City,2026-11-15,Agoda,200,
2026-09-16 05:57:21,VR Queen Street Auckland,2026-11-16,Official site,83,Ramada Suites By Wyndham Victoria Street West
2026-09-16 05:57:21,VR Queen Street Auckland,2026-11-16,Super.com,111,
2026-09-16 05:57:21,VR Queen Street Auckland,2026-11-16,Booking.com,134,Standard King Room
2026-09-16 05:57:21,VR Queen Street Auckland,2026-11-16,Hotels.com,144,
2026-09-16 05:57:27,VR Auckland City,2026-11-16,Official site,83,Ramada Suites By Wyndham Victoria Street West
2026-09-16 05:57:27,VR Auckland City,2026-11-16,Super.com,119,
2026-09-16 05:57:27,VR Auckland City,2026-11-16,Booking.com,223,Studio Apartment
2026-09-16 05:57:27,VR Auckland City,2026-11-16,Expedia,223,
2026-09-16 05:57:34,VR Queen Street Auckland,2026-11-17,Official site,83,Ramada Suites By Wyndham Victoria Street West
2026-09-16 05:57:34,VR Queen Street Auckland,2026-11-17,Super.com,106,
2026-09-16 05:57:34,VR Queen Street Auckland,2026-11-17,Hotels.com,128,
2026-09-16 05:57:34,VR Queen Street Auckland,2026-11-17,Booking.com,134,Standard King Room
2026-09-16 05:57:40,VR Auckland City,2026-11-17,Official site,83,Ramada Suites By Wyndham Victoria Street West
2026-09-16 05:57:40,VR Auckland City,2026-11-17,Super.com,120,
2026-09-16 05:57:40,VR Auckland City,2026-11-17,Booking.com,246,Studio Apartment
2026-09-16 05:57:40,VR Auckland City,2026-11-17,Expedia,246,
2026-09-16 06:14:52,VR Queen Street Auckland,2026-09-16,Super.com,127,
2026-09-16 06:14:52,VR Queen Street Auckland,2026-09-16,Booking.com,141,One-Bedroom Suite
2026-09-16 06:14:52,VR Queen Street Auckland,2026-09-16,Hotels.com,143,
2026-09-16 06:14:52,VR Queen Street Auckland,2026-09-16,Official site,156,
2026-09-16 06:14:58,VR Auckland City,2026-09-16,Official site,79,
2026-09-16 06:14:58,VR Auckland City,2026-09-16,Trip.com,119,
2026-09-16 06:14:58,VR Auckland City,2026-09-16,Booking.com,135,Studio Apartment
2026-09-16 06:14:58,VR Auckland City,2026-09-16,Hotels.com,145,
2026-09-16 06:15:03,VR Queen Street Auckland,2026-09-17,Super.com,28,
2026-09-16 06:15:03,VR Queen Street Auckland,2026-09-17,Official site,81,VR Queen Street - Hotel & Suites
2026-09-16 06:15:03,VR Queen Street Auckland,2026-09-17,Hotels.com,126,Suite · Suite
2026-09-16 06:15:03,VR Queen Street Auckland,2026-09-17,Booking.com,131,
2026-09-16 06:15:11,VR Auckland City,2026-09-17,Official site,81,
2026-09-16 06:15:11,VR Auckland City,2026-09-17,Super.com,130,
2026-09-16 06:15:11,VR Auckland City,2026-09-17,Booking.com,152,Studio Apartment
2026-09-16 06:15:11,VR Auckland City,2026-09-17,Expedia,163,
2026-09-16 06:15:15,VR Queen Street Auckland,2026-09-18,Super.com,128,
2026-09-16 06:15:15,VR Queen Street Auckland,2026-09-18,Hotels.com,144,Standard King Room
2026-09-16 06:15:15,VR Queen Street Auckland,2026-09-18,Booking.com,151,
2026-09-16 06:15:15,VR Queen Street Auckland,2026-09-18,Official site,167,
2026-09-16 06:15:21,VR Auckland City,2026-09-18,Official site,88,
2026-09-16 06:15:21,VR Auckland City,2026-09-18,Super.com,110,
2026-09-16 06:15:21,VR Auckland City,2026-09-18,Booking.com,130,Studio Apartment
2026-09-16 06:15:21,VR Auckland City,2026-09-18,Hotels.com,140,
2026-09-16 06:15:26,VR Queen Street Auckland,2026-09-19,Wotif,86,ibis budget Auckland Central - Double Studio
2026-09-16 06:15:26,VR Queen Street Auckland,2026-09-19,Official site,92,Ramada Suites By Wyndham Victoria Street West
2026-09-16 06:15:26,VR Queen Street Auckland,2026-09-19,Super.com,135,
2026-09-16 06:15:26,VR Queen Street Auckland,2026-09-19,Hotels.com,151,Standard King Room
2026-09-16 06:15:26,VR Queen Street Auckland,2026-09-19,Booking.com,157,
2026-09-16 06:15:33,VR Auckland City,2026-09-19,Super.com,115,
2026-09-16 06:15:33,VR Auckland City,2026-09-19,Booking.com,135,Studio Apartment
2026-09-16 06:15:33,VR Auckland City,2026-09-19,Expedia,145,
2026-09-16 06:15:33,VR Auckland City,2026-09-19,Agoda,145,
2026-09-16 06:15:38,VR Queen Street Auckland,2026-09-20,Super.com,79,
2026-09-16 06:15:38,VR Queen Street Auckland,2026-09-20,Hotels.com,87,
2026-09-16 06:15:38,VR Queen Street Auckland,2026-09-20,Booking.com,92,Standard King Room
2026-09-16 06:15:38,VR Queen Street Auckland,2026-09-20,Official site,102,
2026-09-16 06:15:43,VR Auckland City,2026-09-20,Official site,74,
2026-09-16 06:15:43,VR Auckland City,2026-09-20,Super.com,86,
2026-09-16 06:15:43,VR Auckland City,2026-09-20,Booking.com,108,Studio Apartment
2026-09-16 06:15:43,VR Auckland City,2026-09-20,Hotels.com,108,
2026-09-16 06:15:48,VR Queen Street Auckland,2026-09-21,Super.com,79,
2026-09-16 06:15:48,VR Queen Street Auckland,2026-09-21,Hotels.com,88,
2026-09-16 06:15:48,VR Queen Street Auckland,2026-09-21,Booking.com,92,Standard King Room
2026-09-16 06:15:48,VR Queen Street Auckland,2026-09-21,Official site,102,
2026-09-16 06:15:53,VR Auckland City,2026-09-21,Official site,74,
2026-09-16 06:15:53,VR Auckland City,2026-09-21,Super.com,86,
2026-09-16 06:15:53,VR Auckland City,2026-09-21,Booking.com,100,Studio Apartment
2026-09-16 06:15:53,VR Auckland City,2026-09-21,Expedia,108,
2026-09-16 06:15:58,VR Queen Street Auckland,2026-09-22,Super.com,81,
2026-09-16 06:15:58,VR Queen Street Auckland,2026-09-22,Hotels.com,90,Standard King Room
2026-09-16 06:15:58,VR Queen Street Auckland,2026-09-22,Booking.com,95,
2026-09-16 06:15:58,VR Queen Street Auckland,2026-09-22,Official site,105,
2026-09-16 06:16:03,VR Auckland City,2026-09-22,Official site,74,
2026-09-16 06:16:03,VR Auckland City,2026-09-22,Super.com,87,
2026-09-16 06:16:03,VR Auckland City,2026-09-22,Booking.com,104,
2026-09-16 06:16:03,VR Auckland City,2026-09-22,Expedia,112,Studio Apartment
2026-09-16 06:16:08,VR Queen Street Auckland,2026-09-23,Super.com,77,
2026-09-16 06:16:08,VR Queen Street Auckland,2026-09-23,Booking.com,91,
2026-09-16 06:16:08,VR Queen Street Auckland,2026-09-23,Hotels.com,98,Standard King Room
2026-09-16 06:16:08,VR Queen Street Auckland,2026-09-23,Official site,101,
2026-09-16 06:16:12,VR Auckland City,2026-09-23,Official site,74,
2026-09-16 06:16:12,VR Auckland City,2026-09-23,Super.com,87,
2026-09-16 06:16:12,VR Auckland City,2026-09-23,Booking.com,104,
2026-09-16 06:16:12,VR Auckland City,2026-09-23,Expedia,112,Studio Apartment
2026-09-16 06:16:17,VR Queen Street Auckland,2026-09-24,Booking.com,77,VR Queen Street - Hotel & Suites
2026-09-16 06:16:17,VR Queen Street Auckland,2026-09-24,Official site,77,Open VR Queen Street - Hotel & Suites in a new tab.
2026-09-16 06:16:17,VR Queen Street Auckland,2026-09-24,Super.com,77,
2026-09-16 06:16:17,VR Queen Street Auckland,2026-09-24,Hotels.com,87,Standard King Room
2026-09-16 06:16:23,VR Auckland City,2026-09-24,Super.com,87,
2026-09-16 06:16:23,VR Auckland City,2026-09-24,Booking.com,104,
2026-09-16 06:16:23,VR Auckland City,2026-09-24,Expedia,112,Studio Apartment
2026-09-16 06:16:28,VR Queen Street Auckland,2026-09-25,Booking.com,85,
2026-09-16 06:16:28,VR Queen Street Auckland,2026-09-25,Official site,115,VR Queen Street - Hotel & Suites
2026-09-16 06:16:28,VR Queen Street Auckland,2026-09-25,Super.com,115,
2026-09-16 06:16:28,VR Queen Street Auckland,2026-09-25,Expedia,136,
2026-09-16 06:16:34,VR Auckland City,2026-09-25,Official site,97,
2026-09-16 06:16:34,VR Auckland City,2026-09-25,Super.com,123,
2026-09-16 06:16:34,VR Auckland City,2026-09-25,Booking.com,139,
2026-09-16 06:16:34,VR Auckland City,2026-09-25,Expedia,149,Studio Apartment
2026-09-16 06:16:39,VR Queen Street Auckland,2026-09-26,Official site,85,
2026-09-16 06:16:39,VR Queen Street Auckland,2026-09-26,Booking.com,115,VR Queen Street - Hotel & Suites
2026-09-16 06:16:39,VR Queen Street Auckland,2026-09-26,Super.com,117,
2026-09-16 06:16:39,VR Queen Street Auckland,2026-09-26,Hotels.com,131,Standard King Room
2026-09-16 06:16:45,VR Auckland City,2026-09-26,Official site,97,
2026-09-16 06:16:45,VR Auckland City,2026-09-26,Super.com,164,
2026-09-16 06:16:45,VR Auckland City,2026-09-26,Booking.com,194,Studio Apartment
2026-09-16 06:16:45,VR Auckland City,2026-09-26,Expedia,208,
2026-09-16 06:16:50,VR Queen Street Auckland,2026-09-27,Official site,77,
2026-09-16 06:16:50,VR Queen Street Auckland,2026-09-27,Wotif,82,VR Queen Street - Hotel & Suites
2026-09-16 06:16:50,VR Queen Street Auckland,2026-09-27,Super.com,82,
2026-09-16 06:16:50,VR Queen Street Auckland,2026-09-27,Hotels.com,91,Standard King Room
2026-09-16 06:16:50,VR Queen Street Auckland,2026-09-27,Booking.com,94,
2026-09-16 06:16:56,VR Auckland City,2026-09-27,Official site,74,VR Queen Street - Hotel & Suites
2026-09-16 06:16:56,VR Auckland City,2026-09-27,Booking.com,77,
2026-09-16 06:16:56,VR Auckland City,2026-09-27,Super.com,110,
2026-09-16 06:16:56,VR Auckland City,2026-09-27,Hotels.com,140,
2026-09-16 06:17:03,VR Queen Street Auckland,2026-09-28,Super.com,79,
2026-09-16 06:17:03,VR Queen Street Auckland,2026-09-28,Expedia,91,
2026-09-16 06:17:03,VR Queen Street Auckland,2026-09-28,Booking.com,94,Standard King Room
2026-09-16 06:17:03,VR Queen Street Auckland,2026-09-28,Official site,104,
2026-09-16 06:17:08,VR Auckland City,2026-09-28,Wotif,73,The Quadrant Hotel & Suites
2026-09-16 06:17:08,VR Auckland City,2026-09-28,Official site,74,
2026-09-16 06:17:08,VR Auckland City,2026-09-28,Booking.com,79,VR Queen Street - Hotel & Suites
2026-09-16 06:17:08,VR Auckland City,2026-09-28,Super.com,83,
2026-09-16 06:17:08,VR Auckland City,2026-09-28,Expedia,108,Studio Apartment
2026-09-16 06:17:14,VR Queen Street Auckland,2026-09-29,Booking.com,80,VR Queen Street - Hotel & Suites
2026-09-16 06:17:14,VR Queen Street Auckland,2026-09-29,Wotif,80,Open VR Queen Street - Hotel & Suites in a new tab.
2026-09-16 06:17:14,VR Queen Street Auckland,2026-09-29,Super.com,80,
2026-09-16 06:17:14,VR Queen Street Auckland,2026-09-29,Expedia,95,
2026-09-16 06:17:14,VR Queen Street Auckland,2026-09-29,Official site,104,
2026-09-16 06:17:20,VR Auckland City,2026-09-29,Official site,74,
2026-09-16 06:17:20,VR Auckland City,2026-09-29,Wotif,74,Auckland Harbour Suites
2026-09-16 06:17:20,VR Auckland City,2026-09-29,Super.com,87,
2026-09-16 06:17:20,VR Auckland City,2026-09-29,Booking.com,104,Studio Apartment
2026-09-16 06:17:20,VR Auckland City,2026-09-29,Expedia,112,
2026-09-16 06:17:27,VR Queen Street Auckland,2026-09-30,Official site,66,
2026-09-16 06:17:27,VR Queen Street Auckland,2026-09-30,Wotif,85,VR Queen Street - Hotel & Suites
2026-09-16 06:17:27,VR Queen Street Auckland,2026-09-30,Super.com,85,
2026-09-16 06:17:27,VR Queen Street Auckland,2026-09-30,Hotels.com,95,
2026-09-16 06:17:27,VR Queen Street Auckland,2026-09-30,Booking.com,100,Standard King Room
2026-09-16 06:17:33,VR Auckland City,2026-09-30,Booking.com,66,
2026-09-16 06:17:33,VR Auckland City,2026-09-30,Wotif,84,VR Queen Street - Hotel & Suites
2026-09-16 06:17:33,VR Auckland City,2026-09-30,Official site,84,
2026-09-16 06:17:33,VR Auckland City,2026-09-30,Expedia,112,
2026-09-16 06:17:40,VR Queen Street Auckland,2026-10-01,Official site,94,VR Queen Street - Hotel & Suites
2026-09-16 06:17:40,VR Queen Street Auckland,2026-10-01,Super.com,94,
2026-09-16 06:17:40,VR Queen Street Auckland,2026-10-01,Hotels.com,110,Standard King Room
2026-09-16 06:17:40,VR Queen Street Auckland,2026-10-01,Booking.com,113,
2026-09-16 06:17:46,VR Auckland City,2026-10-01,Official site,84,
2026-09-16 06:17:46,VR Auckland City,2026-10-01,Super.com,93,
2026-09-16 06:17:46,VR Auckland City,2026-10-01,Booking.com,94,VR Queen Street - Hotel & Suites
2026-09-16 06:17:46,VR Auckland City,2026-10-01,Expedia,117,Studio Apartment
2026-09-16 06:17:52,VR Queen Street Auckland,2026-10-02,Booking.com,97,Pullman Auckland Hotel & Apartments
2026-09-16 06:17:52,VR Queen Street Auckland,2026-10-02,Official site,112,Open VR Queen Street - Hotel & Suites in a new tab.
2026-09-16 06:17:52,VR Queen Street Auckland,2026-10-02,Super.com,112,
2026-09-16 06:17:52,VR Queen Street Auckland,2026-10-02,Expedia,140,
2026-09-16 06:17:59,VR Auckland City,2026-10-02,Official site,102,
2026-09-16 06:17:59,VR Auckland City,2026-10-02,Super.com,112,
2026-09-16 06:17:59,VR Auckland City,2026-10-02,Booking.com,135,Studio Apartment
2026-09-16 06:18:03,VR Queen Street Auckland,2026-10-03,Booking.com,96,
2026-09-16 06:18:03,VR Queen Street Auckland,2026-10-03,Official site,121,Open VR Queen Street - Hotel & Suites in a new tab.
2026-09-16 06:18:03,VR Queen Street Auckland,2026-10-03,Super.com,121,
2026-09-16 06:18:03,VR Queen Street Auckland,2026-10-03,Hotels.com,137,Standard King Room
2026-09-16 06:18:10,VR Auckland City,2026-10-03,Booking.com,96,
2026-09-16 06:18:10,VR Auckland City,2026-10-03,Official site,102,Penthouse
2026-09-16 06:18:10,VR Auckland City,2026-10-03,Super.com,130,
2026-09-16 06:18:10,VR Auckland City,2026-10-03,Expedia,167,
2026-09-16 06:18:16,VR Queen Street Auckland,2026-10-04,Wotif,90,VR Queen Street - Hotel & Suites
2026-09-16 06:18:16,VR Queen Street Auckland,2026-10-04,Booking.com,90,Open VR Queen Street - Hotel & Suites in a new tab.
2026-09-16 06:18:16,VR Queen Street Auckland,2026-10-04,Super.com,90,
2026-09-16 06:18:16,VR Queen Street Auckland,2026-10-04,Expedia,103,
2026-09-16 06:18:16,VR Queen Street Auckland,2026-10-04,Official site,117,
2026-09-16 06:18:23,VR Auckland City,2026-10-04,Official site,84,
2026-09-16 06:18:23,VR Auckland City,2026-10-04,Booking.com,139,Studio Apartment
2026-09-16 06:18:23,VR Auckland City,2026-10-04,Hotels.com,139,
2026-09-16 06:18:29,VR Queen Street Auckland,2026-10-05,Super.com,90,
2026-09-16 06:18:29,VR Queen Street Auckland,2026-10-05,Booking.com,106,Standard King Room
2026-09-16 06:18:29,VR Queen Street Auckland,2026-10-05,Expedia,106,
2026-09-16 06:18:29,VR Queen Street Auckland,2026-10-05,Official site,117,
2026-09-16 06:18:34,VR Auckland City,2026-10-05,Official site,84,
2026-09-16 06:18:34,VR Auckland City,2026-10-05,Booking.com,133,
2026-09-16 06:18:34,VR Auckland City,2026-10-05,Expedia,139,Studio Apartment
2026-09-16 06:18:38,VR Queen Street Auckland,2026-10-06,Official site,77,Auckland Harbour Suites
2026-09-16 06:18:38,VR Queen Street Auckland,2026-10-06,Booking.com,90,Open VR Queen Street - Hotel & Suites in a new tab.
2026-09-16 06:18:38,VR Queen Street Auckland,2026-10-06,Super.com,90,
2026-09-16 06:18:38,VR Queen Street Auckland,2026-10-06,Hotels.com,102,
2026-09-16 06:18:45,VR Auckland City,2026-10-06,Booking.com,77,Auckland Harbour Suites
2026-09-16 06:18:45,VR Auckland City,2026-10-06,Official site,84,
2026-09-16 06:18:45,VR Auckland City,2026-10-06,Super.com,112,
2026-09-16 06:18:45,VR Auckland City,2026-10-06,Expedia,139,
2026-09-16 06:18:51,VR Queen Street Auckland,2026-10-07,Official site,74,
2026-09-16 06:18:51,VR Queen Street Auckland,2026-10-07,Booking.com,78,Auckland Harbour Suites
2026-09-16 06:18:51,VR Queen Street Auckland,2026-10-07,Super.com,85,
2026-09-16 06:18:51,VR Queen Street Auckland,2026-10-07,Hotels.com,97,Standard King Room
2026-09-16 06:18:57,VR Auckland City,2026-10-07,Official site,74,
2026-09-16 06:18:57,VR Auckland City,2026-10-07,Booking.com,84,Princes Wharf - Penthouse - Stunning Views
2026-09-16 06:18:57,VR Auckland City,2026-10-07,Super.com,107,
2026-09-16 06:18:57,VR Auckland City,2026-10-07,Expedia,139,Studio Apartment
2026-09-16 06:19:04,VR Queen Street Auckland,2026-10-08,Super.com,28,
2026-09-16 06:19:04,VR Queen Street Auckland,2026-10-08,Hotels.com,128,
2026-09-16 06:19:04,VR Queen Street Auckland,2026-10-08,Booking.com,134,Standard King Room
2026-09-16 06:19:04,VR Queen Street Auckland,2026-10-08,Official site,149,
2026-09-16 06:19:09,VR Auckland City,2026-10-08,Official site,84,Chic Princes Wharf Studio | City View | Parking
2026-09-16 06:19:09,VR Auckland City,2026-10-08,Booking.com,91,
2026-09-16 06:19:09,VR Auckland City,2026-10-08,Super.com,150,
2026-09-16 06:19:09,VR Auckland City,2026-10-08,Expedia,185,One-Bedroom Apartment
2026-09-16 06:19:15,VR Queen Street Auckland,2026-10-09,Official site,63,City Gardens Apartments
2026-09-16 06:19:15,VR Queen Street Auckland,2026-10-09,Wotif,138,
2026-09-16 06:19:15,VR Queen Street Auckland,2026-10-09,Super.com,224,
2026-09-16 06:19:15,VR Queen Street Auckland,2026-10-09,Hotels.com,257,Standard King Room
2026-09-16 06:19:15,VR Queen Street Auckland,2026-10-09,Booking.com,264,
2026-09-16 06:19:22,VR Auckland City,2026-10-09,Official site,102,
2026-09-16 06:19:22,VR Auckland City,2026-10-09,Super.com,255,
2026-09-16 06:19:22,VR Auckland City,2026-10-09,Expedia,330,One-Bedroom Apartment
2026-09-16 06:19:22,VR Auckland City,2026-10-09,Booking.com,331,
2026-09-16 06:19:26,VR Queen Street Auckland,2026-10-10,Official site,90,
2026-09-16 06:19:26,VR Queen Street Auckland,2026-10-10,Super.com,233,
2026-09-16 06:19:26,VR Queen Street Auckland,2026-10-10,Hotels.com,263,
2026-09-16 06:19:26,VR Queen Street Auckland,2026-10-10,Booking.com,270,Standard King Room
2026-09-16 06:19:33,VR Auckland City,2026-10-10,Official site,90,
2026-09-16 06:19:33,VR Auckland City,2026-10-10,Booking.com,549,
2026-09-16 06:19:33,VR Auckland City,2026-10-10,Expedia,590,Studio Apartment
2026-09-16 06:19:33,VR Auckland City,2026-10-10,Agoda,590,
2026-09-16 06:19:39,VR Queen Street Auckland,2026-10-11,Wotif,95,
2026-09-16 06:19:39,VR Queen Street Auckland,2026-10-11,Super.com,96,
2026-09-16 06:19:39,VR Queen Street Auckland,2026-10-11,Booking.com,113,Standard King Room
2026-09-16 06:19:39,VR Queen Street Auckland,2026-10-11,Hotels.com,122,
2026-09-16 06:19:39,VR Queen Street Auckland,2026-10-11,Official site,125,
2026-09-16 06:19:46,VR Auckland City,2026-10-11,Official site,84,Chic Princes Wharf Studio | City View | Parking
2026-09-16 06:19:46,VR Auckland City,2026-10-11,Super.com,88,
2026-09-16 06:19:46,VR Auckland City,2026-10-11,Wotif,95,
2026-09-16 06:19:46,VR Auckland City,2026-10-11,Booking.com,112,Studio Apartment
2026-09-16 06:19:46,VR Auckland City,2026-10-11,Expedia,112,
2026-09-16 06:19:52,VR Queen Street Auckland,2026-10-12,Official site,100,Open VR Queen Street - Hotel & Suites in a new tab.
2026-09-16 06:19:52,VR Queen Street Auckland,2026-10-12,Super.com,100,
2026-09-16 06:19:52,VR Queen Street Auckland,2026-10-12,Booking.com,113,Standard King Room
2026-09-16 06:19:52,VR Queen Street Auckland,2026-10-12,Expedia,114,
2026-09-16 06:19:58,VR Auckland City,2026-10-12,Wotif,84,ibis budget Auckland Central - Double Studio
2026-09-16 06:19:58,VR Auckland City,2026-10-12,Official site,84,
2026-09-16 06:19:58,VR Auckland City,2026-10-12,Super.com,101,
2026-09-16 06:19:58,VR Auckland City,2026-10-12,Booking.com,104,
2026-09-16 06:19:58,VR Auckland City,2026-10-12,Expedia,131,Studio Apartment
2026-09-16 06:20:05,VR Queen Street Auckland,2026-10-13,Booking.com,78,Parkside Hotel & Apartments Auckland
2026-09-16 06:20:05,VR Queen Street Auckland,2026-10-13,Official site,89,The Quadrant Hotel & Suites
2026-09-16 06:20:05,VR Queen Street Auckland,2026-10-13,Super.com,99,
2026-09-16 06:20:05,VR Queen Street Auckland,2026-10-13,Hotels.com,108,Standard King Room
2026-09-16 06:20:12,VR Auckland City,2026-10-13,Official site,84,
2026-09-16 06:20:12,VR Auckland City,2026-10-13,Super.com,92,
2026-09-16 06:20:12,VR Auckland City,2026-10-13,Booking.com,112,Studio Apartment
2026-09-16 06:20:12,VR Auckland City,2026-10-13,Expedia,117,
2026-09-16 06:20:16,VR Queen Street Auckland,2026-10-14,Booking.com,78,Parkside Hotel & Apartments Auckland
2026-09-16 06:20:16,VR Queen Street Auckland,2026-10-14,Official site,91,The Quadrant Hotel & Suites
2026-09-16 06:20:16,VR Queen Street Auckland,2026-10-14,Super.com,97,
2026-09-16 06:20:16,VR Queen Street Auckland,2026-10-14,Hotels.com,109,
2026-09-16 06:20:23,VR Auckland City,2026-10-14,Booking.com,78,Parkside Hotel & Apartments Auckland
2026-09-16 06:20:23,VR Auckland City,2026-10-14,Official site,84,ibis budget Auckland Central - Double Studio
2026-09-16 06:20:23,VR Auckland City,2026-10-14,Super.com,91,
2026-09-16 06:20:23,VR Auckland City,2026-10-14,Expedia,117,
2026-09-16 06:20:29,VR Queen Street Auckland,2026-10-15,Wotif,90,VR Queen Street - Hotel & Suites
2026-09-16 06:20:29,VR Queen Street Auckland,2026-10-15,Official site,97,Open VR Queen Street - Hotel & Suites in a new tab.
2026-09-16 06:20:29,VR Queen Street Auckland,2026-10-15,Super.com,97,
2026-09-16 06:20:29,VR Queen Street Auckland,2026-10-15,Hotels.com,109,
2026-09-16 06:20:29,VR Queen Street Auckland,2026-10-15,Booking.com,113,Standard King Room
2026-09-16 06:20:36,VR Auckland City,2026-10-15,Official site,84,Parkside Hotel & Apartments Auckland
2026-09-16 06:20:36,VR Auckland City,2026-10-15,Super.com,102,
2026-09-16 06:20:36,VR Auckland City,2026-10-15,Booking.com,117,One-Bedroom Apartment
2026-09-16 06:20:36,VR Auckland City,2026-10-15,Expedia,126,
2026-09-16 06:20:42,VR Queen Street Auckland,2026-10-16,Booking.com,113,Studio Steps from Sky City
2026-09-16 06:20:42,VR Queen Street Auckland,2026-10-16,Official site,120,
2026-09-16 06:20:42,VR Queen Street Auckland,2026-10-16,Super.com,131,
2026-09-16 06:20:42,VR Queen Street Auckland,2026-10-16,Expedia,153,
2026-09-16 06:20:48,VR Auckland City,2026-10-16,Official site,102,Penthouse
2026-09-16 06:20:48,VR Auckland City,2026-10-16,Booking.com,120,
2026-09-16 06:20:48,VR Auckland City,2026-10-16,Expedia,185,
2026-09-16 06:20:54,VR Queen Street Auckland,2026-10-17,Official site,69,
2026-09-16 06:20:54,VR Queen Street Auckland,2026-10-17,Super.com,212,
2026-09-16 06:20:54,VR Queen Street Auckland,2026-10-17,Hotels.com,242,
2026-09-16 06:20:54,VR Queen Street Auckland,2026-10-17,Booking.com,250,Standard King Room
2026-09-16 06:21:01,VR Auckland City,2026-10-17,Official site,69,
2026-09-16 06:21:01,VR Auckland City,2026-10-17,Super.com,557,
2026-09-16 06:21:01,VR Auckland City,2026-10-17,Booking.com,639,Deluxe Family Room
2026-09-16 06:21:07,VR Queen Street Auckland,2026-10-18,Booking.com,103,VR Queen Street - Hotel & Suites
2026-09-16 06:21:07,VR Queen Street Auckland,2026-10-18,Official site,103,Open VR Queen Street - Hotel & Suites in a new tab.
2026-09-16 06:21:07,VR Queen Street Auckland,2026-10-18,Super.com,103,
2026-09-16 06:21:07,VR Queen Street Auckland,2026-10-18,Expedia,119,
2026-09-16 06:21:14,VR Auckland City,2026-10-18,Official site,84,Parkside Hotel & Apartments Auckland
2026-09-16 06:21:14,VR Auckland City,2026-10-18,Booking.com,103,VR Queen Street - Hotel & Suites
2026-09-16 06:21:20,VR Queen Street Auckland,2026-10-19,Super.com,103,
2026-09-16 06:21:20,VR Queen Street Auckland,2026-10-19,Booking.com,121,Standard King Room
2026-09-16 06:21:20,VR Queen Street Auckland,2026-10-19,Official site,135,
2026-09-16 06:21:24,VR Auckland City,2026-10-19,Official site,84,The Quadrant Hotel & Suites
2026-09-16 06:21:24,VR Auckland City,2026-10-19,Booking.com,183,Executive One-Bedroom Apartment
2026-09-16 06:21:24,VR Auckland City,2026-10-19,Expedia,183,
2026-09-16 06:21:31,VR Queen Street Auckland,2026-10-20,Super.com,57,
2026-09-16 06:21:31,VR Queen Street Auckland,2026-10-20,Official site,75,Grand Central Serviced Apartments
2026-09-16 06:21:31,VR Queen Street Auckland,2026-10-20,Booking.com,184,Standard King Room
2026-09-16 06:21:31,VR Queen Street Auckland,2026-10-20,Hotels.com,198,
2026-09-16 06:21:37,VR Auckland City,2026-10-20,Official site,75,Grand Central Serviced Apartments
2026-09-16 06:21:37,VR Auckland City,2026-10-20,Super.com,155,
2026-09-16 06:21:37,VR Auckland City,2026-10-20,Booking.com,199,One-Bedroom Apartment
2026-09-16 06:21:43,VR Queen Street Auckland,2026-10-21,Super.com,53,
2026-09-16 06:21:43,VR Queen Street Auckland,2026-10-21,Official site,78,City Gardens Apartments
2026-09-16 06:21:43,VR Queen Street Auckland,2026-10-21,Hotels.com,180,Standard King Room
2026-09-16 06:21:43,VR Queen Street Auckland,2026-10-21,Booking.com,184,
2026-09-16 06:21:49,VR Auckland City,2026-10-21,Super.com,45,
2026-09-16 06:21:49,VR Auckland City,2026-10-21,Expedia,169,
2026-09-16 06:21:49,VR Auckland City,2026-10-21,Booking.com,170,Studio Apartment
2026-09-16 06:21:49,VR Auckland City,2026-10-21,Official site,186,
2026-09-16 06:21:54,VR Queen Street Auckland,2026-10-22,Super.com,26,
2026-09-16 06:21:54,VR Queen Street Auckland,2026-10-22,Official site,84,
2026-09-16 06:21:54,VR Queen Street Auckland,2026-10-22,Booking.com,95,The Quadrant Hotel & Suites
2026-09-16 06:21:54,VR Queen Street Auckland,2026-10-22,Hotels.com,146,
2026-09-16 06:22:00,VR Auckland City,2026-10-22,Official site,84,
2026-09-16 06:22:00,VR Auckland City,2026-10-22,Booking.com,95,The Quadrant Hotel & Suites
2026-09-16 06:22:00,VR Auckland City,2026-10-22,Super.com,123,
2026-09-16 06:22:00,VR Auckland City,2026-10-22,Expedia,218,Classic One Bedroom Apartment
2026-09-16 06:22:07,VR Queen Street Auckland,2026-10-23,Super.com,69,
2026-09-16 06:22:07,VR Queen Street Auckland,2026-10-23,Official site,116,
2026-09-16 06:22:07,VR Queen Street Auckland,2026-10-23,Booking.com,120,Lovely apartment with WiFi in vibrant central Auckland
2026-09-16 06:22:07,VR Queen Street Auckland,2026-10-23,Hotels.com,208,
2026-09-16 06:22:13,VR Auckland City,2026-10-23,Official site,102,Lovely apartment with WiFi in vibrant central Auckland
2026-09-16 06:22:13,VR Auckland City,2026-10-23,Trip.com,450,
2026-09-16 06:22:13,VR Auckland City,2026-10-23,Expedia,465,Two Bedroom Apartment
2026-09-16 06:22:13,VR Auckland City,2026-10-23,Booking.com,465,
2026-09-16 06:22:20,VR Queen Street Auckland,2026-10-24,Booking.com,75,Grand Central Serviced Apartments
2026-09-16 06:22:20,VR Queen Street Auckland,2026-10-24,Official site,102,
2026-09-16 06:22:20,VR Queen Street Auckland,2026-10-24,Super.com,203,
2026-09-16 06:22:20,VR Queen Street Auckland,2026-10-24,Expedia,233,
2026-09-16 06:22:26,VR Auckland City,2026-10-24,Official site,75,Grand Central Serviced Apartments
2026-09-16 06:22:26,VR Auckland City,2026-10-24,Booking.com,289,Studio Apartment
2026-09-16 06:22:26,VR Auckland City,2026-10-24,Expedia,311,
2026-09-16 06:22:26,VR Auckland City,2026-10-24,Agoda,311,
2026-09-16 06:22:32,VR Queen Street Auckland,2026-10-25,Official site,84,Parkside Hotel & Apartments Auckland
2026-09-16 06:22:32,VR Queen Street Auckland,2026-10-25,Booking.com,122,
2026-09-16 06:22:32,VR Queen Street Auckland,2026-10-25,Super.com,227,
2026-09-16 06:22:32,VR Queen Street Auckland,2026-10-25,Hotels.com,244,Standard King Room
2026-09-16 06:22:38,VR Auckland City,2026-10-25,Official site,84,Parkside Hotel & Apartments Auckland
2026-09-16 06:22:38,VR Auckland City,2026-10-25,Booking.com,84,Studio Steps from Sky City
2026-09-16 06:22:38,VR Auckland City,2026-10-25,Super.com,96,
2026-09-16 06:22:38,VR Auckland City,2026-10-25,Expedia,127,
2026-09-16 06:22:45,VR Queen Street Auckland,2026-10-26,Official site,96,VR Queen Street - Hotel & Suites
2026-09-16 06:22:45,VR Queen Street Auckland,2026-10-26,Super.com,96,
2026-09-16 06:22:45,VR Queen Street Auckland,2026-10-26,Hotels.com,109,
2026-09-16 06:22:45,VR Queen Street Auckland,2026-10-26,Booking.com,113,Standard King Room
2026-09-16 06:22:51,VR Auckland City,2026-10-26,Official site,84,Ramada Suites By Wyndham Victoria Street West
2026-09-16 06:22:51,VR Auckland City,2026-10-26,Super.com,90,
2026-09-16 06:22:51,VR Auckland City,2026-10-26,Booking.com,119,Studio Apartment
2026-09-16 06:22:51,VR Auckland City,2026-10-26,Expedia,140,
2026-09-16 06:22:57,VR Queen Street Auckland,2026-10-27,Official site,97,VR Queen Street - Hotel & Suites
2026-09-16 06:22:57,VR Queen Street Auckland,2026-10-27,Booking.com,97,Open VR Queen Street - Hotel & Suites in a new tab.
2026-09-16 06:22:57,VR Queen Street Auckland,2026-10-27,Super.com,97,
2026-09-16 06:22:57,VR Queen Street Auckland,2026-10-27,Expedia,111,
2026-09-16 06:23:04,VR Auckland City,2026-10-27,Official site,84,Chic Princes Wharf Studio | City View | Parking
2026-09-16 06:23:04,VR Auckland City,2026-10-27,Booking.com,97,VR Queen Street - Hotel & Suites
2026-09-16 06:23:04,VR Auckland City,2026-10-27,Expedia,140,Studio Apartment
2026-09-16 06:23:10,VR Queen Street Auckland,2026-10-28,Booking.com,95,Ramada Suites By Wyndham Victoria Street West
2026-09-16 06:23:10,VR Queen Street Auckland,2026-10-28,Super.com,97,
2026-09-16 06:23:10,VR Queen Street Auckland,2026-10-28,Official site,107,
2026-09-16 06:23:10,VR Queen Street Auckland,2026-10-28,Hotels.com,108,Standard King Room
2026-09-16 06:23:16,VR Auckland City,2026-10-28,Official site,84,Parkside Hotel & Apartments Auckland
2026-09-16 06:23:16,VR Auckland City,2026-10-28,Super.com,90,
2026-09-16 06:23:16,VR Auckland City,2026-10-28,Expedia,119,
2026-09-16 06:23:16,VR Auckland City,2026-10-28,Booking.com,140,Studio Apartment
2026-09-16 06:23:22,VR Queen Street Auckland,2026-10-29,Official site,84,Mercure Auckland Queen Street
2026-09-16 06:23:22,VR Queen Street Auckland,2026-10-29,Booking.com,94,
2026-09-16 06:23:22,VR Queen Street Auckland,2026-10-29,Super.com,97,
2026-09-16 06:23:22,VR Queen Street Auckland,2026-10-29,Hotels.com,122,Standard King Room
2026-09-16 06:23:29,VR Auckland City,2026-10-29,Official site,84,ibis budget Auckland Central - Double Studio
2026-09-16 06:23:29,VR Auckland City,2026-10-29,Booking.com,94,
2026-09-16 06:23:29,VR Auckland City,2026-10-29,Expedia,140,Studio Apartment
2026-09-16 06:23:35,VR Queen Street Auckland,2026-10-30,Official site,110,
2026-09-16 06:23:35,VR Queen Street Auckland,2026-10-30,Booking.com,117,ibis budget Auckland Central - Double Studio
2026-09-16 06:23:35,VR Queen Street Auckland,2026-10-30,Super.com,120,
2026-09-16 06:23:35,VR Queen Street Auckland,2026-10-30,Expedia,147,Standard King Room
2026-09-16 06:23:42,VR Auckland City,2026-10-30,Official site,102,Penthouse
2026-09-16 06:23:42,VR Auckland City,2026-10-30,Super.com,126,
2026-09-16 06:23:42,VR Auckland City,2026-10-30,Booking.com,194,Studio Apartment
2026-09-16 06:23:48,VR Queen Street Auckland,2026-10-31,Official site,124,VR Queen Street - Hotel & Suites
2026-09-16 06:23:48,VR Queen Street Auckland,2026-10-31,Super.com,124,
2026-09-16 06:23:48,VR Queen Street Auckland,2026-10-31,Expedia,149,
2026-09-16 06:23:48,VR Queen Street Auckland,2026-10-31,Booking.com,151,Standard King Room
2026-09-16 06:23:54,VR Auckland City,2026-10-31,Official site,102,
2026-09-16 06:23:54,VR Auckland City,2026-10-31,Booking.com,102,Penthouse
2026-09-16 06:23:54,VR Auckland City,2026-10-31,Super.com,127,
2026-09-16 06:23:54,VR Auckland City,2026-10-31,Expedia,170,
2026-09-16 06:24:01,VR Queen Street Auckland,2026-11-01,Official site,104,Open VR Queen Street - Hotel & Suites in a new tab.
2026-09-16 06:24:01,VR Queen Street Auckland,2026-11-01,Super.com,104,
2026-09-16 06:24:01,VR Queen Street Auckland,2026-11-01,Hotels.com,121,Standard King Room
2026-09-16 06:24:01,VR Queen Street Auckland,2026-11-01,Booking.com,126,
2026-09-16 06:24:07,VR Auckland City,2026-11-01,Official site,107,
2026-09-16 06:24:07,VR Auckland City,2026-11-01,Booking.com,107,Penthouse
2026-09-16 06:24:07,VR Auckland City,2026-11-01,Super.com,126,
2026-09-16 06:24:07,VR Auckland City,2026-11-01,Expedia,157,
2026-09-16 06:24:13,VR Queen Street Auckland,2026-11-02,Official site,103,Open VR Queen Street - Hotel & Suites in a new tab.
2026-09-16 06:24:13,VR Queen Street Auckland,2026-11-02,Super.com,103,
2026-09-16 06:24:13,VR Queen Street Auckland,2026-11-02,Hotels.com,121,Standard King Room
2026-09-16 06:24:13,VR Queen Street Auckland,2026-11-02,Booking.com,126,
2026-09-16 06:24:20,VR Auckland City,2026-11-02,Official site,107,"Swiss-Belsuites Victoria Park, Auckland"
2026-09-16 06:24:20,VR Auckland City,2026-11-02,Expedia,154,Studio Apartment
2026-09-16 06:24:20,VR Auckland City,2026-11-02,Booking.com,154,
2026-09-16 06:24:26,VR Queen Street Auckland,2026-11-03,Official site,94,ibis budget Auckland Central - Double Studio
2026-09-16 06:24:26,VR Queen Street Auckland,2026-11-03,Super.com,103,
2026-09-16 06:24:26,VR Queen Street Auckland,2026-11-03,Expedia,123,
2026-09-16 06:24:26,VR Queen Street Auckland,2026-11-03,Booking.com,126,Standard King Room
2026-09-16 06:24:32,VR Auckland City,2026-11-03,Official site,107,
2026-09-16 06:24:32,VR Auckland City,2026-11-03,Expedia,157,One-Bedroom Apartment
2026-09-16 06:24:32,VR Auckland City,2026-11-03,Hotels.com,157,
2026-09-16 06:24:32,VR Auckland City,2026-11-03,Booking.com,169,
2026-09-16 06:24:37,VR Queen Street Auckland,2026-11-04,Official site,84,Ramada Suites By Wyndham Victoria Street West
2026-09-16 06:24:37,VR Queen Street Auckland,2026-11-04,Super.com,139,
2026-09-16 06:24:37,VR Queen Street Auckland,2026-11-04,Booking.com,167,Standard King Room
2026-09-16 06:24:43,VR Auckland City,2026-11-04,Official site,84,Ramada Suites By Wyndham Victoria Street West
2026-09-16 06:24:43,VR Auckland City,2026-11-04,Expedia,180,Studio Apartment
2026-09-16 06:24:43,VR Auckland City,2026-11-04,Booking.com,180,
2026-09-16 06:24:49,VR Queen Street Auckland,2026-11-05,Super.com,41,
2026-09-16 06:24:49,VR Queen Street Auckland,2026-11-05,Official site,98,VR Queen Street - Hotel & Suites
2026-09-16 06:24:49,VR Queen Street Auckland,2026-11-05,Hotels.com,178,
2026-09-16 06:24:49,VR Queen Street Auckland,2026-11-05,Booking.com,184,Standard King Room
2026-09-16 06:24:56,VR Auckland City,2026-11-05,Official site,98,VR Queen Street - Hotel & Suites
2026-09-16 06:24:56,VR Auckland City,2026-11-05,Super.com,119,
2026-09-16 06:24:56,VR Auckland City,2026-11-05,Booking.com,272,Studio Apartment
2026-09-16 06:24:56,VR Auckland City,2026-11-05,Expedia,272,
2026-09-16 06:25:02,VR Queen Street Auckland,2026-11-06,Official site,147,VR Queen Street - Hotel & Suites
2026-09-16 06:25:02,VR Queen Street Auckland,2026-11-06,Super.com,147,
2026-09-16 06:25:02,VR Queen Street Auckland,2026-11-06,Hotels.com,178,Standard King Room
2026-09-16 06:25:02,VR Queen Street Auckland,2026-11-06,Booking.com,184,
2026-09-16 06:25:08,VR Auckland City,2026-11-06,Official site,125,Princes Wharf Boutique Apartments
2026-09-16 06:25:08,VR Auckland City,2026-11-06,Expedia,383,Studio Apartment
2026-09-16 06:25:08,VR Auckland City,2026-11-06,Booking.com,383,
2026-09-16 06:25:14,VR Queen Street Auckland,2026-11-07,Official site,128,Pullman Auckland Hotel & Apartments
2026-09-16 06:25:14,VR Queen Street Auckland,2026-11-07,Super.com,296,
2026-09-16 06:25:14,VR Queen Street Auckland,2026-11-07,Booking.com,360,One-Bedroom Suite
2026-09-16 06:25:20,VR Auckland City,2026-11-07,Official site,128,Pullman Auckland Hotel & Apartments
2026-09-16 06:25:20,VR Auckland City,2026-11-07,Hotels.com,440,
2026-09-16 06:25:20,VR Auckland City,2026-11-07,Booking.com,598,
2026-09-16 06:25:20,VR Auckland City,2026-11-07,Expedia,632,Deluxe Apartment
2026-09-16 06:25:27,VR Queen Street Auckland,2026-11-08,Official site,119,
2026-09-16 06:25:27,VR Queen Street Auckland,2026-11-08,Super.com,231,
2026-09-16 06:25:27,VR Queen Street Auckland,2026-11-08,Hotels.com,286,Standard King Room
2026-09-16 06:25:27,VR Queen Street Auckland,2026-11-08,Booking.com,293,
2026-09-16 06:25:33,VR Auckland City,2026-11-08,Official site,119,
2026-09-16 06:25:33,VR Auckland City,2026-11-08,Booking.com,316,One-Bedroom Apartment
2026-09-16 06:25:33,VR Auckland City,2026-11-08,Expedia,316,
2026-09-16 06:25:39,VR Queen Street Auckland,2026-11-09,Official site,76,City Gardens Apartments
2026-09-16 06:25:39,VR Queen Street Auckland,2026-11-09,Booking.com,147,
2026-09-16 06:25:39,VR Queen Street Auckland,2026-11-09,Super.com,167,
2026-09-16 06:25:39,VR Queen Street Auckland,2026-11-09,Hotels.com,204,Standard King Room
2026-09-16 06:25:45,VR Auckland City,2026-11-09,Official site,76,City Gardens Apartments
2026-09-16 06:25:45,VR Auckland City,2026-11-09,Booking.com,107,
2026-09-16 06:25:45,VR Auckland City,2026-11-09,Super.com,118,
2026-09-16 06:25:45,VR Auckland City,2026-11-09,Expedia,157,
2026-09-16 06:25:52,VR Queen Street Auckland,2026-11-10,Official site,102,Open VR Queen Street - Hotel & Suites in a new tab.
2026-09-16 06:25:52,VR Queen Street Auckland,2026-11-10,Super.com,102,
2026-09-16 06:25:52,VR Queen Street Auckland,2026-11-10,Hotels.com,125,Standard King Room
2026-09-16 06:25:52,VR Queen Street Auckland,2026-11-10,Booking.com,130,
2026-09-16 06:25:58,VR Auckland City,2026-11-10,Official site,103,ibis budget Auckland Central - Double Studio
2026-09-16 06:25:58,VR Auckland City,2026-11-10,Expedia,203,Studio Apartment
2026-09-16 06:25:58,VR Auckland City,2026-11-10,Booking.com,203,
2026-09-16 06:26:04,VR Queen Street Auckland,2026-11-11,Bluepillow,51,
2026-09-16 06:26:04,VR Queen Street Auckland,2026-11-11,Official site,92,
2026-09-16 06:26:04,VR Queen Street Auckland,2026-11-11,Hotels.com,182,
2026-09-16 06:26:04,VR Queen Street Auckland,2026-11-11,Booking.com,188,Standard King Room
2026-09-16 06:26:10,VR Auckland City,2026-11-11,Official site,92,
2026-09-16 06:26:10,VR Auckland City,2026-11-11,Booking.com,224,One-Bedroom Apartment
2026-09-16 06:26:10,VR Auckland City,2026-11-11,Expedia,224,
2026-09-16 06:26:17,VR Queen Street Auckland,2026-11-12,Super.com,46,
2026-09-16 06:26:17,VR Queen Street Auckland,2026-11-12,Official site,92,
2026-09-16 06:26:17,VR Queen Street Auckland,2026-11-12,Hotels.com,182,
2026-09-16 06:26:17,VR Queen Street Auckland,2026-11-12,Booking.com,188,Standard King Room
2026-09-16 06:26:23,VR Auckland City,2026-11-12,Official site,92,
2026-09-16 06:26:23,VR Auckland City,2026-11-12,Booking.com,168,Studio Apartment
2026-09-16 06:26:23,VR Auckland City,2026-11-12,Expedia,168,
2026-09-16 06:26:29,VR Queen Street Auckland,2026-11-13,Official site,92,
2026-09-16 06:26:29,VR Queen Street Auckland,2026-11-13,Super.com,132,
2026-09-16 06:26:29,VR Queen Street Auckland,2026-11-13,Booking.com,167,Standard King Room
2026-09-16 06:26:36,VR Auckland City,2026-11-13,Official site,92,
2026-09-16 06:26:36,VR Auckland City,2026-11-13,Super.com,118,
2026-09-16 06:26:36,VR Auckland City,2026-11-13,Booking.com,230,Studio Apartment
2026-09-16 06:26:36,VR Auckland City,2026-11-13,Expedia,230,
2026-09-16 06:26:42,VR Queen Street Auckland,2026-11-14,Booking.com,132,Open VR Queen Street - Hotel & Suites in a new tab.
2026-09-16 06:26:42,VR Queen Street Auckland,2026-11-14,Super.com,132,
2026-09-16 06:26:42,VR Queen Street Auckland,2026-11-14,Official site,169,
2026-09-16 06:26:48,VR Auckland City,2026-11-14,Official site,125,
2026-09-16 06:26:48,VR Auckland City,2026-11-14,Booking.com,125,
2026-09-16 06:26:48,VR Auckland City,2026-11-14,Expedia,295,
2026-09-16 06:26:48,VR Auckland City,2026-11-14,Hotels.com,295,
2026-09-16 06:26:54,VR Queen Street Auckland,2026-11-15,Official site,92,
2026-09-16 06:26:54,VR Queen Street Auckland,2026-11-15,Super.com,111,
2026-09-16 06:26:54,VR Queen Street Auckland,2026-11-15,Hotels.com,128,
2026-09-16 06:26:54,VR Queen Street Auckland,2026-11-15,Booking.com,134,Standard King Room
2026-09-16 06:27:00,VR Auckland City,2026-11-15,Official site,92,
2026-09-16 06:27:00,VR Auckland City,2026-11-15,Booking.com,200,Studio Apartment
2026-09-16 06:27:00,VR Auckland City,2026-11-15,Expedia,200,
2026-09-16 06:27:00,VR Auckland City,2026-11-15,Agoda,200,
2026-09-16 06:27:07,VR Queen Street Auckland,2026-11-16,Official site,83,
2026-09-16 06:27:07,VR Queen Street Auckland,2026-11-16,Super.com,111,
2026-09-16 06:27:07,VR Queen Street Auckland,2026-11-16,Booking.com,134,
2026-09-16 06:27:07,VR Queen Street Auckland,2026-11-16,Hotels.com,144,Standard King Room
2026-09-16 06:27:13,VR Auckland City,2026-11-16,Official site,83,
2026-09-16 06:27:13,VR Auckland City,2026-11-16,Super.com,119,
2026-09-16 06:27:13,VR Auckland City,2026-11-16,Expedia,223,Studio Apartment
2026-09-16 06:27:13,VR Auckland City,2026-11-16,Booking.com,223,
2026-09-16 06:27:20,VR Queen Street Auckland,2026-11-17,Super.com,106,
2026-09-16 06:27:20,VR Queen Street Auckland,2026-11-17,Hotels.com,128,Standard King Room
2026-09-16 06:27:20,VR Queen Street Auckland,2026-11-17,Booking.com,134,
2026-09-16 06:27:20,VR Queen Street Auckland,2026-11-17,Official site,149,
2026-09-16 06:27:26,VR Auckland City,2026-11-17,Official site,83,
2026-09-16 06:27:26,VR Auckland City,2026-11-17,Booking.com,111,Parkside Hotel & Apartments
2026-09-16 06:27:26,VR Auckland City,2026-11-17,Expedia,246,
2026-09-16 06:27:26,VR Auckland City,2026-11-17,Agoda,246,
2026-09-16 06:44:52,VR Queen Street Auckland,2026-09-16,Super.com,127,
2026-09-16 06:44:52,VR Queen Street Auckland,2026-09-16,Booking.com,141,
2026-09-16 06:44:52,VR Queen Street Auckland,2026-09-16,Hotels.com,143,Premier King Room
2026-09-16 06:44:52,VR Queen Street Auckland,2026-09-16,Official site,156,
2026-09-16 06:44:57,VR Auckland City,2026-09-16,Trip.com,38,
2026-09-16 06:44:57,VR Auckland City,2026-09-16,Official site,79,
2026-09-16 06:44:57,VR Auckland City,2026-09-16,Booking.com,135,
2026-09-16 06:44:57,VR Auckland City,2026-09-16,Expedia,145,Studio Apartment
2026-09-16 06:45:02,VR Queen Street Auckland,2026-09-17,Super.com,33,
2026-09-16 06:45:02,VR Queen Street Auckland,2026-09-17,Hotels.com,126,Suite · Suite
2026-09-16 06:45:02,VR Queen Street Auckland,2026-09-17,Booking.com,131,
2026-09-16 06:45:02,VR Queen Street Auckland,2026-09-17,Official site,145,
2026-09-16 06:45:07,VR Auckland City,2026-09-17,Official site,81,
2026-09-16 06:45:07,VR Auckland City,2026-09-17,Super.com,132,
2026-09-16 06:45:07,VR Auckland City,2026-09-17,Booking.com,152,Studio Apartment
2026-09-16 06:45:12,VR Queen Street Auckland,2026-09-18,Super.com,128,
2026-09-16 06:45:12,VR Queen Street Auckland,2026-09-18,Hotels.com,144,
2026-09-16 06:45:12,VR Queen Street Auckland,2026-09-18,Booking.com,151,Standard King Room
2026-09-16 06:45:12,VR Queen Street Auckland,2026-09-18,Official site,167,
2026-09-16 06:45:18,VR Auckland City,2026-09-18,Official site,88,
2026-09-16 06:45:18,VR Auckland City,2026-09-18,Super.com,110,
2026-09-16 06:45:18,VR Auckland City,2026-09-18,Expedia,140,Studio Apartment
2026-09-16 06:45:22,VR Queen Street Auckland,2026-09-19,Super.com,135,
2026-09-16 06:45:22,VR Queen Street Auckland,2026-09-19,Hotels.com,151,Standard King Room
2026-09-16 06:45:22,VR Queen Street Auckland,2026-09-19,Booking.com,157,
2026-09-16 06:45:22,VR Queen Street Auckland,2026-09-19,Official site,175,
2026-09-16 06:45:28,VR Auckland City,2026-09-19,Super.com,115,
2026-09-16 06:45:28,VR Auckland City,2026-09-19,Booking.com,135,
2026-09-16 06:45:28,VR Auckland City,2026-09-19,Expedia,145,Studio Apartment
2026-09-16 06:45:33,VR Queen Street Auckland,2026-09-20,Super.com,78,
2026-09-16 06:45:33,VR Queen Street Auckland,2026-09-20,Expedia,89,
2026-09-16 06:45:33,VR Queen Street Auckland,2026-09-20,Booking.com,92,Standard King Room
2026-09-16 06:45:33,VR Queen Street Auckland,2026-09-20,Official site,102,
2026-09-16 06:45:38,VR Auckland City,2026-09-20,Official site,74,
2026-09-16 06:45:38,VR Auckland City,2026-09-20,Super.com,85,
2026-09-16 06:45:38,VR Auckland City,2026-09-20,Booking.com,108,Studio Apartment
2026-09-16 06:45:43,VR Queen Street Auckland,2026-09-21,Super.com,79,
2026-09-16 06:45:43,VR Queen Street Auckland,2026-09-21,Hotels.com,88,Standard King Room
2026-09-16 06:45:43,VR Queen Street Auckland,2026-09-21,Booking.com,92,
2026-09-16 06:45:43,VR Queen Street Auckland,2026-09-21,Official site,102,
2026-09-16 06:45:48,VR Auckland City,2026-09-21,Official site,74,
2026-09-16 06:45:48,VR Auckland City,2026-09-21,Super.com,86,
2026-09-16 06:45:48,VR Auckland City,2026-09-21,Booking.com,100,
2026-09-16 06:45:48,VR Auckland City,2026-09-21,Expedia,108,Studio Apartment
2026-09-16 06:45:53,VR Queen Street Auckland,2026-09-22,Super.com,81,
2026-09-16 06:45:53,VR Queen Street Auckland,2026-09-22,Hotels.com,90,Standard King Room
2026-09-16 06:45:53,VR Queen Street Auckland,2026-09-22,Booking.com,95,
2026-09-16 06:45:53,VR Queen Street Auckland,2026-09-22,Official site,105,
2026-09-16 06:45:58,VR Auckland City,2026-09-22,Official site,74,
2026-09-16 06:45:58,VR Auckland City,2026-09-22,Super.com,89,
2026-09-16 06:45:58,VR Auckland City,2026-09-22,Booking.com,104,Studio Apartment
2026-09-16 06:45:58,VR Auckland City,2026-09-22,Expedia,112,
2026-09-16 06:46:03,VR Queen Street Auckland,2026-09-23,Super.com,77,
2026-09-16 06:46:03,VR Queen Street Auckland,2026-09-23,Booking.com,91,Standard King Room
2026-09-16 06:46:03,VR Queen Street Auckland,2026-09-23,Hotels.com,98,
2026-09-16 06:46:03,VR Queen Street Auckland,2026-09-23,Official site,101,
2026-09-16 06:46:07,VR Auckland City,2026-09-23,Booking.com,73,Free Parking Spacious 2BR Apt Walk to Sky Tower
2026-09-16 06:46:07,VR Auckland City,2026-09-23,Official site,74,
2026-09-16 06:46:07,VR Auckland City,2026-09-23,Super.com,87,
2026-09-16 06:46:14,VR Queen Street Auckland,2026-09-24,Super.com,77,
2026-09-16 06:46:14,VR Queen Street Auckland,2026-09-24,Expedia,88,
2026-09-16 06:46:14,VR Queen Street Auckland,2026-09-24,Booking.com,91,Standard King Room
2026-09-16 06:46:14,VR Queen Street Auckland,2026-09-24,Official site,101,
2026-09-16 06:46:18,VR Auckland City,2026-09-24,Super.com,87,
2026-09-16 06:46:18,VR Auckland City,2026-09-24,Booking.com,104,
2026-09-16 06:46:18,VR Auckland City,2026-09-24,Expedia,112,Studio Apartment
2026-09-16 06:46:23,VR Queen Street Auckland,2026-09-25,Super.com,114,
2026-09-16 06:46:23,VR Queen Street Auckland,2026-09-25,Hotels.com,129,
2026-09-16 06:46:23,VR Queen Street Auckland,2026-09-25,Booking.com,134,Standard King Room
2026-09-16 06:46:23,VR Queen Street Auckland,2026-09-25,Official site,149,
2026-09-16 06:46:28,VR Auckland City,2026-09-25,Official site,97,
2026-09-16 06:46:28,VR Auckland City,2026-09-25,Super.com,116,
2026-09-16 06:46:28,VR Auckland City,2026-09-25,Booking.com,139,Studio Apartment
2026-09-16 06:46:32,VR Queen Street Auckland,2026-09-26,Super.com,117,
2026-09-16 06:46:32,VR Queen Street Auckland,2026-09-26,Hotels.com,131,Standard King Room
2026-09-16 06:46:32,VR Queen Street Auckland,2026-09-26,Booking.com,138,
2026-09-16 06:46:32,VR Queen Street Auckland,2026-09-26,Official site,153,
2026-09-16 06:46:37,VR Auckland City,2026-09-26,Booking.com,85,VR Queen Street - Hotel & Suites
2026-09-16 06:46:37,VR Auckland City,2026-09-26,Official site,97,Princes Wharf - Penthouse - Stunning Views
2026-09-16 06:46:37,VR Auckland City,2026-09-26,Super.com,163,
2026-09-16 06:46:37,VR Auckland City,2026-09-26,Expedia,208,Studio Apartment
2026-09-16 06:46:43,VR Queen Street Auckland,2026-09-27,Super.com,82,
2026-09-16 06:46:43,VR Queen Street Auckland,2026-09-27,Hotels.com,89,
2026-09-16 06:46:43,VR Queen Street Auckland,2026-09-27,Booking.com,94,
2026-09-16 06:46:43,VR Queen Street Auckland,2026-09-27,Official site,104,
2026-09-16 06:46:48,VR Auckland City,2026-09-27,Official site,74,
2026-09-16 06:46:48,VR Auckland City,2026-09-27,Super.com,110,
2026-09-16 06:46:48,VR Auckland City,2026-09-27,Booking.com,140,Studio Apartment
2026-09-16 06:46:52,VR Queen Street Auckland,2026-09-28,Super.com,80,
2026-09-16 06:46:52,VR Queen Street Auckland,2026-09-28,Hotels.com,89,Standard King Room
2026-09-16 06:46:52,VR Queen Street Auckland,2026-09-28,Booking.com,94,
2026-09-16 06:46:52,VR Queen Street Auckland,2026-09-28,Official site,104,
2026-09-16 06:46:57,VR Auckland City,2026-09-28,Wotif,73,The Quadrant Hotel & Suites
2026-09-16 06:46:57,VR Auckland City,2026-09-28,Official site,74,
2026-09-16 06:46:57,VR Auckland City,2026-09-28,Super.com,84,
2026-09-16 06:46:57,VR Auckland City,2026-09-28,Expedia,108,Studio Apartment
2026-09-16 06:46:57,VR Auckland City,2026-09-28,Booking.com,108,
2026-09-16 06:47:03,VR Queen Street Auckland,2026-09-29,Booking.com,80,VR Queen Street - Hotel & Suites
2026-09-16 06:47:03,VR Queen Street Auckland,2026-09-29,Wotif,80,Open VR Queen Street - Hotel & Suites in a new tab.
2026-09-16 06:47:03,VR Queen Street Auckland,2026-09-29,Super.com,80,
2026-09-16 06:47:03,VR Queen Street Auckland,2026-09-29,Hotels.com,89,Standard King Room
2026-09-16 06:47:03,VR Queen Street Auckland,2026-09-29,Official site,104,
2026-09-16 06:47:10,VR Auckland City,2026-09-29,Official site,74,Auckland Harbour Suites
2026-09-16 06:47:10,VR Auckland City,2026-09-29,Wotif,80,VR Queen Street - Hotel & Suites
2026-09-16 06:47:10,VR Auckland City,2026-09-29,Super.com,86,
2026-09-16 06:47:10,VR Auckland City,2026-09-29,Booking.com,104,Studio Apartment
2026-09-16 06:47:17,VR Queen Street Auckland,2026-09-30,Super.com,85,
2026-09-16 06:47:17,VR Queen Street Auckland,2026-09-30,Hotels.com,95,
2026-09-16 06:47:17,VR Queen Street Auckland,2026-09-30,Booking.com,100,Standard King Room
2026-09-16 06:47:17,VR Queen Street Auckland,2026-09-30,Official site,111,
2026-09-16 06:47:21,VR Auckland City,2026-09-30,Official site,84,
2026-09-16 06:47:21,VR Auckland City,2026-09-30,Booking.com,104,Studio Apartment
2026-09-16 06:47:25,VR Queen Street Auckland,2026-10-01,Official site,94,VR Queen Street - Hotel & Suites
2026-09-16 06:47:25,VR Queen Street Auckland,2026-10-01,Super.com,94,
2026-09-16 06:47:25,VR Queen Street Auckland,2026-10-01,Hotels.com,110,
2026-09-16 06:47:25,VR Queen Street Auckland,2026-10-01,Booking.com,113,Standard King Room
2026-09-16 06:47:32,VR Auckland City,2026-10-01,Official site,84,
2026-09-16 06:47:32,VR Auckland City,2026-10-01,Super.com,93,
2026-09-16 06:47:32,VR Auckland City,2026-10-01,Booking.com,109,Studio Apartment
2026-09-16 06:47:36,VR Queen Street Auckland,2026-10-02,Booking.com,96,Ramada Suites By Wyndham Victoria Street West
2026-09-16 06:47:36,VR Queen Street Auckland,2026-10-02,Official site,111,Open VR Queen Street - Hotel & Suites in a new tab.
2026-09-16 06:47:36,VR Queen Street Auckland,2026-10-02,Super.com,111,
2026-09-16 06:47:36,VR Queen Street Auckland,2026-10-02,Hotels.com,140,Standard King Room
2026-09-16 06:47:43,VR Auckland City,2026-10-02,Booking.com,96,Ramada Suites By Wyndham Victoria Street West
2026-09-16 06:47:43,VR Auckland City,2026-10-02,Official site,102,ibis budget Auckland Central - Double Studio
2026-09-16 06:47:43,VR Auckland City,2026-10-02,Super.com,112,
2026-09-16 06:47:50,VR Queen Street Auckland,2026-10-03,Official site,97,
2026-09-16 06:47:50,VR Queen Street Auckland,2026-10-03,Booking.com,109,
2026-09-16 06:47:50,VR Queen Street Auckland,2026-10-03,Super.com,121,
2026-09-16 06:47:50,VR Queen Street Auckland,2026-10-03,Hotels.com,137,Standard King Room
2026-09-16 06:47:56,VR Auckland City,2026-10-03,Official site,97,
2026-09-16 06:47:56,VR Auckland City,2026-10-03,Booking.com,109,
2026-09-16 06:47:56,VR Auckland City,2026-10-03,Super.com,131,
2026-09-16 06:48:02,VR Queen Street Auckland,2026-10-04,Booking.com,89,VR Queen Street - Hotel & Suites
2026-09-16 06:48:02,VR Queen Street Auckland,2026-10-04,Wotif,89,Open VR Queen Street - Hotel & Suites in a new tab.
2026-09-16 06:48:02,VR Queen Street Auckland,2026-10-04,Super.com,89,
2026-09-16 06:48:02,VR Queen Street Auckland,2026-10-04,Expedia,103,
2026-09-16 06:48:02,VR Queen Street Auckland,2026-10-04,Official site,117,
2026-09-16 06:48:09,VR Auckland City,2026-10-04,Official site,84,Princes Wharf Boutique Apartment
2026-09-16 06:48:09,VR Auckland City,2026-10-04,Booking.com,89,VR Queen Street - Hotel & Suites
2026-09-16 06:48:09,VR Auckland City,2026-10-04,Super.com,108,
2026-09-16 06:48:15,VR Queen Street Auckland,2026-10-05,Official site,90,VR Queen Street - Hotel & Suites
2026-09-16 06:48:15,VR Queen Street Auckland,2026-10-05,Booking.com,90,Open VR Queen Street - Hotel & Suites in a new tab.
2026-09-16 06:48:15,VR Queen Street Auckland,2026-10-05,Super.com,90,
2026-09-16 06:48:15,VR Queen Street Auckland,2026-10-05,Hotels.com,102,Standard King Room
2026-09-16 06:48:21,VR Auckland City,2026-10-05,Wotif,84,
2026-09-16 06:48:21,VR Auckland City,2026-10-05,Official site,84,
2026-09-16 06:48:21,VR Auckland City,2026-10-05,Booking.com,90,VR Queen Street - Hotel & Suites
2026-09-16 06:48:21,VR Auckland City,2026-10-05,Expedia,139,
2026-09-16 06:48:28,VR Queen Street Auckland,2026-10-06,Super.com,89,
2026-09-16 06:48:28,VR Queen Street Auckland,2026-10-06,Hotels.com,102,
2026-09-16 06:48:28,VR Queen Street Auckland,2026-10-06,Booking.com,106,
2026-09-16 06:48:28,VR Queen Street Auckland,2026-10-06,Official site,117,
2026-09-16 06:48:32,VR Auckland City,2026-10-06,Booking.com,81,Auckland Harbour Suites
2026-09-16 06:48:32,VR Auckland City,2026-10-06,Official site,84,
2026-09-16 06:48:32,VR Auckland City,2026-10-06,Super.com,112,
2026-09-16 06:48:38,VR Queen Street Auckland,2026-10-07,Official site,74,
2026-09-16 06:48:38,VR Queen Street Auckland,2026-10-07,Booking.com,78,Auckland Harbour Suites
2026-09-16 06:48:38,VR Queen Street Auckland,2026-10-07,Super.com,85,
2026-09-16 06:48:38,VR Queen Street Auckland,2026-10-07,Hotels.com,97,Standard King Room
2026-09-16 06:48:45,VR Auckland City,2026-10-07,Booking.com,74,
2026-09-16 06:48:45,VR Auckland City,2026-10-07,Official site,78,
2026-09-16 06:48:45,VR Auckland City,2026-10-07,Super.com,108,
2026-09-16 06:48:51,VR Queen Street Auckland,2026-10-08,Super.com,28,
2026-09-16 06:48:51,VR Queen Street Auckland,2026-10-08,Booking.com,92,Mercure Auckland Queen Street
2026-09-16 06:48:51,VR Queen Street Auckland,2026-10-08,Official site,114,VR Queen Street - Hotel & Suites
2026-09-16 06:48:51,VR Queen Street Auckland,2026-10-08,Expedia,130,
2026-09-16 06:48:58,VR Auckland City,2026-10-08,Official site,84,VR Queen Street - Hotel & Suites
2026-09-16 06:48:58,VR Auckland City,2026-10-08,Booking.com,92,Mercure Auckland Queen Street
2026-09-16 06:48:58,VR Auckland City,2026-10-08,Super.com,142,
2026-09-16 06:49:04,VR Queen Street Auckland,2026-10-09,Booking.com,63,City Gardens Apartments
2026-09-16 06:49:04,VR Queen Street Auckland,2026-10-09,Official site,75,Grand Central Serviced Apartments
2026-09-16 06:49:04,VR Queen Street Auckland,2026-10-09,Super.com,224,
2026-09-16 06:49:04,VR Queen Street Auckland,2026-10-09,Hotels.com,257,Standard King Room
2026-09-16 06:49:10,VR Auckland City,2026-10-09,Official site,63,City Gardens Apartments
2026-09-16 06:49:10,VR Auckland City,2026-10-09,Booking.com,102,Parkside Hotel & Apartments Auckland
2026-09-16 06:49:10,VR Auckland City,2026-10-09,Super.com,255,
2026-09-16 06:49:16,VR Queen Street Auckland,2026-10-10,Official site,90,
2026-09-16 06:49:16,VR Queen Street Auckland,2026-10-10,Super.com,231,
2026-09-16 06:49:16,VR Queen Street Auckland,2026-10-10,Booking.com,270,Standard King Room
2026-09-16 06:49:23,VR Auckland City,2026-10-10,Official site,90,
2026-09-16 06:49:23,VR Auckland City,2026-10-10,Super.com,459,
2026-09-16 06:49:23,VR Auckland City,2026-10-10,Booking.com,549,Studio Apartment
2026-09-16 06:49:29,VR Queen Street Auckland,2026-10-11,Wotif,95,
2026-09-16 06:49:29,VR Queen Street Auckland,2026-10-11,Super.com,96,
2026-09-16 06:49:29,VR Queen Street Auckland,2026-10-11,Booking.com,113,
2026-09-16 06:49:29,VR Queen Street Auckland,2026-10-11,Hotels.com,122,Standard King Room
2026-09-16 06:49:29,VR Queen Street Auckland,2026-10-11,Official site,125,
2026-09-16 06:49:36,VR Auckland City,2026-10-11,Booking.com,84,Chic Princes Wharf Studio | City View | Parking
2026-09-16 06:49:36,VR Auckland City,2026-10-11,Official site,84,
2026-09-16 06:49:36,VR Auckland City,2026-10-11,Super.com,88,
2026-09-16 06:49:36,VR Auckland City,2026-10-11,Wotif,95,
2026-09-16 06:49:36,VR Auckland City,2026-10-11,Expedia,112,Studio Apartment
2026-09-16 06:49:42,VR Queen Street Auckland,2026-10-12,Booking.com,100,Open VR Queen Street - Hotel & Suites in a new tab.
2026-09-16 06:49:42,VR Queen Street Auckland,2026-10-12,Super.com,100,
2026-09-16 06:49:42,VR Queen Street Auckland,2026-10-12,Hotels.com,109,Standard King Room
2026-09-16 06:49:42,VR Queen Street Auckland,2026-10-12,Official site,125,
2026-09-16 06:49:49,VR Auckland City,2026-10-12,Official site,84,
2026-09-16 06:49:49,VR Auckland City,2026-10-12,Wotif,84,ibis budget Auckland Central - Double Studio
2026-09-16 06:49:49,VR Auckland City,2026-10-12,Super.com,101,
2026-09-16 06:49:49,VR Auckland City,2026-10-12,Expedia,131,Studio Apartment
2026-09-16 06:49:49,VR Auckland City,2026-10-12,Booking.com,131,
2026-09-16 06:49:55,VR Queen Street Auckland,2026-10-13,Official site,78,Ramada Suites By Wyndham Victoria Street West
2026-09-16 06:49:55,VR Queen Street Auckland,2026-10-13,Booking.com,96,Open VR Queen Street - Hotel & Suites in a new tab.
2026-09-16 06:49:55,VR Queen Street Auckland,2026-10-13,Super.com,96,
2026-09-16 06:49:55,VR Queen Street Auckland,2026-10-13,Hotels.com,108,
2026-09-16 06:50:01,VR Auckland City,2026-10-13,Official site,78,Ramada Suites By Wyndham Victoria Street West
2026-09-16 06:50:01,VR Auckland City,2026-10-13,Booking.com,84,Parkside Hotel & Apartments Auckland
2026-09-16 06:50:01,VR Auckland City,2026-10-13,Super.com,92,
2026-09-16 06:50:01,VR Auckland City,2026-10-13,Expedia,117,Studio Apartment
2026-09-16 06:50:08,VR Queen Street Auckland,2026-10-14,Booking.com,78,Mercure Auckland Queen Street
2026-09-16 06:50:08,VR Queen Street Auckland,2026-10-14,Official site,91,The Quadrant Hotel & Suites
2026-09-16 06:50:08,VR Queen Street Auckland,2026-10-14,Super.com,97,
2026-09-16 06:50:08,VR Queen Street Auckland,2026-10-14,Hotels.com,109,
2026-09-16 06:50:14,VR Auckland City,2026-10-14,Booking.com,78,Mercure Auckland Queen Street
2026-09-16 06:50:14,VR Auckland City,2026-10-14,Official site,84,ibis budget Auckland Central - Double Studio
2026-09-16 06:50:14,VR Auckland City,2026-10-14,Super.com,91,
2026-09-16 06:50:14,VR Auckland City,2026-10-14,Expedia,117,
2026-09-16 06:50:20,VR Queen Street Auckland,2026-10-15,Official site,90,Auckland Harbour Suites
2026-09-16 06:50:20,VR Queen Street Auckland,2026-10-15,Super.com,97,
2026-09-16 06:50:20,VR Queen Street Auckland,2026-10-15,Hotels.com,109,
2026-09-16 06:50:20,VR Queen Street Auckland,2026-10-15,Booking.com,113,Standard King Room
2026-09-16 06:50:26,VR Auckland City,2026-10-15,Official site,84,ibis budget Auckland Central - Double Studio
2026-09-16 06:50:26,VR Auckland City,2026-10-15,Super.com,102,
2026-09-16 06:50:26,VR Auckland City,2026-10-15,Booking.com,117,One-Bedroom Apartment
2026-09-16 06:50:32,VR Queen Street Auckland,2026-10-16,Booking.com,113,Ramada Suites By Wyndham Victoria Street West
2026-09-16 06:50:32,VR Queen Street Auckland,2026-10-16,Official site,129,
2026-09-16 06:50:32,VR Queen Street Auckland,2026-10-16,Super.com,131,
2026-09-16 06:50:32,VR Queen Street Auckland,2026-10-16,Expedia,153,
2026-09-16 06:50:39,VR Auckland City,2026-10-16,Official site,102,Penthouse - One-Bedroom Apartment
2026-09-16 06:50:39,VR Auckland City,2026-10-16,Booking.com,113,Ramada Suites By Wyndham Victoria Street West
2026-09-16 06:50:39,VR Auckland City,2026-10-16,Expedia,185,One-Bedroom Apartment
2026-09-16 06:50:45,VR Queen Street Auckland,2026-10-17,Official site,69,
2026-09-16 06:50:45,VR Queen Street Auckland,2026-10-17,Super.com,212,
2026-09-16 06:50:45,VR Queen Street Auckland,2026-10-17,Booking.com,250,Standard King Room
2026-09-16 06:50:51,VR Auckland City,2026-10-17,Official site,69,
2026-09-16 06:50:51,VR Auckland City,2026-10-17,Super.com,557,
2026-09-16 06:50:51,VR Auckland City,2026-10-17,Booking.com,639,Deluxe Family Room
2026-09-16 06:50:57,VR Queen Street Auckland,2026-10-18,Official site,84,
2026-09-16 06:50:57,VR Queen Street Auckland,2026-10-18,Booking.com,89,
2026-09-16 06:50:57,VR Queen Street Auckland,2026-10-18,Super.com,103,
2026-09-16 06:50:57,VR Queen Street Auckland,2026-10-18,Hotels.com,116,
2026-09-16 06:51:04,VR Auckland City,2026-10-18,Official site,84,
2026-09-16 06:51:04,VR Auckland City,2026-10-18,Booking.com,149,
2026-09-16 06:51:04,VR Auckland City,2026-10-18,Expedia,149,Studio Apartment
2026-09-16 06:51:11,VR Queen Street Auckland,2026-10-19,Official site,84,Mercure Auckland Queen Street
2026-09-16 06:51:11,VR Queen Street Auckland,2026-10-19,Super.com,108,
2026-09-16 06:51:11,VR Queen Street Auckland,2026-10-19,Booking.com,121,Standard King Room
2026-09-16 06:51:17,VR Auckland City,2026-10-19,Official site,84,
2026-09-16 06:51:17,VR Auckland City,2026-10-19,Expedia,183,One-Bedroom Apartment
2026-09-16 06:51:17,VR Auckland City,2026-10-19,Booking.com,183,
2026-09-16 06:51:23,VR Queen Street Auckland,2026-10-20,Super.com,51,
2026-09-16 06:51:23,VR Queen Street Auckland,2026-10-20,Booking.com,75,Grand Central Serviced Apartments
2026-09-16 06:51:23,VR Queen Street Auckland,2026-10-20,Official site,78,City Gardens Apartments
2026-09-16 06:51:23,VR Queen Street Auckland,2026-10-20,Expedia,198,
2026-09-16 06:51:29,VR Auckland City,2026-10-20,Official site,75,Grand Central Serviced Apartments
2026-09-16 06:51:29,VR Auckland City,2026-10-20,Super.com,155,
2026-09-16 06:51:29,VR Auckland City,2026-10-20,Expedia,199,Classic One Bedroom Apartment
2026-09-16 06:51:29,VR Auckland City,2026-10-20,Booking.com,199,
2026-09-16 06:51:36,VR Queen Street Auckland,2026-10-21,Super.com,48,
2026-09-16 06:51:36,VR Queen Street Auckland,2026-10-21,Official site,78,City Gardens Apartments
2026-09-16 06:51:36,VR Queen Street Auckland,2026-10-21,Hotels.com,180,
2026-09-16 06:51:36,VR Queen Street Auckland,2026-10-21,Booking.com,184,Standard King Room
2026-09-16 06:51:42,VR Auckland City,2026-10-21,Super.com,45,
2026-09-16 06:51:42,VR Auckland City,2026-10-21,Official site,78,City Gardens Apartments
2026-09-16 06:51:42,VR Auckland City,2026-10-21,Booking.com,170,
2026-09-16 06:51:48,VR Queen Street Auckland,2026-10-22,Official site,84,
2026-09-16 06:51:48,VR Queen Street Auckland,2026-10-22,Booking.com,95,
2026-09-16 06:51:48,VR Queen Street Auckland,2026-10-22,Super.com,129,
2026-09-16 06:51:48,VR Queen Street Auckland,2026-10-22,Hotels.com,146,Standard King Room
2026-09-16 06:51:55,VR Auckland City,2026-10-22,Official site,84,
2026-09-16 06:51:55,VR Auckland City,2026-10-22,Booking.com,95,
2026-09-16 06:52:01,VR Queen Street Auckland,2026-10-23,Super.com,69,
2026-09-16 06:52:01,VR Queen Street Auckland,2026-10-23,Booking.com,116,
2026-09-16 06:52:01,VR Queen Street Auckland,2026-10-23,Official site,120,Lovely apartment with WiFi in vibrant central Auckland
2026-09-16 06:52:01,VR Queen Street Auckland,2026-10-23,Hotels.com,208,Standard King Room
2026-09-16 06:52:08,VR Auckland City,2026-10-23,Official site,102,
2026-09-16 06:52:08,VR Auckland City,2026-10-23,Booking.com,102,Lovely apartment with WiFi in vibrant central Auckland
2026-09-16 06:52:08,VR Auckland City,2026-10-23,Trip.com,450,
2026-09-16 06:52:14,VR Queen Street Auckland,2026-10-24,Official site,102,Penthouse - One-Bedroom Apartment
2026-09-16 06:52:14,VR Queen Street Auckland,2026-10-24,Booking.com,189,
2026-09-16 06:52:14,VR Queen Street Auckland,2026-10-24,Super.com,203,
2026-09-16 06:52:14,VR Queen Street Auckland,2026-10-24,Hotels.com,224,Standard King Room
2026-09-16 06:52:20,VR Auckland City,2026-10-24,Booking.com,102,Penthouse - One-Bedroom Apartment
2026-09-16 06:52:20,VR Auckland City,2026-10-24,Official site,102,Parkside Hotel & Apartments Auckland
2026-09-16 06:52:20,VR Auckland City,2026-10-24,Agoda,311,
2026-09-16 06:52:27,VR Queen Street Auckland,2026-10-25,Official site,84,Parkside Hotel & Apartments Auckland
2026-09-16 06:52:27,VR Queen Street Auckland,2026-10-25,Super.com,227,
2026-09-16 06:52:27,VR Queen Street Auckland,2026-10-25,Hotels.com,244,Standard King Room
2026-09-16 06:52:27,VR Queen Street Auckland,2026-10-25,Booking.com,250,
2026-09-16 06:52:33,VR Auckland City,2026-10-25,Booking.com,84,Parkside Hotel & Apartments Auckland
2026-09-16 06:52:33,VR Auckland City,2026-10-25,Official site,84,Studio Steps from Sky City
2026-09-16 06:52:33,VR Auckland City,2026-10-25,Super.com,96,
2026-09-16 06:52:40,VR Queen Street Auckland,2026-10-26,Official site,95,
2026-09-16 06:52:40,VR Queen Street Auckland,2026-10-26,Booking.com,96,VR Queen Street - Hotel & Suites
2026-09-16 06:52:40,VR Queen Street Auckland,2026-10-26,Super.com,96,
2026-09-16 06:52:40,VR Queen Street Auckland,2026-10-26,Hotels.com,109,
2026-09-16 06:52:46,VR Auckland City,2026-10-26,Official site,84,
2026-09-16 06:52:46,VR Auckland City,2026-10-26,Super.com,90,
2026-09-16 06:52:46,VR Auckland City,2026-10-26,Booking.com,96,VR Queen Street - Hotel & Suites
2026-09-16 06:52:46,VR Auckland City,2026-10-26,Expedia,140,Studio Apartment
2026-09-16 06:52:52,VR Queen Street Auckland,2026-10-27,Official site,94,
2026-09-16 06:52:52,VR Queen Street Auckland,2026-10-27,Booking.com,97,VR Queen Street - Hotel & Suites
2026-09-16 06:52:52,VR Queen Street Auckland,2026-10-27,Super.com,97,
2026-09-16 06:52:52,VR Queen Street Auckland,2026-10-27,Hotels.com,108,Standard King Room
2026-09-16 06:52:59,VR Auckland City,2026-10-27,Official site,84,Chic Princes Wharf Studio | City View | Parking
2026-09-16 06:52:59,VR Auckland City,2026-10-27,Booking.com,140,Studio Apartment
2026-09-16 06:53:05,VR Queen Street Auckland,2026-10-28,Official site,95,
2026-09-16 06:53:05,VR Queen Street Auckland,2026-10-28,Super.com,97,
2026-09-16 06:53:05,VR Queen Street Auckland,2026-10-28,Booking.com,105,Sky tower just next DOOR FREE parking
2026-09-16 06:53:05,VR Queen Street Auckland,2026-10-28,Hotels.com,108,Standard King Room
2026-09-16 06:53:12,VR Auckland City,2026-10-28,Official site,84,
2026-09-16 06:53:12,VR Auckland City,2026-10-28,Booking.com,84,Mercure Auckland Queen Street
2026-09-16 06:53:12,VR Auckland City,2026-10-28,Super.com,90,
2026-09-16 06:53:12,VR Auckland City,2026-10-28,Expedia,119,Studio Apartment
2026-09-16 06:53:18,VR Queen Street Auckland,2026-10-29,Official site,84,
2026-09-16 06:53:18,VR Queen Street Auckland,2026-10-29,Booking.com,94,
2026-09-16 06:53:18,VR Queen Street Auckland,2026-10-29,Super.com,97,
2026-09-16 06:53:18,VR Queen Street Auckland,2026-10-29,Hotels.com,122,Standard King Room
2026-09-16 06:53:24,VR Auckland City,2026-10-29,Official site,84,ibis budget Auckland Central - Double Studio
2026-09-16 06:53:24,VR Auckland City,2026-10-29,Super.com,91,
2026-09-16 06:53:24,VR Auckland City,2026-10-29,Booking.com,94,
2026-09-16 06:53:24,VR Auckland City,2026-10-29,Expedia,140,
2026-09-16 06:53:31,VR Queen Street Auckland,2026-10-30,Booking.com,108,Ramada Suites By Wyndham Victoria Street West
2026-09-16 06:53:31,VR Queen Street Auckland,2026-10-30,Official site,117,ibis budget Auckland Central - Double Studio
2026-09-16 06:53:31,VR Queen Street Auckland,2026-10-30,Super.com,120,
2026-09-16 06:53:31,VR Queen Street Auckland,2026-10-30,Expedia,147,Standard King Room
2026-09-16 06:53:37,VR Auckland City,2026-10-30,Official site,102,
2026-09-16 06:53:37,VR Auckland City,2026-10-30,Super.com,126,
2026-09-16 06:53:37,VR Auckland City,2026-10-30,Expedia,194,Studio Apartment
2026-09-16 06:53:37,VR Auckland City,2026-10-30,Booking.com,194,
2026-09-16 06:53:42,VR Queen Street Auckland,2026-10-31,Booking.com,123,
2026-09-16 06:53:42,VR Queen Street Auckland,2026-10-31,Official site,124,Open VR Queen Street - Hotel & Suites in a new tab.
2026-09-16 06:53:42,VR Queen Street Auckland,2026-10-31,Super.com,124,
2026-09-16 06:53:42,VR Queen Street Auckland,2026-10-31,Hotels.com,146,
2026-09-16 06:53:48,VR Auckland City,2026-10-31,Official site,102,
2026-09-16 06:53:48,VR Auckland City,2026-10-31,Booking.com,102,Penthouse - One-Bedroom Apartment
2026-09-16 06:53:48,VR Auckland City,2026-10-31,Super.com,127,
2026-09-16 06:53:54,VR Queen Street Auckland,2026-11-01,Super.com,104,
2026-09-16 06:53:54,VR Queen Street Auckland,2026-11-01,Hotels.com,121,Standard King Room
2026-09-16 06:53:54,VR Queen Street Auckland,2026-11-01,Booking.com,126,
2026-09-16 06:53:54,VR Queen Street Auckland,2026-11-01,Official site,139,
2026-09-16 06:53:59,VR Auckland City,2026-11-01,Official site,107,
2026-09-16 06:53:59,VR Auckland City,2026-11-01,Booking.com,107,Pullman Auckland Hotel & Apartments
2026-09-16 06:54:05,VR Queen Street Auckland,2026-11-02,Booking.com,103,Open VR Queen Street - Hotel & Suites in a new tab.
2026-09-16 06:54:05,VR Queen Street Auckland,2026-11-02,Super.com,103,
2026-09-16 06:54:05,VR Queen Street Auckland,2026-11-02,Official site,116,
2026-09-16 06:54:05,VR Queen Street Auckland,2026-11-02,Expedia,127,
2026-09-16 06:54:11,VR Auckland City,2026-11-02,Official site,107,Penthouse - One-Bedroom Apartment
2026-09-16 06:54:11,VR Auckland City,2026-11-02,Super.com,117,
2026-09-16 06:54:11,VR Auckland City,2026-11-02,Booking.com,154,Studio Apartment
2026-09-16 06:54:18,VR Queen Street Auckland,2026-11-03,Super.com,103,
2026-09-16 06:54:18,VR Queen Street Auckland,2026-11-03,Expedia,123,
2026-09-16 06:54:18,VR Queen Street Auckland,2026-11-03,Booking.com,126,Standard King Room
2026-09-16 06:54:18,VR Queen Street Auckland,2026-11-03,Official site,139,
2026-09-16 06:54:22,VR Auckland City,2026-11-03,Official site,94,
2026-09-16 06:54:22,VR Auckland City,2026-11-03,Hotels.com,157,
2026-09-16 06:54:22,VR Auckland City,2026-11-03,Booking.com,169,Studio Apartment
2026-09-16 06:54:29,VR Queen Street Auckland,2026-11-04,Official site,84,
2026-09-16 06:54:29,VR Queen Street Auckland,2026-11-04,Super.com,139,
2026-09-16 06:54:29,VR Queen Street Auckland,2026-11-04,Hotels.com,162,Standard King Room
2026-09-16 06:54:29,VR Queen Street Auckland,2026-11-04,Booking.com,167,
2026-09-16 06:54:35,VR Auckland City,2026-11-04,Official site,84,
2026-09-16 06:54:35,VR Auckland City,2026-11-04,Booking.com,180,Studio Apartment
2026-09-16 06:54:41,VR Queen Street Auckland,2026-11-05,Super.com,41,
2026-09-16 06:54:41,VR Queen Street Auckland,2026-11-05,Official site,98,Mercure Auckland Queen Street
2026-09-16 06:54:41,VR Queen Street Auckland,2026-11-05,Hotels.com,178,
2026-09-16 06:54:41,VR Queen Street Auckland,2026-11-05,Booking.com,184,Standard King Room
2026-09-16 06:54:47,VR Auckland City,2026-11-05,Official site,98,Mercure Auckland Queen Street
2026-09-16 06:54:47,VR Auckland City,2026-11-05,Super.com,119,
2026-09-16 06:54:47,VR Auckland City,2026-11-05,Booking.com,272,Studio Apartment
2026-09-16 06:54:54,VR Queen Street Auckland,2026-11-06,Official site,147,VR Queen Street - Hotel & Suites
2026-09-16 06:54:54,VR Queen Street Auckland,2026-11-06,Booking.com,147,Open VR Queen Street - Hotel & Suites in a new tab.
2026-09-16 06:54:54,VR Queen Street Auckland,2026-11-06,Super.com,147,
2026-09-16 06:54:54,VR Queen Street Auckland,2026-11-06,Expedia,183,
2026-09-16 06:55:00,VR Auckland City,2026-11-06,Official site,125,
2026-09-16 06:55:00,VR Auckland City,2026-11-06,Booking.com,383,Studio Apartment
2026-09-16 06:55:04,VR Queen Street Auckland,2026-11-07,Official site,81,
2026-09-16 06:55:04,VR Queen Street Auckland,2026-11-07,Super.com,288,
2026-09-16 06:55:04,VR Queen Street Auckland,2026-11-07,Booking.com,360,
2026-09-16 06:55:04,VR Queen Street Auckland,2026-11-07,Hotels.com,387,Suite · Suite
2026-09-16 06:55:10,VR Auckland City,2026-11-07,Official site,81,
2026-09-16 06:55:10,VR Auckland City,2026-11-07,Hotels.com,440,
2026-09-16 06:55:10,VR Auckland City,2026-11-07,Booking.com,598,Deluxe Family Room
2026-09-16 06:55:16,VR Queen Street Auckland,2026-11-08,Booking.com,118,
2026-09-16 06:55:16,VR Queen Street Auckland,2026-11-08,Official site,119,Princes Wharf - Penthouse - Stunning Views
2026-09-16 06:55:16,VR Queen Street Auckland,2026-11-08,Super.com,235,
2026-09-16 06:55:23,VR Auckland City,2026-11-08,Official site,118,
2026-09-16 06:55:23,VR Auckland City,2026-11-08,Booking.com,316,One-Bedroom Apartment
2026-09-16 06:55:23,VR Auckland City,2026-11-08,Expedia,316,
2026-09-16 06:55:29,VR Queen Street Auckland,2026-11-09,Booking.com,76,City Gardens Apartments
2026-09-16 06:55:29,VR Queen Street Auckland,2026-11-09,Official site,147,Penthouse - One-Bedroom Apartment
2026-09-16 06:55:29,VR Queen Street Auckland,2026-11-09,Super.com,167,
2026-09-16 06:55:29,VR Queen Street Auckland,2026-11-09,Hotels.com,204,
2026-09-16 06:55:36,VR Auckland City,2026-11-09,Booking.com,76,City Gardens Apartments
2026-09-16 06:55:36,VR Auckland City,2026-11-09,Official site,107,Penthouse - One-Bedroom Apartment
2026-09-16 06:55:36,VR Auckland City,2026-11-09,Super.com,118,
2026-09-16 06:55:36,VR Auckland City,2026-11-09,Expedia,157,One-Bedroom Apartment
2026-09-16 06:55:42,VR Queen Street Auckland,2026-11-10,Official site,102,Open VR Queen Street - Hotel & Suites in a new tab.
2026-09-16 06:55:42,VR Queen Street Auckland,2026-11-10,Super.com,102,
2026-09-16 06:55:42,VR Queen Street Auckland,2026-11-10,Booking.com,103,ibis budget Auckland Central - Double Studio
2026-09-16 06:55:42,VR Queen Street Auckland,2026-11-10,Expedia,131,
2026-09-16 06:55:48,VR Auckland City,2026-11-10,Booking.com,103,ibis budget Auckland Central - Double Studio
2026-09-16 06:55:48,VR Auckland City,2026-11-10,Official site,107,Parkside Hotel & Apartments
2026-09-16 06:55:54,VR Queen Street Auckland,2026-11-11,Super.com,50,
2026-09-16 06:55:54,VR Queen Street Auckland,2026-11-11,Official site,92,Penthouse - One-Bedroom Apartment
2026-09-16 06:55:54,VR Queen Street Auckland,2026-11-11,Hotels.com,182,Standard King Room
2026-09-16 06:55:54,VR Queen Street Auckland,2026-11-11,Booking.com,188,
2026-09-16 06:56:00,VR Auckland City,2026-11-11,Official site,92,Penthouse - One-Bedroom Apartment
2026-09-16 06:56:00,VR Auckland City,2026-11-11,Booking.com,224,One-Bedroom Apartment
2026-09-16 06:56:07,VR Queen Street Auckland,2026-11-12,Super.com,46,
2026-09-16 06:56:07,VR Queen Street Auckland,2026-11-12,Official site,92,
2026-09-16 06:56:07,VR Queen Street Auckland,2026-11-12,Hotels.com,182,Standard King Room
2026-09-16 06:56:07,VR Queen Street Auckland,2026-11-12,Booking.com,188,
2026-09-16 06:56:13,VR Auckland City,2026-11-12,Booking.com,92,
2026-09-16 06:56:13,VR Auckland City,2026-11-12,Official site,105,ibis budget Auckland Central - Double Studio
2026-09-16 06:56:19,VR Queen Street Auckland,2026-11-13,Official site,92,
2026-09-16 06:56:19,VR Queen Street Auckland,2026-11-13,Super.com,132,
2026-09-16 06:56:19,VR Queen Street Auckland,2026-11-13,Hotels.com,161,Standard King Room
2026-09-16 06:56:19,VR Queen Street Auckland,2026-11-13,Booking.com,167,
2026-09-16 06:56:26,VR Auckland City,2026-11-13,Official site,92,
2026-09-16 06:56:26,VR Auckland City,2026-11-13,Super.com,118,
2026-09-16 06:56:26,VR Auckland City,2026-11-13,Booking.com,230,Studio Apartment
2026-09-16 06:56:32,VR Queen Street Auckland,2026-11-14,Official site,132,Open VR Queen Street - Hotel & Suites in a new tab.
2026-09-16 06:56:32,VR Queen Street Auckland,2026-11-14,Super.com,132,
2026-09-16 06:56:32,VR Queen Street Auckland,2026-11-14,Booking.com,147,
2026-09-16 06:56:32,VR Queen Street Auckland,2026-11-14,Hotels.com,161,
2026-09-16 06:56:38,VR Auckland City,2026-11-14,Official site,125,
2026-09-16 06:56:38,VR Auckland City,2026-11-14,Booking.com,147,
2026-09-16 06:56:38,VR Auckland City,2026-11-14,Hotels.com,295,
2026-09-16 06:56:45,VR Queen Street Auckland,2026-11-15,Official site,91,
2026-09-16 06:56:45,VR Queen Street Auckland,2026-11-15,Super.com,111,
2026-09-16 06:56:45,VR Queen Street Auckland,2026-11-15,Expedia,131,
2026-09-16 06:56:45,VR Queen Street Auckland,2026-11-15,Booking.com,134,Standard King Room
2026-09-16 06:56:51,VR Auckland City,2026-11-15,Official site,91,
2026-09-16 06:56:51,VR Auckland City,2026-11-15,Booking.com,200,Studio Apartment
2026-09-16 06:56:51,VR Auckland City,2026-11-15,Agoda,200,
2026-09-16 06:56:57,VR Queen Street Auckland,2026-11-16,Booking.com,83,Ramada Suites By Wyndham Victoria Street West
2026-09-16 06:56:57,VR Queen Street Auckland,2026-11-16,Official site,108,Open VR Queen Street - Hotel & Suites in a new tab.
2026-09-16 06:56:57,VR Queen Street Auckland,2026-11-16,Super.com,108,
2026-09-16 06:56:57,VR Queen Street Auckland,2026-11-16,Hotels.com,144,Standard King Room
2026-09-16 06:57:03,VR Auckland City,2026-11-16,Official site,83,Ramada Suites By Wyndham Victoria Street West
2026-09-16 06:57:03,VR Auckland City,2026-11-16,Super.com,120,
2026-09-16 06:57:03,VR Auckland City,2026-11-16,Booking.com,223,Studio Apartment
2026-09-16 06:57:10,VR Queen Street Auckland,2026-11-17,Official site,83,
2026-09-16 06:57:10,VR Queen Street Auckland,2026-11-17,Booking.com,107,Open VR Queen Street - Hotel & Suites in a new tab.
2026-09-16 06:57:10,VR Queen Street Auckland,2026-11-17,Super.com,107,
2026-09-16 06:57:10,VR Queen Street Auckland,2026-11-17,Hotels.com,128,Standard King Room
2026-09-16 06:57:16,VR Auckland City,2026-11-17,Official site,83,
2026-09-16 06:57:16,VR Auckland City,2026-11-17,Super.com,120,
2026-09-16 06:57:16,VR Auckland City,2026-11-17,Booking.com,246,Studio Apartment
2026-09-16 07:14:52,VR Queen Street Auckland,2026-09-16,Official site,86,Ramada Suites By Wyndham Victoria Street West
2026-09-16 07:14:52,VR Queen Street Auckland,2026-09-16,Super.com,130,
2026-09-16 07:14:52,VR Queen Street Auckland,2026-09-16,Booking.com,141,
2026-09-16 07:14:52,VR Queen Street Auckland,2026-09-16,Hotels.com,143,Premier King Room
2026-09-16 07:15:00,VR Auckland City,2026-09-16,Official site,79,
2026-09-16 07:15:00,VR Auckland City,2026-09-16,Booking.com,79,Lovely apartment with WiFi in vibrant central Auckland
2026-09-16 07:15:00,VR Auckland City,2026-09-16,Trip.com,119,
2026-09-16 07:15:07,VR Queen Street Auckland,2026-09-17,Super.com,29,
2026-09-16 07:15:07,VR Queen Street Auckland,2026-09-17,Official site,81,
2026-09-16 07:15:07,VR Queen Street Auckland,2026-09-17,Hotels.com,126,
2026-09-16 07:15:07,VR Queen Street Auckland,2026-09-17,Booking.com,131,One-Bedroom Suite
2026-09-16 07:15:13,VR Auckland City,2026-09-17,Official site,81,
2026-09-16 07:15:13,VR Auckland City,2026-09-17,Super.com,130,
2026-09-16 07:15:13,VR Auckland City,2026-09-17,Booking.com,152,Studio Apartment
2026-09-16 07:15:18,VR Queen Street Auckland,2026-09-18,Official site,86,
2026-09-16 07:15:18,VR Queen Street Auckland,2026-09-18,Wotif,88,
2026-09-16 07:15:18,VR Queen Street Auckland,2026-09-18,Super.com,128,
2026-09-16 07:15:18,VR Queen Street Auckland,2026-09-18,Hotels.com,144,
2026-09-16 07:15:18,VR Queen Street Auckland,2026-09-18,Booking.com,151,Standard King Room
2026-09-16 07:15:25,VR Auckland City,2026-09-18,Wotif,86,
2026-09-16 07:15:25,VR Auckland City,2026-09-18,Official site,88,
2026-09-16 07:15:25,VR Auckland City,2026-09-18,Super.com,110,
2026-09-16 07:15:25,VR Auckland City,2026-09-18,Booking.com,130,Studio Apartment
2026-09-16 07:15:33,VR Queen Street Auckland,2026-09-19,Official site,86,ibis budget Auckland Central - Double Studio
2026-09-16 07:15:33,VR Queen Street Auckland,2026-09-19,Wotif,92,
2026-09-16 07:15:33,VR Queen Street Auckland,2026-09-19,Super.com,134,
2026-09-16 07:15:33,VR Queen Street Auckland,2026-09-19,Booking.com,157,Standard King Room
2026-09-16 07:15:40,VR Auckland City,2026-09-19,Official site,86,ibis budget Auckland Central - Double Studio
2026-09-16 07:15:40,VR Auckland City,2026-09-19,Super.com,114,
2026-09-16 07:15:40,VR Auckland City,2026-09-19,Booking.com,135,Studio Apartment
2026-09-16 07:15:40,VR Auckland City,2026-09-19,Agoda,145,
2026-09-16 07:15:47,VR Queen Street Auckland,2026-09-20,Wotif,78,VR Queen Street - Hotel & Suites
2026-09-16 07:15:47,VR Queen Street Auckland,2026-09-20,Official site,78,Open VR Queen Street - Hotel & Suites in a new tab.
2026-09-16 07:15:47,VR Queen Street Auckland,2026-09-20,Super.com,78,
2026-09-16 07:15:47,VR Queen Street Auckland,2026-09-20,Hotels.com,87,
2026-09-16 07:15:47,VR Queen Street Auckland,2026-09-20,Booking.com,92,Standard King Room
2026-09-16 07:15:54,VR Auckland City,2026-09-20,Official site,74,Pullman Auckland Hotel & Apartments
2026-09-16 07:15:54,VR Auckland City,2026-09-20,Wotif,78,VR Queen Street - Hotel & Suites
2026-09-16 07:15:54,VR Auckland City,2026-09-20,Super.com,85,
2026-09-16 07:15:54,VR Auckland City,2026-09-20,Expedia,108,Studio Apartment
2026-09-16 07:15:54,VR Auckland City,2026-09-20,Booking.com,108,
2026-09-16 07:16:01,VR Queen Street Auckland,2026-09-21,Super.com,78,
2026-09-16 07:16:01,VR Queen Street Auckland,2026-09-21,Hotels.com,88,Standard King Room
2026-09-16 07:16:01,VR Queen Street Auckland,2026-09-21,Booking.com,92,
2026-09-16 07:16:01,VR Queen Street Auckland,2026-09-21,Official site,102,
2026-09-16 07:16:06,VR Auckland City,2026-09-21,Official site,74,
2026-09-16 07:16:06,VR Auckland City,2026-09-21,Super.com,85,
2026-09-16 07:16:06,VR Auckland City,2026-09-21,Booking.com,100,Studio Apartment
2026-09-16 07:16:10,VR Queen Street Auckland,2026-09-22,Official site,74,ibis budget Auckland Central - Double Studio
2026-09-16 07:16:10,VR Queen Street Auckland,2026-09-22,Wotif,81,Open VR Queen Street - Hotel & Suites in a new tab.
2026-09-16 07:16:10,VR Queen Street Auckland,2026-09-22,Super.com,81,
2026-09-16 07:16:10,VR Queen Street Auckland,2026-09-22,Hotels.com,90,
2026-09-16 07:16:10,VR Queen Street Auckland,2026-09-22,Booking.com,95,Standard King Room
2026-09-16 07:16:17,VR Auckland City,2026-09-22,Official site,74,ibis budget Auckland Central - Double Studio
2026-09-16 07:16:17,VR Auckland City,2026-09-22,Super.com,89,
2026-09-16 07:16:17,VR Auckland City,2026-09-22,Booking.com,104,Studio Apartment
2026-09-16 07:16:17,VR Auckland City,2026-09-22,Expedia,112,
2026-09-16 07:16:24,VR Queen Street Auckland,2026-09-23,Super.com,77,
2026-09-16 07:16:24,VR Queen Street Auckland,2026-09-23,Booking.com,91,
2026-09-16 07:16:24,VR Queen Street Auckland,2026-09-23,Hotels.com,98,Standard King Room
2026-09-16 07:16:24,VR Queen Street Auckland,2026-09-23,Official site,101,
2026-09-16 07:16:28,VR Auckland City,2026-09-23,Official site,74,
2026-09-16 07:16:28,VR Auckland City,2026-09-23,Super.com,87,
2026-09-16 07:16:28,VR Auckland City,2026-09-23,Booking.com,104,
2026-09-16 07:16:28,VR Auckland City,2026-09-23,Expedia,112,Studio Apartment
2026-09-16 07:16:33,VR Queen Street Auckland,2026-09-24,Official site,77,Parkside Hotel & Apartments
2026-09-16 07:16:33,VR Queen Street Auckland,2026-09-24,Super.com,77,
2026-09-16 07:16:33,VR Queen Street Auckland,2026-09-24,Expedia,88,
2026-09-16 07:16:33,VR Queen Street Auckland,2026-09-24,Booking.com,91,Standard King Room
2026-09-16 07:16:39,VR Auckland City,2026-09-24,Official site,77,Parkside Hotel & Apartments
2026-09-16 07:16:39,VR Auckland City,2026-09-24,Super.com,87,
2026-09-16 07:16:39,VR Auckland City,2026-09-24,Booking.com,104,Studio Apartment
2026-09-16 07:16:39,VR Auckland City,2026-09-24,Agoda,112,
2026-09-16 07:16:46,VR Queen Street Auckland,2026-09-25,Booking.com,84,
2026-09-16 07:16:46,VR Queen Street Auckland,2026-09-25,Official site,114,Open VR Queen Street - Hotel & Suites in a new tab.
2026-09-16 07:16:46,VR Queen Street Auckland,2026-09-25,Super.com,114,
2026-09-16 07:16:52,VR Auckland City,2026-09-25,Booking.com,84,
2026-09-16 07:16:52,VR Auckland City,2026-09-25,Wotif,97,ibis budget Auckland Central - Double Studio
2026-09-16 07:16:52,VR Auckland City,2026-09-25,Official site,97,
2026-09-16 07:16:52,VR Auckland City,2026-09-25,Super.com,116,
2026-09-16 07:16:59,VR Queen Street Auckland,2026-09-26,Official site,85,VR Queen Street - Hotel & Suites
2026-09-16 07:16:59,VR Queen Street Auckland,2026-09-26,Super.com,117,
2026-09-16 07:16:59,VR Queen Street Auckland,2026-09-26,Booking.com,138,Standard King Room
2026-09-16 07:17:05,VR Auckland City,2026-09-26,Official site,85,VR Queen Street - Hotel & Suites
2026-09-16 07:17:05,VR Auckland City,2026-09-26,Super.com,163,
2026-09-16 07:17:05,VR Auckland City,2026-09-26,Booking.com,194,Studio Apartment
2026-09-16 07:17:12,VR Queen Street Auckland,2026-09-27,Official site,77,Ramada Suites By Wyndham Victoria Street West
2026-09-16 07:17:12,VR Queen Street Auckland,2026-09-27,Wotif,80,VR Queen Street - Hotel & Suites
2026-09-16 07:17:12,VR Queen Street Auckland,2026-09-27,Super.com,80,
2026-09-16 07:17:12,VR Queen Street Auckland,2026-09-27,Hotels.com,89,Standard King Room
2026-09-16 07:17:12,VR Queen Street Auckland,2026-09-27,Booking.com,94,
2026-09-16 07:17:18,VR Auckland City,2026-09-27,Official site,74,Parkside Hotel & Apartments
2026-09-16 07:17:18,VR Auckland City,2026-09-27,Wotif,77,Ramada Suites By Wyndham Victoria Street West
2026-09-16 07:17:18,VR Auckland City,2026-09-27,Super.com,108,
2026-09-16 07:17:18,VR Auckland City,2026-09-27,Booking.com,140,Studio Apartment
2026-09-16 07:17:24,VR Queen Street Auckland,2026-09-28,Wotif,80,VR Queen Street - Hotel & Suites
2026-09-16 07:17:24,VR Queen Street Auckland,2026-09-28,Official site,80,Open VR Queen Street - Hotel & Suites in a new tab.
2026-09-16 07:17:24,VR Queen Street Auckland,2026-09-28,Super.com,80,
2026-09-16 07:17:24,VR Queen Street Auckland,2026-09-28,Expedia,91,
2026-09-16 07:17:24,VR Queen Street Auckland,2026-09-28,Booking.com,94,Standard King Room
2026-09-16 07:17:31,VR Auckland City,2026-09-28,Official site,74,Studio Steps from Sky City
2026-09-16 07:17:31,VR Auckland City,2026-09-28,Wotif,80,VR Queen Street - Hotel & Suites
2026-09-16 07:17:31,VR Auckland City,2026-09-28,Super.com,84,
2026-09-16 07:17:31,VR Auckland City,2026-09-28,Booking.com,108,Studio Apartment
2026-09-16 07:17:37,VR Queen Street Auckland,2026-09-29,Super.com,80,
2026-09-16 07:17:37,VR Queen Street Auckland,2026-09-29,Hotels.com,89,Standard King Room
2026-09-16 07:17:37,VR Queen Street Auckland,2026-09-29,Booking.com,94,
2026-09-16 07:17:37,VR Queen Street Auckland,2026-09-29,Official site,104,
2026-09-16 07:17:42,VR Auckland City,2026-09-29,Wotif,67,Ramada Suites By Wyndham Victoria Street West
2026-09-16 07:17:42,VR Auckland City,2026-09-29,Official site,74,Mercure Auckland Queen Street
2026-09-16 07:17:42,VR Auckland City,2026-09-29,Super.com,86,
2026-09-16 07:17:42,VR Auckland City,2026-09-29,Booking.com,104,Studio Apartment
2026-09-16 07:17:48,VR Queen Street Auckland,2026-09-30,Super.com,85,
2026-09-16 07:17:48,VR Queen Street Auckland,2026-09-30,Hotels.com,95,Standard King Room
2026-09-16 07:17:48,VR Queen Street Auckland,2026-09-30,Booking.com,100,
2026-09-16 07:17:48,VR Queen Street Auckland,2026-09-30,Official site,111,
2026-09-16 07:17:52,VR Auckland City,2026-09-30,Wotif,66,
2026-09-16 07:17:52,VR Auckland City,2026-09-30,Official site,84,VR Queen Street - Hotel & Suites
2026-09-16 07:17:52,VR Auckland City,2026-09-30,Super.com,86,
2026-09-16 07:17:52,VR Auckland City,2026-09-30,Booking.com,104,
2026-09-16 07:17:52,VR Auckland City,2026-09-30,Expedia,112,Studio Apartment
2026-09-16 07:17:59,VR Queen Street Auckland,2026-10-01,Official site,94,VR Queen Street - Hotel & Suites
2026-09-16 07:17:59,VR Queen Street Auckland,2026-10-01,Super.com,94,
2026-09-16 07:17:59,VR Queen Street Auckland,2026-10-01,Booking.com,113,Standard King Room
2026-09-16 07:17:59,VR Queen Street Auckland,2026-10-01,Expedia,115,
2026-09-16 07:18:06,VR Auckland City,2026-10-01,Official site,84,Pullman Auckland Hotel & Apartments
2026-09-16 07:18:06,VR Auckland City,2026-10-01,Super.com,91,
2026-09-16 07:18:06,VR Auckland City,2026-10-01,Booking.com,109,Studio Apartment
2026-09-16 07:18:12,VR Queen Street Auckland,2026-10-02,Official site,96,Ramada Suites By Wyndham Victoria Street West
2026-09-16 07:18:12,VR Queen Street Auckland,2026-10-02,Booking.com,111,Open VR Queen Street - Hotel & Suites in a new tab.
2026-09-16 07:18:12,VR Queen Street Auckland,2026-10-02,Super.com,111,
2026-09-16 07:18:18,VR Auckland City,2026-10-02,Booking.com,96,Ramada Suites By Wyndham Victoria Street West
2026-09-16 07:18:18,VR Auckland City,2026-10-02,Official site,102,Chic Princes Wharf Studio | City View | Parking
2026-09-16 07:18:18,VR Auckland City,2026-10-02,Super.com,112,
2026-09-16 07:18:24,VR Queen Street Auckland,2026-10-03,Super.com,121,
2026-09-16 07:18:24,VR Queen Street Auckland,2026-10-03,Booking.com,142,Standard King Room
2026-09-16 07:18:24,VR Queen Street Auckland,2026-10-03,Official site,158,
2026-09-16 07:18:29,VR Auckland City,2026-10-03,Official site,102,
2026-09-16 07:18:29,VR Auckland City,2026-10-03,Super.com,131,
2026-09-16 07:18:29,VR Auckland City,2026-10-03,Booking.com,155,Studio Apartment
2026-09-16 07:18:34,VR Queen Street Auckland,2026-10-04,Super.com,89,
2026-09-16 07:18:34,VR Queen Street Auckland,2026-10-04,Expedia,103,
2026-09-16 07:18:34,VR Queen Street Auckland,2026-10-04,Booking.com,106,Standard King Room
2026-09-16 07:18:34,VR Queen Street Auckland,2026-10-04,Official site,117,
2026-09-16 07:18:38,VR Auckland City,2026-10-04,Official site,84,
2026-09-16 07:18:38,VR Auckland City,2026-10-04,Super.com,108,
2026-09-16 07:18:38,VR Auckland City,2026-10-04,Booking.com,139,Studio Apartment
2026-09-16 07:18:43,VR Queen Street Auckland,2026-10-05,Super.com,90,
2026-09-16 07:18:43,VR Queen Street Auckland,2026-10-05,Hotels.com,102,Standard King Room
2026-09-16 07:18:43,VR Queen Street Auckland,2026-10-05,Booking.com,106,
2026-09-16 07:18:43,VR Queen Street Auckland,2026-10-05,Official site,117,
2026-09-16 07:18:47,VR Auckland City,2026-10-05,Official site,84,
2026-09-16 07:18:47,VR Auckland City,2026-10-05,Booking.com,133,Studio Apartment
2026-09-16 07:18:54,VR Queen Street Auckland,2026-10-06,Booking.com,81,Auckland Harbour Suites
2026-09-16 07:18:54,VR Queen Street Auckland,2026-10-06,Official site,89,Open VR Queen Street - Hotel & Suites in a new tab.
2026-09-16 07:18:54,VR Queen Street Auckland,2026-10-06,Super.com,89,
2026-09-16 07:18:54,VR Queen Street Auckland,2026-10-06,Hotels.com,102,Standard King Room
2026-09-16 07:19:00,VR Auckland City,2026-10-06,Booking.com,81,Auckland Harbour Suites
2026-09-16 07:19:00,VR Auckland City,2026-10-06,Official site,84,Mercure Auckland Queen Street
2026-09-16 07:19:00,VR Auckland City,2026-10-06,Super.com,112,
2026-09-16 07:19:06,VR Queen Street Auckland,2026-10-07,Official site,78,Auckland Harbour Suites
2026-09-16 07:19:06,VR Queen Street Auckland,2026-10-07,Booking.com,85,Open VR Queen Street - Hotel & Suites in a new tab.
2026-09-16 07:19:06,VR Queen Street Auckland,2026-10-07,Super.com,85,
2026-09-16 07:19:06,VR Queen Street Auckland,2026-10-07,Hotels.com,97,
2026-09-16 07:19:13,VR Auckland City,2026-10-07,Booking.com,78,Auckland Harbour Suites
2026-09-16 07:19:13,VR Auckland City,2026-10-07,Official site,84,Parkside Hotel & Apartments Auckland
2026-09-16 07:19:13,VR Auckland City,2026-10-07,Super.com,108,
2026-09-16 07:19:19,VR Queen Street Auckland,2026-10-08,Official site,84,Chic Princes Wharf Studio | City View | Parking
2026-09-16 07:19:19,VR Queen Street Auckland,2026-10-08,Super.com,114,
2026-09-16 07:19:19,VR Queen Street Auckland,2026-10-08,Booking.com,134,Standard King Room
2026-09-16 07:19:25,VR Auckland City,2026-10-08,Official site,84,Chic Princes Wharf Studio | City View | Parking
2026-09-16 07:19:25,VR Auckland City,2026-10-08,Booking.com,91,
2026-09-16 07:19:25,VR Auckland City,2026-10-08,Super.com,142,
2026-09-16 07:19:32,VR Queen Street Auckland,2026-10-09,Booking.com,63,City Gardens Apartments
2026-09-16 07:19:32,VR Queen Street Auckland,2026-10-09,Official site,138,
2026-09-16 07:19:32,VR Queen Street Auckland,2026-10-09,Super.com,224,
2026-09-16 07:19:32,VR Queen Street Auckland,2026-10-09,Hotels.com,257,Standard King Room
2026-09-16 07:19:39,VR Auckland City,2026-10-09,Official site,63,City Gardens Apartments
2026-09-16 07:19:39,VR Auckland City,2026-10-09,Booking.com,102,Parkside Hotel & Apartments Auckland
2026-09-16 07:19:39,VR Auckland City,2026-10-09,Super.com,255,
2026-09-16 07:19:45,VR Queen Street Auckland,2026-10-10,Official site,90,
2026-09-16 07:19:45,VR Queen Street Auckland,2026-10-10,Super.com,231,
2026-09-16 07:19:45,VR Queen Street Auckland,2026-10-10,Hotels.com,263,Standard King Room
2026-09-16 07:19:51,VR Auckland City,2026-10-10,Official site,90,
2026-09-16 07:19:51,VR Auckland City,2026-10-10,Super.com,459,
2026-09-16 07:19:51,VR Auckland City,2026-10-10,Booking.com,549,Studio Apartment
2026-09-16 07:19:58,VR Queen Street Auckland,2026-10-11,Booking.com,95,
2026-09-16 07:19:58,VR Queen Street Auckland,2026-10-11,Official site,97,Open VR Queen Street - Hotel & Suites in a new tab.
2026-09-16 07:19:58,VR Queen Street Auckland,2026-10-11,Super.com,97,
2026-09-16 07:19:58,VR Queen Street Auckland,2026-10-11,Hotels.com,122,
2026-09-16 07:20:04,VR Auckland City,2026-10-11,Official site,84,Chic Princes Wharf Studio | City View | Parking
2026-09-16 07:20:04,VR Auckland City,2026-10-11,Super.com,88,
2026-09-16 07:20:04,VR Auckland City,2026-10-11,Booking.com,112,Studio Apartment
2026-09-16 07:20:11,VR Queen Street Auckland,2026-10-12,Booking.com,99,Open VR Queen Street - Hotel & Suites in a new tab.
2026-09-16 07:20:11,VR Queen Street Auckland,2026-10-12,Super.com,99,
2026-09-16 07:20:11,VR Queen Street Auckland,2026-10-12,Expedia,114,
2026-09-16 07:20:11,VR Queen Street Auckland,2026-10-12,Official site,125,
2026-09-16 07:20:17,VR Auckland City,2026-10-12,Official site,84,
2026-09-16 07:20:17,VR Auckland City,2026-10-12,Super.com,102,
2026-09-16 07:20:17,VR Auckland City,2026-10-12,Booking.com,131,
2026-09-16 07:20:17,VR Auckland City,2026-10-12,Expedia,131,Studio Apartment
2026-09-16 07:20:23,VR Queen Street Auckland,2026-10-13,Official site,78,VR Queen Street - Hotel & Suites
2026-09-16 07:20:23,VR Queen Street Auckland,2026-10-13,Booking.com,89,The Quadrant Hotel & Suites
2026-09-16 07:20:23,VR Queen Street Auckland,2026-10-13,Super.com,96,
2026-09-16 07:20:23,VR Queen Street Auckland,2026-10-13,Hotels.com,108,
2026-09-16 07:20:30,VR Auckland City,2026-10-13,Official site,78,VR Queen Street - Hotel & Suites
2026-09-16 07:20:30,VR Auckland City,2026-10-13,Booking.com,84,The Quadrant Hotel & Suites
2026-09-16 07:20:30,VR Auckland City,2026-10-13,Super.com,92,
2026-09-16 07:20:36,VR Queen Street Auckland,2026-10-14,Official site,81,Auckland Harbour Suites
2026-09-16 07:20:36,VR Queen Street Auckland,2026-10-14,Super.com,96,
2026-09-16 07:20:36,VR Queen Street Auckland,2026-10-14,Hotels.com,109,
2026-09-16 07:20:36,VR Queen Street Auckland,2026-10-14,Booking.com,113,Standard King Room
2026-09-16 07:20:42,VR Auckland City,2026-10-14,Official site,81,Auckland Harbour Suites
2026-09-16 07:20:42,VR Auckland City,2026-10-14,Booking.com,84,ibis budget Auckland Central - Double Studio
2026-09-16 07:20:42,VR Auckland City,2026-10-14,Super.com,91,
2026-09-16 07:20:42,VR Auckland City,2026-10-14,Expedia,117,Studio Apartment
2026-09-16 07:20:48,VR Queen Street Auckland,2026-10-15,Official site,90,Auckland Harbour Suites
2026-09-16 07:20:48,VR Queen Street Auckland,2026-10-15,Booking.com,97,Open VR Queen Street - Hotel & Suites in a new tab.
2026-09-16 07:20:48,VR Queen Street Auckland,2026-10-15,Super.com,97,
2026-09-16 07:20:48,VR Queen Street Auckland,2026-10-15,Hotels.com,109,
2026-09-16 07:20:55,VR Auckland City,2026-10-15,Official site,84,ibis budget Auckland Central - Double Studio
2026-09-16 07:20:55,VR Auckland City,2026-10-15,Super.com,102,
2026-09-16 07:20:55,VR Auckland City,2026-10-15,Booking.com,117,One-Bedroom Apartment
2026-09-16 07:21:01,VR Queen Street Auckland,2026-10-16,Official site,113,Ramada Suites By Wyndham Victoria Street West
2026-09-16 07:21:01,VR Queen Street Auckland,2026-10-16,Booking.com,131,VR Queen Street - Hotel & Suites
2026-09-16 07:21:01,VR Queen Street Auckland,2026-10-16,Super.com,131,
2026-09-16 07:21:01,VR Queen Street Auckland,2026-10-16,Expedia,153,Standard King Room
2026-09-16 07:21:07,VR Auckland City,2026-10-16,Official site,102,Penthouse
2026-09-16 07:21:07,VR Auckland City,2026-10-16,Booking.com,113,Ramada Suites By Wyndham Victoria Street West
2026-09-16 07:21:13,VR Queen Street Auckland,2026-10-17,Official site,64,
2026-09-16 07:21:13,VR Queen Street Auckland,2026-10-17,Super.com,212,
2026-09-16 07:21:13,VR Queen Street Auckland,2026-10-17,Hotels.com,242,Standard King Room
2026-09-16 07:21:13,VR Queen Street Auckland,2026-10-17,Booking.com,250,
2026-09-16 07:21:19,VR Auckland City,2026-10-17,Official site,64,
2026-09-16 07:21:19,VR Auckland City,2026-10-17,Booking.com,639,Deluxe Family Room
2026-09-16 07:21:19,VR Auckland City,2026-10-17,Trip.com,657,
2026-09-16 07:21:26,VR Queen Street Auckland,2026-10-18,Super.com,103,
2026-09-16 07:21:26,VR Queen Street Auckland,2026-10-18,Hotels.com,116,Standard King Room
2026-09-16 07:21:26,VR Queen Street Auckland,2026-10-18,Booking.com,121,
2026-09-16 07:21:26,VR Queen Street Auckland,2026-10-18,Official site,135,
2026-09-16 07:21:30,VR Auckland City,2026-10-18,Official site,84,
2026-09-16 07:21:30,VR Auckland City,2026-10-18,Booking.com,149,Studio Apartment
2026-09-16 07:21:36,VR Queen Street Auckland,2026-10-19,Official site,84,The Quadrant Hotel & Suites
2026-09-16 07:21:36,VR Queen Street Auckland,2026-10-19,Booking.com,108,Open VR Queen Street - Hotel & Suites in a new tab.
2026-09-16 07:21:36,VR Queen Street Auckland,2026-10-19,Super.com,108,
2026-09-16 07:21:43,VR Auckland City,2026-10-19,Official site,84,
2026-09-16 07:21:43,VR Auckland City,2026-10-19,Booking.com,183,Executive One-Bedroom Apartment
2026-09-16 07:21:47,VR Queen Street Auckland,2026-10-20,Super.com,51,
2026-09-16 07:21:47,VR Queen Street Auckland,2026-10-20,Official site,75,Grand Central Serviced Apartments
2026-09-16 07:21:47,VR Queen Street Auckland,2026-10-20,Booking.com,93,
2026-09-16 07:21:53,VR Auckland City,2026-10-20,Official site,75,Grand Central Serviced Apartments
2026-09-16 07:21:53,VR Auckland City,2026-10-20,Super.com,155,
2026-09-16 07:21:53,VR Auckland City,2026-10-20,Booking.com,199,One-Bedroom Apartment
2026-09-16 07:22:00,VR Queen Street Auckland,2026-10-21,Super.com,48,
2026-09-16 07:22:00,VR Queen Street Auckland,2026-10-21,Official site,78,City Gardens Apartments
2026-09-16 07:22:00,VR Queen Street Auckland,2026-10-21,Booking.com,130,Mercure Auckland Queen Street
2026-09-16 07:22:00,VR Queen Street Auckland,2026-10-21,Hotels.com,180,Standard King Room
2026-09-16 07:22:06,VR Auckland City,2026-10-21,Super.com,45,
2026-09-16 07:22:06,VR Auckland City,2026-10-21,Official site,78,City Gardens Apartments
2026-09-16 07:22:06,VR Auckland City,2026-10-21,Booking.com,130,Mercure Auckland Queen Street
2026-09-16 07:22:12,VR Queen Street Auckland,2026-10-22,Official site,84,
2026-09-16 07:22:12,VR Queen Street Auckland,2026-10-22,Super.com,129,
2026-09-16 07:22:12,VR Queen Street Auckland,2026-10-22,Booking.com,151,Standard King Room
2026-09-16 07:22:18,VR Auckland City,2026-10-22,Official site,84,The Quadrant Hotel & Suites
2026-09-16 07:22:18,VR Auckland City,2026-10-22,Booking.com,218,One-Bedroom Apartment
2026-09-16 07:22:24,VR Queen Street Auckland,2026-10-23,Super.com,66,
2026-09-16 07:22:24,VR Queen Street Auckland,2026-10-23,Booking.com,116,
2026-09-16 07:22:24,VR Queen Street Auckland,2026-10-23,Official site,120,Lovely apartment with WiFi in vibrant central Auckland
2026-09-16 07:22:31,VR Auckland City,2026-10-23,Official site,102,
2026-09-16 07:22:31,VR Auckland City,2026-10-23,Booking.com,102,Lovely apartment with WiFi in vibrant central Auckland
2026-09-16 07:22:31,VR Auckland City,2026-10-23,Trip.com,450,
2026-09-16 07:22:37,VR Queen Street Auckland,2026-10-24,Official site,75,Grand Central Serviced Apartments
2026-09-16 07:22:37,VR Queen Street Auckland,2026-10-24,Booking.com,102,Penthouse
2026-09-16 07:22:37,VR Queen Street Auckland,2026-10-24,Super.com,203,
2026-09-16 07:22:43,VR Auckland City,2026-10-24,Official site,75,Grand Central Serviced Apartments
2026-09-16 07:22:43,VR Auckland City,2026-10-24,Booking.com,102,Penthouse
2026-09-16 07:22:43,VR Auckland City,2026-10-24,Agoda,311,
2026-09-16 07:22:49,VR Queen Street Auckland,2026-10-25,Booking.com,84,
2026-09-16 07:22:49,VR Queen Street Auckland,2026-10-25,Official site,131,
2026-09-16 07:22:49,VR Queen Street Auckland,2026-10-25,Super.com,227,
2026-09-16 07:22:56,VR Auckland City,2026-10-25,Booking.com,84,
2026-09-16 07:22:56,VR Auckland City,2026-10-25,Official site,84,Studio Steps from Sky City
2026-09-16 07:22:56,VR Auckland City,2026-10-25,Super.com,96,
2026-09-16 07:23:02,VR Queen Street Auckland,2026-10-26,Official site,95,Ramada Suites By Wyndham Victoria Street West
2026-09-16 07:23:02,VR Queen Street Auckland,2026-10-26,Booking.com,96,VR Queen Street - Hotel & Suites
2026-09-16 07:23:02,VR Queen Street Auckland,2026-10-26,Super.com,96,
2026-09-16 07:23:02,VR Queen Street Auckland,2026-10-26,Hotels.com,109,Standard King Room
2026-09-16 07:23:08,VR Auckland City,2026-10-26,Official site,84,Ramada Suites By Wyndham Victoria Street West
2026-09-16 07:23:08,VR Auckland City,2026-10-26,Super.com,90,
2026-09-16 07:23:08,VR Auckland City,2026-10-26,Booking.com,96,VR Queen Street - Hotel & Suites
2026-09-16 07:23:15,VR Queen Street Auckland,2026-10-27,Official site,94,
2026-09-16 07:23:15,VR Queen Street Auckland,2026-10-27,Super.com,97,
2026-09-16 07:23:15,VR Queen Street Auckland,2026-10-27,Hotels.com,108,
2026-09-16 07:23:15,VR Queen Street Auckland,2026-10-27,Booking.com,113,Standard King Room
2026-09-16 07:23:20,VR Auckland City,2026-10-27,Official site,84,
2026-09-16 07:23:20,VR Auckland City,2026-10-27,Booking.com,140,Studio Apartment
2026-09-16 07:23:25,VR Queen Street Auckland,2026-10-28,Official site,84,Ramada Suites By Wyndham Victoria Street West
2026-09-16 07:23:25,VR Queen Street Auckland,2026-10-28,Super.com,97,
2026-09-16 07:23:25,VR Queen Street Auckland,2026-10-28,Booking.com,105,
2026-09-16 07:23:25,VR Queen Street Auckland,2026-10-28,Hotels.com,108,Standard King Room
2026-09-16 07:23:32,VR Auckland City,2026-10-28,Official site,84,Princes Wharf Amazing 2 bedroom Free Parking
2026-09-16 07:23:32,VR Auckland City,2026-10-28,Super.com,90,
2026-09-16 07:23:32,VR Auckland City,2026-10-28,Booking.com,105,
2026-09-16 07:23:32,VR Auckland City,2026-10-28,Expedia,119,Studio Apartment
2026-09-16 07:23:38,VR Queen Street Auckland,2026-10-29,Official site,84,
2026-09-16 07:23:38,VR Queen Street Auckland,2026-10-29,Booking.com,95,
2026-09-16 07:23:38,VR Queen Street Auckland,2026-10-29,Super.com,97,
2026-09-16 07:23:38,VR Queen Street Auckland,2026-10-29,Hotels.com,122,Standard King Room
2026-09-16 07:23:45,VR Auckland City,2026-10-29,Official site,84,Ramada Suites By Wyndham Victoria Street West
2026-09-16 07:23:45,VR Auckland City,2026-10-29,Super.com,91,
2026-09-16 07:23:45,VR Auckland City,2026-10-29,Booking.com,140,Studio Apartment
2026-09-16 07:23:45,VR Auckland City,2026-10-29,Expedia,140,
2026-09-16 07:23:51,VR Queen Street Auckland,2026-10-30,Official site,108,Ramada Suites By Wyndham Victoria Street West
2026-09-16 07:23:51,VR Queen Street Auckland,2026-10-30,Super.com,122,
2026-09-16 07:23:51,VR Queen Street Auckland,2026-10-30,Booking.com,151,Standard King Room
2026-09-16 07:23:58,VR Auckland City,2026-10-30,Official site,102,Penthouse
2026-09-16 07:23:58,VR Auckland City,2026-10-30,Hotels.com,165,
2026-09-16 07:23:58,VR Auckland City,2026-10-30,Booking.com,194,Studio Apartment
2026-09-16 07:24:03,VR Queen Street Auckland,2026-10-31,Booking.com,102,Penthouse
2026-09-16 07:24:03,VR Queen Street Auckland,2026-10-31,Official site,123,
2026-09-16 07:24:03,VR Queen Street Auckland,2026-10-31,Super.com,124,
2026-09-16 07:24:03,VR Queen Street Auckland,2026-10-31,Hotels.com,146,Standard King Room
2026-09-16 07:24:10,VR Auckland City,2026-10-31,Official site,102,Parkside Hotel & Apartments
2026-09-16 07:24:10,VR Auckland City,2026-10-31,Super.com,127,
2026-09-16 07:24:10,VR Auckland City,2026-10-31,Booking.com,196,
2026-09-16 07:24:16,VR Queen Street Auckland,2026-11-01,Booking.com,104,Open VR Queen Street - Hotel & Suites in a new tab.
2026-09-16 07:24:16,VR Queen Street Auckland,2026-11-01,Super.com,104,
2026-09-16 07:24:16,VR Queen Street Auckland,2026-11-01,Official site,108,
2026-09-16 07:24:16,VR Queen Street Auckland,2026-11-01,Hotels.com,121,Standard King Room
2026-09-16 07:24:22,VR Auckland City,2026-11-01,Official site,107,
2026-09-16 07:24:22,VR Auckland City,2026-11-01,Booking.com,107,Penthouse
2026-09-16 07:24:22,VR Auckland City,2026-11-01,Super.com,126,
2026-09-16 07:24:29,VR Queen Street Auckland,2026-11-02,Official site,103,Open VR Queen Street - Hotel & Suites in a new tab.
2026-09-16 07:24:29,VR Queen Street Auckland,2026-11-02,Super.com,103,
2026-09-16 07:24:29,VR Queen Street Auckland,2026-11-02,Booking.com,116,
2026-09-16 07:24:35,VR Auckland City,2026-11-02,Official site,107,"Swiss-Belsuites Victoria Park, Auckland"
2026-09-16 07:24:35,VR Auckland City,2026-11-02,Super.com,117,
2026-09-16 07:24:35,VR Auckland City,2026-11-02,Booking.com,154,
2026-09-16 07:24:41,VR Queen Street Auckland,2026-11-03,Official site,94,
2026-09-16 07:24:41,VR Queen Street Auckland,2026-11-03,Super.com,101,
2026-09-16 07:24:41,VR Queen Street Auckland,2026-11-03,Booking.com,126,Standard King Room
2026-09-16 07:24:47,VR Auckland City,2026-11-03,Official site,94,
2026-09-16 07:24:47,VR Auckland City,2026-11-03,Booking.com,169,Studio Apartment
2026-09-16 07:24:53,VR Queen Street Auckland,2026-11-04,Official site,84,
2026-09-16 07:24:53,VR Queen Street Auckland,2026-11-04,Super.com,139,
2026-09-16 07:24:53,VR Queen Street Auckland,2026-11-04,Hotels.com,162,Standard King Room
2026-09-16 07:24:53,VR Queen Street Auckland,2026-11-04,Booking.com,167,
2026-09-16 07:24:59,VR Auckland City,2026-11-04,Official site,84,
2026-09-16 07:24:59,VR Auckland City,2026-11-04,Booking.com,180,Studio Apartment
2026-09-16 07:25:05,VR Queen Street Auckland,2026-11-05,Official site,98,Mercure Auckland Queen Street
2026-09-16 07:25:05,VR Queen Street Auckland,2026-11-05,Super.com,145,
2026-09-16 07:25:05,VR Queen Street Auckland,2026-11-05,Hotels.com,178,Standard King Room
2026-09-16 07:25:05,VR Queen Street Auckland,2026-11-05,Booking.com,184,
2026-09-16 07:25:12,VR Auckland City,2026-11-05,Official site,98,Mercure Auckland Queen Street
2026-09-16 07:25:12,VR Auckland City,2026-11-05,Booking.com,272,
2026-09-16 07:25:18,VR Queen Street Auckland,2026-11-06,Official site,125,
2026-09-16 07:25:18,VR Queen Street Auckland,2026-11-06,Booking.com,147,VR Queen Street - Hotel & Suites
2026-09-16 07:25:18,VR Queen Street Auckland,2026-11-06,Super.com,147,
2026-09-16 07:25:18,VR Queen Street Auckland,2026-11-06,Hotels.com,178,Standard King Room
2026-09-16 07:25:24,VR Auckland City,2026-11-06,Official site,125,Princes Wharf - Penthouse - Stunning Views
2026-09-16 07:25:24,VR Auckland City,2026-11-06,Booking.com,147,VR Queen Street - Hotel & Suites
2026-09-16 07:25:30,VR Queen Street Auckland,2026-11-07,Official site,128,"Swiss-Belsuites Victoria Park, Auckland"
2026-09-16 07:25:30,VR Queen Street Auckland,2026-11-07,Super.com,288,
2026-09-16 07:25:30,VR Queen Street Auckland,2026-11-07,Booking.com,360,One-Bedroom Suite
2026-09-16 07:25:36,VR Auckland City,2026-11-07,Official site,128,"Swiss-Belsuites Victoria Park, Auckland"
2026-09-16 07:25:36,VR Auckland City,2026-11-07,Hotels.com,440,
2026-09-16 07:25:36,VR Auckland City,2026-11-07,Booking.com,598,
2026-09-16 07:25:43,VR Queen Street Auckland,2026-11-08,Official site,118,Princes Wharf - Penthouse - Stunning Views
2026-09-16 07:25:43,VR Queen Street Auckland,2026-11-08,Super.com,235,
2026-09-16 07:25:43,VR Queen Street Auckland,2026-11-08,Booking.com,293,Standard King Room
2026-09-16 07:25:49,VR Auckland City,2026-11-08,Official site,118,Princes Wharf - Penthouse - Stunning Views
2026-09-16 07:25:49,VR Auckland City,2026-11-08,Agoda,157,
2026-09-16 07:25:49,VR Auckland City,2026-11-08,Booking.com,187,Quest on Hobson Apartment Hotel
2026-09-16 07:25:49,VR Auckland City,2026-11-08,Expedia,316,
2026-09-16 07:25:55,VR Queen Street Auckland,2026-11-09,Booking.com,76,City Gardens Apartments
2026-09-16 07:25:55,VR Queen Street Auckland,2026-11-09,Official site,120,
2026-09-16 07:25:55,VR Queen Street Auckland,2026-11-09,Super.com,167,
2026-09-16 07:25:55,VR Queen Street Auckland,2026-11-09,Hotels.com,204,Standard King Room
2026-09-16 07:26:02,VR Auckland City,2026-11-09,Official site,76,City Gardens Apartments
2026-09-16 07:26:02,VR Auckland City,2026-11-09,Super.com,118,
2026-09-16 07:26:02,VR Auckland City,2026-11-09,Booking.com,120,
2026-09-16 07:26:08,VR Queen Street Auckland,2026-11-10,Official site,107,Open VR Queen Street - Hotel & Suites in a new tab.
2026-09-16 07:26:08,VR Queen Street Auckland,2026-11-10,Super.com,107,
2026-09-16 07:26:08,VR Queen Street Auckland,2026-11-10,Booking.com,130,Standard King Room
2026-09-16 07:26:14,VR Auckland City,2026-11-10,Official site,107,Parkside Hotel & Apartments
2026-09-16 07:26:14,VR Auckland City,2026-11-10,Booking.com,203,
2026-09-16 07:26:20,VR Queen Street Auckland,2026-11-11,Super.com,45,
2026-09-16 07:26:20,VR Queen Street Auckland,2026-11-11,Official site,92,
2026-09-16 07:26:20,VR Queen Street Auckland,2026-11-11,Booking.com,188,Standard King Room
2026-09-16 07:26:20,VR Queen Street Auckland,2026-11-11,Expedia,190,
2026-09-16 07:26:27,VR Auckland City,2026-11-11,Official site,92,
2026-09-16 07:26:27,VR Auckland City,2026-11-11,Booking.com,224,
2026-09-16 07:26:33,VR Queen Street Auckland,2026-11-12,Super.com,41,
2026-09-16 07:26:33,VR Queen Street Auckland,2026-11-12,Official site,92,ibis budget Auckland Central - Double Studio
2026-09-16 07:26:33,VR Queen Street Auckland,2026-11-12,Booking.com,147,
2026-09-16 07:26:33,VR Queen Street Auckland,2026-11-12,Hotels.com,182,Standard King Room
2026-09-16 07:26:39,VR Auckland City,2026-11-12,Official site,92,ibis budget Auckland Central - Double Studio
2026-09-16 07:26:39,VR Auckland City,2026-11-12,Booking.com,111,
2026-09-16 07:26:39,VR Auckland City,2026-11-12,Super.com,119,
2026-09-16 07:26:45,VR Queen Street Auckland,2026-11-13,Official site,92,
2026-09-16 07:26:45,VR Queen Street Auckland,2026-11-13,Super.com,132,
2026-09-16 07:26:45,VR Queen Street Auckland,2026-11-13,Booking.com,167,Standard King Room
2026-09-16 07:26:45,VR Queen Street Auckland,2026-11-13,Expedia,168,
2026-09-16 07:26:52,VR Auckland City,2026-11-13,Official site,92,
2026-09-16 07:26:52,VR Auckland City,2026-11-13,Super.com,118,
2026-09-16 07:26:52,VR Auckland City,2026-11-13,Booking.com,230,Studio Apartment
2026-09-16 07:26:58,VR Queen Street Auckland,2026-11-14,Official site,116,
2026-09-16 07:26:58,VR Queen Street Auckland,2026-11-14,Super.com,132,
2026-09-16 07:26:58,VR Queen Street Auckland,2026-11-14,Booking.com,167,Standard King Room
2026-09-16 07:27:04,VR Auckland City,2026-11-14,Official site,116,
2026-09-16 07:27:04,VR Auckland City,2026-11-14,Booking.com,295,Studio Apartment
2026-09-16 07:27:04,VR Auckland City,2026-11-14,Hotels.com,295,
2026-09-16 07:27:10,VR Queen Street Auckland,2026-11-15,Official site,111,Open VR Queen Street - Hotel & Suites in a new tab.
2026-09-16 07:27:10,VR Queen Street Auckland,2026-11-15,Super.com,111,
2026-09-16 07:27:10,VR Queen Street Auckland,2026-11-15,Booking.com,134,Standard King Room
2026-09-16 07:27:16,VR Auckland City,2026-11-15,Official site,107,
2026-09-16 07:27:16,VR Auckland City,2026-11-15,Super.com,120,
2026-09-16 07:27:16,VR Auckland City,2026-11-15,Booking.com,200,Studio Apartment
2026-09-16 07:27:23,VR Queen Street Auckland,2026-11-16,Official site,83,
2026-09-16 07:27:23,VR Queen Street Auckland,2026-11-16,Booking.com,107,
2026-09-16 07:27:23,VR Queen Street Auckland,2026-11-16,Super.com,108,
2026-09-16 07:27:23,VR Queen Street Auckland,2026-11-16,Hotels.com,144,Standard King Room
2026-09-16 07:27:29,VR Auckland City,2026-11-16,Official site,83,
2026-09-16 07:27:29,VR Auckland City,2026-11-16,Booking.com,107,
2026-09-16 07:27:36,VR Queen Street Auckland,2026-11-17,Official site,83,
2026-09-16 07:27:36,VR Queen Street Auckland,2026-11-17,Super.com,107,
2026-09-16 07:27:36,VR Queen Street Auckland,2026-11-17,Hotels.com,128,
2026-09-16 07:27:36,VR Queen Street Auckland,2026-11-17,Booking.com,134,Standard King Room
2026-09-16 07:27:42,VR Auckland City,2026-11-17,Official site,83,
2026-09-16 07:27:42,VR Auckland City,2026-11-17,Super.com,120,
2026-09-16 07:27:42,VR Auckland City,2026-11-17,Booking.com,246,Studio Apartment
2026-09-16 07:44:52,VR Queen Street Auckland,2026-09-16,Super.com,128,
2026-09-16 07:44:52,VR Queen Street Auckland,2026-09-16,Hotels.com,131,
2026-09-16 07:44:52,VR Queen Street Auckland,2026-09-16,Booking.com,141,One-Bedroom Suite
2026-09-16 07:44:52,VR Queen Street Auckland,2026-09-16,Official site,156,
2026-09-16 07:44:58,VR Auckland City,2026-09-16,Official site,79,Lovely apartment with WiFi in vibrant central Auckland
2026-09-16 07:44:58,VR Auckland City,2026-09-16,Booking.com,135,Studio Apartment
2026-09-16 07:44:58,VR Auckland City,2026-09-16,Expedia,145,
2026-09-16 07:45:06,VR Queen Street Auckland,2026-09-17,Super.com,33,
2026-09-16 07:45:06,VR Queen Street Auckland,2026-09-17,Official site,81,
2026-09-16 07:45:06,VR Queen Street Auckland,2026-09-17,Hotels.com,126,Suite · Suite
2026-09-16 07:45:06,VR Queen Street Auckland,2026-09-17,Booking.com,131,
2026-09-16 07:45:13,VR Auckland City,2026-09-17,Official site,81,Lovely apartment with WiFi in vibrant central Auckland
2026-09-16 07:45:13,VR Auckland City,2026-09-17,Super.com,128,
2026-09-16 07:45:13,VR Auckland City,2026-09-17,Expedia,163,Studio Apartment
2026-09-16 07:45:20,VR Queen Street Auckland,2026-09-18,Wotif,86,Ramada Suites By Wyndham Victoria Street West
2026-09-16 07:45:20,VR Queen Street Auckland,2026-09-18,Official site,126,
2026-09-16 07:45:20,VR Queen Street Auckland,2026-09-18,Super.com,128,
2026-09-16 07:45:20,VR Queen Street Auckland,2026-09-18,Hotels.com,144,
2026-09-16 07:45:20,VR Queen Street Auckland,2026-09-18,Booking.com,151,Standard King Room
2026-09-16 07:45:27,VR Auckland City,2026-09-18,Official site,88,
2026-09-16 07:45:27,VR Auckland City,2026-09-18,Super.com,110,
2026-09-16 07:45:27,VR Auckland City,2026-09-18,Booking.com,130,Studio Apartment
2026-09-16 07:45:31,VR Queen Street Auckland,2026-09-19,Official site,86,ibis budget Auckland Central - Double Studio
2026-09-16 07:45:31,VR Queen Street Auckland,2026-09-19,Wotif,126,Parkside Hotel & Apartments Auckland
2026-09-16 07:45:31,VR Queen Street Auckland,2026-09-19,Super.com,134,
2026-09-16 07:45:31,VR Queen Street Auckland,2026-09-19,Hotels.com,151,
2026-09-16 07:45:31,VR Queen Street Auckland,2026-09-19,Booking.com,157,Standard King Room
2026-09-16 07:45:38,VR Auckland City,2026-09-19,Official site,86,ibis budget Auckland Central - Double Studio
2026-09-16 07:45:38,VR Auckland City,2026-09-19,Super.com,112,
2026-09-16 07:45:38,VR Auckland City,2026-09-19,Wotif,126,Parkside Hotel & Apartments Auckland
2026-09-16 07:45:38,VR Auckland City,2026-09-19,Booking.com,135,Studio Apartment
2026-09-16 07:45:38,VR Auckland City,2026-09-19,Agoda,145,
2026-09-16 07:45:45,VR Queen Street Auckland,2026-09-20,Super.com,78,
2026-09-16 07:45:45,VR Queen Street Auckland,2026-09-20,Hotels.com,87,Standard King Room
2026-09-16 07:45:45,VR Queen Street Auckland,2026-09-20,Booking.com,92,
2026-09-16 07:45:45,VR Queen Street Auckland,2026-09-20,Official site,102,
2026-09-16 07:45:49,VR Auckland City,2026-09-20,Official site,74,Pullman Auckland Hotel & Apartments
2026-09-16 07:45:49,VR Auckland City,2026-09-20,Wotif,78,VR Queen Street - Hotel & Suites
2026-09-16 07:45:49,VR Auckland City,2026-09-20,Super.com,84,
2026-09-16 07:45:49,VR Auckland City,2026-09-20,Booking.com,108,Studio Apartment
2026-09-16 07:45:57,VR Queen Street Auckland,2026-09-21,Booking.com,74,Ramada Suites By Wyndham Victoria Street West
2026-09-16 07:45:57,VR Queen Street Auckland,2026-09-21,Official site,78,Open VR Queen Street - Hotel & Suites in a new tab.
2026-09-16 07:45:57,VR Queen Street Auckland,2026-09-21,Super.com,78,
2026-09-16 07:45:57,VR Queen Street Auckland,2026-09-21,Hotels.com,88,Standard King Room
2026-09-16 07:46:05,VR Auckland City,2026-09-21,Official site,74,Ramada Suites By Wyndham Victoria Street West
2026-09-16 07:46:05,VR Auckland City,2026-09-21,Booking.com,74,Auckland Harbour Suites
2026-09-16 07:46:05,VR Auckland City,2026-09-21,Super.com,85,
2026-09-16 07:46:05,VR Auckland City,2026-09-21,Expedia,108,Studio Apartment
2026-09-16 07:46:11,VR Queen Street Auckland,2026-09-22,Super.com,81,
2026-09-16 07:46:11,VR Queen Street Auckland,2026-09-22,Hotels.com,90,Standard King Room
2026-09-16 07:46:11,VR Queen Street Auckland,2026-09-22,Booking.com,95,
2026-09-16 07:46:11,VR Queen Street Auckland,2026-09-22,Official site,105,
2026-09-16 07:46:16,VR Auckland City,2026-09-22,Booking.com,74,ibis budget Auckland Central - Double Studio
2026-09-16 07:46:16,VR Auckland City,2026-09-22,Wotif,74,Auckland Harbour Suites
2026-09-16 07:46:16,VR Auckland City,2026-09-22,Official site,74,
2026-09-16 07:46:16,VR Auckland City,2026-09-22,Super.com,89,
2026-09-16 07:46:22,VR Queen Street Auckland,2026-09-23,Official site,73,Free Parking Spacious 2BR Apt Walk to Sky Tower
2026-09-16 07:46:22,VR Queen Street Auckland,2026-09-23,Booking.com,77,Open VR Queen Street - Hotel & Suites in a new tab.
2026-09-16 07:46:22,VR Queen Street Auckland,2026-09-23,Super.com,77,
2026-09-16 07:46:22,VR Queen Street Auckland,2026-09-23,Expedia,98,
2026-09-16 07:46:29,VR Auckland City,2026-09-23,Official site,74,
2026-09-16 07:46:29,VR Auckland City,2026-09-23,Super.com,87,
2026-09-16 07:46:29,VR Auckland City,2026-09-23,Booking.com,104,Studio Apartment
2026-09-16 07:46:33,VR Queen Street Auckland,2026-09-24,Super.com,77,
2026-09-16 07:46:33,VR Queen Street Auckland,2026-09-24,Hotels.com,87,
2026-09-16 07:46:33,VR Queen Street Auckland,2026-09-24,Booking.com,91,Standard King Room
2026-09-16 07:46:33,VR Queen Street Auckland,2026-09-24,Official site,101,
2026-09-16 07:46:38,VR Auckland City,2026-09-24,Super.com,87,
2026-09-16 07:46:38,VR Auckland City,2026-09-24,Booking.com,104,Studio Apartment
2026-09-16 07:46:38,VR Auckland City,2026-09-24,Agoda,112,
2026-09-16 07:46:43,VR Queen Street Auckland,2026-09-25,Super.com,114,
2026-09-16 07:46:43,VR Queen Street Auckland,2026-09-25,Booking.com,134,Standard King Room
2026-09-16 07:46:43,VR Queen Street Auckland,2026-09-25,Expedia,135,
2026-09-16 07:46:43,VR Queen Street Auckland,2026-09-25,Official site,149,
2026-09-16 07:46:47,VR Auckland City,2026-09-25,Booking.com,84,
2026-09-16 07:46:47,VR Auckland City,2026-09-25,Official site,97,
2026-09-16 07:46:47,VR Auckland City,2026-09-25,Super.com,116,
2026-09-16 07:46:54,VR Queen Street Auckland,2026-09-26,Official site,85,
2026-09-16 07:46:54,VR Queen Street Auckland,2026-09-26,Super.com,117,
2026-09-16 07:46:54,VR Queen Street Auckland,2026-09-26,Expedia,133,
2026-09-16 07:46:54,VR Queen Street Auckland,2026-09-26,Booking.com,138,Standard King Room
2026-09-16 07:47:00,VR Auckland City,2026-09-26,Official site,97,
2026-09-16 07:47:00,VR Auckland City,2026-09-26,Super.com,164,
2026-09-16 07:47:00,VR Auckland City,2026-09-26,Booking.com,194,
2026-09-16 07:47:05,VR Queen Street Auckland,2026-09-27,Official site,77,
2026-09-16 07:47:05,VR Queen Street Auckland,2026-09-27,Wotif,80,Open VR Queen Street - Hotel & Suites in a new tab.
2026-09-16 07:47:05,VR Queen Street Auckland,2026-09-27,Super.com,80,
2026-09-16 07:47:05,VR Queen Street Auckland,2026-09-27,Hotels.com,89,
2026-09-16 07:47:05,VR Queen Street Auckland,2026-09-27,Booking.com,94,Standard King Room
2026-09-16 07:47:11,VR Auckland City,2026-09-27,Official site,74,
2026-09-16 07:47:11,VR Auckland City,2026-09-27,Super.com,108,
2026-09-16 07:47:11,VR Auckland City,2026-09-27,Booking.com,140,Studio Apartment
2026-09-16 07:47:15,VR Queen Street Auckland,2026-09-28,Official site,72,The Quadrant Hotel & Suites
2026-09-16 07:47:15,VR Queen Street Auckland,2026-09-28,Wotif,80,VR Queen Street - Hotel & Suites
2026-09-16 07:47:15,VR Queen Street Auckland,2026-09-28,Super.com,80,
2026-09-16 07:47:15,VR Queen Street Auckland,2026-09-28,Hotels.com,89,Standard King Room
2026-09-16 07:47:15,VR Queen Street Auckland,2026-09-28,Booking.com,94,
2026-09-16 07:47:21,VR Auckland City,2026-09-28,Official site,74,
2026-09-16 07:47:21,VR Auckland City,2026-09-28,Super.com,84,
2026-09-16 07:47:21,VR Auckland City,2026-09-28,Expedia,108,Studio Apartment
2026-09-16 07:47:21,VR Auckland City,2026-09-28,Booking.com,108,
2026-09-16 07:47:26,VR Queen Street Auckland,2026-09-29,Wotif,80,VR Queen Street - Hotel & Suites
2026-09-16 07:47:26,VR Queen Street Auckland,2026-09-29,Official site,80,Open VR Queen Street - Hotel & Suites in a new tab.
2026-09-16 07:47:26,VR Queen Street Auckland,2026-09-29,Super.com,80,
2026-09-16 07:47:26,VR Queen Street Auckland,2026-09-29,Hotels.com,89,
2026-09-16 07:47:26,VR Queen Street Auckland,2026-09-29,Booking.com,94,Standard King Room
2026-09-16 07:47:32,VR Auckland City,2026-09-29,Official site,74,Princes Wharf Boutique Apartment
2026-09-16 07:47:32,VR Auckland City,2026-09-29,Wotif,80,VR Queen Street - Hotel & Suites
2026-09-16 07:47:32,VR Auckland City,2026-09-29,Super.com,86,
2026-09-16 07:47:32,VR Auckland City,2026-09-29,Booking.com,104,Studio Apartment
2026-09-16 07:47:38,VR Queen Street Auckland,2026-09-30,Wotif,66,
2026-09-16 07:47:38,VR Queen Street Auckland,2026-09-30,Official site,85,Open VR Queen Street - Hotel & Suites in a new tab.
2026-09-16 07:47:38,VR Queen Street Auckland,2026-09-30,Super.com,85,
2026-09-16 07:47:38,VR Queen Street Auckland,2026-09-30,Hotels.com,95,Standard King Room
2026-09-16 07:47:38,VR Queen Street Auckland,2026-09-30,Booking.com,100,
2026-09-16 07:47:45,VR Auckland City,2026-09-30,Wotif,66,
2026-09-16 07:47:45,VR Auckland City,2026-09-30,Official site,84,Ramada Suites By Wyndham Victoria Street West
2026-09-16 07:47:45,VR Auckland City,2026-09-30,Super.com,86,
2026-09-16 07:47:45,VR Auckland City,2026-09-30,Booking.com,104,Studio Apartment
2026-09-16 07:47:51,VR Queen Street Auckland,2026-10-01,Super.com,94,
2026-09-16 07:47:51,VR Queen Street Auckland,2026-10-01,Hotels.com,110,
2026-09-16 07:47:51,VR Queen Street Auckland,2026-10-01,Booking.com,113,Standard King Room
2026-09-16 07:47:51,VR Queen Street Auckland,2026-10-01,Official site,125,
2026-09-16 07:47:56,VR Auckland City,2026-10-01,Official site,84,
2026-09-16 07:47:56,VR Auckland City,2026-10-01,Super.com,91,
2026-09-16 07:47:56,VR Auckland City,2026-10-01,Booking.com,109,
2026-09-16 07:47:56,VR Auckland City,2026-10-01,Expedia,117,Studio Apartment
2026-09-16 07:48:01,VR Queen Street Auckland,2026-10-02,Official site,96,
2026-09-16 07:48:01,VR Queen Street Auckland,2026-10-02,Super.com,111,
2026-09-16 07:48:01,VR Queen Street Auckland,2026-10-02,Booking.com,130,Standard King Room
2026-09-16 07:48:01,VR Queen Street Auckland,2026-10-02,Expedia,140,
2026-09-16 07:48:07,VR Auckland City,2026-10-02,Official site,96,
2026-09-16 07:48:07,VR Auckland City,2026-10-02,Super.com,112,
2026-09-16 07:48:07,VR Auckland City,2026-10-02,Booking.com,135,Studio Apartment
2026-09-16 07:48:13,VR Queen Street Auckland,2026-10-03,Booking.com,101,
2026-09-16 07:48:13,VR Queen Street Auckland,2026-10-03,Official site,121,Open VR Queen Street - Hotel & Suites in a new tab.
2026-09-16 07:48:13,VR Queen Street Auckland,2026-10-03,Super.com,121,
2026-09-16 07:48:13,VR Queen Street Auckland,2026-10-03,Expedia,143,
2026-09-16 07:48:20,VR Auckland City,2026-10-03,Booking.com,101,
2026-09-16 07:48:20,VR Auckland City,2026-10-03,Official site,102,Penthouse
2026-09-16 07:48:26,VR Queen Street Auckland,2026-10-04,Official site,90,VR Queen Street - Hotel & Suites
2026-09-16 07:48:26,VR Queen Street Auckland,2026-10-04,Super.com,90,
2026-09-16 07:48:26,VR Queen Street Auckland,2026-10-04,Expedia,103,
2026-09-16 07:48:26,VR Queen Street Auckland,2026-10-04,Booking.com,106,Standard King Room
2026-09-16 07:48:32,VR Auckland City,2026-10-04,Official site,84,Princes Wharf Boutique Apartment
2026-09-16 07:48:32,VR Auckland City,2026-10-04,Super.com,108,
2026-09-16 07:48:32,VR Auckland City,2026-10-04,Expedia,139,Studio Apartment
2026-09-16 07:48:32,VR Auckland City,2026-10-04,Booking.com,139,
2026-09-16 07:48:38,VR Queen Street Auckland,2026-10-05,Booking.com,90,VR Queen Street - Hotel & Suites
2026-09-16 07:48:38,VR Queen Street Auckland,2026-10-05,Official site,90,Open VR Queen Street - Hotel & Suites in a new tab.
2026-09-16 07:48:38,VR Queen Street Auckland,2026-10-05,Super.com,90,
2026-09-16 07:48:38,VR Queen Street Auckland,2026-10-05,Hotels.com,102,Standard King Room
2026-09-16 07:48:44,VR Auckland City,2026-10-05,Official site,84,Ramada Suites By Wyndham Victoria Street West
2026-09-16 07:48:44,VR Auckland City,2026-10-05,Booking.com,90,VR Queen Street - Hotel & Suites
2026-09-16 07:48:44,VR Auckland City,2026-10-05,Expedia,139,Studio Apartment
2026-09-16 07:48:51,VR Queen Street Auckland,2026-10-06,Official site,81,
2026-09-16 07:48:51,VR Queen Street Auckland,2026-10-06,Booking.com,89,Auckland Harbour Suites
2026-09-16 07:48:51,VR Queen Street Auckland,2026-10-06,Super.com,90,
2026-09-16 07:48:51,VR Queen Street Auckland,2026-10-06,Expedia,102,
2026-09-16 07:48:57,VR Auckland City,2026-10-06,Official site,81,
2026-09-16 07:48:57,VR Auckland City,2026-10-06,Booking.com,89,Auckland Harbour Suites
2026-09-16 07:48:57,VR Auckland City,2026-10-06,Expedia,139,Studio Apartment
2026-09-16 07:49:03,VR Queen Street Auckland,2026-10-07,Official site,84,Parkside Hotel & Apartments Auckland
2026-09-16 07:49:03,VR Queen Street Auckland,2026-10-07,Super.com,85,
2026-09-16 07:49:03,VR Queen Street Auckland,2026-10-07,Booking.com,95,
2026-09-16 07:49:03,VR Queen Street Auckland,2026-10-07,Expedia,101,
2026-09-16 07:49:09,VR Auckland City,2026-10-07,Booking.com,77,Auckland Harbour Suites
2026-09-16 07:49:09,VR Auckland City,2026-10-07,Official site,84,Mercure Auckland Queen Street
2026-09-16 07:49:09,VR Auckland City,2026-10-07,Super.com,108,
2026-09-16 07:49:15,VR Queen Street Auckland,2026-10-08,Booking.com,91,
2026-09-16 07:49:15,VR Queen Street Auckland,2026-10-08,Official site,110,
2026-09-16 07:49:15,VR Queen Street Auckland,2026-10-08,Super.com,114,
2026-09-16 07:49:15,VR Queen Street Auckland,2026-10-08,Hotels.com,128,Standard King Room
2026-09-16 07:49:22,VR Auckland City,2026-10-08,Official site,84,Sky tower just next DOOR FREE parking
2026-09-16 07:49:22,VR Auckland City,2026-10-08,Booking.com,91,Princes Wharf - Penthouse - Stunning Views
2026-09-16 07:49:22,VR Auckland City,2026-10-08,Super.com,142,
2026-09-16 07:49:28,VR Queen Street Auckland,2026-10-09,Booking.com,63,City Gardens Apartments
2026-09-16 07:49:28,VR Queen Street Auckland,2026-10-09,Official site,138,
2026-09-16 07:49:28,VR Queen Street Auckland,2026-10-09,Super.com,224,
2026-09-16 07:49:34,VR Auckland City,2026-10-09,Official site,63,City Gardens Apartments
2026-09-16 07:49:34,VR Auckland City,2026-10-09,Booking.com,102,Entire Apartment 21st Floor Queen Street with Free Parking
2026-09-16 07:49:34,VR Auckland City,2026-10-09,Super.com,256,
2026-09-16 07:49:40,VR Queen Street Auckland,2026-10-10,Official site,155,
2026-09-16 07:49:40,VR Queen Street Auckland,2026-10-10,Super.com,231,
2026-09-16 07:49:40,VR Queen Street Auckland,2026-10-10,Booking.com,270,Standard King Room
2026-09-16 07:49:47,VR Auckland City,2026-10-10,Official site,102,
2026-09-16 07:49:47,VR Auckland City,2026-10-10,Booking.com,102,
2026-09-16 07:49:47,VR Auckland City,2026-10-10,Super.com,459,
2026-09-16 07:49:53,VR Queen Street Auckland,2026-10-11,Super.com,97,
2026-09-16 07:49:53,VR Queen Street Auckland,2026-10-11,Booking.com,113,
2026-09-16 07:49:53,VR Queen Street Auckland,2026-10-11,Hotels.com,122,Standard King Room
2026-09-16 07:49:53,VR Queen Street Auckland,2026-10-11,Official site,125,
2026-09-16 07:49:58,VR Auckland City,2026-10-11,Official site,84,
2026-09-16 07:49:58,VR Auckland City,2026-10-11,Super.com,88,
2026-09-16 07:49:58,VR Auckland City,2026-10-11,Booking.com,112,Studio Apartment
2026-09-16 07:50:03,VR Queen Street Auckland,2026-10-12,Official site,99,Open VR Queen Street - Hotel & Suites in a new tab.
2026-09-16 07:50:03,VR Queen Street Auckland,2026-10-12,Super.com,99,
2026-09-16 07:50:03,VR Queen Street Auckland,2026-10-12,Hotels.com,109,
2026-09-16 07:50:03,VR Queen Street Auckland,2026-10-12,Booking.com,113,Standard King Room
2026-09-16 07:50:09,VR Auckland City,2026-10-12,Official site,84,
2026-09-16 07:50:09,VR Auckland City,2026-10-12,Booking.com,84,ibis budget Auckland Central - Double Studio
2026-09-16 07:50:09,VR Auckland City,2026-10-12,Super.com,102,
2026-09-16 07:50:16,VR Queen Street Auckland,2026-10-13,Super.com,96,
2026-09-16 07:50:16,VR Queen Street Auckland,2026-10-13,Expedia,111,
2026-09-16 07:50:16,VR Queen Street Auckland,2026-10-13,Booking.com,113,Standard King Room
2026-09-16 07:50:16,VR Queen Street Auckland,2026-10-13,Official site,125,
2026-09-16 07:50:20,VR Auckland City,2026-10-13,Official site,84,
2026-09-16 07:50:20,VR Auckland City,2026-10-13,Super.com,92,
2026-09-16 07:50:20,VR Auckland City,2026-10-13,Booking.com,112,Studio Apartment
2026-09-16 07:50:25,VR Queen Street Auckland,2026-10-14,Super.com,96,
2026-09-16 07:50:25,VR Queen Street Auckland,2026-10-14,Booking.com,113,Standard King Room
2026-09-16 07:50:25,VR Queen Street Auckland,2026-10-14,Expedia,114,
2026-09-16 07:50:25,VR Queen Street Auckland,2026-10-14,Official site,125,
2026-09-16 07:50:30,VR Auckland City,2026-10-14,Official site,84,
2026-09-16 07:50:30,VR Auckland City,2026-10-14,Trip.com,108,
2026-09-16 07:50:30,VR Auckland City,2026-10-14,Booking.com,117,Studio Apartment
2026-09-16 07:50:30,VR Auckland City,2026-10-14,Expedia,117,
2026-09-16 07:50:36,VR Queen Street Auckland,2026-10-15,Official site,89,Auckland Harbour Suites
2026-09-16 07:50:36,VR Queen Street Auckland,2026-10-15,Booking.com,97,Open VR Queen Street - Hotel & Suites in a new tab.
2026-09-16 07:50:36,VR Queen Street Auckland,2026-10-15,Super.com,97,
2026-09-16 07:50:36,VR Queen Street Auckland,2026-10-15,Hotels.com,109,Standard King Room
2026-09-16 07:50:42,VR Auckland City,2026-10-15,Official site,84,Parkside Hotel & Apartments Auckland
2026-09-16 07:50:42,VR Auckland City,2026-10-15,Super.com,96,
2026-09-16 07:50:42,VR Auckland City,2026-10-15,Booking.com,117,
2026-09-16 07:50:42,VR Auckland City,2026-10-15,Expedia,126,Classic One Bedroom Apartment
2026-09-16 07:50:49,VR Queen Street Auckland,2026-10-16,Booking.com,113,Studio Steps from Sky City
2026-09-16 07:50:49,VR Queen Street Auckland,2026-10-16,Official site,129,
2026-09-16 07:50:49,VR Queen Street Auckland,2026-10-16,Super.com,131,
2026-09-16 07:50:49,VR Queen Street Auckland,2026-10-16,Hotels.com,150,
2026-09-16 07:50:55,VR Auckland City,2026-10-16,Official site,102,
2026-09-16 07:50:55,VR Auckland City,2026-10-16,Booking.com,102,Penthouse - One-Bedroom Apartment
2026-09-16 07:51:01,VR Queen Street Auckland,2026-10-17,Official site,69,
2026-09-16 07:51:01,VR Queen Street Auckland,2026-10-17,Booking.com,212,VR Queen Street - Hotel & Suites
2026-09-16 07:51:01,VR Queen Street Auckland,2026-10-17,Super.com,212,
2026-09-16 07:51:07,VR Auckland City,2026-10-17,Official site,102,
2026-09-16 07:51:07,VR Auckland City,2026-10-17,Super.com,558,
2026-09-16 07:51:07,VR Auckland City,2026-10-17,Booking.com,639,
2026-09-16 07:51:11,VR Queen Street Auckland,2026-10-18,Official site,84,
2026-09-16 07:51:11,VR Queen Street Auckland,2026-10-18,Super.com,103,
2026-09-16 07:51:11,VR Queen Street Auckland,2026-10-18,Expedia,119,
2026-09-16 07:51:11,VR Queen Street Auckland,2026-10-18,Booking.com,121,Standard King Room
2026-09-16 07:51:18,VR Auckland City,2026-10-18,Official site,84,
2026-09-16 07:51:18,VR Auckland City,2026-10-18,Booking.com,110,Ramada Suites By Wyndham Victoria Street West
2026-09-16 07:51:24,VR Queen Street Auckland,2026-10-19,Booking.com,84,The Quadrant Hotel & Suites
2026-09-16 07:51:24,VR Queen Street Auckland,2026-10-19,Official site,108,Open VR Queen Street - Hotel & Suites in a new tab.
2026-09-16 07:51:24,VR Queen Street Auckland,2026-10-19,Super.com,108,
2026-09-16 07:51:31,VR Auckland City,2026-10-19,Official site,84,Parkside Hotel & Apartments Auckland
2026-09-16 07:51:31,VR Auckland City,2026-10-19,Booking.com,93,The Quadrant Hotel & Suites
2026-09-16 07:51:31,VR Auckland City,2026-10-19,Super.com,151,
2026-09-16 07:51:31,VR Auckland City,2026-10-19,Expedia,183,One-Bedroom Apartment
2026-09-16 07:51:37,VR Queen Street Auckland,2026-10-20,Super.com,51,
2026-09-16 07:51:37,VR Queen Street Auckland,2026-10-20,Official site,75,Grand Central Serviced Apartments
2026-09-16 07:51:37,VR Queen Street Auckland,2026-10-20,Booking.com,93,
2026-09-16 07:51:43,VR Auckland City,2026-10-20,Official site,75,Grand Central Serviced Apartments
2026-09-16 07:51:43,VR Auckland City,2026-10-20,Booking.com,84,Parking ($)
2026-09-16 07:51:43,VR Auckland City,2026-10-20,Super.com,155,
2026-09-16 07:51:50,VR Queen Street Auckland,2026-10-21,Super.com,50,
2026-09-16 07:51:50,VR Queen Street Auckland,2026-10-21,Booking.com,78,City Gardens Apartments
2026-09-16 07:51:50,VR Queen Street Auckland,2026-10-21,Official site,130,Mercure Auckland Queen Street
2026-09-16 07:51:50,VR Queen Street Auckland,2026-10-21,Hotels.com,180,Standard King Room
2026-09-16 07:51:56,VR Auckland City,2026-10-21,Super.com,45,
2026-09-16 07:51:56,VR Auckland City,2026-10-21,Booking.com,78,City Gardens Apartments
2026-09-16 07:51:56,VR Auckland City,2026-10-21,Official site,130,Mercure Auckland Queen Street
2026-09-16 07:52:03,VR Queen Street Auckland,2026-10-22,Official site,84,
2026-09-16 07:52:03,VR Queen Street Auckland,2026-10-22,Booking.com,95,Ramada Suites By Wyndham Victoria Street West
2026-09-16 07:52:03,VR Queen Street Auckland,2026-10-22,Super.com,129,
2026-09-16 07:52:09,VR Auckland City,2026-10-22,Official site,84,
2026-09-16 07:52:09,VR Auckland City,2026-10-22,Booking.com,218,One-Bedroom Apartment
2026-09-16 07:52:15,VR Queen Street Auckland,2026-10-23,Super.com,66,
2026-09-16 07:52:15,VR Queen Street Auckland,2026-10-23,Official site,78,City Gardens Apartments
2026-09-16 07:52:15,VR Queen Street Auckland,2026-10-23,Booking.com,116,
2026-09-16 07:52:21,VR Auckland City,2026-10-23,Official site,78,City Gardens Apartments
2026-09-16 07:52:21,VR Auckland City,2026-10-23,Booking.com,116,
2026-09-16 07:52:21,VR Auckland City,2026-10-23,Trip.com,450,
2026-09-16 07:52:28,VR Queen Street Auckland,2026-10-24,Super.com,203,
2026-09-16 07:52:28,VR Queen Street Auckland,2026-10-24,Hotels.com,224,Standard King Room
2026-09-16 07:52:28,VR Queen Street Auckland,2026-10-24,Official site,255,
2026-09-16 07:52:32,VR Auckland City,2026-10-24,Booking.com,75,Grand Central Serviced Apartments
2026-09-16 07:52:32,VR Auckland City,2026-10-24,Official site,78,City Gardens Apartments
2026-09-16 07:52:38,VR Queen Street Auckland,2026-10-25,Booking.com,84,Parkside Hotel & Apartments Auckland
2026-09-16 07:52:38,VR Queen Street Auckland,2026-10-25,Official site,233,Open VR Queen Street - Hotel & Suites in a new tab.
2026-09-16 07:52:38,VR Queen Street Auckland,2026-10-25,Super.com,233,
2026-09-16 07:52:38,VR Queen Street Auckland,2026-10-25,Expedia,250,
2026-09-16 07:52:45,VR Auckland City,2026-10-25,Booking.com,84,Parkside Hotel & Apartments Auckland
2026-09-16 07:52:45,VR Auckland City,2026-10-25,Official site,84,Studio Steps from Sky City
2026-09-16 07:52:45,VR Auckland City,2026-10-25,Super.com,96,
2026-09-16 07:52:51,VR Queen Street Auckland,2026-10-26,Official site,95,
2026-09-16 07:52:51,VR Queen Street Auckland,2026-10-26,Super.com,96,
2026-09-16 07:52:51,VR Queen Street Auckland,2026-10-26,Booking.com,113,Standard King Room
2026-09-16 07:52:51,VR Queen Street Auckland,2026-10-26,Expedia,114,
2026-09-16 07:52:57,VR Auckland City,2026-10-26,Official site,84,
2026-09-16 07:52:57,VR Auckland City,2026-10-26,Super.com,91,
2026-09-16 07:52:57,VR Auckland City,2026-10-26,Booking.com,96,VR Queen Street - Hotel & Suites
2026-09-16 07:53:03,VR Queen Street Auckland,2026-10-27,Official site,94,Ramada Suites By Wyndham Victoria Street West
2026-09-16 07:53:03,VR Queen Street Auckland,2026-10-27,Super.com,96,
2026-09-16 07:53:03,VR Queen Street Auckland,2026-10-27,Expedia,111,
2026-09-16 07:53:03,VR Queen Street Auckland,2026-10-27,Booking.com,113,Standard King Room
2026-09-16 07:53:09,VR Auckland City,2026-10-27,Official site,84,Ramada Suites By Wyndham Victoria Street West
2026-09-16 07:53:09,VR Auckland City,2026-10-27,Super.com,90,
2026-09-16 07:53:09,VR Auckland City,2026-10-27,Booking.com,140,Studio Apartment
2026-09-16 07:53:16,VR Queen Street Auckland,2026-10-28,Official site,84,Parkside Hotel & Apartments Auckland
2026-09-16 07:53:16,VR Queen Street Auckland,2026-10-28,Super.com,97,
2026-09-16 07:53:16,VR Queen Street Auckland,2026-10-28,Hotels.com,108,Standard King Room
2026-09-16 07:53:16,VR Queen Street Auckland,2026-10-28,Booking.com,113,
2026-09-16 07:53:22,VR Auckland City,2026-10-28,Official site,84,Parkside Hotel & Apartments Auckland
2026-09-16 07:53:22,VR Auckland City,2026-10-28,Booking.com,105,
2026-09-16 07:53:22,VR Auckland City,2026-10-28,Expedia,119,Studio Apartment
2026-09-16 07:53:28,VR Queen Street Auckland,2026-10-29,Official site,84,Mercure Auckland Queen Street
2026-09-16 07:53:28,VR Queen Street Auckland,2026-10-29,Super.com,95,
2026-09-16 07:53:28,VR Queen Street Auckland,2026-10-29,Booking.com,113,
2026-09-16 07:53:28,VR Queen Street Auckland,2026-10-29,Hotels.com,122,Standard King Room
2026-09-16 07:53:35,VR Auckland City,2026-10-29,Official site,84,Mercure Auckland Queen Street
2026-09-16 07:53:35,VR Auckland City,2026-10-29,Super.com,91,
2026-09-16 07:53:35,VR Auckland City,2026-10-29,Expedia,140,Studio Apartment
2026-09-16 07:53:35,VR Auckland City,2026-10-29,Booking.com,140,
2026-09-16 07:53:41,VR Queen Street Auckland,2026-10-30,Official site,117,ibis budget Auckland Central - Double Studio
2026-09-16 07:53:41,VR Queen Street Auckland,2026-10-30,Booking.com,122,VR Queen Street - Hotel & Suites
2026-09-16 07:53:41,VR Queen Street Auckland,2026-10-30,Super.com,122,
2026-09-16 07:53:41,VR Queen Street Auckland,2026-10-30,Expedia,147,
2026-09-16 07:53:47,VR Auckland City,2026-10-30,Official site,102,
2026-09-16 07:53:47,VR Auckland City,2026-10-30,Booking.com,102,Penthouse
2026-09-16 07:53:47,VR Auckland City,2026-10-30,Super.com,126,
2026-09-16 07:53:54,VR Queen Street Auckland,2026-10-31,Official site,102,Penthouse - One-Bedroom Apartment
2026-09-16 07:53:54,VR Queen Street Auckland,2026-10-31,Super.com,122,
2026-09-16 07:53:54,VR Queen Street Auckland,2026-10-31,Expedia,149,
2026-09-16 07:53:54,VR Queen Street Auckland,2026-10-31,Booking.com,151,Standard King Room
2026-09-16 07:54:00,VR Auckland City,2026-10-31,Official site,102,
2026-09-16 07:54:00,VR Auckland City,2026-10-31,Booking.com,102,Parkside Hotel & Apartments
2026-09-16 07:54:00,VR Auckland City,2026-10-31,Super.com,130,
2026-09-16 07:54:06,VR Queen Street Auckland,2026-11-01,Official site,102,Open VR Queen Street - Hotel & Suites in a new tab.
2026-09-16 07:54:06,VR Queen Street Auckland,2026-11-01,Super.com,102,
2026-09-16 07:54:06,VR Queen Street Auckland,2026-11-01,Booking.com,108,
2026-09-16 07:54:06,VR Queen Street Auckland,2026-11-01,Expedia,127,
2026-09-16 07:54:13,VR Auckland City,2026-11-01,Official site,107,Penthouse - One-Bedroom Apartment
2026-09-16 07:54:13,VR Auckland City,2026-11-01,Booking.com,108,
2026-09-16 07:54:13,VR Auckland City,2026-11-01,Super.com,126,
2026-09-16 07:54:20,VR Queen Street Auckland,2026-11-02,Official site,121,VR Queen Street - Hotel & Suites
2026-09-16 07:54:20,VR Queen Street Auckland,2026-11-02,Hotels.com,121,
2026-09-16 07:54:20,VR Queen Street Auckland,2026-11-02,Booking.com,126,Standard King Room
2026-09-16 07:54:20,VR Queen Street Auckland,2026-11-02,Expedia,127,
2026-09-16 07:54:26,VR Auckland City,2026-11-02,Official site,107,Penthouse - One-Bedroom Apartment
2026-09-16 07:54:26,VR Auckland City,2026-11-02,Super.com,117,
2026-09-16 07:54:26,VR Auckland City,2026-11-02,Booking.com,132,
2026-09-16 07:54:32,VR Queen Street Auckland,2026-11-03,Official site,94,
2026-09-16 07:54:32,VR Queen Street Auckland,2026-11-03,Super.com,101,
2026-09-16 07:54:32,VR Queen Street Auckland,2026-11-03,Hotels.com,120,Standard King Room
2026-09-16 07:54:32,VR Queen Street Auckland,2026-11-03,Booking.com,126,
2026-09-16 07:54:38,VR Auckland City,2026-11-03,Official site,94,
2026-09-16 07:54:38,VR Auckland City,2026-11-03,Super.com,118,
2026-09-16 07:54:38,VR Auckland City,2026-11-03,Booking.com,169,Studio Apartment
2026-09-16 07:54:44,VR Queen Street Auckland,2026-11-04,Official site,84,Ramada Suites By Wyndham Victoria Street West
2026-09-16 07:54:44,VR Queen Street Auckland,2026-11-04,Booking.com,98,
2026-09-16 07:54:44,VR Queen Street Auckland,2026-11-04,Super.com,134,
2026-09-16 07:54:51,VR Auckland City,2026-11-04,Booking.com,84,Ramada Suites By Wyndham Victoria Street West
2026-09-16 07:54:51,VR Auckland City,2026-11-04,Official site,98,
2026-09-16 07:54:57,VR Queen Street Auckland,2026-11-05,Super.com,47,
2026-09-16 07:54:57,VR Queen Street Auckland,2026-11-05,Official site,98,
2026-09-16 07:54:57,VR Queen Street Auckland,2026-11-05,Expedia,183,
2026-09-16 07:54:57,VR Queen Street Auckland,2026-11-05,Booking.com,184,Standard King Room
2026-09-16 07:55:03,VR Auckland City,2026-11-05,Official site,98,
2026-09-16 07:55:03,VR Auckland City,2026-11-05,Booking.com,272,
2026-09-16 07:55:09,VR Queen Street Auckland,2026-11-06,Booking.com,125,Princes Wharf - Penthouse - Stunning Views
2026-09-16 07:55:09,VR Queen Street Auckland,2026-11-06,Official site,147,VR Queen Street - Hotel & Suites
2026-09-16 07:55:09,VR Queen Street Auckland,2026-11-06,Super.com,147,
2026-09-16 07:55:09,VR Queen Street Auckland,2026-11-06,Expedia,183,
2026-09-16 07:55:16,VR Auckland City,2026-11-06,Official site,125,Princes Wharf - Penthouse - Stunning Views
2026-09-16 07:55:16,VR Auckland City,2026-11-06,Booking.com,147,VR Queen Street - Hotel & Suites
2026-09-16 07:55:21,VR Queen Street Auckland,2026-11-07,Official site,81,
2026-09-16 07:55:21,VR Queen Street Auckland,2026-11-07,Super.com,289,
2026-09-16 07:55:21,VR Queen Street Auckland,2026-11-07,Booking.com,360,One-Bedroom Suite
2026-09-16 07:55:28,VR Auckland City,2026-11-07,Official site,81,
2026-09-16 07:55:28,VR Auckland City,2026-11-07,Hotels.com,440,
2026-09-16 07:55:28,VR Auckland City,2026-11-07,Booking.com,598,
2026-09-16 07:55:34,VR Queen Street Auckland,2026-11-08,Official site,119,Princes Wharf - Penthouse - Stunning Views
2026-09-16 07:55:34,VR Queen Street Auckland,2026-11-08,Super.com,235,
2026-09-16 07:55:34,VR Queen Street Auckland,2026-11-08,Hotels.com,286,Standard King Room
2026-09-16 07:55:34,VR Queen Street Auckland,2026-11-08,Booking.com,293,
2026-09-16 07:55:40,VR Auckland City,2026-11-08,Official site,119,Princes Wharf - Penthouse - Stunning Views
2026-09-16 07:55:40,VR Auckland City,2026-11-08,Booking.com,316,One-Bedroom Apartment
2026-09-16 07:55:40,VR Auckland City,2026-11-08,Expedia,316,
2026-09-16 07:55:46,VR Queen Street Auckland,2026-11-09,Booking.com,126,ibis budget Auckland Central - Double Studio
2026-09-16 07:55:46,VR Queen Street Auckland,2026-11-09,Official site,147,Penthouse - One-Bedroom Apartment
2026-09-16 07:55:46,VR Queen Street Auckland,2026-11-09,Super.com,168,
2026-09-16 07:55:52,VR Auckland City,2026-11-09,Official site,107,Penthouse - One-Bedroom Apartment
2026-09-16 07:55:52,VR Auckland City,2026-11-09,Super.com,117,
2026-09-16 07:55:52,VR Auckland City,2026-11-09,Booking.com,126,ibis budget Auckland Central - Double Studio
2026-09-16 07:55:58,VR Queen Street Auckland,2026-11-10,Official site,107,Open VR Queen Street - Hotel & Suites in a new tab.
2026-09-16 07:55:58,VR Queen Street Auckland,2026-11-10,Super.com,107,
2026-09-16 07:55:58,VR Queen Street Auckland,2026-11-10,Booking.com,130,Standard King Room
2026-09-16 07:55:58,VR Queen Street Auckland,2026-11-10,Expedia,131,
2026-09-16 07:56:05,VR Auckland City,2026-11-10,Official site,107,Penthouse - One-Bedroom Apartment
2026-09-16 07:56:05,VR Auckland City,2026-11-10,Super.com,120,
2026-09-16 07:56:05,VR Auckland City,2026-11-10,Booking.com,203,Studio Apartment
2026-09-16 07:56:10,VR Queen Street Auckland,2026-11-11,Super.com,45,
2026-09-16 07:56:10,VR Queen Street Auckland,2026-11-11,Official site,92,Penthouse - One-Bedroom Apartment
2026-09-16 07:56:10,VR Queen Street Auckland,2026-11-11,Booking.com,153,VR Queen Street - Hotel & Suites
2026-09-16 07:56:10,VR Queen Street Auckland,2026-11-11,Hotels.com,182,Standard King Room
2026-09-16 07:56:17,VR Auckland City,2026-11-11,Official site,92,Penthouse - One-Bedroom Apartment
2026-09-16 07:56:17,VR Auckland City,2026-11-11,Booking.com,111,VR Queen Street - Hotel & Suites
2026-09-16 07:56:23,VR Queen Street Auckland,2026-11-12,Super.com,41,
2026-09-16 07:56:23,VR Queen Street Auckland,2026-11-12,Official site,126,ibis budget Auckland Central - Double Studio
2026-09-16 07:56:23,VR Queen Street Auckland,2026-11-12,Booking.com,147,
2026-09-16 07:56:29,VR Auckland City,2026-11-12,Official site,111,
2026-09-16 07:56:29,VR Auckland City,2026-11-12,Booking.com,111,VR Queen Street - Hotel & Suites
2026-09-16 07:56:29,VR Auckland City,2026-11-12,Super.com,119,
2026-09-16 07:56:35,VR Queen Street Auckland,2026-11-13,Official site,92,Penthouse
2026-09-16 07:56:35,VR Queen Street Auckland,2026-11-13,Super.com,132,
2026-09-16 07:56:35,VR Queen Street Auckland,2026-11-13,Booking.com,167,Standard King Room
2026-09-16 07:56:35,VR Queen Street Auckland,2026-11-13,Expedia,168,
2026-09-16 07:56:42,VR Auckland City,2026-11-13,Official site,92,
2026-09-16 07:56:42,VR Auckland City,2026-11-13,Super.com,118,
2026-09-16 07:56:42,VR Auckland City,2026-11-13,Booking.com,230,Studio Apartment
2026-09-16 07:56:48,VR Queen Street Auckland,2026-11-14,Official site,116,
2026-09-16 07:56:48,VR Queen Street Auckland,2026-11-14,Booking.com,132,Open VR Queen Street - Hotel & Suites in a new tab.
2026-09-16 07:56:48,VR Queen Street Auckland,2026-11-14,Super.com,132,
2026-09-16 07:56:48,VR Queen Street Auckland,2026-11-14,Hotels.com,161,Standard King Room
2026-09-16 07:56:54,VR Auckland City,2026-11-14,Official site,116,
2026-09-16 07:56:54,VR Auckland City,2026-11-14,Booking.com,295,Studio Apartment
2026-09-16 07:56:54,VR Auckland City,2026-11-14,Hotels.com,295,
2026-09-16 07:57:00,VR Queen Street Auckland,2026-11-15,Official site,111,Open VR Queen Street - Hotel & Suites in a new tab.
2026-09-16 07:57:00,VR Queen Street Auckland,2026-11-15,Super.com,111,
2026-09-16 07:57:00,VR Queen Street Auckland,2026-11-15,Booking.com,134,Standard King Room
2026-09-16 07:57:06,VR Auckland City,2026-11-15,Official site,107,Ramada Suites By Wyndham Victoria Street West
2026-09-16 07:57:06,VR Auckland City,2026-11-15,Booking.com,200,Studio Apartment
2026-09-16 07:57:13,VR Queen Street Auckland,2026-11-16,Official site,83,
2026-09-16 07:57:13,VR Queen Street Auckland,2026-11-16,Super.com,108,
2026-09-16 07:57:13,VR Queen Street Auckland,2026-11-16,Booking.com,134,Standard King Room
2026-09-16 07:57:13,VR Queen Street Auckland,2026-11-16,Hotels.com,144,
2026-09-16 07:57:19,VR Auckland City,2026-11-16,Official site,83,
2026-09-16 07:57:19,VR Auckland City,2026-11-16,Booking.com,157,
2026-09-16 07:57:25,VR Queen Street Auckland,2026-11-17,Official site,83,Penthouse - One-Bedroom Apartment
2026-09-16 07:57:25,VR Queen Street Auckland,2026-11-17,Super.com,108,
2026-09-16 07:57:25,VR Queen Street Auckland,2026-11-17,Hotels.com,128,
2026-09-16 07:57:25,VR Queen Street Auckland,2026-11-17,Booking.com,134,Standard King Room
2026-09-16 07:57:31,VR Auckland City,2026-11-17,Official site,83,Penthouse - One-Bedroom Apartment
2026-09-16 07:57:31,VR Auckland City,2026-11-17,Super.com,120,
2026-09-16 07:57:31,VR Auckland City,2026-11-17,Booking.com,246,
2026-09-16 08:14:52,VR Queen Street Auckland,2026-09-16,Booking.com,86,
2026-09-16 08:14:52,VR Queen Street Auckland,2026-09-16,Official site,104,Lovely apartment with WiFi in vibrant central Auckland
2026-09-16 08:14:52,VR Queen Street Auckland,2026-09-16,Super.com,127,
2026-09-16 08:14:52,VR Queen Street Auckland,2026-09-16,Hotels.com,131,Suite · Suite
2026-09-16 08:14:59,VR Auckland City,2026-09-16,Official site,79,Lovely apartment with WiFi in vibrant central Auckland
2026-09-16 08:14:59,VR Auckland City,2026-09-16,Booking.com,86,
2026-09-16 08:14:59,VR Auckland City,2026-09-16,Expedia,145,
2026-09-16 08:15:07,VR Queen Street Auckland,2026-09-17,Super.com,30,
2026-09-16 08:15:07,VR Queen Street Auckland,2026-09-17,Official site,81,Free Parking Spacious 2BR Apt Walk to Sky Tower
2026-09-16 08:15:07,VR Queen Street Auckland,2026-09-17,Booking.com,131,One-Bedroom Suite
2026-09-16 08:15:13,VR Auckland City,2026-09-17,Official site,81,Free Parking Spacious 2BR Apt Walk to Sky Tower
2026-09-16 08:15:13,VR Auckland City,2026-09-17,Super.com,128,
2026-09-16 08:15:13,VR Auckland City,2026-09-17,Booking.com,152,Studio Apartment
2026-09-16 08:15:20,VR Queen Street Auckland,2026-09-18,Official site,86,Auckland Harbour Suites
2026-09-16 08:15:20,VR Queen Street Auckland,2026-09-18,Super.com,128,
2026-09-16 08:15:20,VR Queen Street Auckland,2026-09-18,Booking.com,151,Standard King Room
2026-09-16 08:15:27,VR Auckland City,2026-09-18,Official site,86,Auckland Harbour Suites
2026-09-16 08:15:27,VR Auckland City,2026-09-18,Super.com,110,
2026-09-16 08:15:27,VR Auckland City,2026-09-18,Booking.com,130,Studio Apartment
2026-09-16 08:15:34,VR Queen Street Auckland,2026-09-19,Official site,86,ibis budget Auckland Central - Double Studio
2026-09-16 08:15:34,VR Queen Street Auckland,2026-09-19,Super.com,134,
2026-09-16 08:15:34,VR Queen Street Auckland,2026-09-19,Hotels.com,151,
2026-09-16 08:15:34,VR Queen Street Auckland,2026-09-19,Booking.com,157,Standard King Room
2026-09-16 08:15:41,VR Auckland City,2026-09-19,Super.com,112,
2026-09-16 08:15:41,VR Auckland City,2026-09-19,Booking.com,135,Studio Apartment
2026-09-16 08:15:41,VR Auckland City,2026-09-19,Expedia,145,
2026-09-16 08:15:45,VR Queen Street Auckland,2026-09-20,Official site,81,VR Queen Street - Hotel & Suites
2026-09-16 08:15:45,VR Queen Street Auckland,2026-09-20,Wotif,81,Open VR Queen Street - Hotel & Suites in a new tab.
2026-09-16 08:15:45,VR Queen Street Auckland,2026-09-20,Super.com,81,
2026-09-16 08:15:45,VR Queen Street Auckland,2026-09-20,Hotels.com,87,Standard King Room
2026-09-16 08:15:45,VR Queen Street Auckland,2026-09-20,Booking.com,92,
2026-09-16 08:15:52,VR Auckland City,2026-09-20,Wotif,74,Auckland Harbour Suites
2026-09-16 08:15:52,VR Auckland City,2026-09-20,Official site,74,
2026-09-16 08:15:52,VR Auckland City,2026-09-20,Booking.com,81,VR Queen Street - Hotel & Suites
2026-09-16 08:15:52,VR Auckland City,2026-09-20,Super.com,84,
2026-09-16 08:15:59,VR Queen Street Auckland,2026-09-21,Booking.com,74,Auckland Harbour Suites
2026-09-16 08:15:59,VR Queen Street Auckland,2026-09-21,Super.com,78,
2026-09-16 08:15:59,VR Queen Street Auckland,2026-09-21,Hotels.com,88,Standard King Room
2026-09-16 08:15:59,VR Queen Street Auckland,2026-09-21,Official site,102,
2026-09-16 08:16:06,VR Auckland City,2026-09-21,Booking.com,74,Auckland Harbour Suites
2026-09-16 08:16:06,VR Auckland City,2026-09-21,Official site,74,
2026-09-16 08:16:06,VR Auckland City,2026-09-21,Super.com,85,
2026-09-16 08:16:06,VR Auckland City,2026-09-21,Expedia,108,Studio Apartment
2026-09-16 08:16:12,VR Queen Street Auckland,2026-09-22,Super.com,81,
2026-09-16 08:16:12,VR Queen Street Auckland,2026-09-22,Hotels.com,90,
2026-09-16 08:16:12,VR Queen Street Auckland,2026-09-22,Booking.com,95,Standard King Room
2026-09-16 08:16:12,VR Queen Street Auckland,2026-09-22,Official site,105,
2026-09-16 08:16:17,VR Auckland City,2026-09-22,Official site,74,
2026-09-16 08:16:17,VR Auckland City,2026-09-22,Super.com,89,
2026-09-16 08:16:17,VR Auckland City,2026-09-22,Booking.com,104,
2026-09-16 08:16:17,VR Auckland City,2026-09-22,Expedia,112,Studio Apartment
2026-09-16 08:16:21,VR Queen Street Auckland,2026-09-23,Official site,74,Ramada Suites By Wyndham Victoria Street West
2026-09-16 08:16:21,VR Queen Street Auckland,2026-09-23,Booking.com,77,Open VR Queen Street - Hotel & Suites in a new tab.
2026-09-16 08:16:21,VR Queen Street Auckland,2026-09-23,Super.com,77,
2026-09-16 08:16:21,VR Queen Street Auckland,2026-09-23,Expedia,98,
2026-09-16 08:16:27,VR Auckland City,2026-09-23,Official site,74,
2026-09-16 08:16:27,VR Auckland City,2026-09-23,Super.com,87,
2026-09-16 08:16:27,VR Auckland City,2026-09-23,Booking.com,104,Studio Apartment
2026-09-16 08:16:32,VR Queen Street Auckland,2026-09-24,Official site,77,VR Queen Street - Hotel & Suites
2026-09-16 08:16:32,VR Queen Street Auckland,2026-09-24,Super.com,77,
2026-09-16 08:16:32,VR Queen Street Auckland,2026-09-24,Hotels.com,87,
2026-09-16 08:16:32,VR Queen Street Auckland,2026-09-24,Booking.com,91,Standard King Room
2026-09-16 08:16:38,VR Auckland City,2026-09-24,Official site,77,VR Queen Street - Hotel & Suites
2026-09-16 08:16:38,VR Auckland City,2026-09-24,Super.com,87,
2026-09-16 08:16:38,VR Auckland City,2026-09-24,Booking.com,104,Studio Apartment
2026-09-16 08:16:38,VR Auckland City,2026-09-24,Agoda,112,
2026-09-16 08:16:38,VR Auckland City,2026-09-24,Expedia,112,
2026-09-16 08:16:45,VR Queen Street Auckland,2026-09-25,Super.com,114,
2026-09-16 08:16:45,VR Queen Street Auckland,2026-09-25,Booking.com,134,Standard King Room
2026-09-16 08:16:45,VR Queen Street Auckland,2026-09-25,Expedia,135,
2026-09-16 08:16:45,VR Queen Street Auckland,2026-09-25,Official site,149,
2026-09-16 08:16:50,VR Auckland City,2026-09-25,Booking.com,84,
2026-09-16 08:16:50,VR Auckland City,2026-09-25,Official site,97,
2026-09-16 08:16:50,VR Auckland City,2026-09-25,Super.com,116,
2026-09-16 08:16:56,VR Queen Street Auckland,2026-09-26,Official site,85,
2026-09-16 08:16:56,VR Queen Street Auckland,2026-09-26,Super.com,117,
2026-09-16 08:16:56,VR Queen Street Auckland,2026-09-26,Booking.com,138,Standard King Room
2026-09-16 08:17:02,VR Auckland City,2026-09-26,Official site,85,
2026-09-16 08:17:02,VR Auckland City,2026-09-26,Super.com,164,
2026-09-16 08:17:02,VR Auckland City,2026-09-26,Booking.com,194,
2026-09-16 08:17:08,VR Queen Street Auckland,2026-09-27,Official site,77,
2026-09-16 08:17:08,VR Queen Street Auckland,2026-09-27,Wotif,80,VR Queen Street - Hotel & Suites
2026-09-16 08:17:08,VR Queen Street Auckland,2026-09-27,Super.com,80,
2026-09-16 08:17:08,VR Queen Street Auckland,2026-09-27,Booking.com,94,Standard King Room
2026-09-16 08:17:08,VR Queen Street Auckland,2026-09-27,Expedia,102,
2026-09-16 08:17:15,VR Auckland City,2026-09-27,Official site,74,Ramada Suites By Wyndham Victoria Street West
2026-09-16 08:17:15,VR Auckland City,2026-09-27,Super.com,108,
2026-09-16 08:17:15,VR Auckland City,2026-09-27,Booking.com,140,Studio Apartment
2026-09-16 08:17:21,VR Queen Street Auckland,2026-09-28,Super.com,80,
2026-09-16 08:17:21,VR Queen Street Auckland,2026-09-28,Hotels.com,89,Standard King Room
2026-09-16 08:17:21,VR Queen Street Auckland,2026-09-28,Booking.com,94,
2026-09-16 08:17:21,VR Queen Street Auckland,2026-09-28,Official site,104,
2026-09-16 08:17:26,VR Auckland City,2026-09-28,Official site,65,
2026-09-16 08:17:26,VR Auckland City,2026-09-28,Super.com,84,
2026-09-16 08:17:26,VR Auckland City,2026-09-28,Expedia,108,Studio Apartment
2026-09-16 08:17:26,VR Auckland City,2026-09-28,Booking.com,108,
2026-09-16 08:17:32,VR Queen Street Auckland,2026-09-29,Super.com,80,
2026-09-16 08:17:32,VR Queen Street Auckland,2026-09-29,Hotels.com,89,Standard King Room
2026-09-16 08:17:32,VR Queen Street Auckland,2026-09-29,Booking.com,94,
2026-09-16 08:17:32,VR Queen Street Auckland,2026-09-29,Official site,104,
2026-09-16 08:17:36,VR Auckland City,2026-09-29,Official site,74,
2026-09-16 08:17:36,VR Auckland City,2026-09-29,Super.com,87,
2026-09-16 08:17:36,VR Auckland City,2026-09-29,Booking.com,104,Studio Apartment
2026-09-16 08:17:41,VR Queen Street Auckland,2026-09-30,Official site,67,
2026-09-16 08:17:41,VR Queen Street Auckland,2026-09-30,Super.com,86,
2026-09-16 08:17:41,VR Queen Street Auckland,2026-09-30,Hotels.com,95,Standard King Room
2026-09-16 08:17:41,VR Queen Street Auckland,2026-09-30,Booking.com,100,
2026-09-16 08:17:47,VR Auckland City,2026-09-30,Official site,67,
2026-09-16 08:17:47,VR Auckland City,2026-09-30,Super.com,87,
2026-09-16 08:17:47,VR Auckland City,2026-09-30,Expedia,112,Studio Apartment
2026-09-16 08:17:53,VR Queen Street Auckland,2026-10-01,Official site,79,
2026-09-16 08:17:53,VR Queen Street Auckland,2026-10-01,Super.com,97,
2026-09-16 08:17:53,VR Queen Street Auckland,2026-10-01,Hotels.com,110,Standard King Room
2026-09-16 08:17:53,VR Queen Street Auckland,2026-10-01,Booking.com,113,
2026-09-16 08:18:00,VR Auckland City,2026-10-01,Official site,84,
2026-09-16 08:18:00,VR Auckland City,2026-10-01,Super.com,91,
2026-09-16 08:18:00,VR Auckland City,2026-10-01,Booking.com,109,Studio Apartment
2026-09-16 08:18:06,VR Queen Street Auckland,2026-10-02,Super.com,111,
2026-09-16 08:18:06,VR Queen Street Auckland,2026-10-02,Booking.com,130,Standard King Room
2026-09-16 08:18:06,VR Queen Street Auckland,2026-10-02,Official site,144,
2026-09-16 08:18:10,VR Auckland City,2026-10-02,Official site,102,
2026-09-16 08:18:10,VR Auckland City,2026-10-02,Super.com,112,
2026-09-16 08:18:10,VR Auckland City,2026-10-02,Booking.com,135,
2026-09-16 08:18:15,VR Queen Street Auckland,2026-10-03,Super.com,121,
2026-09-16 08:18:15,VR Queen Street Auckland,2026-10-03,Booking.com,142,Standard King Room
2026-09-16 08:18:15,VR Queen Street Auckland,2026-10-03,Official site,158,
2026-09-16 08:18:21,VR Auckland City,2026-10-03,Official site,101,
2026-09-16 08:18:21,VR Auckland City,2026-10-03,Booking.com,102,Penthouse
2026-09-16 08:18:28,VR Queen Street Auckland,2026-10-04,Booking.com,90,VR Queen Street - Hotel & Suites
2026-09-16 08:18:28,VR Queen Street Auckland,2026-10-04,Official site,90,Open VR Queen Street - Hotel & Suites in a new tab.
2026-09-16 08:18:28,VR Queen Street Auckland,2026-10-04,Super.com,90,
2026-09-16 08:18:28,VR Queen Street Auckland,2026-10-04,Hotels.com,100,Standard King Room
2026-09-16 08:18:34,VR Auckland City,2026-10-04,Official site,84,
2026-09-16 08:18:34,VR Auckland City,2026-10-04,Super.com,108,
2026-09-16 08:18:34,VR Auckland City,2026-10-04,Booking.com,139,Studio Apartment
2026-09-16 08:18:39,VR Queen Street Auckland,2026-10-05,Official site,90,VR Queen Street - Hotel & Suites
2026-09-16 08:18:39,VR Queen Street Auckland,2026-10-05,Booking.com,90,Open VR Queen Street - Hotel & Suites in a new tab.
2026-09-16 08:18:39,VR Queen Street Auckland,2026-10-05,Super.com,90,
2026-09-16 08:18:39,VR Queen Street Auckland,2026-10-05,Expedia,106,
2026-09-16 08:18:45,VR Auckland City,2026-10-05,Official site,84,
2026-09-16 08:18:45,VR Auckland City,2026-10-05,Booking.com,90,VR Queen Street - Hotel & Suites
2026-09-16 08:18:45,VR Auckland City,2026-10-05,Super.com,110,
2026-09-16 08:18:51,VR Queen Street Auckland,2026-10-06,Official site,81,
2026-09-16 08:18:51,VR Queen Street Auckland,2026-10-06,Booking.com,89,Princes Wharf Amazing 2 bedroom Free Parking
2026-09-16 08:18:51,VR Queen Street Auckland,2026-10-06,Super.com,90,
2026-09-16 08:18:51,VR Queen Street Auckland,2026-10-06,Expedia,102,
2026-09-16 08:18:57,VR Auckland City,2026-10-06,Official site,81,
2026-09-16 08:18:57,VR Auckland City,2026-10-06,Booking.com,89,Princes Wharf Amazing 2 bedroom Free Parking
2026-09-16 08:18:57,VR Auckland City,2026-10-06,Super.com,107,
2026-09-16 08:18:57,VR Auckland City,2026-10-06,Expedia,139,Studio Apartment
2026-09-16 08:19:03,VR Queen Street Auckland,2026-10-07,Booking.com,77,Auckland Harbour Suites
2026-09-16 08:19:03,VR Queen Street Auckland,2026-10-07,Official site,85,Open VR Queen Street - Hotel & Suites in a new tab.
2026-09-16 08:19:03,VR Queen Street Auckland,2026-10-07,Super.com,85,
2026-09-16 08:19:10,VR Auckland City,2026-10-07,Booking.com,77,Auckland Harbour Suites
2026-09-16 08:19:10,VR Auckland City,2026-10-07,Official site,84,Princes Wharf - Penthouse - Stunning Views
2026-09-16 08:19:16,VR Queen Street Auckland,2026-10-08,Booking.com,91,
2026-09-16 08:19:16,VR Queen Street Auckland,2026-10-08,Official site,94,
2026-09-16 08:19:16,VR Queen Street Auckland,2026-10-08,Super.com,114,
2026-09-16 08:19:22,VR Auckland City,2026-10-08,Official site,84,
2026-09-16 08:19:22,VR Auckland City,2026-10-08,Booking.com,91,
2026-09-16 08:19:22,VR Auckland City,2026-10-08,Super.com,142,
2026-09-16 08:19:28,VR Queen Street Auckland,2026-10-09,Booking.com,75,Grand Central Serviced Apartments
2026-09-16 08:19:28,VR Queen Street Auckland,2026-10-09,Official site,161,
2026-09-16 08:19:28,VR Queen Street Auckland,2026-10-09,Super.com,224,
2026-09-16 08:19:34,VR Auckland City,2026-10-09,Booking.com,75,Grand Central Serviced Apartments
2026-09-16 08:19:34,VR Auckland City,2026-10-09,Official site,102,Parkside Hotel & Apartments Auckland
2026-09-16 08:19:34,VR Auckland City,2026-10-09,Super.com,256,
2026-09-16 08:19:41,VR Queen Street Auckland,2026-10-10,Official site,90,
2026-09-16 08:19:41,VR Queen Street Auckland,2026-10-10,Super.com,231,
2026-09-16 08:19:41,VR Queen Street Auckland,2026-10-10,Booking.com,270,Standard King Room
2026-09-16 08:19:41,VR Queen Street Auckland,2026-10-10,Expedia,272,
2026-09-16 08:19:47,VR Auckland City,2026-10-10,Official site,90,
2026-09-16 08:19:47,VR Auckland City,2026-10-10,Super.com,459,
2026-09-16 08:19:47,VR Auckland City,2026-10-10,Booking.com,549,Studio Apartment
2026-09-16 08:19:53,VR Queen Street Auckland,2026-10-11,Booking.com,95,
2026-09-16 08:19:53,VR Queen Street Auckland,2026-10-11,Official site,97,Open VR Queen Street - Hotel & Suites in a new tab.
2026-09-16 08:19:53,VR Queen Street Auckland,2026-10-11,Super.com,97,
2026-09-16 08:19:59,VR Auckland City,2026-10-11,Official site,84,Chic Princes Wharf Studio | City View | Parking
2026-09-16 08:19:59,VR Auckland City,2026-10-11,Super.com,88,
2026-09-16 08:19:59,VR Auckland City,2026-10-11,Booking.com,95,
2026-09-16 08:20:06,VR Queen Street Auckland,2026-10-12,Official site,99,Open VR Queen Street - Hotel & Suites in a new tab.
2026-09-16 08:20:06,VR Queen Street Auckland,2026-10-12,Super.com,99,
2026-09-16 08:20:06,VR Queen Street Auckland,2026-10-12,Hotels.com,109,Standard King Room
2026-09-16 08:20:06,VR Queen Street Auckland,2026-10-12,Booking.com,113,
2026-09-16 08:20:12,VR Auckland City,2026-10-12,Official site,84,ibis budget Auckland Central - Double Studio
2026-09-16 08:20:12,VR Auckland City,2026-10-12,Booking.com,131,
2026-09-16 08:20:12,VR Auckland City,2026-10-12,Expedia,131,Studio Apartment
2026-09-16 08:20:18,VR Queen Street Auckland,2026-10-13,Booking.com,78,
2026-09-16 08:20:18,VR Queen Street Auckland,2026-10-13,Official site,90,VR Queen Street - Hotel & Suites
2026-09-16 08:20:18,VR Queen Street Auckland,2026-10-13,Super.com,96,
2026-09-16 08:20:18,VR Queen Street Auckland,2026-10-13,Hotels.com,108,Standard King Room
2026-09-16 08:20:24,VR Auckland City,2026-10-13,Booking.com,78,
2026-09-16 08:20:24,VR Auckland City,2026-10-13,Official site,84,
2026-09-16 08:20:24,VR Auckland City,2026-10-13,Super.com,91,
2026-09-16 08:20:31,VR Queen Street Auckland,2026-10-14,Official site,81,Parkside Hotel & Apartments Auckland
2026-09-16 08:20:31,VR Queen Street Auckland,2026-10-14,Super.com,97,
2026-09-16 08:20:31,VR Queen Street Auckland,2026-10-14,Booking.com,113,Standard King Room
2026-09-16 08:20:31,VR Queen Street Auckland,2026-10-14,Expedia,114,
2026-09-16 08:20:37,VR Auckland City,2026-10-14,Official site,81,Parkside Hotel & Apartments Auckland
2026-09-16 08:20:37,VR Auckland City,2026-10-14,Super.com,93,
2026-09-16 08:20:37,VR Auckland City,2026-10-14,Booking.com,117,Studio Apartment
2026-09-16 08:20:37,VR Auckland City,2026-10-14,Expedia,117,
2026-09-16 08:20:44,VR Queen Street Auckland,2026-10-15,Official site,89,VR Queen Street - Hotel & Suites
2026-09-16 08:20:44,VR Queen Street Auckland,2026-10-15,Super.com,97,
2026-09-16 08:20:44,VR Queen Street Auckland,2026-10-15,Booking.com,113,Standard King Room
2026-09-16 08:20:44,VR Queen Street Auckland,2026-10-15,Expedia,114,
2026-09-16 08:20:50,VR Auckland City,2026-10-15,Official site,84,ibis budget Auckland Central - Double Studio
2026-09-16 08:20:50,VR Auckland City,2026-10-15,Super.com,96,
2026-09-16 08:20:50,VR Auckland City,2026-10-15,Booking.com,117,
2026-09-16 08:20:50,VR Auckland City,2026-10-15,Expedia,126,Classic One Bedroom Apartment
2026-09-16 08:20:56,VR Queen Street Auckland,2026-10-16,Booking.com,113,Ramada Suites By Wyndham Victoria Street West
2026-09-16 08:20:56,VR Queen Street Auckland,2026-10-16,Official site,129,
2026-09-16 08:20:56,VR Queen Street Auckland,2026-10-16,Super.com,131,
2026-09-16 08:21:03,VR Auckland City,2026-10-16,Official site,102,Penthouse
2026-09-16 08:21:03,VR Auckland City,2026-10-16,Booking.com,129,
2026-09-16 08:21:09,VR Queen Street Auckland,2026-10-17,Official site,69,
2026-09-16 08:21:09,VR Queen Street Auckland,2026-10-17,Super.com,215,
2026-09-16 08:21:09,VR Queen Street Auckland,2026-10-17,Booking.com,250,
2026-09-16 08:21:15,VR Auckland City,2026-10-17,Official site,69,
2026-09-16 08:21:15,VR Auckland City,2026-10-17,Booking.com,102,VR Queen Street - Hotel & Suites
2026-09-16 08:21:15,VR Auckland City,2026-10-17,Super.com,558,
2026-09-16 08:21:21,VR Queen Street Auckland,2026-10-18,Official site,99,
2026-09-16 08:21:21,VR Queen Street Auckland,2026-10-18,Super.com,103,
2026-09-16 08:21:21,VR Queen Street Auckland,2026-10-18,Booking.com,121,Standard King Room
2026-09-16 08:21:27,VR Auckland City,2026-10-18,Official site,84,Parkside Hotel & Apartments Auckland
2026-09-16 08:21:27,VR Auckland City,2026-10-18,Booking.com,149,Studio Apartment
2026-09-16 08:21:34,VR Queen Street Auckland,2026-10-19,Official site,84,The Quadrant Hotel & Suites
2026-09-16 08:21:34,VR Queen Street Auckland,2026-10-19,Super.com,108,
2026-09-16 08:21:34,VR Queen Street Auckland,2026-10-19,Booking.com,121,Standard King Room
2026-09-16 08:21:40,VR Auckland City,2026-10-19,Official site,84,The Quadrant Hotel & Suites
2026-09-16 08:21:40,VR Auckland City,2026-10-19,Booking.com,84,Parkside Hotel & Apartments Auckland
2026-09-16 08:21:40,VR Auckland City,2026-10-19,Super.com,151,
2026-09-16 08:21:46,VR Queen Street Auckland,2026-10-20,Super.com,50,
2026-09-16 08:21:46,VR Queen Street Auckland,2026-10-20,Official site,75,Grand Central Serviced Apartments
2026-09-16 08:21:46,VR Queen Street Auckland,2026-10-20,Booking.com,107,
2026-09-16 08:21:46,VR Queen Street Auckland,2026-10-20,Hotels.com,198,Standard King Room
2026-09-16 08:21:53,VR Auckland City,2026-10-20,Official site,75,Grand Central Serviced Apartments
2026-09-16 08:21:53,VR Auckland City,2026-10-20,Booking.com,84,Modern Studio Near Sky Tower w Pool Gym & Balcony V082
2026-09-16 08:21:53,VR Auckland City,2026-10-20,Super.com,155,
2026-09-16 08:21:59,VR Queen Street Auckland,2026-10-21,Super.com,50,
2026-09-16 08:21:59,VR Queen Street Auckland,2026-10-21,Booking.com,78,City Gardens Apartments
2026-09-16 08:21:59,VR Queen Street Auckland,2026-10-21,Official site,130,Mercure Auckland Queen Street
2026-09-16 08:21:59,VR Queen Street Auckland,2026-10-21,Expedia,186,
2026-09-16 08:22:05,VR Auckland City,2026-10-21,Super.com,45,
2026-09-16 08:22:05,VR Auckland City,2026-10-21,Booking.com,78,City Gardens Apartments
2026-09-16 08:22:05,VR Auckland City,2026-10-21,Official site,130,Mercure Auckland Queen Street
2026-09-16 08:22:12,VR Queen Street Auckland,2026-10-22,Official site,84,The Quadrant Hotel & Suites
2026-09-16 08:22:12,VR Queen Street Auckland,2026-10-22,Super.com,132,
2026-09-16 08:22:12,VR Queen Street Auckland,2026-10-22,Hotels.com,146,Standard King Room
2026-09-16 08:22:12,VR Queen Street Auckland,2026-10-22,Booking.com,151,
2026-09-16 08:22:18,VR Auckland City,2026-10-22,Official site,84,The Quadrant Hotel & Suites
2026-09-16 08:22:18,VR Auckland City,2026-10-22,Booking.com,95,Mercure Auckland Queen Street
2026-09-16 08:22:24,VR Queen Street Auckland,2026-10-23,Super.com,66,
2026-09-16 08:22:24,VR Queen Street Auckland,2026-10-23,Booking.com,78,City Gardens Apartments
2026-09-16 08:22:24,VR Queen Street Auckland,2026-10-23,Official site,116,
2026-09-16 08:22:24,VR Queen Street Auckland,2026-10-23,Hotels.com,208,Standard King Room
2026-09-16 08:22:31,VR Auckland City,2026-10-23,Booking.com,78,City Gardens Apartments
2026-09-16 08:22:31,VR Auckland City,2026-10-23,Official site,102,
2026-09-16 08:22:31,VR Auckland City,2026-10-23,Trip.com,450,
2026-09-16 08:22:37,VR Queen Street Auckland,2026-10-24,Booking.com,75,Grand Central Serviced Apartments
2026-09-16 08:22:37,VR Queen Street Auckland,2026-10-24,Official site,78,City Gardens Apartments
2026-09-16 08:22:37,VR Queen Street Auckland,2026-10-24,Super.com,197,
2026-09-16 08:22:43,VR Auckland City,2026-10-24,Booking.com,75,Grand Central Serviced Apartments
2026-09-16 08:22:43,VR Auckland City,2026-10-24,Official site,78,City Gardens Apartments
2026-09-16 08:22:43,VR Auckland City,2026-10-24,Expedia,311,
2026-09-16 08:22:49,VR Queen Street Auckland,2026-10-25,Booking.com,84,Parkside Hotel & Apartments Auckland
2026-09-16 08:22:49,VR Queen Street Auckland,2026-10-25,Official site,123,
2026-09-16 08:22:49,VR Queen Street Auckland,2026-10-25,Super.com,233,
2026-09-16 08:22:56,VR Auckland City,2026-10-25,Booking.com,84,Parkside Hotel & Apartments Auckland
2026-09-16 08:22:56,VR Auckland City,2026-10-25,Official site,84,Studio Steps from Sky City
2026-09-16 08:22:56,VR Auckland City,2026-10-25,Super.com,96,
2026-09-16 08:23:02,VR Queen Street Auckland,2026-10-26,Official site,96,VR Queen Street - Hotel & Suites
2026-09-16 08:23:02,VR Queen Street Auckland,2026-10-26,Booking.com,96,Open VR Queen Street - Hotel & Suites in a new tab.
2026-09-16 08:23:02,VR Queen Street Auckland,2026-10-26,Super.com,96,
2026-09-16 08:23:02,VR Queen Street Auckland,2026-10-26,Hotels.com,109,Standard King Room
2026-09-16 08:23:08,VR Auckland City,2026-10-26,Official site,84,Ramada Suites By Wyndham Victoria Street West
2026-09-16 08:23:08,VR Auckland City,2026-10-26,Super.com,91,
2026-09-16 08:23:08,VR Auckland City,2026-10-26,Booking.com,119,Studio Apartment
2026-09-16 08:23:14,VR Queen Street Auckland,2026-10-27,Official site,96,VR Queen Street - Hotel & Suites
2026-09-16 08:23:14,VR Queen Street Auckland,2026-10-27,Super.com,96,
2026-09-16 08:23:14,VR Queen Street Auckland,2026-10-27,Booking.com,113,Standard King Room
2026-09-16 08:23:20,VR Auckland City,2026-10-27,Official site,84,Princes Wharf Amazing 2 bedroom Free Parking
2026-09-16 08:23:20,VR Auckland City,2026-10-27,Super.com,91,
2026-09-16 08:23:20,VR Auckland City,2026-10-27,Booking.com,140,Studio Apartment
2026-09-16 08:23:26,VR Queen Street Auckland,2026-10-28,Booking.com,95,Princes Wharf Amazing 2 bedroom Free Parking
2026-09-16 08:23:26,VR Queen Street Auckland,2026-10-28,Super.com,97,
2026-09-16 08:23:26,VR Queen Street Auckland,2026-10-28,Official site,105,
2026-09-16 08:23:26,VR Queen Street Auckland,2026-10-28,Hotels.com,108,Standard King Room
2026-09-16 08:23:34,VR Auckland City,2026-10-28,Official site,84,
2026-09-16 08:23:34,VR Auckland City,2026-10-28,Booking.com,84,Princes Wharf Amazing 2 bedroom Free Parking
2026-09-16 08:23:34,VR Auckland City,2026-10-28,Super.com,90,
2026-09-16 08:23:40,VR Queen Street Auckland,2026-10-29,Official site,84,Mercure Auckland Queen Street
2026-09-16 08:23:40,VR Queen Street Auckland,2026-10-29,Booking.com,95,
2026-09-16 08:23:40,VR Queen Street Auckland,2026-10-29,Super.com,95,
2026-09-16 08:23:47,VR Auckland City,2026-10-29,Official site,84,Mercure Auckland Queen Street
2026-09-16 08:23:47,VR Auckland City,2026-10-29,Super.com,90,
2026-09-16 08:23:47,VR Auckland City,2026-10-29,Booking.com,95,
2026-09-16 08:23:53,VR Queen Street Auckland,2026-10-30,Booking.com,117,ibis budget Auckland Central - Double Studio
2026-09-16 08:23:53,VR Queen Street Auckland,2026-10-30,Official site,122,VR Queen Street - Hotel & Suites
2026-09-16 08:23:53,VR Queen Street Auckland,2026-10-30,Super.com,122,
2026-09-16 08:23:53,VR Queen Street Auckland,2026-10-30,Hotels.com,144,Standard King Room
2026-09-16 08:23:59,VR Auckland City,2026-10-30,Official site,102,
2026-09-16 08:23:59,VR Auckland City,2026-10-30,Booking.com,102,Penthouse
2026-09-16 08:23:59,VR Auckland City,2026-10-30,Super.com,126,
2026-09-16 08:24:05,VR Queen Street Auckland,2026-10-31,Official site,121,VR Queen Street - Hotel & Suites
2026-09-16 08:24:05,VR Queen Street Auckland,2026-10-31,Booking.com,121,Open VR Queen Street - Hotel & Suites in a new tab.
2026-09-16 08:24:05,VR Queen Street Auckland,2026-10-31,Super.com,121,
2026-09-16 08:24:05,VR Queen Street Auckland,2026-10-31,Hotels.com,146,Standard King Room
2026-09-16 08:24:11,VR Auckland City,2026-10-31,Official site,102,
2026-09-16 08:24:11,VR Auckland City,2026-10-31,Booking.com,102,Penthouse
2026-09-16 08:24:11,VR Auckland City,2026-10-31,Super.com,130,
2026-09-16 08:24:17,VR Queen Street Auckland,2026-11-01,Official site,88,
2026-09-16 08:24:17,VR Queen Street Auckland,2026-11-01,Super.com,102,
2026-09-16 08:24:17,VR Queen Street Auckland,2026-11-01,Booking.com,126,Standard King Room
2026-09-16 08:24:24,VR Auckland City,2026-11-01,Booking.com,88,
2026-09-16 08:24:24,VR Auckland City,2026-11-01,Official site,107,
2026-09-16 08:24:24,VR Auckland City,2026-11-01,Super.com,126,
2026-09-16 08:24:30,VR Queen Street Auckland,2026-11-02,Booking.com,100,Open VR Queen Street - Hotel & Suites in a new tab.
2026-09-16 08:24:30,VR Queen Street Auckland,2026-11-02,Super.com,100,
2026-09-16 08:24:30,VR Queen Street Auckland,2026-11-02,Official site,132,
2026-09-16 08:24:36,VR Auckland City,2026-11-02,Official site,107,
2026-09-16 08:24:36,VR Auckland City,2026-11-02,Booking.com,107,"Swiss-Belsuites Victoria Park, Auckland"
2026-09-16 08:24:36,VR Auckland City,2026-11-02,Super.com,117,
2026-09-16 08:24:42,VR Queen Street Auckland,2026-11-03,Official site,94,
2026-09-16 08:24:42,VR Queen Street Auckland,2026-11-03,Super.com,101,
2026-09-16 08:24:42,VR Queen Street Auckland,2026-11-03,Hotels.com,120,
2026-09-16 08:24:42,VR Queen Street Auckland,2026-11-03,Booking.com,126,Standard King Room
2026-09-16 08:24:48,VR Auckland City,2026-11-03,Booking.com,94,
2026-09-16 08:24:48,VR Auckland City,2026-11-03,Official site,107,
2026-09-16 08:24:48,VR Auckland City,2026-11-03,Super.com,118,
2026-09-16 08:24:54,VR Queen Street Auckland,2026-11-04,Official site,84,
2026-09-16 08:24:54,VR Queen Street Auckland,2026-11-04,Booking.com,134,Open VR Queen Street - Hotel & Suites in a new tab.
2026-09-16 08:24:54,VR Queen Street Auckland,2026-11-04,Super.com,134,
2026-09-16 08:25:00,VR Auckland City,2026-11-04,Booking.com,84,
2026-09-16 08:25:00,VR Auckland City,2026-11-04,Official site,107,"Swiss-Belsuites Victoria Park, Auckland"
2026-09-16 08:25:06,VR Queen Street Auckland,2026-11-05,Super.com,47,
2026-09-16 08:25:06,VR Queen Street Auckland,2026-11-05,Official site,98,Penthouse
2026-09-16 08:25:06,VR Queen Street Auckland,2026-11-05,Booking.com,184,Standard King Room
2026-09-16 08:25:12,VR Auckland City,2026-11-05,Official site,98,Penthouse
2026-09-16 08:25:12,VR Auckland City,2026-11-05,Booking.com,272,Studio Apartment
2026-09-16 08:25:19,VR Queen Street Auckland,2026-11-06,Official site,147,VR Queen Street - Hotel & Suites
2026-09-16 08:25:19,VR Queen Street Auckland,2026-11-06,Booking.com,147,Open VR Queen Street - Hotel & Suites in a new tab.
2026-09-16 08:25:19,VR Queen Street Auckland,2026-11-06,Super.com,147,
2026-09-16 08:25:19,VR Queen Street Auckland,2026-11-06,Hotels.com,178,Standard King Room
2026-09-16 08:25:25,VR Auckland City,2026-11-06,Official site,125,Pullman Auckland Hotel & Apartments
2026-09-16 08:25:25,VR Auckland City,2026-11-06,Booking.com,383,Studio Apartment
2026-09-16 08:25:31,VR Queen Street Auckland,2026-11-07,Official site,128,
2026-09-16 08:25:31,VR Queen Street Auckland,2026-11-07,Super.com,289,
2026-09-16 08:25:31,VR Queen Street Auckland,2026-11-07,Booking.com,360,One-Bedroom Suite
2026-09-16 08:25:37,VR Auckland City,2026-11-07,Official site,128,
2026-09-16 08:25:37,VR Auckland City,2026-11-07,Hotels.com,440,
2026-09-16 08:25:37,VR Auckland City,2026-11-07,Booking.com,598,Deluxe Family Room
2026-09-16 08:25:44,VR Queen Street Auckland,2026-11-08,Booking.com,81,
2026-09-16 08:25:44,VR Queen Street Auckland,2026-11-08,Official site,119,
2026-09-16 08:25:44,VR Queen Street Auckland,2026-11-08,Super.com,235,
2026-09-16 08:25:50,VR Auckland City,2026-11-08,Official site,81,
2026-09-16 08:25:50,VR Auckland City,2026-11-08,Agoda,157,
2026-09-16 08:25:50,VR Auckland City,2026-11-08,Booking.com,316,One-Bedroom Apartment
2026-09-16 08:25:50,VR Auckland City,2026-11-08,Hotels.com,316,
2026-09-16 08:25:56,VR Queen Street Auckland,2026-11-09,Official site,72,City Gardens Apartments
2026-09-16 08:25:56,VR Queen Street Auckland,2026-11-09,Super.com,168,
2026-09-16 08:25:56,VR Queen Street Auckland,2026-11-09,Booking.com,209,Standard King Room
2026-09-16 08:26:03,VR Auckland City,2026-11-09,Booking.com,72,City Gardens Apartments
2026-09-16 08:26:03,VR Auckland City,2026-11-09,Official site,107,ibis budget Auckland Central - Double Studio
2026-09-16 08:26:03,VR Auckland City,2026-11-09,Super.com,117,
2026-09-16 08:26:09,VR Queen Street Auckland,2026-11-10,Official site,76,City Gardens Apartments
2026-09-16 08:26:09,VR Queen Street Auckland,2026-11-10,Super.com,107,
2026-09-16 08:26:09,VR Queen Street Auckland,2026-11-10,Booking.com,130,Standard King Room
2026-09-16 08:26:15,VR Auckland City,2026-11-10,Official site,76,City Gardens Apartments
2026-09-16 08:26:15,VR Auckland City,2026-11-10,Super.com,120,
2026-09-16 08:26:15,VR Auckland City,2026-11-10,Booking.com,203,
2026-09-16 08:26:21,VR Queen Street Auckland,2026-11-11,Super.com,45,
2026-09-16 08:26:21,VR Queen Street Auckland,2026-11-11,Official site,92,
2026-09-16 08:26:21,VR Queen Street Auckland,2026-11-11,Booking.com,153,Open VR Queen Street - Hotel & Suites in a new tab.
2026-09-16 08:26:27,VR Auckland City,2026-11-11,Official site,92,
2026-09-16 08:26:27,VR Auckland City,2026-11-11,Booking.com,224,One-Bedroom Apartment
2026-09-16 08:26:33,VR Queen Street Auckland,2026-11-12,Super.com,44,
2026-09-16 08:26:33,VR Queen Street Auckland,2026-11-12,Official site,92,ibis budget Auckland Central - Double Studio
2026-09-16 08:26:33,VR Queen Street Auckland,2026-11-12,Booking.com,105,Penthouse
2026-09-16 08:26:33,VR Queen Street Auckland,2026-11-12,Hotels.com,182,Standard King Room
2026-09-16 08:26:40,VR Auckland City,2026-11-12,Official site,92,ibis budget Auckland Central - Double Studio
2026-09-16 08:26:40,VR Auckland City,2026-11-12,Super.com,119,
2026-09-16 08:26:40,VR Auckland City,2026-11-12,Booking.com,168,
2026-09-16 08:26:46,VR Queen Street Auckland,2026-11-13,Official site,92,
2026-09-16 08:26:46,VR Queen Street Auckland,2026-11-13,Booking.com,132,Open VR Queen Street - Hotel & Suites in a new tab.
2026-09-16 08:26:46,VR Queen Street Auckland,2026-11-13,Super.com,132,
2026-09-16 08:26:46,VR Queen Street Auckland,2026-11-13,Expedia,168,
2026-09-16 08:26:52,VR Auckland City,2026-11-13,Official site,92,
2026-09-16 08:26:52,VR Auckland City,2026-11-13,Super.com,118,
2026-09-16 08:26:52,VR Auckland City,2026-11-13,Booking.com,230,Studio Apartment
2026-09-16 08:26:58,VR Queen Street Auckland,2026-11-14,Official site,116,
2026-09-16 08:26:58,VR Queen Street Auckland,2026-11-14,Super.com,132,
2026-09-16 08:26:58,VR Queen Street Auckland,2026-11-14,Booking.com,167,Standard King Room
2026-09-16 08:27:04,VR Auckland City,2026-11-14,Official site,116,
2026-09-16 08:27:04,VR Auckland City,2026-11-14,Booking.com,125,
2026-09-16 08:27:04,VR Auckland City,2026-11-14,Hotels.com,295,
2026-09-16 08:27:11,VR Queen Street Auckland,2026-11-15,Official site,111,Open VR Queen Street - Hotel & Suites in a new tab.
2026-09-16 08:27:11,VR Queen Street Auckland,2026-11-15,Super.com,111,
2026-09-16 08:27:11,VR Queen Street Auckland,2026-11-15,Expedia,131,
2026-09-16 08:27:11,VR Queen Street Auckland,2026-11-15,Booking.com,134,Standard King Room
2026-09-16 08:27:17,VR Auckland City,2026-11-15,Official site,107,"Swiss-Belsuites Victoria Park, Auckland"
2026-09-16 08:27:17,VR Auckland City,2026-11-15,Booking.com,200,Studio Apartment
2026-09-16 08:27:23,VR Queen Street Auckland,2026-11-16,Booking.com,83,Ramada Suites By Wyndham Victoria Street West
2026-09-16 08:27:23,VR Queen Street Auckland,2026-11-16,Official site,108,Open VR Queen Street - Hotel & Suites in a new tab.
2026-09-16 08:27:23,VR Queen Street Auckland,2026-11-16,Super.com,108,
2026-09-16 08:27:29,VR Auckland City,2026-11-16,Official site,83,Ramada Suites By Wyndham Victoria Street West
2026-09-16 08:27:29,VR Auckland City,2026-11-16,Booking.com,107,
2026-09-16 08:27:36,VR Queen Street Auckland,2026-11-17,Booking.com,83,
2026-09-16 08:27:36,VR Queen Street Auckland,2026-11-17,Official site,108,Open VR Queen Street - Hotel & Suites in a new tab.
2026-09-16 08:27:36,VR Queen Street Auckland,2026-11-17,Super.com,108,
2026-09-16 08:27:42,VR Auckland City,2026-11-17,Official site,83,
2026-09-16 08:27:42,VR Auckland City,2026-11-17,Super.com,120,
2026-09-16 08:27:42,VR Auckland City,2026-11-17,Booking.com,246,
2026-09-16 08:44:52,VR Queen Street Auckland,2026-09-16,Super.com,127,
2026-09-16 08:44:52,VR Queen Street Auckland,2026-09-16,Official site,156,
2026-09-16 08:44:58,VR Auckland City,2026-09-16,Official site,79,
2026-09-16 08:44:58,VR Auckland City,2026-09-16,Super.com,113,
2026-09-16 08:45:04,VR Queen Street Auckland,2026-09-17,Super.com,31,
2026-09-16 08:45:04,VR Queen Street Auckland,2026-09-17,Official site,145,
2026-09-16 08:45:09,VR Auckland City,2026-09-17,Official site,81,
2026-09-16 08:45:09,VR Auckland City,2026-09-17,Super.com,104,
2026-09-16 08:45:14,VR Queen Street Auckland,2026-09-18,Super.com,128,
2026-09-16 08:45:14,VR Queen Street Auckland,2026-09-18,Official site,167,
2026-09-16 08:45:20,VR Auckland City,2026-09-18,Official site,88,
2026-09-16 08:45:20,VR Auckland City,2026-09-18,Super.com,110,
2026-09-16 08:45:26,VR Queen Street Auckland,2026-09-19,Super.com,135,
2026-09-16 08:45:26,VR Queen Street Auckland,2026-09-19,Official site,175,
2026-09-16 08:45:32,VR Auckland City,2026-09-19,Super.com,118,
2026-09-16 08:45:32,VR Auckland City,2026-09-19,Booking.com,135,
2026-09-16 08:45:39,VR Queen Street Auckland,2026-09-20,Super.com,81,
2026-09-16 08:45:39,VR Queen Street Auckland,2026-09-20,Official site,102,
2026-09-16 08:45:46,VR Auckland City,2026-09-20,Official site,74,
2026-09-16 08:45:46,VR Auckland City,2026-09-20,Super.com,84,
2026-09-16 08:45:54,VR Queen Street Auckland,2026-09-21,Super.com,78,
2026-09-16 08:45:54,VR Queen Street Auckland,2026-09-21,Official site,102,
2026-09-16 08:46:01,VR Auckland City,2026-09-21,Official site,74,
2026-09-16 08:46:01,VR Auckland City,2026-09-21,Super.com,85,
2026-09-16 08:46:08,VR Queen Street Auckland,2026-09-22,Super.com,80,
2026-09-16 08:46:08,VR Queen Street Auckland,2026-09-22,Hotels.com,90,
2026-09-16 08:46:13,VR Auckland City,2026-09-22,Official site,74,
2026-09-16 08:46:13,VR Auckland City,2026-09-22,Super.com,85,
2026-09-16 08:46:19,VR Queen Street Auckland,2026-09-23,Super.com,80,
2026-09-16 08:46:19,VR Queen Street Auckland,2026-09-23,Official site,101,
2026-09-16 08:46:23,VR Auckland City,2026-09-23,Official site,74,
2026-09-16 08:46:23,VR Auckland City,2026-09-23,Super.com,87,
2026-09-16 08:46:28,VR Queen Street Auckland,2026-09-24,Super.com,78,
2026-09-16 08:46:28,VR Queen Street Auckland,2026-09-24,Official site,101,
2026-09-16 08:46:34,VR Auckland City,2026-09-24,Super.com,87,
2026-09-16 08:46:34,VR Auckland City,2026-09-24,Expedia,112,
2026-09-16 08:46:38,VR Queen Street Auckland,2026-09-25,Super.com,115,
2026-09-16 08:46:38,VR Queen Street Auckland,2026-09-25,Official site,149,
2026-09-16 08:46:43,VR Auckland City,2026-09-25,Official site,97,
2026-09-16 08:46:43,VR Auckland City,2026-09-25,Super.com,116,
2026-09-16 08:46:48,VR Queen Street Auckland,2026-09-26,Super.com,118,
2026-09-16 08:46:48,VR Queen Street Auckland,2026-09-26,Official site,153,
2026-09-16 08:46:54,VR Auckland City,2026-09-26,Official site,97,
2026-09-16 08:46:54,VR Auckland City,2026-09-26,Super.com,164,
2026-09-16 08:46:59,VR Queen Street Auckland,2026-09-27,Super.com,80,
2026-09-16 08:46:59,VR Queen Street Auckland,2026-09-27,Official site,104,
2026-09-16 08:47:04,VR Auckland City,2026-09-27,Official site,74,
2026-09-16 08:47:04,VR Auckland City,2026-09-27,Super.com,112,
2026-09-16 08:47:09,VR Queen Street Auckland,2026-09-28,Super.com,80,
2026-09-16 08:47:09,VR Queen Street Auckland,2026-09-28,Official site,104,
2026-09-16 08:47:14,VR Auckland City,2026-09-28,Official site,74,
2026-09-16 08:47:14,VR Auckland City,2026-09-28,Super.com,84,
2026-09-16 08:47:20,VR Queen Street Auckland,2026-09-29,Super.com,80,
2026-09-16 08:47:20,VR Queen Street Auckland,2026-09-29,Official site,104,
2026-09-16 08:47:26,VR Auckland City,2026-09-29,Official site,74,
2026-09-16 08:47:26,VR Auckland City,2026-09-29,Super.com,87,
2026-09-16 08:47:32,VR Queen Street Auckland,2026-09-30,Official site,67,
2026-09-16 08:47:32,VR Queen Street Auckland,2026-09-30,Wotif,86,VR Queen Street - Hotel & Suites
2026-09-16 08:47:32,VR Queen Street Auckland,2026-09-30,Super.com,86,
2026-09-16 08:47:39,VR Auckland City,2026-09-30,Official site,67,
2026-09-16 08:47:39,VR Auckland City,2026-09-30,Super.com,87,
2026-09-16 08:47:45,VR Queen Street Auckland,2026-10-01,Super.com,97,
2026-09-16 08:47:45,VR Queen Street Auckland,2026-10-01,Official site,125,
2026-09-16 08:47:50,VR Auckland City,2026-10-01,Official site,84,
2026-09-16 08:47:50,VR Auckland City,2026-10-01,Super.com,91,
2026-09-16 08:47:55,VR Queen Street Auckland,2026-10-02,Super.com,111,
2026-09-16 08:47:55,VR Queen Street Auckland,2026-10-02,Official site,144,
2026-09-16 08:48:00,VR Auckland City,2026-10-02,Official site,102,
2026-09-16 08:48:00,VR Auckland City,2026-10-02,Super.com,112,
2026-09-16 08:48:06,VR Queen Street Auckland,2026-10-03,Booking.com,112,
2026-09-16 08:48:06,VR Queen Street Auckland,2026-10-03,Official site,121,Open VR Queen Street - Hotel & Suites in a new tab.
2026-09-16 08:48:06,VR Queen Street Auckland,2026-10-03,Super.com,121,
2026-09-16 08:48:12,VR Auckland City,2026-10-03,Official site,102,
2026-09-16 08:48:12,VR Auckland City,2026-10-03,Booking.com,155,
2026-09-16 08:48:17,VR Queen Street Auckland,2026-10-04,Official site,90,VR Queen Street - Hotel & Suites
2026-09-16 08:48:17,VR Queen Street Auckland,2026-10-04,Booking.com,90,Open VR Queen Street - Hotel & Suites in a new tab.
2026-09-16 08:48:17,VR Queen Street Auckland,2026-10-04,Super.com,90,
2026-09-16 08:48:23,VR Auckland City,2026-10-04,Official site,84,Parkside Hotel & Apartments Auckland
2026-09-16 08:48:23,VR Auckland City,2026-10-04,Super.com,108,
2026-09-16 08:48:30,VR Queen Street Auckland,2026-10-05,Official site,90,VR Queen Street - Hotel & Suites
2026-09-16 08:48:30,VR Queen Street Auckland,2026-10-05,Booking.com,90,Open VR Queen Street - Hotel & Suites in a new tab.
2026-09-16 08:48:30,VR Queen Street Auckland,2026-10-05,Super.com,90,
2026-09-16 08:48:36,VR Auckland City,2026-10-05,Official site,84,
2026-09-16 08:48:36,VR Auckland City,2026-10-05,Booking.com,84,
2026-09-16 08:48:36,VR Auckland City,2026-10-05,Super.com,110,
2026-09-16 08:48:42,VR Queen Street Auckland,2026-10-06,Booking.com,78,Auckland Harbour Suites
2026-09-16 08:48:42,VR Queen Street Auckland,2026-10-06,Official site,89,Mercure Auckland Queen Street
2026-09-16 08:48:42,VR Queen Street Auckland,2026-10-06,Super.com,90,
2026-09-16 08:48:49,VR Auckland City,2026-10-06,Official site,84,
2026-09-16 08:48:49,VR Auckland City,2026-10-06,Super.com,107,
2026-09-16 08:48:53,VR Queen Street Auckland,2026-10-07,Booking.com,77,Princes Wharf Boutique Apartment
2026-09-16 08:48:53,VR Queen Street Auckland,2026-10-07,Official site,85,Open VR Queen Street - Hotel & Suites in a new tab.
2026-09-16 08:48:53,VR Queen Street Auckland,2026-10-07,Super.com,85,
2026-09-16 08:49:00,VR Auckland City,2026-10-07,Official site,77,Princes Wharf Boutique Apartment
2026-09-16 08:49:00,VR Auckland City,2026-10-07,Booking.com,84,
2026-09-16 08:49:06,VR Queen Street Auckland,2026-10-08,Official site,90,Mercure Auckland Queen Street
2026-09-16 08:49:06,VR Queen Street Auckland,2026-10-08,Super.com,114,
2026-09-16 08:49:12,VR Auckland City,2026-10-08,Official site,84,Chic Princes Wharf Studio | City View | Parking
2026-09-16 08:49:12,VR Auckland City,2026-10-08,Booking.com,90,Mercure Auckland Queen Street
2026-09-16 08:49:12,VR Auckland City,2026-10-08,Super.com,142,
2026-09-16 08:49:18,VR Queen Street Auckland,2026-10-09,Booking.com,75,Grand Central Serviced Apartments
2026-09-16 08:49:18,VR Queen Street Auckland,2026-10-09,Official site,138,
2026-09-16 08:49:18,VR Queen Street Auckland,2026-10-09,Super.com,224,
2026-09-16 08:49:25,VR Auckland City,2026-10-09,Official site,75,Grand Central Serviced Apartments
2026-09-16 08:49:25,VR Auckland City,2026-10-09,Booking.com,102,Parkside Hotel & Apartments Auckland
2026-09-16 08:49:25,VR Auckland City,2026-10-09,Super.com,256,
2026-09-16 08:49:32,VR Queen Street Auckland,2026-10-10,Official site,90,
2026-09-16 08:49:32,VR Queen Street Auckland,2026-10-10,Super.com,231,
2026-09-16 08:49:38,VR Auckland City,2026-10-10,Official site,90,
2026-09-16 08:49:38,VR Auckland City,2026-10-10,Super.com,455,
2026-09-16 08:49:44,VR Queen Street Auckland,2026-10-11,Official site,96,VR Queen Street - Hotel & Suites
2026-09-16 08:49:44,VR Queen Street Auckland,2026-10-11,Super.com,96,
2026-09-16 08:49:50,VR Auckland City,2026-10-11,Official site,84,Chic Princes Wharf Studio | City View | Parking
2026-09-16 08:49:50,VR Auckland City,2026-10-11,Super.com,88,
2026-09-16 08:49:50,VR Auckland City,2026-10-11,Booking.com,148,
2026-09-16 08:49:57,VR Queen Street Auckland,2026-10-12,Booking.com,99,Open VR Queen Street - Hotel & Suites in a new tab.
2026-09-16 08:49:57,VR Queen Street Auckland,2026-10-12,Super.com,99,
2026-09-16 08:49:57,VR Queen Street Auckland,2026-10-12,Official site,125,
2026-09-16 08:50:03,VR Auckland City,2026-10-12,Official site,84,
2026-09-16 08:50:03,VR Auckland City,2026-10-12,Super.com,102,
2026-09-16 08:50:08,VR Queen Street Auckland,2026-10-13,Official site,78,Ramada Suites By Wyndham Victoria Street West
2026-09-16 08:50:08,VR Queen Street Auckland,2026-10-13,Super.com,96,
2026-09-16 08:50:14,VR Auckland City,2026-10-13,Official site,78,Ramada Suites By Wyndham Victoria Street West
2026-09-16 08:50:14,VR Auckland City,2026-10-13,Super.com,91,
2026-09-16 08:50:20,VR Queen Street Auckland,2026-10-14,Official site,81,Parkside Hotel & Apartments Auckland
2026-09-16 08:50:20,VR Queen Street Auckland,2026-10-14,Booking.com,97,VR Queen Street - Hotel & Suites
2026-09-16 08:50:20,VR Queen Street Auckland,2026-10-14,Super.com,97,
2026-09-16 08:50:27,VR Auckland City,2026-10-14,Official site,81,Parkside Hotel & Apartments Auckland
2026-09-16 08:50:27,VR Auckland City,2026-10-14,Super.com,93,
2026-09-16 08:50:33,VR Queen Street Auckland,2026-10-15,Official site,89,
2026-09-16 08:50:33,VR Queen Street Auckland,2026-10-15,Super.com,96,
2026-09-16 08:50:39,VR Auckland City,2026-10-15,Official site,84,
2026-09-16 08:50:39,VR Auckland City,2026-10-15,Super.com,96,
2026-09-16 08:50:46,VR Queen Street Auckland,2026-10-16,Booking.com,113,
2026-09-16 08:50:46,VR Queen Street Auckland,2026-10-16,Super.com,133,
2026-09-16 08:50:46,VR Queen Street Auckland,2026-10-16,Official site,170,Ramada Suites By Wyndham Victoria Street West
2026-09-16 08:50:52,VR Auckland City,2026-10-16,Official site,102,
2026-09-16 08:50:52,VR Auckland City,2026-10-16,Booking.com,102,Penthouse - One-Bedroom Apartment
2026-09-16 08:50:58,VR Queen Street Auckland,2026-10-17,Official site,69,
2026-09-16 08:50:58,VR Queen Street Auckland,2026-10-17,Super.com,215,
2026-09-16 08:51:04,VR Auckland City,2026-10-17,Official site,69,
2026-09-16 08:51:04,VR Auckland City,2026-10-17,Super.com,558,
2026-09-16 08:51:11,VR Queen Street Auckland,2026-10-18,Official site,90,Mercure Auckland Queen Street
2026-09-16 08:51:11,VR Queen Street Auckland,2026-10-18,Super.com,104,
2026-09-16 08:51:17,VR Auckland City,2026-10-18,Official site,84,Parkside Hotel & Apartments Auckland
2026-09-16 08:51:17,VR Auckland City,2026-10-18,Booking.com,149,
2026-09-16 08:51:23,VR Queen Street Auckland,2026-10-19,Official site,84,
2026-09-16 08:51:23,VR Queen Street Auckland,2026-10-19,Booking.com,95,VR Queen Street - Hotel & Suites
2026-09-16 08:51:23,VR Queen Street Auckland,2026-10-19,Super.com,108,
2026-09-16 08:51:30,VR Auckland City,2026-10-19,Official site,84,Parkside Hotel & Apartments Auckland
2026-09-16 08:51:30,VR Auckland City,2026-10-19,Super.com,151,
2026-09-16 08:51:36,VR Queen Street Auckland,2026-10-20,Super.com,50,
2026-09-16 08:51:36,VR Queen Street Auckland,2026-10-20,Official site,75,Grand Central Serviced Apartments
2026-09-16 08:51:42,VR Auckland City,2026-10-20,Official site,75,Grand Central Serviced Apartments
2026-09-16 08:51:42,VR Auckland City,2026-10-20,Booking.com,84,Princes Wharf - Penthouse - Stunning Views
2026-09-16 08:51:42,VR Auckland City,2026-10-20,Super.com,155,
2026-09-16 08:51:49,VR Queen Street Auckland,2026-10-21,Super.com,50,
2026-09-16 08:51:49,VR Queen Street Auckland,2026-10-21,Official site,78,City Gardens Apartments
2026-09-16 08:51:49,VR Queen Street Auckland,2026-10-21,Booking.com,141,Penthouse - One-Bedroom Apartment
2026-09-16 08:51:55,VR Auckland City,2026-10-21,Super.com,45,
2026-09-16 08:51:55,VR Auckland City,2026-10-21,Official site,78,City Gardens Apartments
2026-09-16 08:52:01,VR Queen Street Auckland,2026-10-22,Official site,84,The Quadrant Hotel & Suites
2026-09-16 08:52:01,VR Queen Street Auckland,2026-10-22,Super.com,132,
2026-09-16 08:52:08,VR Auckland City,2026-10-22,Official site,84,The Quadrant Hotel & Suites
2026-09-16 08:52:08,VR Auckland City,2026-10-22,Booking.com,218,
2026-09-16 08:52:14,VR Queen Street Auckland,2026-10-23,Super.com,66,
2026-09-16 08:52:14,VR Queen Street Auckland,2026-10-23,Official site,78,City Gardens Apartments
2026-09-16 08:52:14,VR Queen Street Auckland,2026-10-23,Booking.com,120,Lovely apartment with WiFi in vibrant central Auckland
2026-09-16 08:52:20,VR Auckland City,2026-10-23,Booking.com,78,City Gardens Apartments
2026-09-16 08:52:20,VR Auckland City,2026-10-23,Official site,102,Lovely apartment with WiFi in vibrant central Auckland
2026-09-16 08:52:20,VR Auckland City,2026-10-23,Trip.com,450,
2026-09-16 08:52:26,VR Queen Street Auckland,2026-10-24,Booking.com,75,Grand Central Serviced Apartments
2026-09-16 08:52:26,VR Queen Street Auckland,2026-10-24,Official site,197,Open VR Queen Street - Hotel & Suites in a new tab.
2026-09-16 08:52:26,VR Queen Street Auckland,2026-10-24,Super.com,197,
2026-09-16 08:52:33,VR Auckland City,2026-10-24,Booking.com,75,Grand Central Serviced Apartments
2026-09-16 08:52:33,VR Auckland City,2026-10-24,Official site,102,Parkside Hotel & Apartments Auckland
2026-09-16 08:52:33,VR Auckland City,2026-10-24,Expedia,311,
2026-09-16 08:52:39,VR Queen Street Auckland,2026-10-25,Booking.com,84,
2026-09-16 08:52:39,VR Queen Street Auckland,2026-10-25,Official site,95,Parkside Hotel & Apartments Auckland
2026-09-16 08:52:39,VR Queen Street Auckland,2026-10-25,Super.com,233,
2026-09-16 08:52:45,VR Auckland City,2026-10-25,Official site,84,
2026-09-16 08:52:45,VR Auckland City,2026-10-25,Booking.com,84,Studio Steps from Sky City
2026-09-16 08:52:45,VR Auckland City,2026-10-25,Super.com,96,
2026-09-16 08:52:52,VR Queen Street Auckland,2026-10-26,Booking.com,97,VR Queen Street - Hotel & Suites
2026-09-16 08:52:52,VR Queen Street Auckland,2026-10-26,Official site,97,Open VR Queen Street - Hotel & Suites in a new tab.
2026-09-16 08:52:52,VR Queen Street Auckland,2026-10-26,Super.com,97,
2026-09-16 08:52:58,VR Auckland City,2026-10-26,Official site,84,
2026-09-16 08:52:58,VR Auckland City,2026-10-26,Booking.com,84,Ramada Suites By Wyndham Victoria Street West
2026-09-16 08:53:05,VR Queen Street Auckland,2026-10-27,Official site,94,
2026-09-16 08:53:05,VR Queen Street Auckland,2026-10-27,Super.com,96,
2026-09-16 08:53:11,VR Auckland City,2026-10-27,Official site,84,
2026-09-16 08:53:11,VR Auckland City,2026-10-27,Super.com,91,
2026-09-16 08:53:18,VR Queen Street Auckland,2026-10-28,Booking.com,95,
2026-09-16 08:53:18,VR Queen Street Auckland,2026-10-28,Official site,97,VR Queen Street - Hotel & Suites
2026-09-16 08:53:18,VR Queen Street Auckland,2026-10-28,Super.com,97,
2026-09-16 08:53:24,VR Auckland City,2026-10-28,Official site,84,Ramada Suites By Wyndham Victoria Street West
2026-09-16 08:53:24,VR Auckland City,2026-10-28,Super.com,91,
2026-09-16 08:53:24,VR Auckland City,2026-10-28,Booking.com,97,VR Queen Street - Hotel & Suites
2026-09-16 08:53:30,VR Queen Street Auckland,2026-10-29,Official site,84,
2026-09-16 08:53:30,VR Queen Street Auckland,2026-10-29,Super.com,95,
2026-09-16 08:53:30,VR Queen Street Auckland,2026-10-29,Booking.com,97,
2026-09-16 08:53:37,VR Auckland City,2026-10-29,Official site,84,
2026-09-16 08:53:37,VR Auckland City,2026-10-29,Super.com,90,
2026-09-16 08:53:37,VR Auckland City,2026-10-29,Booking.com,97,
2026-09-16 08:53:43,VR Queen Street Auckland,2026-10-30,Official site,108,Ramada Suites By Wyndham Victoria Street West
2026-09-16 08:53:43,VR Queen Street Auckland,2026-10-30,Booking.com,117,ibis budget Auckland Central - Double Studio
2026-09-16 08:53:43,VR Queen Street Auckland,2026-10-30,Super.com,122,
2026-09-16 08:53:50,VR Auckland City,2026-10-30,Official site,102,Penthouse - One-Bedroom Apartment
2026-09-16 08:53:50,VR Auckland City,2026-10-30,Super.com,126,
2026-09-16 08:53:56,VR Queen Street Auckland,2026-10-31,Booking.com,82,
2026-09-16 08:53:56,VR Queen Street Auckland,2026-10-31,Official site,121,VR Queen Street - Hotel & Suites
2026-09-16 08:53:56,VR Queen Street Auckland,2026-10-31,Super.com,121,
2026-09-16 08:54:02,VR Auckland City,2026-10-31,Official site,82,
2026-09-16 08:54:02,VR Auckland City,2026-10-31,Super.com,130,
2026-09-16 08:54:09,VR Queen Street Auckland,2026-11-01,Booking.com,102,Open VR Queen Street - Hotel & Suites in a new tab.
2026-09-16 08:54:09,VR Queen Street Auckland,2026-11-01,Super.com,102,
2026-09-16 08:54:09,VR Queen Street Auckland,2026-11-01,Official site,108,
2026-09-16 08:54:15,VR Auckland City,2026-11-01,Official site,107,
2026-09-16 08:54:15,VR Auckland City,2026-11-01,Super.com,126,
2026-09-16 08:54:21,VR Queen Street Auckland,2026-11-02,Official site,100,Open VR Queen Street - Hotel & Suites in a new tab.
2026-09-16 08:54:21,VR Queen Street Auckland,2026-11-02,Super.com,100,
2026-09-16 08:54:21,VR Queen Street Auckland,2026-11-02,Booking.com,115,
2026-09-16 08:54:27,VR Auckland City,2026-11-02,Official site,107,"Swiss-Belsuites Victoria Park, Auckland"
2026-09-16 08:54:27,VR Auckland City,2026-11-02,Super.com,117,
2026-09-16 08:54:33,VR Queen Street Auckland,2026-11-03,Official site,95,
2026-09-16 08:54:33,VR Queen Street Auckland,2026-11-03,Super.com,101,
2026-09-16 08:54:39,VR Auckland City,2026-11-03,Official site,95,
2026-09-16 08:54:39,VR Auckland City,2026-11-03,Super.com,118,
2026-09-16 08:54:45,VR Queen Street Auckland,2026-11-04,Official site,84,
2026-09-16 08:54:45,VR Queen Street Auckland,2026-11-04,Booking.com,117,
2026-09-16 08:54:45,VR Queen Street Auckland,2026-11-04,Super.com,136,
2026-09-16 08:54:52,VR Auckland City,2026-11-04,Official site,84,
2026-09-16 08:54:52,VR Auckland City,2026-11-04,Booking.com,180,
2026-09-16 08:54:58,VR Queen Street Auckland,2026-11-05,Super.com,47,
2026-09-16 08:54:58,VR Queen Street Auckland,2026-11-05,Official site,98,Penthouse - One-Bedroom Apartment
2026-09-16 08:55:04,VR Auckland City,2026-11-05,Official site,98,Penthouse - One-Bedroom Apartment
2026-09-16 08:55:04,VR Auckland City,2026-11-05,Booking.com,272,
2026-09-16 08:55:10,VR Queen Street Auckland,2026-11-06,Official site,149,VR Queen Street - Hotel & Suites
2026-09-16 08:55:10,VR Queen Street Auckland,2026-11-06,Super.com,149,
2026-09-16 08:55:16,VR Auckland City,2026-11-06,Official site,125,Pullman Auckland Hotel & Apartments
2026-09-16 08:55:16,VR Auckland City,2026-11-06,Booking.com,149,VR Queen Street - Hotel & Suites
2026-09-16 08:55:23,VR Queen Street Auckland,2026-11-07,Official site,128,
2026-09-16 08:55:23,VR Queen Street Auckland,2026-11-07,Super.com,289,
2026-09-16 08:55:29,VR Auckland City,2026-11-07,Official site,204,
2026-09-16 08:55:29,VR Auckland City,2026-11-07,Hotels.com,440,
2026-09-16 08:55:34,VR Queen Street Auckland,2026-11-08,Booking.com,81,
2026-09-16 08:55:34,VR Queen Street Auckland,2026-11-08,Official site,119,
2026-09-16 08:55:34,VR Queen Street Auckland,2026-11-08,Super.com,235,
2026-09-16 08:55:40,VR Auckland City,2026-11-08,Official site,81,
2026-09-16 08:55:40,VR Auckland City,2026-11-08,Booking.com,316,
2026-09-16 08:55:40,VR Auckland City,2026-11-08,Expedia,316,
2026-09-16 08:55:46,VR Queen Street Auckland,2026-11-09,Booking.com,72,City Gardens Apartments
2026-09-16 08:55:46,VR Queen Street Auckland,2026-11-09,Official site,126,ibis budget Auckland Central - Double Studio
2026-09-16 08:55:46,VR Queen Street Auckland,2026-11-09,Super.com,168,
2026-09-16 08:55:52,VR Auckland City,2026-11-09,Official site,72,City Gardens Apartments
2026-09-16 08:55:52,VR Auckland City,2026-11-09,Super.com,117,
2026-09-16 08:55:59,VR Queen Street Auckland,2026-11-10,Official site,76,City Gardens Apartments
2026-09-16 08:55:59,VR Queen Street Auckland,2026-11-10,Booking.com,107,Open VR Queen Street - Hotel & Suites in a new tab.
2026-09-16 08:55:59,VR Queen Street Auckland,2026-11-10,Super.com,107,
2026-09-16 08:56:05,VR Auckland City,2026-11-10,Official site,76,City Gardens Apartments
2026-09-16 08:56:05,VR Auckland City,2026-11-10,Super.com,120,
2026-09-16 08:56:11,VR Queen Street Auckland,2026-11-11,Super.com,41,
2026-09-16 08:56:11,VR Queen Street Auckland,2026-11-11,Official site,92,
2026-09-16 08:56:17,VR Auckland City,2026-11-11,Official site,92,
2026-09-16 08:56:17,VR Auckland City,2026-11-11,Booking.com,111,"Swiss-Belsuites Victoria Park, Auckland"
2026-09-16 08:56:23,VR Queen Street Auckland,2026-11-12,Super.com,44,
2026-09-16 08:56:23,VR Queen Street Auckland,2026-11-12,Official site,92,ibis budget Auckland Central - Double Studio
2026-09-16 08:56:23,VR Queen Street Auckland,2026-11-12,Booking.com,105,Parkside Hotel & Apartments
2026-09-16 08:56:30,VR Auckland City,2026-11-12,Official site,92,ibis budget Auckland Central - Double Studio
2026-09-16 08:56:30,VR Auckland City,2026-11-12,Booking.com,105,Parkside Hotel & Apartments
2026-09-16 08:56:30,VR Auckland City,2026-11-12,Super.com,119,
2026-09-16 08:56:36,VR Queen Street Auckland,2026-11-13,Official site,92,
2026-09-16 08:56:36,VR Queen Street Auckland,2026-11-13,Booking.com,131,Open VR Queen Street - Hotel & Suites in a new tab.
2026-09-16 08:56:36,VR Queen Street Auckland,2026-11-13,Super.com,131,
2026-09-16 08:56:43,VR Auckland City,2026-11-13,Official site,92,
2026-09-16 08:56:43,VR Auckland City,2026-11-13,Booking.com,117,Parkside Hotel & Apartments Auckland
2026-09-16 08:56:43,VR Auckland City,2026-11-13,Super.com,117,
2026-09-16 08:56:49,VR Queen Street Auckland,2026-11-14,Official site,113,
2026-09-16 08:56:49,VR Queen Street Auckland,2026-11-14,Booking.com,135,Open VR Queen Street - Hotel & Suites in a new tab.
2026-09-16 08:56:49,VR Queen Street Auckland,2026-11-14,Super.com,135,
2026-09-16 08:56:55,VR Auckland City,2026-11-14,Official site,113,
2026-09-16 08:56:55,VR Auckland City,2026-11-14,Booking.com,125,Parkside Hotel & Apartments Auckland
2026-09-16 08:57:02,VR Queen Street Auckland,2026-11-15,Official site,110,
2026-09-16 08:57:02,VR Queen Street Auckland,2026-11-15,Super.com,111,
2026-09-16 08:57:08,VR Auckland City,2026-11-15,Official site,107,
2026-09-16 08:57:08,VR Auckland City,2026-11-15,Super.com,120,
2026-09-16 08:57:14,VR Queen Street Auckland,2026-11-16,Booking.com,83,Ramada Suites By Wyndham Victoria Street West
2026-09-16 08:57:14,VR Queen Street Auckland,2026-11-16,Official site,108,Open VR Queen Street - Hotel & Suites in a new tab.
2026-09-16 08:57:14,VR Queen Street Auckland,2026-11-16,Super.com,108,
2026-09-16 08:57:20,VR Auckland City,2026-11-16,Booking.com,83,Ramada Suites By Wyndham Victoria Street West
2026-09-16 08:57:20,VR Auckland City,2026-11-16,Official site,107,Penthouse - One-Bedroom Apartment
2026-09-16 08:57:27,VR Queen Street Auckland,2026-11-17,Official site,82,
2026-09-16 08:57:27,VR Queen Street Auckland,2026-11-17,Super.com,108,
2026-09-16 08:57:32,VR Auckland City,2026-11-17,Official site,82,
2026-09-16 08:57:32,VR Auckland City,2026-11-17,Super.com,120,
2026-09-16 09:14:52,VR Queen Street Auckland,2026-09-16,Super.com,127,
2026-09-16 09:14:52,VR Queen Street Auckland,2026-09-16,Booking.com,141,One-Bedroom Suite
2026-09-16 09:14:52,VR Queen Street Auckland,2026-09-16,Official site,156,
2026-09-16 09:14:57,VR Auckland City,2026-09-16,Trip.com,38,
2026-09-16 09:14:57,VR Auckland City,2026-09-16,Official site,79,
2026-09-16 09:14:57,VR Auckland City,2026-09-16,Booking.com,135,Studio Apartment
2026-09-16 09:15:02,VR Queen Street Auckland,2026-09-17,Super.com,31,
2026-09-16 09:15:02,VR Queen Street Auckland,2026-09-17,Hotels.com,126,Suite · Suite
2026-09-16 09:15:02,VR Queen Street Auckland,2026-09-17,Booking.com,131,
2026-09-16 09:15:02,VR Queen Street Auckland,2026-09-17,Official site,145,
2026-09-16 09:15:08,VR Auckland City,2026-09-17,Official site,81,
2026-09-16 09:15:08,VR Auckland City,2026-09-17,Super.com,104,
2026-09-16 09:15:08,VR Auckland City,2026-09-17,Booking.com,122,Studio Apartment
2026-09-16 09:15:13,VR Queen Street Auckland,2026-09-18,Super.com,128,
2026-09-16 09:15:13,VR Queen Street Auckland,2026-09-18,Booking.com,151,Standard King Room
2026-09-16 09:15:13,VR Queen Street Auckland,2026-09-18,Official site,167,
2026-09-16 09:15:19,VR Auckland City,2026-09-18,Official site,88,
2026-09-16 09:15:19,VR Auckland City,2026-09-18,Super.com,110,
2026-09-16 09:15:19,VR Auckland City,2026-09-18,Booking.com,122,Studio Apartment
2026-09-16 09:15:24,VR Queen Street Auckland,2026-09-19,Super.com,135,
2026-09-16 09:15:24,VR Queen Street Auckland,2026-09-19,Booking.com,157,Standard King Room
2026-09-16 09:15:24,VR Queen Street Auckland,2026-09-19,Official site,175,
2026-09-16 09:15:29,VR Auckland City,2026-09-19,Super.com,118,
2026-09-16 09:15:29,VR Auckland City,2026-09-19,Booking.com,135,Studio Apartment
2026-09-16 09:15:29,VR Auckland City,2026-09-19,Agoda,145,
2026-09-16 09:15:34,VR Queen Street Auckland,2026-09-20,Super.com,81,
2026-09-16 09:15:34,VR Queen Street Auckland,2026-09-20,Booking.com,92,Standard King Room
2026-09-16 09:15:34,VR Queen Street Auckland,2026-09-20,Official site,102,
2026-09-16 09:15:39,VR Auckland City,2026-09-20,Official site,74,
2026-09-16 09:15:39,VR Auckland City,2026-09-20,Super.com,84,
2026-09-16 09:15:39,VR Auckland City,2026-09-20,Booking.com,108,Studio Apartment
2026-09-16 09:15:44,VR Queen Street Auckland,2026-09-21,Super.com,78,
2026-09-16 09:15:44,VR Queen Street Auckland,2026-09-21,Hotels.com,88,Standard King Room
2026-09-16 09:15:44,VR Queen Street Auckland,2026-09-21,Booking.com,92,
2026-09-16 09:15:44,VR Queen Street Auckland,2026-09-21,Official site,102,
2026-09-16 09:15:49,VR Auckland City,2026-09-21,Official site,74,
2026-09-16 09:15:49,VR Auckland City,2026-09-21,Super.com,85,
2026-09-16 09:15:49,VR Auckland City,2026-09-21,Booking.com,100,Studio Apartment
2026-09-16 09:15:54,VR Queen Street Auckland,2026-09-22,Super.com,80,
2026-09-16 09:15:54,VR Queen Street Auckland,2026-09-22,Hotels.com,90,Standard King Room
2026-09-16 09:15:54,VR Queen Street Auckland,2026-09-22,Booking.com,95,
2026-09-16 09:15:54,VR Queen Street Auckland,2026-09-22,Official site,105,
2026-09-16 09:15:59,VR Auckland City,2026-09-22,Official site,74,
2026-09-16 09:15:59,VR Auckland City,2026-09-22,Wotif,74,Mercure Auckland Queen Street
2026-09-16 09:15:59,VR Auckland City,2026-09-22,Super.com,85,
2026-09-16 09:15:59,VR Auckland City,2026-09-22,Booking.com,104,
2026-09-16 09:15:59,VR Auckland City,2026-09-22,Expedia,112,Studio Apartment
2026-09-16 09:16:05,VR Queen Street Auckland,2026-09-23,Super.com,80,
2026-09-16 09:16:05,VR Queen Street Auckland,2026-09-23,Booking.com,91,
2026-09-16 09:16:05,VR Queen Street Auckland,2026-09-23,Hotels.com,98,Standard King Room
2026-09-16 09:16:05,VR Queen Street Auckland,2026-09-23,Official site,101,
2026-09-16 09:16:10,VR Auckland City,2026-09-23,Official site,74,
2026-09-16 09:16:10,VR Auckland City,2026-09-23,Super.com,87,
2026-09-16 09:16:10,VR Auckland City,2026-09-23,Booking.com,104,Studio Apartment
2026-09-16 09:16:15,VR Queen Street Auckland,2026-09-24,Super.com,78,
2026-09-16 09:16:15,VR Queen Street Auckland,2026-09-24,Hotels.com,87,Standard King Room
2026-09-16 09:16:15,VR Queen Street Auckland,2026-09-24,Booking.com,91,
2026-09-16 09:16:15,VR Queen Street Auckland,2026-09-24,Official site,101,
2026-09-16 09:16:19,VR Auckland City,2026-09-24,Super.com,87,
2026-09-16 09:16:19,VR Auckland City,2026-09-24,Booking.com,104,
2026-09-16 09:16:19,VR Auckland City,2026-09-24,Expedia,112,Studio Apartment
2026-09-16 09:16:23,VR Queen Street Auckland,2026-09-25,Super.com,115,
2026-09-16 09:16:23,VR Queen Street Auckland,2026-09-25,Booking.com,134,Standard King Room
2026-09-16 09:16:23,VR Queen Street Auckland,2026-09-25,Official site,149,
2026-09-16 09:16:28,VR Auckland City,2026-09-25,Booking.com,85,
2026-09-16 09:16:28,VR Auckland City,2026-09-25,Official site,97,
2026-09-16 09:16:28,VR Auckland City,2026-09-25,Super.com,116,
2026-09-16 09:16:35,VR Queen Street Auckland,2026-09-26,Super.com,118,
2026-09-16 09:16:35,VR Queen Street Auckland,2026-09-26,Booking.com,138,Standard King Room
2026-09-16 09:16:35,VR Queen Street Auckland,2026-09-26,Official site,153,
2026-09-16 09:16:39,VR Auckland City,2026-09-26,Official site,97,
2026-09-16 09:16:39,VR Auckland City,2026-09-26,Booking.com,194,Studio Apartment
2026-09-16 09:16:44,VR Queen Street Auckland,2026-09-27,Wotif,77,
2026-09-16 09:16:44,VR Queen Street Auckland,2026-09-27,Official site,80,Open VR Queen Street - Hotel & Suites in a new tab.
2026-09-16 09:16:44,VR Queen Street Auckland,2026-09-27,Super.com,80,
2026-09-16 09:16:44,VR Queen Street Auckland,2026-09-27,Hotels.com,89,Standard King Room
2026-09-16 09:16:44,VR Queen Street Auckland,2026-09-27,Booking.com,94,
2026-09-16 09:16:51,VR Auckland City,2026-09-27,Official site,74,
2026-09-16 09:16:51,VR Auckland City,2026-09-27,Wotif,77,
2026-09-16 09:16:51,VR Auckland City,2026-09-27,Super.com,112,
2026-09-16 09:16:51,VR Auckland City,2026-09-27,Booking.com,140,Studio Apartment
2026-09-16 09:16:58,VR Queen Street Auckland,2026-09-28,Super.com,80,
2026-09-16 09:16:58,VR Queen Street Auckland,2026-09-28,Booking.com,94,Standard King Room
2026-09-16 09:16:58,VR Queen Street Auckland,2026-09-28,Official site,104,
2026-09-16 09:17:02,VR Auckland City,2026-09-28,Official site,74,
2026-09-16 09:17:02,VR Auckland City,2026-09-28,Super.com,84,
2026-09-16 09:17:02,VR Auckland City,2026-09-28,Booking.com,108,Studio Apartment
2026-09-16 09:17:07,VR Queen Street Auckland,2026-09-29,Wotif,80,VR Queen Street - Hotel & Suites
2026-09-16 09:17:07,VR Queen Street Auckland,2026-09-29,Official site,80,Open VR Queen Street - Hotel & Suites in a new tab.
2026-09-16 09:17:07,VR Queen Street Auckland,2026-09-29,Super.com,80,
2026-09-16 09:17:07,VR Queen Street Auckland,2026-09-29,Booking.com,94,Standard King Room
2026-09-16 09:17:07,VR Queen Street Auckland,2026-09-29,Bluepillow,103,
2026-09-16 09:17:14,VR Auckland City,2026-09-29,Official site,74,
2026-09-16 09:17:14,VR Auckland City,2026-09-29,Super.com,87,
2026-09-16 09:17:14,VR Auckland City,2026-09-29,Booking.com,104,Studio Apartment
2026-09-16 09:17:18,VR Queen Street Auckland,2026-09-30,Wotif,67,
2026-09-16 09:17:18,VR Queen Street Auckland,2026-09-30,Official site,86,VR Queen Street - Hotel & Suites
2026-09-16 09:17:18,VR Queen Street Auckland,2026-09-30,Super.com,86,
2026-09-16 09:17:18,VR Queen Street Auckland,2026-09-30,Hotels.com,95,Standard King Room
2026-09-16 09:17:18,VR Queen Street Auckland,2026-09-30,Booking.com,100,
2026-09-16 09:17:25,VR Auckland City,2026-09-30,Official site,67,
2026-09-16 09:17:25,VR Auckland City,2026-09-30,Wotif,84,VR Queen Street - Hotel & Suites
2026-09-16 09:17:25,VR Auckland City,2026-09-30,Super.com,87,
2026-09-16 09:17:25,VR Auckland City,2026-09-30,Booking.com,104,Studio Apartment
2026-09-16 09:17:31,VR Queen Street Auckland,2026-10-01,Super.com,97,
2026-09-16 09:17:31,VR Queen Street Auckland,2026-10-01,Booking.com,113,Standard King Room
2026-09-16 09:17:31,VR Queen Street Auckland,2026-10-01,Official site,125,
2026-09-16 09:17:36,VR Auckland City,2026-10-01,Official site,84,
2026-09-16 09:17:36,VR Auckland City,2026-10-01,Super.com,91,
2026-09-16 09:17:36,VR Auckland City,2026-10-01,Booking.com,109,Studio Apartment
2026-09-16 09:17:40,VR Queen Street Auckland,2026-10-02,Booking.com,96,
2026-09-16 09:17:40,VR Queen Street Auckland,2026-10-02,Official site,110,Open VR Queen Street - Hotel & Suites in a new tab.
2026-09-16 09:17:40,VR Queen Street Auckland,2026-10-02,Super.com,110,
2026-09-16 09:17:47,VR Auckland City,2026-10-02,Official site,102,
2026-09-16 09:17:47,VR Auckland City,2026-10-02,Super.com,112,
2026-09-16 09:17:47,VR Auckland City,2026-10-02,Booking.com,135,Studio Apartment
2026-09-16 09:17:51,VR Queen Street Auckland,2026-10-03,Wotif,98,
2026-09-16 09:17:51,VR Queen Street Auckland,2026-10-03,Booking.com,110,
2026-09-16 09:17:51,VR Queen Street Auckland,2026-10-03,Super.com,121,
2026-09-16 09:17:51,VR Queen Street Auckland,2026-10-03,Official site,158,
2026-09-16 09:17:59,VR Auckland City,2026-10-03,Wotif,98,
2026-09-16 09:17:59,VR Auckland City,2026-10-03,Official site,102,
2026-09-16 09:17:59,VR Auckland City,2026-10-03,Booking.com,110,
2026-09-16 09:18:05,VR Queen Street Auckland,2026-10-04,Booking.com,90,VR Queen Street - Hotel & Suites
2026-09-16 09:18:05,VR Queen Street Auckland,2026-10-04,Official site,90,Open VR Queen Street - Hotel & Suites in a new tab.
2026-09-16 09:18:05,VR Queen Street Auckland,2026-10-04,Super.com,90,
2026-09-16 09:18:12,VR Auckland City,2026-10-04,Official site,84,
2026-09-16 09:18:12,VR Auckland City,2026-10-04,Booking.com,139,
2026-09-16 09:18:17,VR Queen Street Auckland,2026-10-05,Super.com,90,
2026-09-16 09:18:17,VR Queen Street Auckland,2026-10-05,Booking.com,106,Standard King Room
2026-09-16 09:18:17,VR Queen Street Auckland,2026-10-05,Official site,117,
2026-09-16 09:18:22,VR Auckland City,2026-10-05,Official site,84,
2026-09-16 09:18:22,VR Auckland City,2026-10-05,Booking.com,84,
2026-09-16 09:18:22,VR Auckland City,2026-10-05,Super.com,110,
2026-09-16 09:18:22,VR Auckland City,2026-10-05,Bluepillow,113,
2026-09-16 09:18:28,VR Queen Street Auckland,2026-10-06,Super.com,90,
2026-09-16 09:18:28,VR Queen Street Auckland,2026-10-06,Booking.com,106,Standard King Room
2026-09-16 09:18:28,VR Queen Street Auckland,2026-10-06,Official site,117,
2026-09-16 09:18:33,VR Auckland City,2026-10-06,Booking.com,78,Auckland Harbour Suites
2026-09-16 09:18:33,VR Auckland City,2026-10-06,Official site,84,Mercure Auckland Queen Street
2026-09-16 09:18:33,VR Auckland City,2026-10-06,Super.com,107,
2026-09-16 09:18:39,VR Queen Street Auckland,2026-10-07,Booking.com,77,Auckland Harbour Suites
2026-09-16 09:18:39,VR Queen Street Auckland,2026-10-07,Wotif,86,Open VR Queen Street - Hotel & Suites in a new tab.
2026-09-16 09:18:39,VR Queen Street Auckland,2026-10-07,Super.com,86,
2026-09-16 09:18:39,VR Queen Street Auckland,2026-10-07,Hotels.com,97,Standard King Room
2026-09-16 09:18:39,VR Queen Street Auckland,2026-10-07,Official site,111,
2026-09-16 09:18:46,VR Auckland City,2026-10-07,Booking.com,77,Auckland Harbour Suites
2026-09-16 09:18:46,VR Auckland City,2026-10-07,Wotif,84,
2026-09-16 09:18:46,VR Auckland City,2026-10-07,Official site,84,
2026-09-16 09:18:52,VR Queen Street Auckland,2026-10-08,Super.com,28,
2026-09-16 09:18:52,VR Queen Street Auckland,2026-10-08,Official site,90,Princes Wharf - Penthouse - Stunning Views
2026-09-16 09:18:52,VR Queen Street Auckland,2026-10-08,Booking.com,134,Standard King Room
2026-09-16 09:18:59,VR Auckland City,2026-10-08,Official site,84,
2026-09-16 09:18:59,VR Auckland City,2026-10-08,Super.com,142,
2026-09-16 09:18:59,VR Auckland City,2026-10-08,Booking.com,174,Executive One-Bedroom Apartment
2026-09-16 09:19:04,VR Queen Street Auckland,2026-10-09,Booking.com,75,Grand Central Serviced Apartments
2026-09-16 09:19:04,VR Queen Street Auckland,2026-10-09,Official site,102,
2026-09-16 09:19:04,VR Queen Street Auckland,2026-10-09,Super.com,224,
2026-09-16 09:19:10,VR Auckland City,2026-10-09,Official site,102,
2026-09-16 09:19:10,VR Auckland City,2026-10-09,Super.com,253,
2026-09-16 09:19:10,VR Auckland City,2026-10-09,Bluepillow,284,
2026-09-16 09:19:10,VR Auckland City,2026-10-09,Booking.com,411,Studio Apartment
2026-09-16 09:19:15,VR Queen Street Auckland,2026-10-10,Official site,90,
2026-09-16 09:19:15,VR Queen Street Auckland,2026-10-10,Super.com,231,
2026-09-16 09:19:15,VR Queen Street Auckland,2026-10-10,Booking.com,270,Standard King Room
2026-09-16 09:19:21,VR Auckland City,2026-10-10,Official site,90,
2026-09-16 09:19:21,VR Auckland City,2026-10-10,Super.com,455,
2026-09-16 09:19:21,VR Auckland City,2026-10-10,Bluepillow,481,
2026-09-16 09:19:27,VR Queen Street Auckland,2026-10-11,Booking.com,95,
2026-09-16 09:19:27,VR Queen Street Auckland,2026-10-11,Official site,96,Open VR Queen Street - Hotel & Suites in a new tab.
2026-09-16 09:19:27,VR Queen Street Auckland,2026-10-11,Super.com,96,
2026-09-16 09:19:27,VR Queen Street Auckland,2026-10-11,Hotels.com,122,Standard King Room
2026-09-16 09:19:34,VR Auckland City,2026-10-11,Official site,84,Chic Princes Wharf Studio | City View | Parking
2026-09-16 09:19:34,VR Auckland City,2026-10-11,Super.com,88,
2026-09-16 09:19:34,VR Auckland City,2026-10-11,Booking.com,112,
2026-09-16 09:19:40,VR Queen Street Auckland,2026-10-12,Official site,97,Open VR Queen Street - Hotel & Suites in a new tab.
2026-09-16 09:19:40,VR Queen Street Auckland,2026-10-12,Super.com,97,
2026-09-16 09:19:40,VR Queen Street Auckland,2026-10-12,Booking.com,113,Standard King Room
2026-09-16 09:19:47,VR Auckland City,2026-10-12,Official site,84,ibis budget Auckland Central - Double Studio
2026-09-16 09:19:47,VR Auckland City,2026-10-12,Super.com,102,
2026-09-16 09:19:47,VR Auckland City,2026-10-12,Booking.com,131,Studio Apartment
2026-09-16 09:19:54,VR Queen Street Auckland,2026-10-13,Booking.com,78,Parkside Hotel & Apartments Auckland
2026-09-16 09:19:54,VR Queen Street Auckland,2026-10-13,Official site,90,
2026-09-16 09:19:54,VR Queen Street Auckland,2026-10-13,Super.com,96,
2026-09-16 09:19:54,VR Queen Street Auckland,2026-10-13,Hotels.com,108,Standard King Room
2026-09-16 09:20:00,VR Auckland City,2026-10-13,Official site,78,Parkside Hotel & Apartments Auckland
2026-09-16 09:20:00,VR Auckland City,2026-10-13,Booking.com,84,
2026-09-16 09:20:00,VR Auckland City,2026-10-13,Super.com,91,
2026-09-16 09:20:07,VR Queen Street Auckland,2026-10-14,Official site,81,Mercure Auckland Queen Street
2026-09-16 09:20:07,VR Queen Street Auckland,2026-10-14,Booking.com,84,Auckland Harbour Suites
2026-09-16 09:20:07,VR Queen Street Auckland,2026-10-14,Super.com,97,
2026-09-16 09:20:13,VR Auckland City,2026-10-14,Wotif,81,Mercure Auckland Queen Street
2026-09-16 09:20:13,VR Auckland City,2026-10-14,Official site,84,Auckland Harbour Suites
2026-09-16 09:20:13,VR Auckland City,2026-10-14,Super.com,93,
2026-09-16 09:20:13,VR Auckland City,2026-10-14,Booking.com,117,Studio Apartment
2026-09-16 09:20:19,VR Queen Street Auckland,2026-10-15,Booking.com,89,Auckland Harbour Suites
2026-09-16 09:20:19,VR Queen Street Auckland,2026-10-15,Official site,96,Open VR Queen Street - Hotel & Suites in a new tab.
2026-09-16 09:20:19,VR Queen Street Auckland,2026-10-15,Super.com,96,
2026-09-16 09:20:19,VR Queen Street Auckland,2026-10-15,Hotels.com,109,Standard King Room
2026-09-16 09:20:26,VR Auckland City,2026-10-15,Official site,84,
2026-09-16 09:20:26,VR Auckland City,2026-10-15,Booking.com,84,ibis budget Auckland Central - Double Studio
2026-09-16 09:20:26,VR Auckland City,2026-10-15,Super.com,96,
2026-09-16 09:20:32,VR Queen Street Auckland,2026-10-16,Booking.com,67,City Gardens Apartments
2026-09-16 09:20:32,VR Queen Street Auckland,2026-10-16,Official site,127,Ramada Suites By Wyndham Victoria Street West
2026-09-16 09:20:32,VR Queen Street Auckland,2026-10-16,Super.com,133,
2026-09-16 09:20:32,VR Queen Street Auckland,2026-10-16,Hotels.com,150,Standard King Room
2026-09-16 09:20:38,VR Auckland City,2026-10-16,Booking.com,67,City Gardens Apartments
2026-09-16 09:20:38,VR Auckland City,2026-10-16,Official site,102,
2026-09-16 09:20:45,VR Queen Street Auckland,2026-10-17,Official site,69,
2026-09-16 09:20:45,VR Queen Street Auckland,2026-10-17,Super.com,215,
2026-09-16 09:20:45,VR Queen Street Auckland,2026-10-17,Booking.com,250,Standard King Room
2026-09-16 09:20:45,VR Queen Street Auckland,2026-10-17,Bluepillow,297,
2026-09-16 09:20:51,VR Auckland City,2026-10-17,Official site,69,
2026-09-16 09:20:51,VR Auckland City,2026-10-17,Booking.com,102,VR Queen Street - Hotel & Suites
2026-09-16 09:20:51,VR Auckland City,2026-10-17,Super.com,558,
2026-09-16 09:20:58,VR Queen Street Auckland,2026-10-18,Official site,90,
2026-09-16 09:20:58,VR Queen Street Auckland,2026-10-18,Super.com,104,
2026-09-16 09:20:58,VR Queen Street Auckland,2026-10-18,Booking.com,121,Standard King Room
2026-09-16 09:21:04,VR Auckland City,2026-10-18,Official site,84,Parkside Hotel & Apartments Auckland
2026-09-16 09:21:04,VR Auckland City,2026-10-18,Booking.com,149,Studio Apartment
2026-09-16 09:21:11,VR Queen Street Auckland,2026-10-19,Super.com,108,
2026-09-16 09:21:11,VR Queen Street Auckland,2026-10-19,Booking.com,121,
2026-09-16 09:21:11,VR Queen Street Auckland,2026-10-19,Official site,135,Standard King Room - Prepay and Save
2026-09-16 09:21:16,VR Auckland City,2026-10-19,Booking.com,84,The Quadrant Hotel & Suites
2026-09-16 09:21:16,VR Auckland City,2026-10-19,Official site,84,
2026-09-16 09:21:16,VR Auckland City,2026-10-19,Super.com,151,
2026-09-16 09:21:22,VR Queen Street Auckland,2026-10-20,Super.com,50,
2026-09-16 09:21:22,VR Queen Street Auckland,2026-10-20,Booking.com,184,Standard King Room
2026-09-16 09:21:22,VR Queen Street Auckland,2026-10-20,Official site,204,
2026-09-16 09:21:26,VR Auckland City,2026-10-20,Booking.com,75,Grand Central Serviced Apartments
2026-09-16 09:21:26,VR Auckland City,2026-10-20,Official site,84,
2026-09-16 09:21:26,VR Auckland City,2026-10-20,Super.com,155,
2026-09-16 09:21:32,VR Queen Street Auckland,2026-10-21,Super.com,50,
2026-09-16 09:21:32,VR Queen Street Auckland,2026-10-21,Official site,78,City Gardens Apartments
2026-09-16 09:21:32,VR Queen Street Auckland,2026-10-21,Booking.com,158,Open VR Queen Street - Hotel & Suites in a new tab.
2026-09-16 09:21:39,VR Auckland City,2026-10-21,Super.com,45,
2026-09-16 09:21:39,VR Auckland City,2026-10-21,Official site,78,City Gardens Apartments
2026-09-16 09:21:39,VR Auckland City,2026-10-21,Booking.com,129,Princes Wharf Boutique Apartments
2026-09-16 09:21:45,VR Queen Street Auckland,2026-10-22,Official site,84,The Quadrant Hotel & Suites
2026-09-16 09:21:45,VR Queen Street Auckland,2026-10-22,Booking.com,95,Mercure Auckland Queen Street
2026-09-16 09:21:45,VR Queen Street Auckland,2026-10-22,Super.com,132,
2026-09-16 09:21:45,VR Queen Street Auckland,2026-10-22,Bluepillow,167,
2026-09-16 09:21:51,VR Auckland City,2026-10-22,Official site,84,The Quadrant Hotel & Suites
2026-09-16 09:21:51,VR Auckland City,2026-10-22,Bluepillow,164,
2026-09-16 09:21:51,VR Auckland City,2026-10-22,Booking.com,218,
2026-09-16 09:21:57,VR Queen Street Auckland,2026-10-23,Super.com,61,
2026-09-16 09:21:57,VR Queen Street Auckland,2026-10-23,Official site,115,
2026-09-16 09:21:57,VR Queen Street Auckland,2026-10-23,Booking.com,120,Lovely apartment with WiFi in vibrant central Auckland
2026-09-16 09:22:04,VR Auckland City,2026-10-23,Official site,102,
2026-09-16 09:22:04,VR Auckland City,2026-10-23,Trip.com,450,
2026-09-16 09:22:04,VR Auckland City,2026-10-23,Booking.com,465,Two-Bedroom Apartment
2026-09-16 09:22:08,VR Queen Street Auckland,2026-10-24,Official site,75,Grand Central Serviced Apartments
2026-09-16 09:22:08,VR Queen Street Auckland,2026-10-24,Booking.com,102,
2026-09-16 09:22:08,VR Queen Street Auckland,2026-10-24,Super.com,197,
2026-09-16 09:22:14,VR Auckland City,2026-10-24,Official site,102,
2026-09-16 09:22:14,VR Auckland City,2026-10-24,Booking.com,289,
2026-09-16 09:22:14,VR Auckland City,2026-10-24,Bluepillow,304,
2026-09-16 09:22:14,VR Auckland City,2026-10-24,Expedia,311,
2026-09-16 09:22:19,VR Queen Street Auckland,2026-10-25,Booking.com,84,Parkside Hotel & Apartments Auckland
2026-09-16 09:22:19,VR Queen Street Auckland,2026-10-25,Official site,187,
2026-09-16 09:22:19,VR Queen Street Auckland,2026-10-25,Super.com,233,
2026-09-16 09:22:26,VR Auckland City,2026-10-25,Official site,84,Parkside Hotel & Apartments Auckland
2026-09-16 09:22:26,VR Auckland City,2026-10-25,Booking.com,84,Studio Steps from Sky City
2026-09-16 09:22:26,VR Auckland City,2026-10-25,Super.com,96,
2026-09-16 09:22:32,VR Queen Street Auckland,2026-10-26,Super.com,97,
2026-09-16 09:22:32,VR Queen Street Auckland,2026-10-26,Booking.com,113,
2026-09-16 09:22:32,VR Queen Street Auckland,2026-10-26,Bluepillow,123,
2026-09-16 09:22:32,VR Queen Street Auckland,2026-10-26,Official site,125,
2026-09-16 09:22:37,VR Auckland City,2026-10-26,Official site,84,
2026-09-16 09:22:37,VR Auckland City,2026-10-26,Bluepillow,139,
2026-09-16 09:22:37,VR Auckland City,2026-10-26,Booking.com,140,
2026-09-16 09:22:41,VR Queen Street Auckland,2026-10-27,Booking.com,94,
2026-09-16 09:22:41,VR Queen Street Auckland,2026-10-27,Official site,96,VR Queen Street - Hotel & Suites
2026-09-16 09:22:41,VR Queen Street Auckland,2026-10-27,Super.com,96,
2026-09-16 09:22:41,VR Queen Street Auckland,2026-10-27,Hotels.com,108,Standard King Room
2026-09-16 09:22:48,VR Auckland City,2026-10-27,Official site,84,
2026-09-16 09:22:48,VR Auckland City,2026-10-27,Booking.com,119,Studio Apartment
2026-09-16 09:22:48,VR Auckland City,2026-10-27,Bluepillow,139,
2026-09-16 09:22:53,VR Queen Street Auckland,2026-10-28,Official site,95,
2026-09-16 09:22:53,VR Queen Street Auckland,2026-10-28,Super.com,97,
2026-09-16 09:22:53,VR Queen Street Auckland,2026-10-28,Booking.com,108,Sky tower just next DOOR FREE parking
2026-09-16 09:22:59,VR Auckland City,2026-10-28,Official site,84,
2026-09-16 09:22:59,VR Auckland City,2026-10-28,Booking.com,84,Parkside Hotel & Apartments Auckland
2026-09-16 09:22:59,VR Auckland City,2026-10-28,Super.com,91,
2026-09-16 09:22:59,VR Auckland City,2026-10-28,Bluepillow,136,
2026-09-16 09:23:05,VR Queen Street Auckland,2026-10-29,Official site,84,Mercure Auckland Queen Street
2026-09-16 09:23:05,VR Queen Street Auckland,2026-10-29,Booking.com,95,
2026-09-16 09:23:05,VR Queen Street Auckland,2026-10-29,Super.com,95,
2026-09-16 09:23:11,VR Auckland City,2026-10-29,Official site,84,Mercure Auckland Queen Street
2026-09-16 09:23:11,VR Auckland City,2026-10-29,Super.com,90,
2026-09-16 09:23:11,VR Auckland City,2026-10-29,Booking.com,140,Studio Apartment
2026-09-16 09:23:17,VR Queen Street Auckland,2026-10-30,Official site,108,Ramada Suites By Wyndham Victoria Street West
2026-09-16 09:23:17,VR Queen Street Auckland,2026-10-30,Booking.com,117,ibis budget Auckland Central - Double Studio
2026-09-16 09:23:17,VR Queen Street Auckland,2026-10-30,Super.com,122,
2026-09-16 09:23:17,VR Queen Street Auckland,2026-10-30,Bluepillow,149,
2026-09-16 09:23:24,VR Auckland City,2026-10-30,Official site,102,
2026-09-16 09:23:24,VR Auckland City,2026-10-30,Booking.com,102,Penthouse
2026-09-16 09:23:24,VR Auckland City,2026-10-30,Bluepillow,187,
2026-09-16 09:23:30,VR Queen Street Auckland,2026-10-31,Booking.com,121,Open VR Queen Street - Hotel & Suites in a new tab.
2026-09-16 09:23:30,VR Queen Street Auckland,2026-10-31,Super.com,121,
2026-09-16 09:23:30,VR Queen Street Auckland,2026-10-31,Official site,122,Mercure Auckland Queen Street
2026-09-16 09:23:37,VR Auckland City,2026-10-31,Official site,102,
2026-09-16 09:23:37,VR Auckland City,2026-10-31,Booking.com,102,
2026-09-16 09:23:37,VR Auckland City,2026-10-31,Super.com,130,
2026-09-16 09:23:43,VR Queen Street Auckland,2026-11-01,Official site,102,Open VR Queen Street - Hotel & Suites in a new tab.
2026-09-16 09:23:43,VR Queen Street Auckland,2026-11-01,Super.com,102,
2026-09-16 09:23:43,VR Queen Street Auckland,2026-11-01,Booking.com,126,Standard King Room
2026-09-16 09:23:49,VR Auckland City,2026-11-01,Official site,107,Penthouse
2026-09-16 09:23:49,VR Auckland City,2026-11-01,Super.com,126,
2026-09-16 09:23:49,VR Auckland City,2026-11-01,Bluepillow,196,
2026-09-16 09:23:56,VR Queen Street Auckland,2026-11-02,Official site,100,Open VR Queen Street - Hotel & Suites in a new tab.
2026-09-16 09:23:56,VR Queen Street Auckland,2026-11-02,Super.com,100,
2026-09-16 09:23:56,VR Queen Street Auckland,2026-11-02,Booking.com,115,
2026-09-16 09:24:02,VR Auckland City,2026-11-02,Official site,107,
2026-09-16 09:24:02,VR Auckland City,2026-11-02,Booking.com,107,
2026-09-16 09:24:02,VR Auckland City,2026-11-02,Super.com,117,
2026-09-16 09:24:08,VR Queen Street Auckland,2026-11-03,Official site,95,
2026-09-16 09:24:08,VR Queen Street Auckland,2026-11-03,Booking.com,101,Open VR Queen Street - Hotel & Suites in a new tab.
2026-09-16 09:24:08,VR Queen Street Auckland,2026-11-03,Super.com,101,
2026-09-16 09:24:14,VR Auckland City,2026-11-03,Official site,95,
2026-09-16 09:24:14,VR Auckland City,2026-11-03,Super.com,118,
2026-09-16 09:24:14,VR Auckland City,2026-11-03,Bluepillow,184,
2026-09-16 09:24:21,VR Queen Street Auckland,2026-11-04,Official site,84,
2026-09-16 09:24:21,VR Queen Street Auckland,2026-11-04,Booking.com,117,
2026-09-16 09:24:21,VR Queen Street Auckland,2026-11-04,Super.com,136,
2026-09-16 09:24:27,VR Auckland City,2026-11-04,Official site,84,
2026-09-16 09:24:27,VR Auckland City,2026-11-04,Booking.com,107,
2026-09-16 09:24:33,VR Queen Street Auckland,2026-11-05,Super.com,47,
2026-09-16 09:24:33,VR Queen Street Auckland,2026-11-05,Official site,98,VR Queen Street - Hotel & Suites
2026-09-16 09:24:33,VR Queen Street Auckland,2026-11-05,Booking.com,184,Standard King Room
2026-09-16 09:24:40,VR Auckland City,2026-11-05,Official site,98,VR Queen Street - Hotel & Suites
2026-09-16 09:24:40,VR Auckland City,2026-11-05,Super.com,118,
2026-09-16 09:24:40,VR Auckland City,2026-11-05,Booking.com,272,
2026-09-16 09:24:46,VR Queen Street Auckland,2026-11-06,Official site,149,VR Queen Street - Hotel & Suites
2026-09-16 09:24:46,VR Queen Street Auckland,2026-11-06,Super.com,149,
2026-09-16 09:24:46,VR Queen Street Auckland,2026-11-06,Booking.com,184,Standard King Room
2026-09-16 09:24:52,VR Auckland City,2026-11-06,Official site,125,Ramada Suites By Wyndham Victoria Street West
2026-09-16 09:24:52,VR Auckland City,2026-11-06,Booking.com,149,VR Queen Street - Hotel & Suites
2026-09-16 09:24:59,VR Queen Street Auckland,2026-11-07,Official site,128,
2026-09-16 09:24:59,VR Queen Street Auckland,2026-11-07,Super.com,131,
2026-09-16 09:24:59,VR Queen Street Auckland,2026-11-07,Booking.com,360,One-Bedroom Suite
2026-09-16 09:25:05,VR Auckland City,2026-11-07,Official site,128,
2026-09-16 09:25:05,VR Auckland City,2026-11-07,Hotels.com,440,
2026-09-16 09:25:05,VR Auckland City,2026-11-07,Booking.com,598,Deluxe Family Room
2026-09-16 09:25:12,VR Queen Street Auckland,2026-11-08,Official site,118,Princes Wharf - Penthouse - Stunning Views
2026-09-16 09:25:12,VR Queen Street Auckland,2026-11-08,Booking.com,216,
2026-09-16 09:25:12,VR Queen Street Auckland,2026-11-08,Super.com,232,
2026-09-16 09:25:18,VR Auckland City,2026-11-08,Booking.com,316,
2026-09-16 09:25:18,VR Auckland City,2026-11-08,Expedia,316,
2026-09-16 09:25:18,VR Auckland City,2026-11-08,Bluepillow,318,
2026-09-16 09:25:22,VR Queen Street Auckland,2026-11-09,Booking.com,72,City Gardens Apartments
2026-09-16 09:25:22,VR Queen Street Auckland,2026-11-09,Official site,147,
2026-09-16 09:25:22,VR Queen Street Auckland,2026-11-09,Super.com,166,
2026-09-16 09:25:29,VR Auckland City,2026-11-09,Official site,72,City Gardens Apartments
2026-09-16 09:25:29,VR Auckland City,2026-11-09,Booking.com,107,
2026-09-16 09:25:29,VR Auckland City,2026-11-09,Super.com,117,
2026-09-16 09:25:35,VR Queen Street Auckland,2026-11-10,Official site,76,City Gardens Apartments
2026-09-16 09:25:35,VR Queen Street Auckland,2026-11-10,Super.com,107,
2026-09-16 09:25:35,VR Queen Street Auckland,2026-11-10,Booking.com,130,Standard King Room
2026-09-16 09:25:35,VR Queen Street Auckland,2026-11-10,Bluepillow,132,
2026-09-16 09:25:42,VR Auckland City,2026-11-10,Official site,107,
2026-09-16 09:25:42,VR Auckland City,2026-11-10,Super.com,120,
2026-09-16 09:25:42,VR Auckland City,2026-11-10,Booking.com,203,Studio Apartment
2026-09-16 09:25:46,VR Queen Street Auckland,2026-11-11,Super.com,41,
2026-09-16 09:25:46,VR Queen Street Auckland,2026-11-11,Official site,92,
2026-09-16 09:25:46,VR Queen Street Auckland,2026-11-11,Booking.com,148,VR Queen Street - Hotel & Suites
2026-09-16 09:25:52,VR Auckland City,2026-11-11,Official site,92,
2026-09-16 09:25:52,VR Auckland City,2026-11-11,Booking.com,224,
2026-09-16 09:25:52,VR Auckland City,2026-11-11,Bluepillow,225,
2026-09-16 09:25:58,VR Queen Street Auckland,2026-11-12,Super.com,44,
2026-09-16 09:25:58,VR Queen Street Auckland,2026-11-12,Official site,92,ibis budget Auckland Central - Double Studio
2026-09-16 09:25:58,VR Queen Street Auckland,2026-11-12,Booking.com,188,
2026-09-16 09:26:05,VR Auckland City,2026-11-12,Official site,92,ibis budget Auckland Central - Double Studio
2026-09-16 09:26:05,VR Auckland City,2026-11-12,Booking.com,105,Penthouse
2026-09-16 09:26:05,VR Auckland City,2026-11-12,Super.com,119,
2026-09-16 09:26:05,VR Auckland City,2026-11-12,Bluepillow,190,
2026-09-16 09:26:11,VR Queen Street Auckland,2026-11-13,Official site,92,
2026-09-16 09:26:11,VR Queen Street Auckland,2026-11-13,Super.com,131,
2026-09-16 09:26:11,VR Queen Street Auckland,2026-11-13,Booking.com,167,
2026-09-16 09:26:18,VR Auckland City,2026-11-13,Official site,92,
2026-09-16 09:26:18,VR Auckland City,2026-11-13,Super.com,117,
2026-09-16 09:26:18,VR Auckland City,2026-11-13,Bluepillow,266,
2026-09-16 09:26:24,VR Queen Street Auckland,2026-11-14,Booking.com,113,
2026-09-16 09:26:24,VR Queen Street Auckland,2026-11-14,Official site,135,Open VR Queen Street - Hotel & Suites in a new tab.
2026-09-16 09:26:24,VR Queen Street Auckland,2026-11-14,Super.com,135,
2026-09-16 09:26:31,VR Auckland City,2026-11-14,Official site,113,
2026-09-16 09:26:31,VR Auckland City,2026-11-14,Booking.com,295,Studio Apartment
2026-09-16 09:26:37,VR Queen Street Auckland,2026-11-15,Official site,111,Open VR Queen Street - Hotel & Suites in a new tab.
2026-09-16 09:26:37,VR Queen Street Auckland,2026-11-15,Super.com,111,
2026-09-16 09:26:37,VR Queen Street Auckland,2026-11-15,Bluepillow,132,
2026-09-16 09:26:37,VR Queen Street Auckland,2026-11-15,Booking.com,134,Standard King Room
2026-09-16 09:26:43,VR Auckland City,2026-11-15,Official site,107,
2026-09-16 09:26:43,VR Auckland City,2026-11-15,Super.com,120,
2026-09-16 09:26:43,VR Auckland City,2026-11-15,Booking.com,200,Studio Apartment
2026-09-16 09:26:47,VR Queen Street Auckland,2026-11-16,Booking.com,83,
2026-09-16 09:26:47,VR Queen Street Auckland,2026-11-16,Official site,108,Open VR Queen Street - Hotel & Suites in a new tab.
2026-09-16 09:26:47,VR Queen Street Auckland,2026-11-16,Super.com,108,
2026-09-16 09:26:54,VR Auckland City,2026-11-16,Official site,83,
2026-09-16 09:26:54,VR Auckland City,2026-11-16,Booking.com,107,
2026-09-16 09:26:54,VR Auckland City,2026-11-16,Super.com,120,
2026-09-16 09:27:00,VR Queen Street Auckland,2026-11-17,Booking.com,82,
2026-09-16 09:27:00,VR Queen Street Auckland,2026-11-17,Official site,108,Open VR Queen Street - Hotel & Suites in a new tab.
2026-09-16 09:27:00,VR Queen Street Auckland,2026-11-17,Super.com,108,
2026-09-16 09:27:06,VR Auckland City,2026-11-17,Official site,82,
2026-09-16 09:27:06,VR Auckland City,2026-11-17,Super.com,120,
2026-09-16 09:27:06,VR Auckland City,2026-11-17,Booking.com,246,
2026-09-16 09:44:52,VR Queen Street Auckland,2026-09-16,Wotif,86,Ramada Suites By Wyndham Victoria Street West
2026-09-16 09:44:52,VR Queen Street Auckland,2026-09-16,Booking.com,104,Lovely apartment with WiFi in vibrant central Auckland
2026-09-16 09:44:52,VR Queen Street Auckland,2026-09-16,Super.com,127,
2026-09-16 09:44:52,VR Queen Street Auckland,2026-09-16,Hotels.com,131,Suite · Suite
2026-09-16 09:44:52,VR Queen Street Auckland,2026-09-16,Official site,156,
2026-09-16 09:45:01,VR Auckland City,2026-09-16,Wotif,79,VR Queen Street - Hotel & Suites
2026-09-16 09:45:01,VR Auckland City,2026-09-16,Official site,79,
2026-09-16 09:45:01,VR Auckland City,2026-09-16,Booking.com,86,Ramada Suites By Wyndham Victoria Street West
2026-09-16 09:45:01,VR Auckland City,2026-09-16,Trip.com,118,
2026-09-16 09:45:08,VR Queen Street Auckland,2026-09-17,Super.com,34,
2026-09-16 09:45:08,VR Queen Street Auckland,2026-09-17,Official site,81,Mercure Auckland Queen Street
2026-09-16 09:45:08,VR Queen Street Auckland,2026-09-17,Wotif,111,Lovely apartment with WiFi in vibrant central Auckland
2026-09-16 09:45:08,VR Queen Street Auckland,2026-09-17,Booking.com,131,One-Bedroom Suite
2026-09-16 09:45:15,VR Auckland City,2026-09-17,Official site,81,Mercure Auckland Queen Street
2026-09-16 09:45:15,VR Auckland City,2026-09-17,Wotif,81,Lovely apartment with WiFi in vibrant central Auckland
2026-09-16 09:45:15,VR Auckland City,2026-09-17,Super.com,104,
2026-09-16 09:45:15,VR Auckland City,2026-09-17,Booking.com,122,Studio Apartment
2026-09-16 09:45:22,VR Queen Street Auckland,2026-09-18,Official site,90,
2026-09-16 09:45:22,VR Queen Street Auckland,2026-09-18,Wotif,118,
2026-09-16 09:45:22,VR Queen Street Auckland,2026-09-18,Super.com,132,
2026-09-16 09:45:22,VR Queen Street Auckland,2026-09-18,Bluepillow,147,
2026-09-16 09:45:22,VR Queen Street Auckland,2026-09-18,Booking.com,151,Standard King Room
2026-09-16 09:45:29,VR Auckland City,2026-09-18,Official site,88,
2026-09-16 09:45:29,VR Auckland City,2026-09-18,Super.com,103,
2026-09-16 09:45:29,VR Auckland City,2026-09-18,Wotif,118,
2026-09-16 09:45:29,VR Auckland City,2026-09-18,Booking.com,122,Studio Apartment
2026-09-16 09:45:35,VR Queen Street Auckland,2026-09-19,Super.com,135,
2026-09-16 09:45:35,VR Queen Street Auckland,2026-09-19,Hotels.com,151,Standard King Room
2026-09-16 09:45:35,VR Queen Street Auckland,2026-09-19,Booking.com,157,
2026-09-16 09:45:35,VR Queen Street Auckland,2026-09-19,Official site,175,
2026-09-16 09:45:40,VR Auckland City,2026-09-19,Official site,99,ibis budget Auckland Central - Double Studio
2026-09-16 09:45:40,VR Auckland City,2026-09-19,Super.com,118,
2026-09-16 09:45:40,VR Auckland City,2026-09-19,Booking.com,135,Studio Apartment
2026-09-16 09:45:40,VR Auckland City,2026-09-19,Expedia,145,
2026-09-16 09:45:47,VR Queen Street Auckland,2026-09-20,Wotif,78,VR Queen Street - Hotel & Suites
2026-09-16 09:45:47,VR Queen Street Auckland,2026-09-20,Official site,78,Open VR Queen Street - Hotel & Suites in a new tab.
2026-09-16 09:45:47,VR Queen Street Auckland,2026-09-20,Super.com,78,
2026-09-16 09:45:47,VR Queen Street Auckland,2026-09-20,Hotels.com,87,
2026-09-16 09:45:47,VR Queen Street Auckland,2026-09-20,Booking.com,92,Standard King Room
2026-09-16 09:45:54,VR Auckland City,2026-09-20,Official site,74,
2026-09-16 09:45:54,VR Auckland City,2026-09-20,Wotif,78,VR Queen Street - Hotel & Suites
2026-09-16 09:45:54,VR Auckland City,2026-09-20,Super.com,85,
2026-09-16 09:45:54,VR Auckland City,2026-09-20,Booking.com,108,Studio Apartment
2026-09-16 09:46:02,VR Queen Street Auckland,2026-09-21,Official site,74,
2026-09-16 09:46:02,VR Queen Street Auckland,2026-09-21,Super.com,78,
2026-09-16 09:46:02,VR Queen Street Auckland,2026-09-21,Expedia,90,
2026-09-16 09:46:02,VR Queen Street Auckland,2026-09-21,Booking.com,92,Standard King Room
2026-09-16 09:46:09,VR Auckland City,2026-09-21,Booking.com,74,
2026-09-16 09:46:09,VR Auckland City,2026-09-21,Official site,74,
2026-09-16 09:46:09,VR Auckland City,2026-09-21,Super.com,85,
2026-09-16 09:46:15,VR Queen Street Auckland,2026-09-22,Official site,74,Mercure Auckland Queen Street
2026-09-16 09:46:15,VR Queen Street Auckland,2026-09-22,Wotif,80,Open VR Queen Street - Hotel & Suites in a new tab.
2026-09-16 09:46:15,VR Queen Street Auckland,2026-09-22,Super.com,80,
2026-09-16 09:46:15,VR Queen Street Auckland,2026-09-22,Booking.com,95,Standard King Room
2026-09-16 09:46:21,VR Auckland City,2026-09-22,Official site,74,Mercure Auckland Queen Street
2026-09-16 09:46:21,VR Auckland City,2026-09-22,Super.com,85,
2026-09-16 09:46:21,VR Auckland City,2026-09-22,Booking.com,104,Studio Apartment
2026-09-16 09:46:28,VR Queen Street Auckland,2026-09-23,Booking.com,74,Free Parking Spacious 2BR Apt Walk to Sky Tower
2026-09-16 09:46:28,VR Queen Street Auckland,2026-09-23,Official site,74,Mercure Auckland Queen Street
2026-09-16 09:46:28,VR Queen Street Auckland,2026-09-23,Super.com,80,
2026-09-16 09:46:34,VR Auckland City,2026-09-23,Official site,74,
2026-09-16 09:46:34,VR Auckland City,2026-09-23,Super.com,87,
2026-09-16 09:46:34,VR Auckland City,2026-09-23,Booking.com,104,Studio Apartment
2026-09-16 09:46:39,VR Queen Street Auckland,2026-09-24,Official site,78,Open VR Queen Street - Hotel & Suites in a new tab.
2026-09-16 09:46:39,VR Queen Street Auckland,2026-09-24,Super.com,78,
2026-09-16 09:46:39,VR Queen Street Auckland,2026-09-24,Hotels.com,87,Standard King Room
2026-09-16 09:46:39,VR Queen Street Auckland,2026-09-24,Booking.com,91,
2026-09-16 09:46:45,VR Auckland City,2026-09-24,Official site,87,Mercure Auckland Queen Street
2026-09-16 09:46:45,VR Auckland City,2026-09-24,Super.com,87,
2026-09-16 09:46:45,VR Auckland City,2026-09-24,Booking.com,104,Studio Apartment
2026-09-16 09:46:45,VR Auckland City,2026-09-24,Expedia,112,
2026-09-16 09:46:51,VR Queen Street Auckland,2026-09-25,Booking.com,85,
2026-09-16 09:46:51,VR Queen Street Auckland,2026-09-25,Super.com,115,
2026-09-16 09:46:51,VR Queen Street Auckland,2026-09-25,Official site,149,
2026-09-16 09:46:58,VR Auckland City,2026-09-25,Booking.com,85,
2026-09-16 09:46:58,VR Auckland City,2026-09-25,Official site,97,
2026-09-16 09:46:58,VR Auckland City,2026-09-25,Super.com,116,
2026-09-16 09:47:04,VR Queen Street Auckland,2026-09-26,Official site,89,
2026-09-16 09:47:04,VR Queen Street Auckland,2026-09-26,Super.com,118,
2026-09-16 09:47:04,VR Queen Street Auckland,2026-09-26,Hotels.com,131,Standard King Room
2026-09-16 09:47:04,VR Queen Street Auckland,2026-09-26,Booking.com,138,
2026-09-16 09:47:11,VR Auckland City,2026-09-26,Official site,89,
2026-09-16 09:47:11,VR Auckland City,2026-09-26,Bluepillow,175,
2026-09-16 09:47:11,VR Auckland City,2026-09-26,Booking.com,194,
2026-09-16 09:47:17,VR Queen Street Auckland,2026-09-27,Super.com,80,
2026-09-16 09:47:17,VR Queen Street Auckland,2026-09-27,Hotels.com,89,Standard King Room
2026-09-16 09:47:17,VR Queen Street Auckland,2026-09-27,Booking.com,94,
2026-09-16 09:47:17,VR Queen Street Auckland,2026-09-27,Official site,104,
2026-09-16 09:47:22,VR Auckland City,2026-09-27,Official site,74,Parkside Hotel & Apartments
2026-09-16 09:47:22,VR Auckland City,2026-09-27,Wotif,77,
2026-09-16 09:47:22,VR Auckland City,2026-09-27,Super.com,112,
2026-09-16 09:47:22,VR Auckland City,2026-09-27,Expedia,140,Studio Apartment
2026-09-16 09:47:22,VR Auckland City,2026-09-27,Booking.com,140,
2026-09-16 09:47:28,VR Queen Street Auckland,2026-09-28,Wotif,80,VR Queen Street - Hotel & Suites
2026-09-16 09:47:28,VR Queen Street Auckland,2026-09-28,Official site,80,Open VR Queen Street - Hotel & Suites in a new tab.
2026-09-16 09:47:28,VR Queen Street Auckland,2026-09-28,Super.com,80,
2026-09-16 09:47:28,VR Queen Street Auckland,2026-09-28,Booking.com,94,Standard King Room
2026-09-16 09:47:28,VR Queen Street Auckland,2026-09-28,Bluepillow,99,
2026-09-16 09:47:35,VR Auckland City,2026-09-28,Official site,74,Studio Steps from Sky City
2026-09-16 09:47:35,VR Auckland City,2026-09-28,Wotif,80,VR Queen Street - Hotel & Suites
2026-09-16 09:47:35,VR Auckland City,2026-09-28,Super.com,84,
2026-09-16 09:47:35,VR Auckland City,2026-09-28,Expedia,108,Studio Apartment
2026-09-16 09:47:35,VR Auckland City,2026-09-28,Booking.com,108,
2026-09-16 09:47:41,VR Queen Street Auckland,2026-09-29,Wotif,79,VR Queen Street - Hotel & Suites
2026-09-16 09:47:41,VR Queen Street Auckland,2026-09-29,Official site,79,Open VR Queen Street - Hotel & Suites in a new tab.
2026-09-16 09:47:41,VR Queen Street Auckland,2026-09-29,Super.com,79,
2026-09-16 09:47:41,VR Queen Street Auckland,2026-09-29,Booking.com,94,Standard King Room
2026-09-16 09:47:41,VR Queen Street Auckland,2026-09-29,Bluepillow,103,
2026-09-16 09:47:48,VR Auckland City,2026-09-29,Official site,74,
2026-09-16 09:47:48,VR Auckland City,2026-09-29,Wotif,74,Parkside Hotel & Apartments
2026-09-16 09:47:48,VR Auckland City,2026-09-29,Super.com,86,
2026-09-16 09:47:48,VR Auckland City,2026-09-29,Booking.com,104,
2026-09-16 09:47:48,VR Auckland City,2026-09-29,Expedia,112,Studio Apartment
2026-09-16 09:47:55,VR Queen Street Auckland,2026-09-30,Official site,67,
2026-09-16 09:47:55,VR Queen Street Auckland,2026-09-30,Wotif,86,VR Queen Street - Hotel & Suites
2026-09-16 09:47:55,VR Queen Street Auckland,2026-09-30,Super.com,86,
2026-09-16 09:47:55,VR Queen Street Auckland,2026-09-30,Booking.com,100,Standard King Room
2026-09-16 09:48:01,VR Auckland City,2026-09-30,Official site,67,
2026-09-16 09:48:01,VR Auckland City,2026-09-30,Wotif,84,VR Queen Street - Hotel & Suites
2026-09-16 09:48:01,VR Auckland City,2026-09-30,Super.com,87,
2026-09-16 09:48:01,VR Auckland City,2026-09-30,Booking.com,104,
2026-09-16 09:48:01,VR Auckland City,2026-09-30,Expedia,112,Studio Apartment
2026-09-16 09:48:08,VR Queen Street Auckland,2026-10-01,Official site,79,
2026-09-16 09:48:08,VR Queen Street Auckland,2026-10-01,Super.com,97,
2026-09-16 09:48:08,VR Queen Street Auckland,2026-10-01,Booking.com,113,Standard King Room
2026-09-16 09:53:46,VR Auckland City,2026-10-20,Official site,84,
2026-09-16 09:53:46,VR Auckland City,2026-10-20,Super.com,155,
2026-09-16 09:53:46,VR Auckland City,2026-10-20,Bluepillow,174,
2026-09-16 09:53:46,VR Auckland City,2026-10-20,Booking.com,199,
2026-09-16 10:44:52,VR Queen Street Auckland,2026-09-16,Hotels.com,131,Suite · Suite
2026-09-16 10:44:52,VR Queen Street Auckland,2026-09-16,Super.com,131,
2026-09-16 10:44:52,VR Queen Street Auckland,2026-09-16,Booking.com,141,
2026-09-16 10:44:52,VR Queen Street Auckland,2026-09-16,Official site,156,
2026-09-16 10:44:58,VR Auckland City,2026-09-16,Official site,79,
2026-09-16 10:44:58,VR Auckland City,2026-09-16,Trip.com,118,
2026-09-16 10:44:58,VR Auckland City,2026-09-16,Booking.com,135,Studio Apartment
2026-09-16 10:45:03,VR Queen Street Auckland,2026-09-17,Super.com,32,
2026-09-16 10:45:03,VR Queen Street Auckland,2026-09-17,Hotels.com,126,Suite · Suite
2026-09-16 10:45:03,VR Queen Street Auckland,2026-09-17,Booking.com,131,
2026-09-16 10:45:03,VR Queen Street Auckland,2026-09-17,Official site,145,
2026-09-16 10:45:08,VR Auckland City,2026-09-17,Official site,81,
2026-09-16 10:45:08,VR Auckland City,2026-09-17,Super.com,103,
2026-09-16 10:45:08,VR Auckland City,2026-09-17,Booking.com,122,
2026-09-16 10:45:14,VR Queen Street Auckland,2026-09-18,Super.com,127,
2026-09-16 10:45:14,VR Queen Street Auckland,2026-09-18,Bluepillow,147,
2026-09-16 10:45:14,VR Queen Street Auckland,2026-09-18,Booking.com,151,Standard King Room
2026-09-16 10:45:14,VR Queen Street Auckland,2026-09-18,Official site,167,
2026-09-16 10:45:19,VR Auckland City,2026-09-18,Official site,88,
2026-09-16 10:45:19,VR Auckland City,2026-09-18,Wotif,91,Auckland Harbour Suites
2026-09-16 10:45:19,VR Auckland City,2026-09-18,Super.com,102,
2026-09-16 10:45:19,VR Auckland City,2026-09-18,Booking.com,122,Studio Apartment
2026-09-16 10:45:27,VR Queen Street Auckland,2026-09-19,Super.com,134,
2026-09-16 10:45:27,VR Queen Street Auckland,2026-09-19,Booking.com,157,Standard King Room
2026-09-16 10:45:27,VR Queen Street Auckland,2026-09-19,Official site,175,
2026-09-16 10:45:32,VR Auckland City,2026-09-19,Official site,88,
2026-09-16 10:45:32,VR Auckland City,2026-09-19,Super.com,113,
2026-09-16 10:45:32,VR Auckland City,2026-09-19,Booking.com,135,Studio Apartment
2026-09-16 10:45:37,VR Queen Street Auckland,2026-09-20,Super.com,79,
2026-09-16 10:45:37,VR Queen Street Auckland,2026-09-20,Hotels.com,87,
2026-09-16 10:45:37,VR Queen Street Auckland,2026-09-20,Booking.com,92,Standard King Room
2026-09-16 10:45:37,VR Queen Street Auckland,2026-09-20,Official site,102,
2026-09-16 10:45:42,VR Auckland City,2026-09-20,Official site,74,
2026-09-16 10:45:42,VR Auckland City,2026-09-20,Super.com,85,
2026-09-16 10:45:42,VR Auckland City,2026-09-20,Booking.com,108,Studio Apartment
2026-09-16 10:45:51,VR Queen Street Auckland,2026-09-21,Official site,74,
2026-09-16 10:45:51,VR Queen Street Auckland,2026-09-21,Super.com,78,
2026-09-16 10:45:51,VR Queen Street Auckland,2026-09-21,Hotels.com,88,Standard King Room
2026-09-16 10:45:51,VR Queen Street Auckland,2026-09-21,Booking.com,90,ibis budget Auckland Central - Double Studio
2026-09-16 10:45:59,VR Auckland City,2026-09-21,Official site,74,
2026-09-16 10:45:59,VR Auckland City,2026-09-21,Super.com,85,
2026-09-16 10:45:59,VR Auckland City,2026-09-21,Booking.com,90,ibis budget Auckland Central - Double Studio
2026-09-16 10:46:06,VR Queen Street Auckland,2026-09-22,Booking.com,74,ibis budget Auckland Central - Double Studio
2026-09-16 10:46:06,VR Queen Street Auckland,2026-09-22,Super.com,80,
2026-09-16 10:46:06,VR Queen Street Auckland,2026-09-22,Official site,105,
2026-09-16 10:46:13,VR Auckland City,2026-09-22,Official site,74,
2026-09-16 10:46:13,VR Auckland City,2026-09-22,Super.com,85,
2026-09-16 10:46:13,VR Auckland City,2026-09-22,Booking.com,104,Studio Apartment
2026-09-16 10:46:17,VR Queen Street Auckland,2026-09-23,Super.com,80,
2026-09-16 10:46:17,VR Queen Street Auckland,2026-09-23,Booking.com,91,Standard King Room
2026-09-16 10:46:17,VR Queen Street Auckland,2026-09-23,Official site,101,
2026-09-16 10:46:22,VR Auckland City,2026-09-23,Booking.com,73,
2026-09-16 10:46:22,VR Auckland City,2026-09-23,Official site,74,
2026-09-16 10:46:22,VR Auckland City,2026-09-23,Super.com,87,
2026-09-16 10:46:29,VR Queen Street Auckland,2026-09-24,Super.com,78,
2026-09-16 10:46:29,VR Queen Street Auckland,2026-09-24,Booking.com,91,Standard King Room
2026-09-16 10:46:29,VR Queen Street Auckland,2026-09-24,Official site,101,
2026-09-16 10:46:33,VR Auckland City,2026-09-24,Official site,87,Parkside Hotel & Apartments
2026-09-16 10:46:33,VR Auckland City,2026-09-24,Super.com,87,
2026-09-16 10:46:33,VR Auckland City,2026-09-24,Booking.com,104,Studio Apartment
2026-09-16 10:46:33,VR Auckland City,2026-09-24,Agoda,112,
2026-09-16 10:46:33,VR Auckland City,2026-09-24,Expedia,112,
2026-09-16 10:46:40,VR Queen Street Auckland,2026-09-25,Wotif,85,
2026-09-16 10:46:40,VR Queen Street Auckland,2026-09-25,Booking.com,115,VR Queen Street - Hotel & Suites
2026-09-16 10:46:40,VR Queen Street Auckland,2026-09-25,Super.com,115,
2026-09-16 10:46:40,VR Queen Street Auckland,2026-09-25,Hotels.com,129,Standard King Room
2026-09-16 10:46:40,VR Queen Street Auckland,2026-09-25,Official site,149,
2026-09-16 10:46:46,VR Auckland City,2026-09-25,Official site,85,
2026-09-16 10:46:46,VR Auckland City,2026-09-25,Booking.com,115,VR Queen Street - Hotel & Suites
2026-09-16 10:46:46,VR Auckland City,2026-09-25,Super.com,116,
2026-09-16 10:46:53,VR Queen Street Auckland,2026-09-26,Booking.com,113,
2026-09-16 10:46:53,VR Queen Street Auckland,2026-09-26,Official site,117,ibis budget Auckland Central - Double Studio
2026-09-16 10:46:53,VR Queen Street Auckland,2026-09-26,Super.com,118,
2026-09-16 10:46:53,VR Queen Street Auckland,2026-09-26,Hotels.com,131,Standard King Room
2026-09-16 10:46:59,VR Auckland City,2026-09-26,Official site,97,Mercure Auckland Queen Street
2026-09-16 10:46:59,VR Auckland City,2026-09-26,Booking.com,117,ibis budget Auckland Central - Double Studio
2026-09-16 10:47:05,VR Queen Street Auckland,2026-09-27,Official site,72,The Quadrant Hotel & Suites
2026-09-16 10:47:05,VR Queen Street Auckland,2026-09-27,Wotif,80,VR Queen Street - Hotel & Suites
2026-09-16 10:47:05,VR Queen Street Auckland,2026-09-27,Super.com,80,
2026-09-16 10:47:05,VR Queen Street Auckland,2026-09-27,Booking.com,94,Standard King Room
2026-09-16 10:47:12,VR Auckland City,2026-09-27,Official site,72,The Quadrant Hotel & Suites
2026-09-16 10:47:12,VR Auckland City,2026-09-27,Wotif,80,VR Queen Street - Hotel & Suites
2026-09-16 10:47:12,VR Auckland City,2026-09-27,Super.com,112,
2026-09-16 10:47:12,VR Auckland City,2026-09-27,Booking.com,140,Studio Apartment
2026-09-16 10:47:18,VR Queen Street Auckland,2026-09-28,Wotif,73,The Quadrant Hotel & Suites
2026-09-16 10:47:18,VR Queen Street Auckland,2026-09-28,Official site,80,Open VR Queen Street - Hotel & Suites in a new tab.
2026-09-16 10:47:18,VR Queen Street Auckland,2026-09-28,Super.com,80,
2026-09-16 10:47:18,VR Queen Street Auckland,2026-09-28,Booking.com,94,Standard King Room
2026-09-16 10:47:24,VR Auckland City,2026-09-28,Wotif,73,The Quadrant Hotel & Suites
2026-09-16 10:47:24,VR Auckland City,2026-09-28,Official site,74,ibis budget Auckland Central - Double Studio
2026-09-16 10:47:24,VR Auckland City,2026-09-28,Super.com,84,
2026-09-16 10:47:24,VR Auckland City,2026-09-28,Booking.com,108,Studio Apartment
2026-09-16 10:47:31,VR Queen Street Auckland,2026-09-29,Official site,75,The Quadrant Hotel & Suites
2026-09-16 10:47:31,VR Queen Street Auckland,2026-09-29,Wotif,80,Open VR Queen Street - Hotel & Suites in a new tab.
2026-09-16 10:47:31,VR Queen Street Auckland,2026-09-29,Super.com,80,
2026-09-16 10:47:31,VR Queen Street Auckland,2026-09-29,Hotels.com,89,
2026-09-16 10:47:31,VR Queen Street Auckland,2026-09-29,Booking.com,94,Standard King Room
2026-09-16 10:47:37,VR Auckland City,2026-09-29,Official site,74,Princes Wharf Boutique Apartment
2026-09-16 10:47:37,VR Auckland City,2026-09-29,Wotif,75,The Quadrant Hotel & Suites
2026-09-16 10:47:37,VR Auckland City,2026-09-29,Super.com,87,
2026-09-16 10:47:37,VR Auckland City,2026-09-29,Booking.com,104,
2026-09-16 10:47:43,VR Queen Street Auckland,2026-09-30,Official site,67,
2026-09-16 10:47:43,VR Queen Street Auckland,2026-09-30,Super.com,86,
2026-09-16 10:47:43,VR Queen Street Auckland,2026-09-30,Booking.com,100,Standard King Room
2026-09-16 10:47:50,VR Auckland City,2026-09-30,Official site,84,
2026-09-16 10:47:50,VR Auckland City,2026-09-30,Super.com,87,
2026-09-16 10:47:50,VR Auckland City,2026-09-30,Booking.com,104,Studio Apartment
2026-09-16 10:47:55,VR Queen Street Auckland,2026-10-01,Official site,97,VR Queen Street - Hotel & Suites
2026-09-16 10:47:55,VR Queen Street Auckland,2026-10-01,Super.com,97,
2026-09-16 10:47:55,VR Queen Street Auckland,2026-10-01,Booking.com,113,Standard King Room
2026-09-16 10:48:01,VR Auckland City,2026-10-01,Official site,84,
2026-09-16 10:48:01,VR Auckland City,2026-10-01,Super.com,91,
2026-09-16 10:48:01,VR Auckland City,2026-10-01,Booking.com,109,
2026-09-16 10:48:08,VR Queen Street Auckland,2026-10-02,Booking.com,96,Ramada Suites By Wyndham Victoria Street West
2026-09-16 10:48:08,VR Queen Street Auckland,2026-10-02,Official site,100,
2026-09-16 10:48:08,VR Queen Street Auckland,2026-10-02,Super.com,110,
2026-09-16 10:48:14,VR Auckland City,2026-10-02,Official site,102,
2026-09-16 10:48:14,VR Auckland City,2026-10-02,Super.com,113,
2026-09-16 10:48:14,VR Auckland City,2026-10-02,Booking.com,135,
2026-09-16 10:48:18,VR Queen Street Auckland,2026-10-03,Booking.com,98,
2026-09-16 10:48:18,VR Queen Street Auckland,2026-10-03,Wotif,111,
2026-09-16 10:48:18,VR Queen Street Auckland,2026-10-03,Super.com,121,
2026-09-16 10:48:18,VR Queen Street Auckland,2026-10-03,Hotels.com,137,Standard King Room
2026-09-16 10:48:18,VR Queen Street Auckland,2026-10-03,Official site,158,
2026-09-16 10:48:25,VR Auckland City,2026-10-03,Booking.com,98,
2026-09-16 10:48:25,VR Auckland City,2026-10-03,Official site,102,ibis budget Auckland Central - Double Studio
2026-09-16 10:48:32,VR Queen Street Auckland,2026-10-04,Super.com,90,
2026-09-16 10:48:32,VR Queen Street Auckland,2026-10-04,Booking.com,106,Standard King Room
2026-09-16 10:48:32,VR Queen Street Auckland,2026-10-04,Bluepillow,106,Easy to use · Direct booking
2026-09-16 10:48:32,VR Queen Street Auckland,2026-10-04,Official site,117,
2026-09-16 10:48:36,VR Auckland City,2026-10-04,Official site,84,
2026-09-16 10:48:36,VR Auckland City,2026-10-04,Booking.com,84,Penthouse - One-Bedroom Apartment
2026-09-16 10:48:42,VR Queen Street Auckland,2026-10-05,Official site,85,The Quadrant Hotel & Suites
2026-09-16 10:48:42,VR Queen Street Auckland,2026-10-05,Booking.com,90,VR Queen Street - Hotel & Suites
2026-09-16 10:48:42,VR Queen Street Auckland,2026-10-05,Super.com,90,
2026-09-16 10:48:42,VR Queen Street Auckland,2026-10-05,Bluepillow,110,
2026-09-16 10:48:49,VR Auckland City,2026-10-05,Official site,84,Auckland Harbour Suites
2026-09-16 10:48:49,VR Auckland City,2026-10-05,Booking.com,90,VR Queen Street - Hotel & Suites
2026-09-16 10:48:49,VR Auckland City,2026-10-05,Super.com,110,
2026-09-16 10:48:49,VR Auckland City,2026-10-05,Bluepillow,113,
2026-09-16 10:48:56,VR Queen Street Auckland,2026-10-06,Booking.com,89,Auckland Harbour Suites
2026-09-16 10:48:56,VR Queen Street Auckland,2026-10-06,Official site,90,Open VR Queen Street - Hotel & Suites in a new tab.
2026-09-16 10:48:56,VR Queen Street Auckland,2026-10-06,Super.com,90,
2026-09-16 10:48:56,VR Queen Street Auckland,2026-10-06,Hotels.com,102,Standard King Room
2026-09-16 10:49:02,VR Auckland City,2026-10-06,Official site,84,The Quadrant Hotel & Suites
2026-09-16 10:49:02,VR Auckland City,2026-10-06,Super.com,107,
2026-09-16 10:49:02,VR Auckland City,2026-10-06,Booking.com,139,Studio Apartment
2026-09-16 10:49:09,VR Queen Street Auckland,2026-10-07,Booking.com,74,Auckland Harbour Suites
2026-09-16 10:49:09,VR Queen Street Auckland,2026-10-07,Official site,86,Open VR Queen Street - Hotel & Suites in a new tab.
2026-09-16 10:49:09,VR Queen Street Auckland,2026-10-07,Super.com,86,
2026-09-16 10:49:15,VR Auckland City,2026-10-07,Booking.com,74,Auckland Harbour Suites
2026-09-16 10:49:15,VR Auckland City,2026-10-07,Official site,84,
2026-09-16 10:49:21,VR Queen Street Auckland,2026-10-08,Super.com,114,
2026-09-16 10:49:21,VR Queen Street Auckland,2026-10-08,Bluepillow,131,Easy to use · Direct booking
2026-09-16 10:49:21,VR Queen Street Auckland,2026-10-08,Booking.com,134,Standard King Room
2026-09-16 10:49:21,VR Queen Street Auckland,2026-10-08,Official site,149,
2026-09-16 10:49:26,VR Auckland City,2026-10-08,Official site,84,
2026-09-16 10:49:26,VR Auckland City,2026-10-08,Booking.com,84,VR Queen Street - Hotel & Suites
2026-09-16 10:49:26,VR Auckland City,2026-10-08,Super.com,142,
2026-09-16 10:49:32,VR Queen Street Auckland,2026-10-09,Booking.com,75,Grand Central Serviced Apartments
2026-09-16 10:49:32,VR Queen Street Auckland,2026-10-09,Official site,116,
2026-09-16 10:49:32,VR Queen Street Auckland,2026-10-09,Super.com,224,
2026-09-16 10:49:38,VR Auckland City,2026-10-09,Official site,102,
2026-09-16 10:49:38,VR Auckland City,2026-10-09,Booking.com,330,
2026-09-16 10:49:43,VR Queen Street Auckland,2026-10-10,Official site,90,
2026-09-16 10:49:43,VR Queen Street Auckland,2026-10-10,Super.com,231,
2026-09-16 10:49:43,VR Queen Street Auckland,2026-10-10,Booking.com,270,Standard King Room
2026-09-16 10:49:49,VR Auckland City,2026-10-10,Booking.com,90,
2026-09-16 10:49:49,VR Auckland City,2026-10-10,Official site,102,
2026-09-16 10:49:49,VR Auckland City,2026-10-10,Super.com,454,
2026-09-16 10:49:55,VR Queen Street Auckland,2026-10-11,Official site,96,VR Queen Street - Hotel & Suites
2026-09-16 10:49:55,VR Queen Street Auckland,2026-10-11,Super.com,96,
2026-09-16 10:49:55,VR Queen Street Auckland,2026-10-11,Booking.com,113,Standard King Room
2026-09-16 10:49:55,VR Queen Street Auckland,2026-10-11,Bluepillow,131,Easy to use · Direct booking
2026-09-16 10:50:02,VR Auckland City,2026-10-11,Official site,84,ibis budget Auckland Central - Double Studio
2026-09-16 10:50:02,VR Auckland City,2026-10-11,Super.com,87,
2026-09-16 10:50:02,VR Auckland City,2026-10-11,Bluepillow,94,Easy to use · Direct booking
2026-09-16 10:50:02,VR Auckland City,2026-10-11,Booking.com,107,
2026-09-16 10:50:08,VR Queen Street Auckland,2026-10-12,Official site,84,
2026-09-16 10:50:08,VR Queen Street Auckland,2026-10-12,Super.com,97,
2026-09-16 10:50:08,VR Queen Street Auckland,2026-10-12,Hotels.com,109,Standard King Room
2026-09-16 10:50:08,VR Queen Street Auckland,2026-10-12,Booking.com,113,
2026-09-16 10:50:14,VR Auckland City,2026-10-12,Official site,84,ibis budget Auckland Central - Double Studio
2026-09-16 10:50:14,VR Auckland City,2026-10-12,Booking.com,131,
2026-09-16 10:50:21,VR Queen Street Auckland,2026-10-13,Super.com,96,
2026-09-16 10:50:21,VR Queen Street Auckland,2026-10-13,Booking.com,113,Standard King Room
2026-09-16 10:50:21,VR Queen Street Auckland,2026-10-13,Bluepillow,123,
2026-09-16 10:50:21,VR Queen Street Auckland,2026-10-13,Official site,125,
2026-09-16 10:50:25,VR Auckland City,2026-10-13,Official site,84,
2026-09-16 10:50:25,VR Auckland City,2026-10-13,Super.com,91,
2026-09-16 10:50:25,VR Auckland City,2026-10-13,Booking.com,112,Studio Apartment
2026-09-16 10:50:30,VR Queen Street Auckland,2026-10-14,Official site,84,VR Queen Street - Hotel & Suites
2026-09-16 10:50:30,VR Queen Street Auckland,2026-10-14,Super.com,97,
2026-09-16 10:50:30,VR Queen Street Auckland,2026-10-14,Booking.com,113,Standard King Room
2026-09-16 10:50:36,VR Auckland City,2026-10-14,Official site,84,
2026-09-16 10:50:36,VR Auckland City,2026-10-14,Super.com,92,
2026-09-16 10:50:36,VR Auckland City,2026-10-14,Booking.com,117,Studio Apartment
2026-09-16 10:50:41,VR Queen Street Auckland,2026-10-15,Official site,89,
2026-09-16 10:50:41,VR Queen Street Auckland,2026-10-15,Booking.com,95,The Quadrant Hotel & Suites
2026-09-16 10:50:41,VR Queen Street Auckland,2026-10-15,Super.com,96,
2026-09-16 10:50:47,VR Auckland City,2026-10-15,Official site,84,Parkside Hotel & Apartments Auckland
2026-09-16 10:50:47,VR Auckland City,2026-10-15,Booking.com,89,
2026-09-16 10:50:54,VR Queen Street Auckland,2026-10-16,Booking.com,67,City Gardens Apartments
2026-09-16 10:50:54,VR Queen Street Auckland,2026-10-16,Official site,113,
2026-09-16 10:50:54,VR Queen Street Auckland,2026-10-16,Super.com,133,
2026-09-16 10:50:54,VR Queen Street Auckland,2026-10-16,Hotels.com,150,Standard King Room
2026-09-16 10:51:00,VR Auckland City,2026-10-16,Official site,67,City Gardens Apartments
2026-09-16 10:51:00,VR Auckland City,2026-10-16,Booking.com,113,
2026-09-16 10:51:06,VR Queen Street Auckland,2026-10-17,Official site,69,
2026-09-16 10:51:06,VR Queen Street Auckland,2026-10-17,Booking.com,215,VR Queen Street - Hotel & Suites
2026-09-16 10:51:06,VR Queen Street Auckland,2026-10-17,Super.com,215,
2026-09-16 10:51:13,VR Auckland City,2026-10-17,Official site,102,
2026-09-16 10:51:13,VR Auckland City,2026-10-17,Booking.com,639,
2026-09-16 10:51:13,VR Auckland City,2026-10-17,trivago,657,
2026-09-16 10:51:18,VR Queen Street Auckland,2026-10-18,Super.com,104,
2026-09-16 10:51:18,VR Queen Street Auckland,2026-10-18,Hotels.com,116,Standard King Room
2026-09-16 10:51:18,VR Queen Street Auckland,2026-10-18,Booking.com,121,
2026-09-16 10:51:18,VR Queen Street Auckland,2026-10-18,Official site,135,
2026-09-16 10:51:22,VR Auckland City,2026-10-18,Official site,84,Parkside Hotel & Apartments Auckland
2026-09-16 10:51:22,VR Auckland City,2026-10-18,Booking.com,149,Studio Apartment
2026-09-16 10:51:28,VR Queen Street Auckland,2026-10-19,Official site,84,The Quadrant Hotel & Suites
2026-09-16 10:51:28,VR Queen Street Auckland,2026-10-19,Booking.com,99,Mercure Auckland Queen Street
2026-09-16 10:51:28,VR Queen Street Auckland,2026-10-19,Super.com,108,
2026-09-16 10:51:28,VR Queen Street Auckland,2026-10-19,Bluepillow,120,
2026-09-16 10:51:35,VR Auckland City,2026-10-19,Official site,84,The Quadrant Hotel & Suites
2026-09-16 10:51:35,VR Auckland City,2026-10-19,Booking.com,84,Princes Wharf Amazing 2 bedroom Free Parking
2026-09-16 10:51:35,VR Auckland City,2026-10-19,Super.com,151,
2026-09-16 10:51:41,VR Queen Street Auckland,2026-10-20,Super.com,50,
2026-09-16 10:51:41,VR Queen Street Auckland,2026-10-20,Booking.com,75,Grand Central Serviced Apartments
2026-09-16 10:51:41,VR Queen Street Auckland,2026-10-20,Official site,107,
2026-09-16 10:51:47,VR Auckland City,2026-10-20,Booking.com,75,Grand Central Serviced Apartments
2026-09-16 10:51:47,VR Auckland City,2026-10-20,Official site,84,VR Queen Street - Hotel & Suites
2026-09-16 10:51:47,VR Auckland City,2026-10-20,Super.com,155,
2026-09-16 10:51:47,VR Auckland City,2026-10-20,Bluepillow,174,
2026-09-16 10:51:54,VR Queen Street Auckland,2026-10-21,Super.com,48,
2026-09-16 10:51:54,VR Queen Street Auckland,2026-10-21,Official site,71,City Gardens Apartments
2026-09-16 10:51:54,VR Queen Street Auckland,2026-10-21,Booking.com,95,
2026-09-16 10:52:00,VR Auckland City,2026-10-21,Super.com,45,
2026-09-16 10:52:00,VR Auckland City,2026-10-21,Official site,71,City Gardens Apartments
2026-09-16 10:52:00,VR Auckland City,2026-10-21,Booking.com,95,
2026-09-16 10:52:06,VR Queen Street Auckland,2026-10-22,Official site,84,Mercure Auckland Queen Street
2026-09-16 10:52:06,VR Queen Street Auckland,2026-10-22,Super.com,129,
2026-09-16 10:52:06,VR Queen Street Auckland,2026-10-22,Booking.com,151,Standard King Room
2026-09-16 10:52:13,VR Auckland City,2026-10-22,Booking.com,84,Mercure Auckland Queen Street
2026-09-16 10:52:13,VR Auckland City,2026-10-22,Official site,84,
2026-09-16 10:52:13,VR Auckland City,2026-10-22,Bluepillow,164,
2026-09-16 10:52:13,VR Auckland City,2026-10-22,Trip.com,185,
2026-09-16 10:52:19,VR Queen Street Auckland,2026-10-23,Super.com,62,
2026-09-16 10:52:19,VR Queen Street Auckland,2026-10-23,Official site,92,Pullman Auckland Hotel & Apartments
2026-09-16 10:52:19,VR Queen Street Auckland,2026-10-23,Booking.com,128,
2026-09-16 10:52:25,VR Auckland City,2026-10-23,Booking.com,92,Pullman Auckland Hotel & Apartments
2026-09-16 10:52:25,VR Auckland City,2026-10-23,Official site,102,
2026-09-16 10:52:25,VR Auckland City,2026-10-23,Trip.com,414,
2026-09-16 10:52:32,VR Queen Street Auckland,2026-10-24,Booking.com,75,Grand Central Serviced Apartments
2026-09-16 10:52:32,VR Queen Street Auckland,2026-10-24,Official site,103,
2026-09-16 10:52:32,VR Queen Street Auckland,2026-10-24,Super.com,197,
2026-09-16 10:52:38,VR Auckland City,2026-10-24,Booking.com,75,Grand Central Serviced Apartments
2026-09-16 10:52:38,VR Auckland City,2026-10-24,Official site,102,Parkside Hotel & Apartments Auckland
2026-09-16 10:52:38,VR Auckland City,2026-10-24,Trip.com,328,
2026-09-16 10:52:44,VR Queen Street Auckland,2026-10-25,Official site,84,Parkside Hotel & Apartments Auckland
2026-09-16 10:52:44,VR Queen Street Auckland,2026-10-25,Booking.com,95,
2026-09-16 10:52:44,VR Queen Street Auckland,2026-10-25,Super.com,233,
2026-09-16 10:52:51,VR Auckland City,2026-10-25,Official site,84,Parkside Hotel & Apartments Auckland
2026-09-16 10:52:51,VR Auckland City,2026-10-25,Booking.com,84,Penthouse - One-Bedroom Apartment
2026-09-16 10:52:51,VR Auckland City,2026-10-25,Super.com,96,
2026-09-16 10:52:51,VR Auckland City,2026-10-25,Bluepillow,144,
2026-09-16 10:52:57,VR Queen Street Auckland,2026-10-26,Official site,96,Open VR Queen Street - Hotel & Suites in a new tab.
2026-09-16 10:52:57,VR Queen Street Auckland,2026-10-26,Super.com,96,
2026-09-16 10:52:57,VR Queen Street Auckland,2026-10-26,Booking.com,109,
2026-09-16 10:52:57,VR Queen Street Auckland,2026-10-26,Bluepillow,123,Easy to use · Direct booking
2026-09-16 10:53:04,VR Auckland City,2026-10-26,Official site,84,
2026-09-16 10:53:04,VR Auckland City,2026-10-26,Super.com,91,
2026-09-16 10:53:04,VR Auckland City,2026-10-26,Booking.com,109,
2026-09-16 10:53:04,VR Auckland City,2026-10-26,Bluepillow,139,
2026-09-16 10:53:10,VR Queen Street Auckland,2026-10-27,Official site,97,VR Queen Street - Hotel & Suites
2026-09-16 10:53:10,VR Queen Street Auckland,2026-10-27,Booking.com,97,Open VR Queen Street - Hotel & Suites in a new tab.
2026-09-16 10:53:10,VR Queen Street Auckland,2026-10-27,Super.com,97,
2026-09-16 10:53:10,VR Queen Street Auckland,2026-10-27,Hotels.com,108,Standard King Room
2026-09-16 10:53:16,VR Auckland City,2026-10-27,Official site,84,Ramada Suites By Wyndham Victoria Street West
2026-09-16 10:53:16,VR Auckland City,2026-10-27,Booking.com,97,VR Queen Street - Hotel & Suites
2026-09-16 10:53:16,VR Auckland City,2026-10-27,Bluepillow,139,
2026-09-16 10:53:22,VR Queen Street Auckland,2026-10-28,Booking.com,97,Open VR Queen Street - Hotel & Suites in a new tab.
2026-09-16 10:53:22,VR Queen Street Auckland,2026-10-28,Super.com,97,
2026-09-16 10:53:22,VR Queen Street Auckland,2026-10-28,Official site,103,
2026-09-16 10:53:22,VR Queen Street Auckland,2026-10-28,Hotels.com,108,Standard King Room
2026-09-16 10:53:28,VR Auckland City,2026-10-28,Official site,84,
2026-09-16 10:53:28,VR Auckland City,2026-10-28,Booking.com,84,Auckland Harbour Suites
2026-09-16 10:53:34,VR Queen Street Auckland,2026-10-29,Official site,84,
2026-09-16 10:53:34,VR Queen Street Auckland,2026-10-29,Super.com,96,
2026-09-16 10:53:34,VR Queen Street Auckland,2026-10-29,Booking.com,113,Standard King Room
2026-09-16 10:53:34,VR Queen Street Auckland,2026-10-29,Bluepillow,131,
2026-09-16 10:53:41,VR Auckland City,2026-10-29,Official site,84,
2026-09-16 10:53:41,VR Auckland City,2026-10-29,Booking.com,84,Auckland Harbour Suites
2026-09-16 10:53:41,VR Auckland City,2026-10-29,Super.com,90,
2026-09-16 10:53:47,VR Queen Street Auckland,2026-10-30,Booking.com,117,
2026-09-16 10:53:47,VR Queen Street Auckland,2026-10-30,Official site,117,ibis budget Auckland Central - Double Studio
2026-09-16 10:53:47,VR Queen Street Auckland,2026-10-30,Super.com,121,
2026-09-16 10:53:54,VR Auckland City,2026-10-30,Official site,102,
2026-09-16 10:53:54,VR Auckland City,2026-10-30,Booking.com,102,Penthouse - One-Bedroom Apartment
2026-09-16 10:53:54,VR Auckland City,2026-10-30,Bluepillow,187,Easy to use · Direct booking
2026-09-16 10:54:00,VR Queen Street Auckland,2026-10-31,Booking.com,82,Penthouse - One-Bedroom Apartment
2026-09-16 10:54:00,VR Queen Street Auckland,2026-10-31,Official site,122,VR Queen Street - Hotel & Suites
2026-09-16 10:54:00,VR Queen Street Auckland,2026-10-31,Super.com,122,
2026-09-16 10:54:06,VR Auckland City,2026-10-31,Official site,82,Penthouse - One-Bedroom Apartment
2026-09-16 10:54:06,VR Auckland City,2026-10-31,Booking.com,122,VR Queen Street - Hotel & Suites
2026-09-16 10:54:06,VR Auckland City,2026-10-31,Super.com,130,
2026-09-16 10:54:13,VR Queen Street Auckland,2026-11-01,Official site,88,
2026-09-16 10:54:13,VR Queen Street Auckland,2026-11-01,Super.com,98,
2026-09-16 10:54:13,VR Queen Street Auckland,2026-11-01,Hotels.com,121,Standard King Room
2026-09-16 10:54:13,VR Queen Street Auckland,2026-11-01,Booking.com,126,
2026-09-16 10:54:19,VR Auckland City,2026-11-01,Official site,88,
2026-09-16 10:54:19,VR Auckland City,2026-11-01,Super.com,120,
2026-09-16 10:54:19,VR Auckland City,2026-11-01,Booking.com,180,
2026-09-16 10:54:25,VR Queen Street Auckland,2026-11-02,Official site,99,Open VR Queen Street - Hotel & Suites in a new tab.
2026-09-16 10:54:25,VR Queen Street Auckland,2026-11-02,Super.com,99,
2026-09-16 10:54:25,VR Queen Street Auckland,2026-11-02,Booking.com,126,Standard King Room
2026-09-16 10:54:25,VR Queen Street Auckland,2026-11-02,Bluepillow,127,Easy to use · Direct booking
2026-09-16 10:54:32,VR Auckland City,2026-11-02,Official site,107,
2026-09-16 10:54:32,VR Auckland City,2026-11-02,Booking.com,107,Penthouse - One-Bedroom Apartment
2026-09-16 10:54:32,VR Auckland City,2026-11-02,Super.com,117,
2026-09-16 10:54:32,VR Auckland City,2026-11-02,Bluepillow,173,Easy to use · Direct booking
2026-09-16 10:54:38,VR Queen Street Auckland,2026-11-03,Official site,93,ibis budget Auckland Central - Double Studio
2026-09-16 10:54:38,VR Queen Street Auckland,2026-11-03,Booking.com,99,Open VR Queen Street - Hotel & Suites in a new tab.
2026-09-16 10:54:38,VR Queen Street Auckland,2026-11-03,Super.com,99,
2026-09-16 10:54:45,VR Auckland City,2026-11-03,Official site,93,ibis budget Auckland Central - Double Studio
2026-09-16 10:54:45,VR Auckland City,2026-11-03,Super.com,118,
2026-09-16 10:54:45,VR Auckland City,2026-11-03,Booking.com,169,Studio Apartment
2026-09-16 10:54:51,VR Queen Street Auckland,2026-11-04,Official site,84,
2026-09-16 10:54:51,VR Queen Street Auckland,2026-11-04,Booking.com,117,
2026-09-16 10:54:51,VR Queen Street Auckland,2026-11-04,Super.com,136,
2026-09-16 10:54:57,VR Auckland City,2026-11-04,Official site,84,
2026-09-16 10:54:57,VR Auckland City,2026-11-04,Booking.com,107,
2026-09-16 10:54:57,VR Auckland City,2026-11-04,Super.com,136,
2026-09-16 10:55:03,VR Queen Street Auckland,2026-11-05,Super.com,47,
2026-09-16 10:55:03,VR Queen Street Auckland,2026-11-05,Official site,98,VR Queen Street - Hotel & Suites
2026-09-16 10:55:03,VR Queen Street Auckland,2026-11-05,Booking.com,184,Standard King Room
2026-09-16 10:55:10,VR Auckland City,2026-11-05,Official site,98,VR Queen Street - Hotel & Suites
2026-09-16 10:55:10,VR Auckland City,2026-11-05,Super.com,118,
2026-09-16 10:55:10,VR Auckland City,2026-11-05,Booking.com,272,
2026-09-16 10:55:16,VR Queen Street Auckland,2026-11-06,Official site,125,
2026-09-16 10:55:16,VR Queen Street Auckland,2026-11-06,Booking.com,146,VR Queen Street - Hotel & Suites
2026-09-16 10:55:16,VR Queen Street Auckland,2026-11-06,Super.com,146,
2026-09-16 10:55:22,VR Auckland City,2026-11-06,Official site,125,
2026-09-16 10:55:22,VR Auckland City,2026-11-06,Booking.com,125,Princes Wharf - Penthouse - Stunning Views
2026-09-16 10:55:29,VR Queen Street Auckland,2026-11-07,Official site,130,"Swiss-Belsuites Victoria Park, Auckland"
2026-09-16 10:55:29,VR Queen Street Auckland,2026-11-07,Super.com,135,
2026-09-16 10:55:29,VR Queen Street Auckland,2026-11-07,Booking.com,360,One-Bedroom Suite
2026-09-16 10:55:35,VR Auckland City,2026-11-07,Official site,130,"Swiss-Belsuites Victoria Park, Auckland"
2026-09-16 10:55:35,VR Auckland City,2026-11-07,Booking.com,135,
2026-09-16 10:55:35,VR Auckland City,2026-11-07,Hotels.com,440,
2026-09-16 10:55:42,VR Queen Street Auckland,2026-11-08,Official site,119,Mercure Auckland Queen Street
2026-09-16 10:55:42,VR Queen Street Auckland,2026-11-08,Booking.com,216,
2026-09-16 10:55:42,VR Queen Street Auckland,2026-11-08,Super.com,232,
2026-09-16 10:55:48,VR Auckland City,2026-11-08,Booking.com,119,Mercure Auckland Queen Street
2026-09-16 10:55:48,VR Auckland City,2026-11-08,Official site,180,
2026-09-16 10:55:48,VR Auckland City,2026-11-08,Expedia,316,
2026-09-16 10:55:48,VR Auckland City,2026-11-08,Hotels.com,316,
2026-09-16 10:55:54,VR Queen Street Auckland,2026-11-09,Booking.com,107,
2026-09-16 10:55:54,VR Queen Street Auckland,2026-11-09,Official site,126,ibis budget Auckland Central - Double Studio
2026-09-16 10:55:54,VR Queen Street Auckland,2026-11-09,Super.com,166,
2026-09-16 10:56:01,VR Auckland City,2026-11-09,Official site,72,City Gardens Apartments
2026-09-16 10:56:01,VR Auckland City,2026-11-09,Super.com,117,
2026-09-16 10:56:01,VR Auckland City,2026-11-09,Booking.com,126,ibis budget Auckland Central - Double Studio
2026-09-16 10:56:01,VR Auckland City,2026-11-09,Bluepillow,246,Easy to use · Direct booking
2026-09-16 10:56:07,VR Queen Street Auckland,2026-11-10,Official site,76,City Gardens Apartments
2026-09-16 10:56:07,VR Queen Street Auckland,2026-11-10,Super.com,102,
2026-09-16 10:56:07,VR Queen Street Auckland,2026-11-10,Booking.com,130,Standard King Room
2026-09-16 10:56:13,VR Auckland City,2026-11-10,Official site,107,
2026-09-16 10:56:13,VR Auckland City,2026-11-10,Super.com,120,
2026-09-16 10:56:13,VR Auckland City,2026-11-10,Booking.com,203,Studio Apartment
2026-09-16 10:56:18,VR Queen Street Auckland,2026-11-11,Super.com,46,
2026-09-16 10:56:18,VR Queen Street Auckland,2026-11-11,Booking.com,76,City Gardens Apartments
2026-09-16 10:56:18,VR Queen Street Auckland,2026-11-11,Official site,148,VR Queen Street - Hotel & Suites
2026-09-16 10:56:24,VR Auckland City,2026-11-11,Official site,92,Penthouse - One-Bedroom Apartment
2026-09-16 10:56:24,VR Auckland City,2026-11-11,Booking.com,111,"Swiss-Belsuites Victoria Park, Auckland"
2026-09-16 10:56:30,VR Queen Street Auckland,2026-11-12,Super.com,50,
2026-09-16 10:56:30,VR Queen Street Auckland,2026-11-12,Booking.com,72,City Gardens Apartments
2026-09-16 10:56:30,VR Queen Street Auckland,2026-11-12,Official site,92,
2026-09-16 10:56:37,VR Auckland City,2026-11-12,Booking.com,92,
2026-09-16 10:56:37,VR Auckland City,2026-11-12,Official site,105,Ramada Suites By Wyndham Victoria Street West
2026-09-16 10:56:37,VR Auckland City,2026-11-12,Super.com,118,
2026-09-16 10:56:43,VR Queen Street Auckland,2026-11-13,Booking.com,92,
2026-09-16 10:56:43,VR Queen Street Auckland,2026-11-13,Official site,136,Open VR Queen Street - Hotel & Suites in a new tab.
2026-09-16 10:56:43,VR Queen Street Auckland,2026-11-13,Super.com,136,
2026-09-16 10:56:50,VR Auckland City,2026-11-13,Booking.com,92,
2026-09-16 10:56:50,VR Auckland City,2026-11-13,Official site,117,Parkside Hotel & Apartments Auckland
2026-09-16 10:56:50,VR Auckland City,2026-11-13,Super.com,117,
2026-09-16 10:56:56,VR Queen Street Auckland,2026-11-14,Booking.com,72,City Gardens Apartments
2026-09-16 10:56:56,VR Queen Street Auckland,2026-11-14,Official site,135,Open VR Queen Street - Hotel & Suites in a new tab.
2026-09-16 10:56:56,VR Queen Street Auckland,2026-11-14,Super.com,135,
2026-09-16 10:56:56,VR Queen Street Auckland,2026-11-14,Bluepillow,166,
2026-09-16 10:57:02,VR Auckland City,2026-11-14,Official site,72,City Gardens Apartments
2026-09-16 10:57:02,VR Auckland City,2026-11-14,Super.com,118,
2026-09-16 10:57:02,VR Auckland City,2026-11-14,Booking.com,295,
2026-09-16 10:57:09,VR Queen Street Auckland,2026-11-15,Official site,93,
2026-09-16 10:57:09,VR Queen Street Auckland,2026-11-15,Expedia,131,
2026-09-16 10:57:09,VR Queen Street Auckland,2026-11-15,Bluepillow,132,
2026-09-16 10:57:09,VR Queen Street Auckland,2026-11-15,Booking.com,134,Standard King Room
2026-09-16 10:57:15,VR Auckland City,2026-11-15,Official site,93,
2026-09-16 10:57:15,VR Auckland City,2026-11-15,Super.com,120,
2026-09-16 10:57:15,VR Auckland City,2026-11-15,Booking.com,200,Studio Apartment
2026-09-16 10:57:22,VR Queen Street Auckland,2026-11-16,Official site,83,
2026-09-16 10:57:22,VR Queen Street Auckland,2026-11-16,Booking.com,107,Open VR Queen Street - Hotel & Suites in a new tab.
2026-09-16 10:57:22,VR Queen Street Auckland,2026-11-16,Super.com,107,
2026-09-16 10:57:29,VR Auckland City,2026-11-16,Official site,107,
2026-09-16 10:57:29,VR Auckland City,2026-11-16,Super.com,120,
2026-09-16 10:57:29,VR Auckland City,2026-11-16,Booking.com,223,Studio Apartment
2026-09-16 10:57:33,VR Queen Street Auckland,2026-11-17,Booking.com,108,Open VR Queen Street - Hotel & Suites in a new tab.
2026-09-16 10:57:33,VR Queen Street Auckland,2026-11-17,Super.com,108,
2026-09-16 10:57:33,VR Queen Street Auckland,2026-11-17,Official site,149,
2026-09-16 10:57:40,VR Auckland City,2026-11-17,Official site,111,"Swiss-Belsuites Victoria Park, Auckland"
2026-09-16 10:57:40,VR Auckland City,2026-11-17,Super.com,120,
2026-09-16 10:57:40,VR Auckland City,2026-11-17,Booking.com,246,Studio Apartment
2026-09-16 11:14:52,VR Queen Street Auckland,2026-09-16,Super.com,131,
2026-09-16 11:14:52,VR Queen Street Auckland,2026-09-16,Booking.com,141,One-Bedroom Suite
2026-09-16 11:14:52,VR Queen Street Auckland,2026-09-16,Official site,156,
2026-09-16 11:14:58,VR Auckland City,2026-09-16,Official site,79,
2026-09-16 11:14:58,VR Auckland City,2026-09-16,Trip.com,118,
2026-09-16 11:14:58,VR Auckland City,2026-09-16,Booking.com,135,Studio Apartment
2026-09-16 11:15:03,VR Queen Street Auckland,2026-09-17,Super.com,33,
2026-09-16 11:15:03,VR Queen Street Auckland,2026-09-17,Official site,82,VR Queen Street - Hotel & Suites
2026-09-16 11:15:03,VR Queen Street Auckland,2026-09-17,Hotels.com,126,
2026-09-16 11:15:03,VR Queen Street Auckland,2026-09-17,Booking.com,131,One-Bedroom Suite
2026-09-16 11:15:11,VR Auckland City,2026-09-17,Official site,81,
2026-09-16 11:15:11,VR Auckland City,2026-09-17,Super.com,103,
2026-09-16 11:15:11,VR Auckland City,2026-09-17,Booking.com,122,Studio Apartment
2026-09-16 11:15:16,VR Queen Street Auckland,2026-09-18,Super.com,127,
2026-09-16 11:15:16,VR Queen Street Auckland,2026-09-18,Hotels.com,144,Standard King Room
2026-09-16 11:15:16,VR Queen Street Auckland,2026-09-18,Booking.com,151,
2026-09-16 11:15:16,VR Queen Street Auckland,2026-09-18,Official site,167,
2026-09-16 11:15:22,VR Auckland City,2026-09-18,Official site,87,
2026-09-16 11:15:22,VR Auckland City,2026-09-18,Super.com,102,
2026-09-16 11:15:22,VR Auckland City,2026-09-18,Booking.com,122,Studio Apartment
2026-09-16 11:15:30,VR Queen Street Auckland,2026-09-19,Super.com,134,
2026-09-16 11:15:30,VR Queen Street Auckland,2026-09-19,Hotels.com,151,Standard King Room
2026-09-16 11:15:30,VR Queen Street Auckland,2026-09-19,Booking.com,157,
2026-09-16 11:15:30,VR Queen Street Auckland,2026-09-19,Official site,175,
2026-09-16 11:15:34,VR Auckland City,2026-09-19,Official site,88,
2026-09-16 11:15:34,VR Auckland City,2026-09-19,Super.com,113,
2026-09-16 11:15:34,VR Auckland City,2026-09-19,Booking.com,135,Studio Apartment
2026-09-16 11:15:40,VR Queen Street Auckland,2026-09-20,Booking.com,79,VR Queen Street - Hotel & Suites
2026-09-16 11:15:40,VR Queen Street Auckland,2026-09-20,Wotif,79,Open VR Queen Street - Hotel & Suites in a new tab.
2026-09-16 11:15:40,VR Queen Street Auckland,2026-09-20,Super.com,79,
2026-09-16 11:15:40,VR Queen Street Auckland,2026-09-20,Hotels.com,87,Standard King Room
2026-09-16 11:15:40,VR Queen Street Auckland,2026-09-20,Official site,102,
2026-09-16 11:15:48,VR Auckland City,2026-09-20,Official site,74,
2026-09-16 11:15:48,VR Auckland City,2026-09-20,Super.com,85,
2026-09-16 11:15:48,VR Auckland City,2026-09-20,Booking.com,108,
2026-09-16 11:15:52,VR Queen Street Auckland,2026-09-21,Official site,74,
2026-09-16 11:15:52,VR Queen Street Auckland,2026-09-21,Super.com,78,
2026-09-16 11:15:52,VR Queen Street Auckland,2026-09-21,Hotels.com,88,
2026-09-16 11:15:52,VR Queen Street Auckland,2026-09-21,Booking.com,92,Standard King Room
2026-09-16 11:16:00,VR Auckland City,2026-09-21,Official site,74,Auckland Harbour Suites
2026-09-16 11:16:00,VR Auckland City,2026-09-21,Super.com,85,
2026-09-16 11:16:00,VR Auckland City,2026-09-21,Booking.com,100,Studio Apartment
2026-09-16 11:16:07,VR Queen Street Auckland,2026-09-22,Super.com,80,
2026-09-16 11:16:07,VR Queen Street Auckland,2026-09-22,Expedia,92,
2026-09-16 11:16:07,VR Queen Street Auckland,2026-09-22,Booking.com,95,Standard King Room
2026-09-16 11:16:07,VR Queen Street Auckland,2026-09-22,Bluepillow,96,Easy to use · Direct booking
2026-09-16 11:16:12,VR Auckland City,2026-09-22,Official site,74,ibis budget Auckland Central - Double Studio
2026-09-16 11:16:12,VR Auckland City,2026-09-22,Booking.com,74,
2026-09-16 11:16:12,VR Auckland City,2026-09-22,Super.com,85,
2026-09-16 11:16:18,VR Queen Street Auckland,2026-09-23,Official site,88,
2026-09-16 11:16:18,VR Queen Street Auckland,2026-09-23,Booking.com,91,Standard King Room
2026-09-16 11:16:23,VR Auckland City,2026-09-23,Booking.com,74,Ramada Suites By Wyndham Victoria Street West
2026-09-16 11:16:23,VR Auckland City,2026-09-23,Official site,74,Chic Princes Wharf Studio | City View | Parking
2026-09-16 11:16:23,VR Auckland City,2026-09-23,Super.com,87,
2026-09-16 11:16:23,VR Auckland City,2026-09-23,Bluepillow,94,
2026-09-16 11:16:29,VR Queen Street Auckland,2026-09-24,Super.com,78,
2026-09-16 11:16:29,VR Queen Street Auckland,2026-09-24,Expedia,88,
2026-09-16 11:16:29,VR Queen Street Auckland,2026-09-24,Booking.com,91,Standard King Room
2026-09-16 11:16:29,VR Queen Street Auckland,2026-09-24,Bluepillow,92,
2026-09-16 11:16:34,VR Auckland City,2026-09-24,Booking.com,77,Parkside Hotel & Apartments
2026-09-16 11:16:34,VR Auckland City,2026-09-24,Super.com,87,
2026-09-16 11:16:34,VR Auckland City,2026-09-24,Official site,90,ibis budget Auckland Central - Double Studio
2026-09-16 11:16:34,VR Auckland City,2026-09-24,Expedia,112,
2026-09-16 11:16:40,VR Queen Street Auckland,2026-09-25,Super.com,115,
2026-09-16 11:16:40,VR Queen Street Auckland,2026-09-25,Booking.com,134,Standard King Room
2026-09-16 11:16:40,VR Queen Street Auckland,2026-09-25,Official site,149,
2026-09-16 11:16:45,VR Auckland City,2026-09-25,Booking.com,85,Mercure Auckland Queen Street
2026-09-16 11:16:45,VR Auckland City,2026-09-25,Official site,97,ibis budget Auckland Central - Double Studio
2026-09-16 11:16:45,VR Auckland City,2026-09-25,Super.com,116,
2026-09-16 11:16:51,VR Queen Street Auckland,2026-09-26,Super.com,117,
2026-09-16 11:16:51,VR Queen Street Auckland,2026-09-26,Hotels.com,131,Standard King Room
2026-09-16 11:16:51,VR Queen Street Auckland,2026-09-26,Booking.com,138,
2026-09-16 11:16:51,VR Queen Street Auckland,2026-09-26,Official site,153,
2026-09-16 11:16:56,VR Auckland City,2026-09-26,Official site,85,
2026-09-16 11:16:56,VR Auckland City,2026-09-26,Super.com,163,
2026-09-16 11:16:56,VR Auckland City,2026-09-26,Booking.com,194,Studio Apartment
2026-09-16 11:17:03,VR Queen Street Auckland,2026-09-27,Wotif,77,
2026-09-16 11:17:03,VR Queen Street Auckland,2026-09-27,Booking.com,80,VR Queen Street - Hotel & Suites
2026-09-16 11:17:03,VR Queen Street Auckland,2026-09-27,Super.com,80,
2026-09-16 11:17:03,VR Queen Street Auckland,2026-09-27,Expedia,89,
2026-09-16 11:17:03,VR Queen Street Auckland,2026-09-27,Bluepillow,103,
2026-09-16 11:17:09,VR Auckland City,2026-09-27,Booking.com,74,Parkside Hotel & Apartments
2026-09-16 11:17:09,VR Auckland City,2026-09-27,Official site,74,
2026-09-16 11:17:09,VR Auckland City,2026-09-27,Super.com,112,
2026-09-16 11:17:16,VR Queen Street Auckland,2026-09-28,Wotif,72,The Quadrant Hotel & Suites
2026-09-16 11:17:16,VR Queen Street Auckland,2026-09-28,Booking.com,86,ibis budget Auckland Central - Double Studio
2026-09-16 11:17:16,VR Queen Street Auckland,2026-09-28,Hotels.com,89,
2026-09-16 11:17:16,VR Queen Street Auckland,2026-09-28,Official site,104,
2026-09-16 11:17:22,VR Auckland City,2026-09-28,Official site,74,
2026-09-16 11:17:22,VR Auckland City,2026-09-28,Super.com,84,
2026-09-16 11:17:22,VR Auckland City,2026-09-28,Booking.com,108,Studio Apartment
2026-09-16 11:17:27,VR Queen Street Auckland,2026-09-29,Wotif,82,VR Queen Street - Hotel & Suites
2026-09-16 11:17:27,VR Queen Street Auckland,2026-09-29,Official site,82,Open VR Queen Street - Hotel & Suites in a new tab.
2026-09-16 11:17:27,VR Queen Street Auckland,2026-09-29,Super.com,82,
2026-09-16 11:17:27,VR Queen Street Auckland,2026-09-29,Booking.com,94,Standard King Room
2026-09-16 11:17:34,VR Auckland City,2026-09-29,Official site,74,Auckland Harbour Suites
2026-09-16 11:17:34,VR Auckland City,2026-09-29,Wotif,82,VR Queen Street - Hotel & Suites
2026-09-16 11:17:34,VR Auckland City,2026-09-29,Super.com,87,
2026-09-16 11:17:34,VR Auckland City,2026-09-29,Booking.com,104,
2026-09-16 11:17:41,VR Queen Street Auckland,2026-09-30,Official site,90,ibis budget Auckland Central - Double Studio
2026-09-16 11:17:41,VR Queen Street Auckland,2026-09-30,Wotif,95,Open VR Queen Street - Hotel & Suites in a new tab.
2026-09-16 11:17:41,VR Queen Street Auckland,2026-09-30,Hotels.com,95,
2026-09-16 11:17:41,VR Queen Street Auckland,2026-09-30,Bluepillow,98,
2026-09-16 11:17:41,VR Queen Street Auckland,2026-09-30,Booking.com,100,Standard King Room
2026-09-16 11:17:48,VR Auckland City,2026-09-30,Official site,84,
2026-09-16 11:17:48,VR Auckland City,2026-09-30,Super.com,87,
2026-09-16 11:17:48,VR Auckland City,2026-09-30,Booking.com,104,Studio Apartment
2026-09-16 11:17:53,VR Queen Street Auckland,2026-10-01,Hotels.com,26,
2026-09-16 11:17:53,VR Queen Street Auckland,2026-10-01,Official site,108,VR Queen Street - Hotel & Suites
2026-09-16 11:17:53,VR Queen Street Auckland,2026-10-01,Booking.com,113,
2026-09-16 11:18:00,VR Auckland City,2026-10-01,Official site,84,VR Queen Street - Hotel & Suites
2026-09-16 11:18:00,VR Auckland City,2026-10-01,Super.com,91,
2026-09-16 11:18:00,VR Auckland City,2026-10-01,Booking.com,109,Studio Apartment
2026-09-16 11:18:07,VR Queen Street Auckland,2026-10-02,Booking.com,96,Ramada Suites By Wyndham Victoria Street West
2026-09-16 11:18:07,VR Queen Street Auckland,2026-10-02,Official site,110,Open VR Queen Street - Hotel & Suites in a new tab.
2026-09-16 11:18:07,VR Queen Street Auckland,2026-10-02,Super.com,110,
2026-09-16 11:18:07,VR Queen Street Auckland,2026-10-02,Bluepillow,140,
2026-09-16 11:18:13,VR Auckland City,2026-10-02,Official site,96,Ramada Suites By Wyndham Victoria Street West
2026-09-16 11:18:13,VR Auckland City,2026-10-02,Booking.com,102,Chic Princes Wharf Studio | City View | Parking
2026-09-16 11:18:13,VR Auckland City,2026-10-02,Super.com,113,
2026-09-16 11:18:13,VR Auckland City,2026-10-02,Bluepillow,118,
2026-09-16 11:18:20,VR Queen Street Auckland,2026-10-03,Super.com,121,
2026-09-16 11:18:20,VR Queen Street Auckland,2026-10-03,Booking.com,142,Standard King Room
2026-09-16 11:18:20,VR Queen Street Auckland,2026-10-03,Bluepillow,144,
2026-09-16 11:18:20,VR Queen Street Auckland,2026-10-03,Official site,158,
2026-09-16 11:18:25,VR Auckland City,2026-10-03,Official site,102,
2026-09-16 11:18:25,VR Auckland City,2026-10-03,Super.com,130,
2026-09-16 11:18:25,VR Auckland City,2026-10-03,Booking.com,155,Studio Apartment
2026-09-16 11:18:30,VR Queen Street Auckland,2026-10-04,Super.com,90,
2026-09-16 11:18:30,VR Queen Street Auckland,2026-10-04,Hotels.com,100,
2026-09-16 11:18:30,VR Queen Street Auckland,2026-10-04,Booking.com,106,Standard King Room
2026-09-16 11:18:34,VR Auckland City,2026-10-04,Official site,84,Penthouse - One-Bedroom Apartment
2026-09-16 11:18:34,VR Auckland City,2026-10-04,Booking.com,139,
2026-09-16 11:18:41,VR Queen Street Auckland,2026-10-05,Booking.com,77,Auckland Harbour Suites
2026-09-16 11:18:41,VR Queen Street Auckland,2026-10-05,Official site,90,Open VR Queen Street - Hotel & Suites in a new tab.
2026-09-16 11:18:41,VR Queen Street Auckland,2026-10-05,Super.com,90,
2026-09-16 11:18:41,VR Queen Street Auckland,2026-10-05,Hotels.com,102,
2026-09-16 11:18:41,VR Queen Street Auckland,2026-10-05,Bluepillow,110,Easy to use · Direct booking
2026-09-16 11:18:48,VR Auckland City,2026-10-05,Official site,84,
2026-09-16 11:18:48,VR Auckland City,2026-10-05,Super.com,110,
2026-09-16 11:18:48,VR Auckland City,2026-10-05,Booking.com,133,
2026-09-16 11:18:52,VR Queen Street Auckland,2026-10-06,Official site,77,Mercure Auckland Queen Street
2026-09-16 11:18:52,VR Queen Street Auckland,2026-10-06,Super.com,90,
2026-09-16 11:18:52,VR Queen Street Auckland,2026-10-06,Hotels.com,102,
2026-09-16 11:18:52,VR Queen Street Auckland,2026-10-06,Booking.com,106,Standard King Room
2026-09-16 11:18:52,VR Queen Street Auckland,2026-10-06,Expedia,106,
2026-09-16 11:18:59,VR Auckland City,2026-10-06,Official site,77,Auckland Harbour Suites
2026-09-16 11:18:59,VR Auckland City,2026-10-06,Super.com,107,
2026-09-16 11:18:59,VR Auckland City,2026-10-06,Booking.com,139,Studio Apartment
2026-09-16 11:19:05,VR Queen Street Auckland,2026-10-07,Booking.com,77,Mercure Auckland Queen Street
2026-09-16 11:19:05,VR Queen Street Auckland,2026-10-07,Official site,86,Open VR Queen Street - Hotel & Suites in a new tab.
2026-09-16 11:19:05,VR Queen Street Auckland,2026-10-07,Super.com,86,
2026-09-16 11:19:05,VR Queen Street Auckland,2026-10-07,Hotels.com,97,Standard King Room
2026-09-16 11:19:12,VR Auckland City,2026-10-07,Booking.com,77,Mercure Auckland Queen Street
2026-09-16 11:19:12,VR Auckland City,2026-10-07,Official site,84,Princes Wharf Boutique Apartment
2026-09-16 11:19:19,VR Queen Street Auckland,2026-10-08,Super.com,114,
2026-09-16 11:19:19,VR Queen Street Auckland,2026-10-08,Booking.com,134,
2026-09-16 11:19:19,VR Queen Street Auckland,2026-10-08,Official site,149,Standard King Room - Prepay and Save
2026-09-16 11:19:24,VR Auckland City,2026-10-08,Official site,84,
2026-09-16 11:19:24,VR Auckland City,2026-10-08,Booking.com,84,The Quadrant Hotel & Suites
2026-09-16 11:19:24,VR Auckland City,2026-10-08,Super.com,142,
2026-09-16 11:19:31,VR Queen Street Auckland,2026-10-09,Booking.com,75,Grand Central Serviced Apartments
2026-09-16 11:19:31,VR Queen Street Auckland,2026-10-09,Official site,254,Open VR Queen Street - Hotel & Suites in a new tab.
2026-09-16 11:19:37,VR Auckland City,2026-10-09,Booking.com,75,Grand Central Serviced Apartments
2026-09-16 11:19:37,VR Auckland City,2026-10-09,Official site,102,
2026-09-16 11:19:43,VR Queen Street Auckland,2026-10-10,Super.com,231,
2026-09-16 11:19:43,VR Queen Street Auckland,2026-10-10,Booking.com,270,Standard King Room
2026-09-16 11:19:43,VR Queen Street Auckland,2026-10-10,Official site,299,
2026-09-16 11:19:48,VR Auckland City,2026-10-10,Booking.com,90,
2026-09-16 11:19:48,VR Auckland City,2026-10-10,Official site,102,Nice City Studio with Ponsonby View
2026-09-16 11:19:48,VR Auckland City,2026-10-10,Super.com,454,
2026-09-16 11:19:54,VR Queen Street Auckland,2026-10-11,Super.com,96,
2026-09-16 11:19:54,VR Queen Street Auckland,2026-10-11,Booking.com,113,Standard King Room
2026-09-16 11:19:54,VR Queen Street Auckland,2026-10-11,Hotels.com,122,
2026-09-16 11:19:59,VR Auckland City,2026-10-11,Official site,84,ibis budget Auckland Central - Double Studio
2026-09-16 11:19:59,VR Auckland City,2026-10-11,Super.com,87,
2026-09-16 11:19:59,VR Auckland City,2026-10-11,Booking.com,96,VR Queen Street - Hotel & Suites
2026-09-16 11:20:05,VR Queen Street Auckland,2026-10-12,Official site,97,VR Queen Street - Hotel & Suites
2026-09-16 11:20:05,VR Queen Street Auckland,2026-10-12,Super.com,97,
2026-09-16 11:20:05,VR Queen Street Auckland,2026-10-12,Booking.com,113,Standard King Room
2026-09-16 11:20:12,VR Auckland City,2026-10-12,Official site,84,ibis budget Auckland Central - Double Studio
2026-09-16 11:20:12,VR Auckland City,2026-10-12,Super.com,102,
2026-09-16 11:20:12,VR Auckland City,2026-10-12,Booking.com,131,
2026-09-16 11:20:18,VR Queen Street Auckland,2026-10-13,Official site,77,The Quadrant Hotel & Suites
2026-09-16 11:20:18,VR Queen Street Auckland,2026-10-13,Hotels.com,108,
2026-09-16 11:20:18,VR Queen Street Auckland,2026-10-13,Booking.com,113,Standard King Room
2026-09-16 11:20:25,VR Auckland City,2026-10-13,Official site,77,The Quadrant Hotel & Suites
2026-09-16 11:20:25,VR Auckland City,2026-10-13,Booking.com,84,ibis budget Auckland Central - Double Studio
2026-09-16 11:20:25,VR Auckland City,2026-10-13,Super.com,91,
2026-09-16 11:20:25,VR Auckland City,2026-10-13,Bluepillow,99,
2026-09-16 11:20:31,VR Queen Street Auckland,2026-10-14,Booking.com,81,VR Queen Street - Hotel & Suites
2026-09-16 11:20:31,VR Queen Street Auckland,2026-10-14,Official site,95,ibis budget Auckland Central - Double Studio
2026-09-16 11:20:31,VR Queen Street Auckland,2026-10-14,Hotels.com,109,Standard King Room
2026-09-16 11:20:37,VR Auckland City,2026-10-14,Official site,84,
2026-09-16 11:20:37,VR Auckland City,2026-10-14,Super.com,92,
2026-09-16 11:20:37,VR Auckland City,2026-10-14,Booking.com,117,Studio Apartment
2026-09-16 11:20:42,VR Queen Street Auckland,2026-10-15,Booking.com,95,The Quadrant Hotel & Suites
2026-09-16 11:20:42,VR Queen Street Auckland,2026-10-15,Super.com,96,
2026-09-16 11:20:42,VR Queen Street Auckland,2026-10-15,Expedia,114,
2026-09-16 11:20:42,VR Queen Street Auckland,2026-10-15,Bluepillow,123,
2026-09-16 11:20:42,VR Queen Street Auckland,2026-10-15,Official site,142,Auckland Harbour Suites
2026-09-16 11:20:48,VR Auckland City,2026-10-15,Official site,84,ibis budget Auckland Central - Double Studio
2026-09-16 11:20:48,VR Auckland City,2026-10-15,Booking.com,108,
2026-09-16 11:20:55,VR Queen Street Auckland,2026-10-16,Official site,127,
2026-09-16 11:20:55,VR Queen Street Auckland,2026-10-16,Booking.com,133,VR Queen Street - Hotel & Suites
2026-09-16 11:20:55,VR Queen Street Auckland,2026-10-16,Super.com,133,
2026-09-16 11:21:01,VR Auckland City,2026-10-16,Official site,102,
2026-09-16 11:21:01,VR Auckland City,2026-10-16,Booking.com,102,Studio Steps from Sky City
2026-09-16 11:21:08,VR Queen Street Auckland,2026-10-17,Official site,69,
2026-09-16 11:21:08,VR Queen Street Auckland,2026-10-17,Super.com,215,
2026-09-16 11:21:08,VR Queen Street Auckland,2026-10-17,Booking.com,250,Standard King Room
2026-09-16 11:21:15,VR Auckland City,2026-10-17,Booking.com,69,
2026-09-16 11:21:15,VR Auckland City,2026-10-17,Official site,102,VR Queen Street - Hotel & Suites
2026-09-16 11:21:15,VR Auckland City,2026-10-17,Super.com,557,
2026-09-16 11:21:21,VR Queen Street Auckland,2026-10-18,Official site,89,VR Queen Street - Hotel & Suites
2026-09-16 11:21:21,VR Queen Street Auckland,2026-10-18,Booking.com,94,
2026-09-16 11:21:21,VR Queen Street Auckland,2026-10-18,Super.com,104,
2026-09-16 11:21:28,VR Auckland City,2026-10-18,Official site,84,Princes Wharf - Penthouse - Stunning Views
2026-09-16 11:21:28,VR Auckland City,2026-10-18,Booking.com,89,
2026-09-16 11:21:35,VR Queen Street Auckland,2026-10-19,Booking.com,84,Mercure Auckland Queen Street
2026-09-16 11:21:35,VR Queen Street Auckland,2026-10-19,Official site,119,VR Queen Street - Hotel & Suites
2026-09-16 11:21:35,VR Queen Street Auckland,2026-10-19,Expedia,119,
2026-09-16 11:21:35,VR Queen Street Auckland,2026-10-19,Bluepillow,120,
2026-09-16 11:21:41,VR Auckland City,2026-10-19,Booking.com,84,Mercure Auckland Queen Street
2026-09-16 11:21:41,VR Auckland City,2026-10-19,Official site,84,ibis budget Auckland Central - Double Studio
2026-09-16 11:21:41,VR Auckland City,2026-10-19,Super.com,151,
2026-09-16 11:21:48,VR Queen Street Auckland,2026-10-20,Super.com,38,
2026-09-16 11:21:48,VR Queen Street Auckland,2026-10-20,Official site,75,Grand Central Serviced Apartments
2026-09-16 11:21:48,VR Queen Street Auckland,2026-10-20,Booking.com,78,City Gardens Apartments
2026-09-16 11:21:54,VR Auckland City,2026-10-20,Booking.com,75,Grand Central Serviced Apartments
2026-09-16 11:21:54,VR Auckland City,2026-10-20,Official site,84,Modern Studio Near Sky Tower w Pool Gym & Balcony V082
2026-09-16 11:21:54,VR Auckland City,2026-10-20,Super.com,155,
2026-09-16 11:22:01,VR Queen Street Auckland,2026-10-21,Super.com,37,
2026-09-16 11:22:01,VR Queen Street Auckland,2026-10-21,Official site,71,City Gardens Apartments
2026-09-16 11:22:01,VR Queen Street Auckland,2026-10-21,Booking.com,95,
2026-09-16 11:22:07,VR Auckland City,2026-10-21,Super.com,45,
2026-09-16 11:22:07,VR Auckland City,2026-10-21,Official site,71,City Gardens Apartments
2026-09-16 11:22:07,VR Auckland City,2026-10-21,Booking.com,95,
2026-09-16 11:22:14,VR Queen Street Auckland,2026-10-22,Official site,84,
2026-09-16 11:22:14,VR Queen Street Auckland,2026-10-22,Super.com,129,
2026-09-16 11:22:14,VR Queen Street Auckland,2026-10-22,Booking.com,151,Standard King Room
2026-09-16 11:22:21,VR Auckland City,2026-10-22,Official site,84,
2026-09-16 11:22:21,VR Auckland City,2026-10-22,Booking.com,157,
2026-09-16 11:22:21,VR Auckland City,2026-10-22,Trip.com,185,
2026-09-16 11:22:28,VR Queen Street Auckland,2026-10-23,Super.com,62,
2026-09-16 11:22:28,VR Queen Street Auckland,2026-10-23,Booking.com,115,
2026-09-16 11:22:28,VR Queen Street Auckland,2026-10-23,Official site,120,Lovely apartment with WiFi in vibrant central Auckland
2026-09-16 11:22:34,VR Auckland City,2026-10-23,Official site,102,
2026-09-16 11:22:34,VR Auckland City,2026-10-23,Booking.com,102,Lovely apartment with WiFi in vibrant central Auckland
2026-09-16 11:22:34,VR Auckland City,2026-10-23,Trip.com,414,
2026-09-16 11:22:40,VR Queen Street Auckland,2026-10-24,Official site,78,City Gardens Apartments
2026-09-16 11:22:40,VR Queen Street Auckland,2026-10-24,Booking.com,102,Penthouse - One-Bedroom Apartment
2026-09-16 11:22:40,VR Queen Street Auckland,2026-10-24,Super.com,197,
2026-09-16 11:22:47,VR Auckland City,2026-10-24,Official site,78,City Gardens Apartments
2026-09-16 11:22:47,VR Auckland City,2026-10-24,Booking.com,102,Penthouse - One-Bedroom Apartment
2026-09-16 11:22:53,VR Queen Street Auckland,2026-10-25,Booking.com,84,
2026-09-16 11:22:53,VR Queen Street Auckland,2026-10-25,Official site,95,Parkside Hotel & Apartments Auckland
2026-09-16 11:22:53,VR Queen Street Auckland,2026-10-25,Super.com,233,
2026-09-16 11:23:00,VR Auckland City,2026-10-25,Official site,84,Penthouse - One-Bedroom Apartment
2026-09-16 11:23:00,VR Auckland City,2026-10-25,Booking.com,95,Parkside Hotel & Apartments Auckland
2026-09-16 11:23:00,VR Auckland City,2026-10-25,Super.com,96,
2026-09-16 11:23:06,VR Queen Street Auckland,2026-10-26,Official site,96,VR Queen Street - Hotel & Suites
2026-09-16 11:23:06,VR Queen Street Auckland,2026-10-26,Booking.com,96,Open VR Queen Street - Hotel & Suites in a new tab.
2026-09-16 11:23:06,VR Queen Street Auckland,2026-10-26,Super.com,96,
2026-09-16 11:23:13,VR Auckland City,2026-10-26,Official site,84,Ramada Suites By Wyndham Victoria Street West
2026-09-16 11:23:13,VR Auckland City,2026-10-26,Super.com,91,
2026-09-16 11:23:13,VR Auckland City,2026-10-26,Booking.com,119,
2026-09-16 11:23:20,VR Queen Street Auckland,2026-10-27,Official site,97,VR Queen Street - Hotel & Suites
2026-09-16 11:23:20,VR Queen Street Auckland,2026-10-27,Super.com,97,
2026-09-16 11:23:20,VR Queen Street Auckland,2026-10-27,Booking.com,113,Standard King Room
2026-09-16 11:23:26,VR Auckland City,2026-10-27,Official site,84,
2026-09-16 11:23:26,VR Auckland City,2026-10-27,Booking.com,84,Chic Princes Wharf Studio | City View | Parking
2026-09-16 11:23:26,VR Auckland City,2026-10-27,Super.com,91,
2026-09-16 11:23:32,VR Queen Street Auckland,2026-10-28,Official site,96,Open VR Queen Street - Hotel & Suites in a new tab.
2026-09-16 11:23:32,VR Queen Street Auckland,2026-10-28,Super.com,96,
2026-09-16 11:23:32,VR Queen Street Auckland,2026-10-28,Booking.com,113,Standard King Room
2026-09-16 11:23:39,VR Auckland City,2026-10-28,Official site,84,
2026-09-16 11:23:39,VR Auckland City,2026-10-28,Booking.com,84,Parkside Hotel & Apartments Auckland
2026-09-16 11:23:39,VR Auckland City,2026-10-28,Super.com,91,
2026-09-16 11:23:45,VR Queen Street Auckland,2026-10-29,Booking.com,84,
2026-09-16 11:23:45,VR Queen Street Auckland,2026-10-29,Official site,94,
2026-09-16 11:23:45,VR Queen Street Auckland,2026-10-29,Super.com,96,
2026-09-16 11:23:51,VR Auckland City,2026-10-29,Official site,84,
2026-09-16 11:23:51,VR Auckland City,2026-10-29,Super.com,90,
2026-09-16 11:23:51,VR Auckland City,2026-10-29,Booking.com,119,Studio Apartment
2026-09-16 11:23:58,VR Queen Street Auckland,2026-10-30,Booking.com,111,Ramada Suites By Wyndham Victoria Street West
2026-09-16 11:23:58,VR Queen Street Auckland,2026-10-30,Official site,117,ibis budget Auckland Central - Double Studio
2026-09-16 11:23:58,VR Queen Street Auckland,2026-10-30,Super.com,121,
2026-09-16 11:24:04,VR Auckland City,2026-10-30,Official site,102,Penthouse - One-Bedroom Apartment
2026-09-16 11:24:04,VR Auckland City,2026-10-30,Booking.com,111,Ramada Suites By Wyndham Victoria Street West
2026-09-16 11:24:11,VR Queen Street Auckland,2026-10-31,Booking.com,102,
2026-09-16 11:24:11,VR Queen Street Auckland,2026-10-31,Official site,122,VR Queen Street - Hotel & Suites
2026-09-16 11:24:11,VR Queen Street Auckland,2026-10-31,Super.com,122,
2026-09-16 11:24:17,VR Auckland City,2026-10-31,Official site,102,
2026-09-16 11:24:17,VR Auckland City,2026-10-31,Booking.com,102,
2026-09-16 11:24:17,VR Auckland City,2026-10-31,Super.com,130,
2026-09-16 11:24:24,VR Queen Street Auckland,2026-11-01,Official site,98,Open VR Queen Street - Hotel & Suites in a new tab.
2026-09-16 11:24:24,VR Queen Street Auckland,2026-11-01,Super.com,98,
2026-09-16 11:24:24,VR Queen Street Auckland,2026-11-01,Booking.com,126,Standard King Room
2026-09-16 11:24:30,VR Auckland City,2026-11-01,Official site,107,
2026-09-16 11:24:30,VR Auckland City,2026-11-01,Super.com,120,
2026-09-16 11:24:30,VR Auckland City,2026-11-01,Booking.com,180,Studio Apartment
2026-09-16 11:24:30,VR Auckland City,2026-11-01,Bluepillow,195,
2026-09-16 11:24:35,VR Queen Street Auckland,2026-11-02,Super.com,99,
2026-09-16 11:24:35,VR Queen Street Auckland,2026-11-02,Booking.com,126,
2026-09-16 11:24:35,VR Queen Street Auckland,2026-11-02,Bluepillow,127,
2026-09-16 11:24:35,VR Queen Street Auckland,2026-11-02,Official site,139,
2026-09-16 11:24:39,VR Auckland City,2026-11-02,Official site,107,Penthouse - One-Bedroom Apartment
2026-09-16 11:24:39,VR Auckland City,2026-11-02,Booking.com,116,
2026-09-16 11:24:39,VR Auckland City,2026-11-02,Super.com,119,
2026-09-16 11:24:39,VR Auckland City,2026-11-02,Bluepillow,173,
2026-09-16 11:24:45,VR Queen Street Auckland,2026-11-03,Official site,94,
2026-09-16 11:24:45,VR Queen Street Auckland,2026-11-03,Super.com,99,
2026-09-16 11:24:45,VR Queen Street Auckland,2026-11-03,Booking.com,126,Standard King Room
2026-09-16 11:24:52,VR Auckland City,2026-11-03,Official site,94,
2026-09-16 11:24:52,VR Auckland City,2026-11-03,Super.com,118,
2026-09-16 11:24:52,VR Auckland City,2026-11-03,Booking.com,169,
2026-09-16 11:24:58,VR Queen Street Auckland,2026-11-04,Official site,84,Penthouse - One-Bedroom Apartment
2026-09-16 11:24:58,VR Queen Street Auckland,2026-11-04,Booking.com,117,
2026-09-16 11:24:58,VR Queen Street Auckland,2026-11-04,Super.com,136,
2026-09-16 11:25:05,VR Auckland City,2026-11-04,Booking.com,84,Penthouse - One-Bedroom Apartment
2026-09-16 11:25:05,VR Auckland City,2026-11-04,Official site,107,Augustus Harmony Apartment with Parking & Air-con
2026-09-16 11:25:05,VR Auckland City,2026-11-04,Super.com,136,
2026-09-16 11:25:11,VR Queen Street Auckland,2026-11-05,Official site,98,Mercure Auckland Queen Street
2026-09-16 11:25:11,VR Queen Street Auckland,2026-11-05,Super.com,146,
2026-09-16 11:25:11,VR Queen Street Auckland,2026-11-05,Booking.com,184,Standard King Room
2026-09-16 11:25:17,VR Auckland City,2026-11-05,Official site,98,Mercure Auckland Queen Street
2026-09-16 11:25:17,VR Auckland City,2026-11-05,Super.com,123,
2026-09-16 11:25:17,VR Auckland City,2026-11-05,Booking.com,272,
2026-09-16 11:25:24,VR Queen Street Auckland,2026-11-06,Official site,146,Open VR Queen Street - Hotel & Suites in a new tab.
2026-09-16 11:25:24,VR Queen Street Auckland,2026-11-06,Super.com,146,
2026-09-16 11:25:24,VR Queen Street Auckland,2026-11-06,Booking.com,171,Mercure Auckland Queen Street
2026-09-16 11:25:30,VR Auckland City,2026-11-06,Official site,125,
2026-09-16 11:25:30,VR Auckland City,2026-11-06,Booking.com,125,Modern Studio Near Sky Tower w Pool Gym & Balcony V082
2026-09-16 11:25:37,VR Queen Street Auckland,2026-11-07,Wotif,128,
2026-09-16 11:25:37,VR Queen Street Auckland,2026-11-07,Official site,135,Nice City Studio with Ponsonby View
2026-09-16 11:25:37,VR Queen Street Auckland,2026-11-07,Super.com,288,
2026-09-16 11:25:37,VR Queen Street Auckland,2026-11-07,Booking.com,360,One-Bedroom Suite
2026-09-16 11:25:43,VR Auckland City,2026-11-07,Booking.com,128,
2026-09-16 11:25:43,VR Auckland City,2026-11-07,Official site,135,Nice City Studio with Ponsonby View
2026-09-16 11:25:43,VR Auckland City,2026-11-07,Hotels.com,440,
2026-09-16 11:25:50,VR Queen Street Auckland,2026-11-08,Booking.com,81,
2026-09-16 11:25:50,VR Queen Street Auckland,2026-11-08,Official site,119,
2026-09-16 11:25:50,VR Queen Street Auckland,2026-11-08,Super.com,232,
2026-09-16 11:25:56,VR Auckland City,2026-11-08,Booking.com,81,
2026-09-16 11:25:56,VR Auckland City,2026-11-08,Official site,119,
2026-09-16 11:25:56,VR Auckland City,2026-11-08,Agoda,157,
2026-09-16 11:25:56,VR Auckland City,2026-11-08,Bluepillow,318,
2026-09-16 11:26:03,VR Queen Street Auckland,2026-11-09,Official site,126,ibis budget Auckland Central - Double Studio
2026-09-16 11:26:03,VR Queen Street Auckland,2026-11-09,Super.com,166,
2026-09-16 11:26:03,VR Queen Street Auckland,2026-11-09,Booking.com,209,
2026-09-16 11:26:09,VR Auckland City,2026-11-09,Official site,107,ibis budget Auckland Central - Double Studio
2026-09-16 11:26:09,VR Auckland City,2026-11-09,Super.com,117,
2026-09-16 11:26:09,VR Auckland City,2026-11-09,Booking.com,218,Studio Apartment
2026-09-16 11:26:15,VR Queen Street Auckland,2026-11-10,Official site,102,Open VR Queen Street - Hotel & Suites in a new tab.
2026-09-16 11:26:15,VR Queen Street Auckland,2026-11-10,Super.com,102,
2026-09-16 11:26:15,VR Queen Street Auckland,2026-11-10,Booking.com,130,
2026-09-16 11:26:15,VR Queen Street Auckland,2026-11-10,Bluepillow,131,
2026-09-16 11:26:21,VR Auckland City,2026-11-10,Official site,107,Parkside Hotel & Apartments
2026-09-16 11:26:21,VR Auckland City,2026-11-10,Super.com,119,
2026-09-16 11:26:21,VR Auckland City,2026-11-10,Booking.com,203,Studio Apartment
2026-09-16 11:26:28,VR Queen Street Auckland,2026-11-11,Super.com,46,
2026-09-16 11:26:28,VR Queen Street Auckland,2026-11-11,Official site,76,City Gardens Apartments
2026-09-16 11:26:28,VR Queen Street Auckland,2026-11-11,Booking.com,188,Standard King Room
2026-09-16 11:26:34,VR Auckland City,2026-11-11,Official site,76,City Gardens Apartments
2026-09-16 11:26:34,VR Auckland City,2026-11-11,Booking.com,224,
2026-09-16 11:26:41,VR Queen Street Auckland,2026-11-12,Super.com,50,
2026-09-16 11:26:41,VR Queen Street Auckland,2026-11-12,Official site,72,City Gardens Apartments
2026-09-16 11:26:41,VR Queen Street Auckland,2026-11-12,Booking.com,92,Mercure Auckland Queen Street
2026-09-16 11:26:47,VR Auckland City,2026-11-12,Booking.com,72,City Gardens Apartments
2026-09-16 11:26:47,VR Auckland City,2026-11-12,Official site,92,Mercure Auckland Queen Street
2026-09-16 11:26:47,VR Auckland City,2026-11-12,Super.com,118,
2026-09-16 11:26:54,VR Queen Street Auckland,2026-11-13,Official site,84,City Gardens Apartments
2026-09-16 11:26:54,VR Queen Street Auckland,2026-11-13,Super.com,136,
2026-09-16 11:26:54,VR Queen Street Auckland,2026-11-13,Booking.com,167,Standard King Room
2026-09-16 11:27:00,VR Auckland City,2026-11-13,Official site,84,City Gardens Apartments
2026-09-16 11:27:00,VR Auckland City,2026-11-13,Booking.com,230,Studio Apartment
2026-09-16 11:27:07,VR Queen Street Auckland,2026-11-14,Official site,72,City Gardens Apartments
2026-09-16 11:27:07,VR Queen Street Auckland,2026-11-14,Super.com,135,
2026-09-16 11:27:07,VR Queen Street Auckland,2026-11-14,Booking.com,167,
2026-09-16 11:27:13,VR Auckland City,2026-11-14,Official site,72,City Gardens Apartments
2026-09-16 11:27:13,VR Auckland City,2026-11-14,Super.com,118,
2026-09-16 11:27:13,VR Auckland City,2026-11-14,Booking.com,295,
2026-09-16 11:27:20,VR Queen Street Auckland,2026-11-15,Official site,93,VR Queen Street - Hotel & Suites
2026-09-16 11:27:20,VR Queen Street Auckland,2026-11-15,Expedia,131,
2026-09-16 11:27:20,VR Queen Street Auckland,2026-11-15,Booking.com,134,Standard King Room
2026-09-16 11:27:26,VR Auckland City,2026-11-15,Official site,93,VR Queen Street - Hotel & Suites
2026-09-16 11:27:26,VR Auckland City,2026-11-15,Super.com,120,
2026-09-16 11:27:26,VR Auckland City,2026-11-15,Booking.com,200,Studio Apartment
2026-09-16 11:27:32,VR Queen Street Auckland,2026-11-16,Official site,83,Penthouse - One-Bedroom Apartment
2026-09-16 11:27:32,VR Queen Street Auckland,2026-11-16,Booking.com,107,Open VR Queen Street - Hotel & Suites in a new tab.
2026-09-16 11:27:32,VR Queen Street Auckland,2026-11-16,Super.com,107,
2026-09-16 11:27:39,VR Auckland City,2026-11-16,Official site,83,Ramada Suites By Wyndham Victoria Street West
2026-09-16 11:27:39,VR Auckland City,2026-11-16,Booking.com,223,
2026-09-16 11:27:45,VR Queen Street Auckland,2026-11-17,Booking.com,82,
2026-09-16 11:27:45,VR Queen Street Auckland,2026-11-17,Official site,107,Open VR Queen Street - Hotel & Suites in a new tab.
2026-09-16 11:27:45,VR Queen Street Auckland,2026-11-17,Super.com,107,
2026-09-16 11:27:52,VR Auckland City,2026-11-17,Official site,111,
2026-09-16 11:27:52,VR Auckland City,2026-11-17,Super.com,118,
2026-09-16 11:27:52,VR Auckland City,2026-11-17,Booking.com,246,
2026-09-16 11:44:52,VR Queen Street Auckland,2026-09-16,Super.com,129,
2026-09-16 11:44:52,VR Queen Street Auckland,2026-09-16,Hotels.com,131,Suite · Suite
2026-09-16 11:44:52,VR Queen Street Auckland,2026-09-16,Booking.com,141,
2026-09-16 11:44:52,VR Queen Street Auckland,2026-09-16,Official site,156,
2026-09-16 11:44:57,VR Auckland City,2026-09-16,Official site,79,
2026-09-16 11:44:57,VR Auckland City,2026-09-16,Booking.com,135,Studio Apartment
2026-09-16 11:44:57,VR Auckland City,2026-09-16,Agoda,145,
2026-09-16 11:45:02,VR Queen Street Auckland,2026-09-17,Super.com,33,
2026-09-16 11:45:02,VR Queen Street Auckland,2026-09-17,Booking.com,131,One-Bedroom Suite
2026-09-16 11:45:02,VR Queen Street Auckland,2026-09-17,Official site,145,
2026-09-16 11:45:07,VR Auckland City,2026-09-17,Official site,81,
2026-09-16 11:45:07,VR Auckland City,2026-09-17,Super.com,103,
2026-09-16 11:45:07,VR Auckland City,2026-09-17,Booking.com,122,Studio Apartment
2026-09-16 11:45:12,VR Queen Street Auckland,2026-09-18,Wotif,87,
2026-09-16 11:45:12,VR Queen Street Auckland,2026-09-18,Official site,93,
2026-09-16 11:45:12,VR Queen Street Auckland,2026-09-18,Super.com,129,
2026-09-16 11:45:12,VR Queen Street Auckland,2026-09-18,Hotels.com,144,Standard King Room
2026-09-16 11:45:12,VR Queen Street Auckland,2026-09-18,Booking.com,151,
2026-09-16 11:45:21,VR Auckland City,2026-09-18,Official site,88,
2026-09-16 11:45:21,VR Auckland City,2026-09-18,Super.com,103,
2026-09-16 11:45:21,VR Auckland City,2026-09-18,Booking.com,122,Studio Apartment
2026-09-16 11:45:25,VR Queen Street Auckland,2026-09-19,Super.com,134,
2026-09-16 11:45:25,VR Queen Street Auckland,2026-09-19,Booking.com,157,Standard King Room
2026-09-16 11:45:25,VR Queen Street Auckland,2026-09-19,Official site,175,
2026-09-16 11:45:30,VR Auckland City,2026-09-19,Official site,88,
2026-09-16 11:45:30,VR Auckland City,2026-09-19,Super.com,113,
2026-09-16 11:45:30,VR Auckland City,2026-09-19,Booking.com,135,
2026-09-16 11:45:35,VR Queen Street Auckland,2026-09-20,Booking.com,78,VR Queen Street - Hotel & Suites
2026-09-16 11:45:35,VR Queen Street Auckland,2026-09-20,Wotif,78,Open VR Queen Street - Hotel & Suites in a new tab.
2026-09-16 11:45:35,VR Queen Street Auckland,2026-09-20,Super.com,78,
2026-09-16 11:45:35,VR Queen Street Auckland,2026-09-20,Official site,102,
2026-09-16 11:45:43,VR Auckland City,2026-09-20,Official site,74,
2026-09-16 11:45:43,VR Auckland City,2026-09-20,Super.com,84,
2026-09-16 11:45:43,VR Auckland City,2026-09-20,Booking.com,108,Studio Apartment
2026-09-16 11:45:49,VR Queen Street Auckland,2026-09-21,Super.com,79,
2026-09-16 11:45:49,VR Queen Street Auckland,2026-09-21,Booking.com,92,Standard King Room
2026-09-16 11:45:49,VR Queen Street Auckland,2026-09-21,Official site,102,
2026-09-16 11:45:54,VR Auckland City,2026-09-21,Official site,74,Auckland Harbour Suites
2026-09-16 11:45:54,VR Auckland City,2026-09-21,Super.com,85,
2026-09-16 11:45:54,VR Auckland City,2026-09-21,Booking.com,90,ibis budget Auckland Central - Double Studio
2026-09-16 11:46:02,VR Queen Street Auckland,2026-09-22,Super.com,81,
2026-09-16 11:46:02,VR Queen Street Auckland,2026-09-22,Hotels.com,90,Standard King Room
2026-09-16 11:46:02,VR Queen Street Auckland,2026-09-22,Booking.com,95,
2026-09-16 11:46:02,VR Queen Street Auckland,2026-09-22,Official site,105,
2026-09-16 11:46:06,VR Auckland City,2026-09-22,Official site,74,
2026-09-16 11:46:06,VR Auckland City,2026-09-22,Super.com,87,
2026-09-16 11:46:06,VR Auckland City,2026-09-22,Booking.com,104,
2026-09-16 11:46:11,VR Queen Street Auckland,2026-09-23,Booking.com,90,
2026-09-16 11:46:11,VR Queen Street Auckland,2026-09-23,Hotels.com,98,
2026-09-16 11:46:15,VR Auckland City,2026-09-23,Official site,74,
2026-09-16 11:46:15,VR Auckland City,2026-09-23,Booking.com,104,Studio Apartment
2026-09-16 11:46:20,VR Queen Street Auckland,2026-09-24,Hotels.com,87,
2026-09-16 11:46:20,VR Queen Street Auckland,2026-09-24,Booking.com,91,Standard King Room
2026-09-16 11:46:20,VR Queen Street Auckland,2026-09-24,Official site,101,
2026-09-16 11:46:24,VR Auckland City,2026-09-24,Booking.com,20,
2026-09-16 11:46:24,VR Auckland City,2026-09-24,Bluepillow,95,
2026-09-16 11:46:24,VR Auckland City,2026-09-24,Expedia,112,
2026-09-16 11:46:29,VR Queen Street Auckland,2026-09-25,Hotels.com,129,
2026-09-16 11:46:29,VR Queen Street Auckland,2026-09-25,Booking.com,134,Standard King Room
2026-09-16 11:46:29,VR Queen Street Auckland,2026-09-25,Official site,149,
2026-09-16 11:46:34,VR Auckland City,2026-09-25,Official site,97,
2026-09-16 11:46:34,VR Auckland City,2026-09-25,Super.com,115,
2026-09-16 11:46:34,VR Auckland City,2026-09-25,Booking.com,139,Studio Apartment
2026-09-16 11:46:38,VR Queen Street Auckland,2026-09-26,Official site,117,VR Queen Street - Hotel & Suites
2026-09-16 11:46:38,VR Queen Street Auckland,2026-09-26,Booking.com,117,Open VR Queen Street - Hotel & Suites in a new tab.
2026-09-16 11:46:38,VR Queen Street Auckland,2026-09-26,Super.com,117,
2026-09-16 11:46:45,VR Auckland City,2026-09-26,Official site,97,
2026-09-16 11:46:45,VR Auckland City,2026-09-26,Booking.com,97,
2026-09-16 11:46:51,VR Queen Street Auckland,2026-09-27,Wotif,79,VR Queen Street - Hotel & Suites
2026-09-16 11:46:51,VR Queen Street Auckland,2026-09-27,Official site,79,Open VR Queen Street - Hotel & Suites in a new tab.
2026-09-16 11:46:51,VR Queen Street Auckland,2026-09-27,Super.com,79,
2026-09-16 11:46:51,VR Queen Street Auckland,2026-09-27,Booking.com,94,Standard King Room
2026-09-16 11:46:58,VR Auckland City,2026-09-27,Wotif,74,Ramada Suites By Wyndham Victoria Street West
2026-09-16 11:46:58,VR Auckland City,2026-09-27,Official site,74,
2026-09-16 11:46:58,VR Auckland City,2026-09-27,Booking.com,79,VR Queen Street - Hotel & Suites
2026-09-16 11:46:58,VR Auckland City,2026-09-27,Super.com,108,
2026-09-16 11:47:04,VR Queen Street Auckland,2026-09-28,Official site,91,
2026-09-16 11:47:04,VR Queen Street Auckland,2026-09-28,Booking.com,94,Standard King Room
2026-09-16 11:47:09,VR Auckland City,2026-09-28,Official site,72,The Quadrant Hotel & Suites
2026-09-16 11:47:09,VR Auckland City,2026-09-28,Wotif,74,ibis budget Auckland Central - Double Studio
2026-09-16 11:47:09,VR Auckland City,2026-09-28,Bluepillow,91,
2026-09-16 11:47:09,VR Auckland City,2026-09-28,Booking.com,108,Studio Apartment
2026-09-16 11:47:15,VR Queen Street Auckland,2026-09-29,Official site,82,VR Queen Street - Hotel & Suites
2026-09-16 11:47:15,VR Queen Street Auckland,2026-09-29,Wotif,82,Open VR Queen Street - Hotel & Suites in a new tab.
2026-09-16 11:47:15,VR Queen Street Auckland,2026-09-29,Super.com,82,
2026-09-16 11:47:15,VR Queen Street Auckland,2026-09-29,Hotels.com,89,Standard King Room
2026-09-16 11:47:15,VR Queen Street Auckland,2026-09-29,Booking.com,94,
2026-09-16 11:47:22,VR Auckland City,2026-09-29,Official site,74,
2026-09-16 11:47:22,VR Auckland City,2026-09-29,Super.com,87,
2026-09-16 11:47:22,VR Auckland City,2026-09-29,Booking.com,104,Studio Apartment
2026-09-16 11:47:26,VR Queen Street Auckland,2026-09-30,Super.com,89,
2026-09-16 11:47:26,VR Queen Street Auckland,2026-09-30,Booking.com,100,Standard King Room
2026-09-16 11:47:26,VR Queen Street Auckland,2026-09-30,Official site,111,
2026-09-16 11:47:31,VR Auckland City,2026-09-30,Official site,84,Auckland Harbour Suites
2026-09-16 11:47:31,VR Auckland City,2026-09-30,Super.com,87,
2026-09-16 11:47:31,VR Auckland City,2026-09-30,Booking.com,104,Studio Apartment
2026-09-16 11:47:37,VR Queen Street Auckland,2026-10-01,Hotels.com,108,Standard King Room
2026-09-16 11:47:37,VR Queen Street Auckland,2026-10-01,Booking.com,113,
2026-09-16 11:47:37,VR Queen Street Auckland,2026-10-01,Official site,125,
2026-09-16 11:47:42,VR Auckland City,2026-10-01,Official site,84,
2026-09-16 11:47:42,VR Auckland City,2026-10-01,Super.com,91,
2026-09-16 11:47:42,VR Auckland City,2026-10-01,Booking.com,109,Studio Apartment
2026-09-16 11:47:46,VR Queen Street Auckland,2026-10-02,Booking.com,96,
2026-09-16 11:47:46,VR Queen Street Auckland,2026-10-02,Official site,110,Open VR Queen Street - Hotel & Suites in a new tab.
2026-09-16 11:47:46,VR Queen Street Auckland,2026-10-02,Super.com,110,
2026-09-16 11:47:46,VR Queen Street Auckland,2026-10-02,Hotels.com,140,Standard King Room
2026-09-16 11:47:53,VR Auckland City,2026-10-02,Booking.com,96,
2026-09-16 11:47:53,VR Auckland City,2026-10-02,Official site,102,Chic Princes Wharf Studio | City View | Parking
2026-09-16 11:47:53,VR Auckland City,2026-10-02,Super.com,112,
2026-09-16 11:47:59,VR Queen Street Auckland,2026-10-03,Super.com,121,
2026-09-16 11:47:59,VR Queen Street Auckland,2026-10-03,Booking.com,142,
2026-09-16 11:47:59,VR Queen Street Auckland,2026-10-03,Official site,158,
2026-09-16 11:48:04,VR Auckland City,2026-10-03,Official site,102,
2026-09-16 11:48:04,VR Auckland City,2026-10-03,Booking.com,110,
2026-09-16 11:48:04,VR Auckland City,2026-10-03,Super.com,130,
2026-09-16 11:48:10,VR Queen Street Auckland,2026-10-04,Official site,90,VR Queen Street - Hotel & Suites
2026-09-16 11:48:10,VR Queen Street Auckland,2026-10-04,Booking.com,90,Open VR Queen Street - Hotel & Suites in a new tab.
2026-09-16 11:48:10,VR Queen Street Auckland,2026-10-04,Super.com,90,
2026-09-16 11:48:10,VR Queen Street Auckland,2026-10-04,Hotels.com,100,
2026-09-16 11:48:10,VR Queen Street Auckland,2026-10-04,Expedia,103,
2026-09-16 11:48:17,VR Auckland City,2026-10-04,Official site,84,
2026-09-16 11:48:17,VR Auckland City,2026-10-04,Booking.com,84,Princes Wharf Amazing 2 bedroom Free Parking
2026-09-16 11:48:17,VR Auckland City,2026-10-04,Super.com,110,
2026-09-16 11:48:23,VR Queen Street Auckland,2026-10-05,Wotif,77,
2026-09-16 11:48:23,VR Queen Street Auckland,2026-10-05,Official site,85,The Quadrant Hotel & Suites
2026-09-16 11:48:23,VR Queen Street Auckland,2026-10-05,Expedia,100,
2026-09-16 11:48:23,VR Queen Street Auckland,2026-10-05,Hotels.com,102,
2026-09-16 11:48:23,VR Queen Street Auckland,2026-10-05,Booking.com,106,Standard King Room
2026-09-16 11:48:29,VR Auckland City,2026-10-05,Wotif,77,
2026-09-16 11:48:29,VR Auckland City,2026-10-05,Official site,84,
2026-09-16 11:48:29,VR Auckland City,2026-10-05,Booking.com,85,The Quadrant Hotel & Suites
2026-09-16 11:48:29,VR Auckland City,2026-10-05,Super.com,110,
2026-09-16 11:48:36,VR Queen Street Auckland,2026-10-06,Expedia,102,
2026-09-16 11:48:36,VR Queen Street Auckland,2026-10-06,Hotels.com,102,
2026-09-16 11:48:36,VR Queen Street Auckland,2026-10-06,Booking.com,106,Standard King Room
2026-09-16 11:48:40,VR Auckland City,2026-10-06,Official site,77,
2026-09-16 11:48:40,VR Auckland City,2026-10-06,Booking.com,95,
2026-09-16 11:48:40,VR Auckland City,2026-10-06,Super.com,107,
2026-09-16 11:48:40,VR Auckland City,2026-10-06,Bluepillow,113,
2026-09-16 11:48:46,VR Queen Street Auckland,2026-10-07,Booking.com,78,Mercure Auckland Queen Street
2026-09-16 11:48:46,VR Queen Street Auckland,2026-10-07,Official site,86,Open VR Queen Street - Hotel & Suites in a new tab.
2026-09-16 11:48:46,VR Queen Street Auckland,2026-10-07,Super.com,86,
2026-09-16 11:48:46,VR Queen Street Auckland,2026-10-07,Expedia,102,
2026-09-16 11:48:53,VR Auckland City,2026-10-07,Booking.com,78,Mercure Auckland Queen Street
2026-09-16 11:48:53,VR Auckland City,2026-10-07,Official site,84,
2026-09-16 11:48:59,VR Queen Street Auckland,2026-10-08,Hotels.com,42,
2026-09-16 11:48:59,VR Queen Street Auckland,2026-10-08,Official site,94,
2026-09-16 11:48:59,VR Queen Street Auckland,2026-10-08,Booking.com,134,Standard King Room
2026-09-16 11:49:06,VR Auckland City,2026-10-08,Official site,84,Sky tower just next DOOR FREE parking
2026-09-16 11:49:06,VR Auckland City,2026-10-08,Super.com,142,
2026-09-16 11:49:06,VR Auckland City,2026-10-08,Booking.com,174,Executive One-Bedroom Apartment
2026-09-16 11:49:12,VR Queen Street Auckland,2026-10-09,Official site,75,Grand Central Serviced Apartments
2026-09-16 11:49:19,VR Auckland City,2026-10-09,Official site,102,
2026-09-16 11:49:19,VR Auckland City,2026-10-09,Booking.com,330,
2026-09-16 11:49:24,VR Queen Street Auckland,2026-10-10,Booking.com,263,
2026-09-16 11:49:24,VR Queen Street Auckland,2026-10-10,Hotels.com,263,
2026-09-16 11:49:24,VR Queen Street Auckland,2026-10-10,Bluepillow,339,
2026-09-16 11:49:28,VR Auckland City,2026-10-10,Official site,102,
2026-09-16 11:49:28,VR Auckland City,2026-10-10,Super.com,455,
2026-09-16 11:49:28,VR Auckland City,2026-10-10,Booking.com,549,
2026-09-16 11:49:33,VR Queen Street Auckland,2026-10-11,Official site,96,VR Queen Street - Hotel & Suites
2026-09-16 11:49:33,VR Queen Street Auckland,2026-10-11,Super.com,96,
2026-09-16 11:49:33,VR Queen Street Auckland,2026-10-11,Booking.com,113,Standard King Room
2026-09-16 11:49:39,VR Auckland City,2026-10-11,Official site,84,Penthouse - One-Bedroom Apartment
2026-09-16 11:49:39,VR Auckland City,2026-10-11,Super.com,87,
2026-09-16 11:49:39,VR Auckland City,2026-10-11,Booking.com,107,Studio Apartment
2026-09-16 11:49:45,VR Queen Street Auckland,2026-10-12,Hotels.com,109,Standard King Room
2026-09-16 11:49:45,VR Queen Street Auckland,2026-10-12,Booking.com,109,
2026-09-16 11:49:50,VR Auckland City,2026-10-12,Official site,84,ibis budget Auckland Central - Double Studio
2026-09-16 11:49:50,VR Auckland City,2026-10-12,Booking.com,131,
2026-09-16 11:49:56,VR Queen Street Auckland,2026-10-13,Booking.com,78,
2026-09-16 11:49:56,VR Queen Street Auckland,2026-10-13,Official site,105,Auckland Harbour Suites
2026-09-16 11:49:56,VR Queen Street Auckland,2026-10-13,Hotels.com,108,Standard King Room
2026-09-16 11:50:03,VR Auckland City,2026-10-13,Official site,84,
2026-09-16 11:50:03,VR Auckland City,2026-10-13,Super.com,91,
2026-09-16 11:50:03,VR Auckland City,2026-10-13,Booking.com,112,
2026-09-16 11:50:07,VR Queen Street Auckland,2026-10-14,Official site,81,The Quadrant Hotel & Suites
2026-09-16 11:50:07,VR Queen Street Auckland,2026-10-14,Hotels.com,109,Standard King Room
2026-09-16 11:50:07,VR Queen Street Auckland,2026-10-14,Booking.com,109,
2026-09-16 11:50:14,VR Auckland City,2026-10-14,Official site,81,The Quadrant Hotel & Suites
2026-09-16 11:50:14,VR Auckland City,2026-10-14,Super.com,93,
2026-09-16 11:50:14,VR Auckland City,2026-10-14,Booking.com,117,
2026-09-16 11:50:21,VR Queen Street Auckland,2026-10-15,Booking.com,108,
2026-09-16 11:50:21,VR Queen Street Auckland,2026-10-15,Official site,109,VR Queen Street - Hotel & Suites
2026-09-16 11:50:27,VR Auckland City,2026-10-15,Official site,84,Parkside Hotel & Apartments Auckland
2026-09-16 11:50:27,VR Auckland City,2026-10-15,Super.com,97,
2026-09-16 11:50:27,VR Auckland City,2026-10-15,Booking.com,109,VR Queen Street - Hotel & Suites
2026-09-16 11:50:33,VR Queen Street Auckland,2026-10-16,Official site,115,Mercure Auckland Queen Street
2026-09-16 11:50:33,VR Queen Street Auckland,2026-10-16,Booking.com,133,Open VR Queen Street - Hotel & Suites in a new tab.
2026-09-16 11:50:33,VR Queen Street Auckland,2026-10-16,Super.com,133,
2026-09-16 11:50:40,VR Auckland City,2026-10-16,Official site,102,Studio Steps from Sky City
2026-09-16 11:50:40,VR Auckland City,2026-10-16,Booking.com,185,Executive One-Bedroom Apartment
2026-09-16 11:50:46,VR Queen Street Auckland,2026-10-17,Official site,69,
2026-09-16 11:50:46,VR Queen Street Auckland,2026-10-17,Super.com,212,
2026-09-16 11:50:46,VR Queen Street Auckland,2026-10-17,Booking.com,250,
2026-09-16 11:50:53,VR Auckland City,2026-10-17,Official site,102,
2026-09-16 11:50:53,VR Auckland City,2026-10-17,Super.com,558,
2026-09-16 11:50:53,VR Auckland City,2026-10-17,Booking.com,639,
2026-09-16 11:50:58,VR Queen Street Auckland,2026-10-18,Booking.com,94,
2026-09-16 11:50:58,VR Queen Street Auckland,2026-10-18,Super.com,104,
2026-09-16 11:50:58,VR Queen Street Auckland,2026-10-18,Official site,110,
2026-09-16 11:50:58,VR Queen Street Auckland,2026-10-18,Bluepillow,120,Easy to use · Direct booking
2026-09-16 11:51:04,VR Auckland City,2026-10-18,Official site,84,Princes Wharf - Penthouse - Stunning Views
2026-09-16 11:51:04,VR Auckland City,2026-10-18,Booking.com,110,
2026-09-16 11:51:10,VR Queen Street Auckland,2026-10-19,Official site,84,
2026-09-16 11:51:10,VR Queen Street Auckland,2026-10-19,Super.com,104,
2026-09-16 11:51:10,VR Queen Street Auckland,2026-10-19,Booking.com,121,
2026-09-16 11:51:17,VR Auckland City,2026-10-19,Official site,84,Parkside Hotel & Apartments Auckland
2026-09-16 11:51:17,VR Auckland City,2026-10-19,Booking.com,93,The Quadrant Hotel & Suites
2026-09-16 11:51:17,VR Auckland City,2026-10-19,Super.com,144,
2026-09-16 11:51:23,VR Queen Street Auckland,2026-10-20,Super.com,54,
2026-09-16 11:51:23,VR Queen Street Auckland,2026-10-20,Official site,75,Grand Central Serviced Apartments
2026-09-16 11:51:23,VR Queen Street Auckland,2026-10-20,Booking.com,157,Open VR Queen Street - Hotel & Suites in a new tab.
2026-09-16 11:51:29,VR Auckland City,2026-10-20,Official site,75,Grand Central Serviced Apartments
2026-09-16 11:51:29,VR Auckland City,2026-10-20,Booking.com,84,Modern Studio Near Sky Tower w Pool Gym & Balcony V082
2026-09-16 11:51:29,VR Auckland City,2026-10-20,Super.com,155,
2026-09-16 11:51:35,VR Queen Street Auckland,2026-10-21,Super.com,53,
2026-09-16 11:51:35,VR Queen Street Auckland,2026-10-21,Official site,71,City Gardens Apartments
2026-09-16 11:51:35,VR Queen Street Auckland,2026-10-21,Booking.com,184,Standard King Room
2026-09-16 11:51:42,VR Auckland City,2026-10-21,Super.com,45,
2026-09-16 11:51:42,VR Auckland City,2026-10-21,Official site,71,City Gardens Apartments
2026-09-16 11:51:42,VR Auckland City,2026-10-21,Booking.com,132,Princes Wharf Amazing 2 bedroom Free Parking
2026-09-16 11:51:48,VR Queen Street Auckland,2026-10-22,Booking.com,84,The Quadrant Hotel & Suites
2026-09-16 11:51:48,VR Queen Street Auckland,2026-10-22,Official site,95,Ramada Suites By Wyndham Victoria Street West
2026-09-16 11:51:48,VR Queen Street Auckland,2026-10-22,Super.com,129,
2026-09-16 11:51:48,VR Queen Street Auckland,2026-10-22,Bluepillow,167,
2026-09-16 11:51:55,VR Auckland City,2026-10-22,Official site,84,The Quadrant Hotel & Suites
2026-09-16 11:51:55,VR Auckland City,2026-10-22,Booking.com,95,Ramada Suites By Wyndham Victoria Street West
2026-09-16 11:51:55,VR Auckland City,2026-10-22,Trip.com,185,
2026-09-16 11:52:01,VR Queen Street Auckland,2026-10-23,Super.com,60,
2026-09-16 11:52:01,VR Queen Street Auckland,2026-10-23,Official site,78,City Gardens Apartments
2026-09-16 11:52:01,VR Queen Street Auckland,2026-10-23,Booking.com,127,
2026-09-16 11:52:07,VR Auckland City,2026-10-23,Official site,78,City Gardens Apartments
2026-09-16 11:52:07,VR Auckland City,2026-10-23,Booking.com,127,
2026-09-16 11:52:07,VR Auckland City,2026-10-23,Trip.com,414,
2026-09-16 11:52:14,VR Queen Street Auckland,2026-10-24,Official site,75,Grand Central Serviced Apartments
2026-09-16 11:52:14,VR Queen Street Auckland,2026-10-24,Booking.com,102,
2026-09-16 11:52:14,VR Queen Street Auckland,2026-10-24,Super.com,197,
2026-09-16 11:52:21,VR Auckland City,2026-10-24,Official site,75,Grand Central Serviced Apartments
2026-09-16 11:52:21,VR Auckland City,2026-10-24,Booking.com,102,Penthouse - One-Bedroom Apartment
2026-09-16 11:52:21,VR Auckland City,2026-10-24,Bluepillow,304,Easy to use · Direct booking
2026-09-16 11:52:27,VR Queen Street Auckland,2026-10-25,Official site,84,
2026-09-16 11:52:27,VR Queen Street Auckland,2026-10-25,Super.com,233,
2026-09-16 11:52:27,VR Queen Street Auckland,2026-10-25,Booking.com,250,Standard King Room
2026-09-16 11:52:34,VR Auckland City,2026-10-25,Official site,84,
2026-09-16 11:52:34,VR Auckland City,2026-10-25,Booking.com,84,Penthouse - One-Bedroom Apartment
2026-09-16 11:52:34,VR Auckland City,2026-10-25,Super.com,96,
2026-09-16 11:52:40,VR Queen Street Auckland,2026-10-26,Official site,96,VR Queen Street - Hotel & Suites
2026-09-16 11:52:40,VR Queen Street Auckland,2026-10-26,Booking.com,96,Open VR Queen Street - Hotel & Suites in a new tab.
2026-09-16 11:52:40,VR Queen Street Auckland,2026-10-26,Super.com,96,
2026-09-16 11:52:46,VR Auckland City,2026-10-26,Official site,84,
2026-09-16 11:52:46,VR Auckland City,2026-10-26,Super.com,91,
2026-09-16 11:52:46,VR Auckland City,2026-10-26,Booking.com,119,Studio Apartment
2026-09-16 11:52:51,VR Queen Street Auckland,2026-10-27,Booking.com,97,VR Queen Street - Hotel & Suites
2026-09-16 11:52:51,VR Queen Street Auckland,2026-10-27,Official site,97,Open VR Queen Street - Hotel & Suites in a new tab.
2026-09-16 11:52:51,VR Queen Street Auckland,2026-10-27,Super.com,97,
2026-09-16 11:52:57,VR Auckland City,2026-10-27,Official site,84,
2026-09-16 11:52:57,VR Auckland City,2026-10-27,Booking.com,84,Chic Princes Wharf Studio | City View | Parking
2026-09-16 11:53:04,VR Queen Street Auckland,2026-10-28,Super.com,96,
2026-09-16 11:53:04,VR Queen Street Auckland,2026-10-28,Booking.com,113,Standard King Room
2026-09-16 11:53:04,VR Queen Street Auckland,2026-10-28,Official site,125,
2026-09-16 11:53:08,VR Auckland City,2026-10-28,Official site,84,Princes Wharf Amazing 2 bedroom Free Parking
2026-09-16 11:53:08,VR Auckland City,2026-10-28,Super.com,91,
2026-09-16 11:53:08,VR Auckland City,2026-10-28,Booking.com,119,Studio Apartment
2026-09-16 11:53:14,VR Queen Street Auckland,2026-10-29,Booking.com,94,
2026-09-16 11:53:14,VR Queen Street Auckland,2026-10-29,Official site,96,
2026-09-16 11:53:14,VR Queen Street Auckland,2026-10-29,Super.com,96,
2026-09-16 11:53:14,VR Queen Street Auckland,2026-10-29,Hotels.com,122,Standard King Room
2026-09-16 11:53:20,VR Auckland City,2026-10-29,Official site,84,Parkside Hotel & Apartments Auckland
2026-09-16 11:53:20,VR Auckland City,2026-10-29,Super.com,90,
2026-09-16 11:53:20,VR Auckland City,2026-10-29,Booking.com,96,
2026-09-16 11:53:27,VR Queen Street Auckland,2026-10-30,Official site,111,Mercure Auckland Queen Street
2026-09-16 11:53:27,VR Queen Street Auckland,2026-10-30,Booking.com,117,ibis budget Auckland Central - Double Studio
2026-09-16 11:53:27,VR Queen Street Auckland,2026-10-30,Super.com,121,
2026-09-16 11:53:33,VR Auckland City,2026-10-30,Official site,102,
2026-09-16 11:53:33,VR Auckland City,2026-10-30,Booking.com,167,
2026-09-16 11:53:37,VR Queen Street Auckland,2026-10-31,Official site,122,VR Queen Street - Hotel & Suites
2026-09-16 11:53:37,VR Queen Street Auckland,2026-10-31,Super.com,122,
2026-09-16 11:53:37,VR Queen Street Auckland,2026-10-31,Booking.com,151,Standard King Room
2026-09-16 11:53:43,VR Auckland City,2026-10-31,Official site,102,
2026-09-16 11:53:43,VR Auckland City,2026-10-31,Booking.com,122,VR Queen Street - Hotel & Suites
2026-09-16 11:53:43,VR Auckland City,2026-10-31,Super.com,130,
2026-09-16 11:53:50,VR Queen Street Auckland,2026-11-01,Official site,98,Open VR Queen Street - Hotel & Suites in a new tab.
2026-09-16 11:53:50,VR Queen Street Auckland,2026-11-01,Super.com,98,
2026-09-16 11:53:50,VR Queen Street Auckland,2026-11-01,Booking.com,126,Standard King Room
2026-09-16 11:53:56,VR Auckland City,2026-11-01,Official site,107,Pullman Auckland Hotel & Apartments
2026-09-16 11:53:56,VR Auckland City,2026-11-01,Super.com,120,
2026-09-16 11:53:56,VR Auckland City,2026-11-01,Booking.com,180,Studio Apartment
2026-09-16 11:54:03,VR Queen Street Auckland,2026-11-02,Official site,99,Open VR Queen Street - Hotel & Suites in a new tab.
2026-09-16 11:54:03,VR Queen Street Auckland,2026-11-02,Super.com,99,
2026-09-16 11:54:03,VR Queen Street Auckland,2026-11-02,Booking.com,117,
2026-09-16 11:54:09,VR Auckland City,2026-11-02,Official site,107,"Swiss-Belsuites Victoria Park, Auckland"
2026-09-16 11:54:09,VR Auckland City,2026-11-02,Booking.com,117,
2026-09-16 11:54:09,VR Auckland City,2026-11-02,Super.com,119,
2026-09-16 11:54:15,VR Queen Street Auckland,2026-11-03,Booking.com,94,
2026-09-16 11:54:15,VR Queen Street Auckland,2026-11-03,Super.com,99,
2026-09-16 11:54:15,VR Queen Street Auckland,2026-11-03,Official site,113,ibis budget Auckland Central - Double Studio
2026-09-16 11:54:22,VR Auckland City,2026-11-03,Official site,94,
2026-09-16 11:54:22,VR Auckland City,2026-11-03,Super.com,118,
2026-09-16 11:54:22,VR Auckland City,2026-11-03,Booking.com,169,
2026-09-16 11:54:28,VR Queen Street Auckland,2026-11-04,Official site,84,Ramada Suites By Wyndham Victoria Street West
2026-09-16 11:54:28,VR Queen Street Auckland,2026-11-04,Booking.com,100,
2026-09-16 11:54:28,VR Queen Street Auckland,2026-11-04,Super.com,136,
2026-09-16 11:54:34,VR Auckland City,2026-11-04,Official site,107,
2026-09-16 11:54:34,VR Auckland City,2026-11-04,Booking.com,180,
2026-09-16 11:54:39,VR Queen Street Auckland,2026-11-05,Official site,98,VR Queen Street - Hotel & Suites
2026-09-16 11:54:39,VR Queen Street Auckland,2026-11-05,Super.com,146,
2026-09-16 11:54:39,VR Queen Street Auckland,2026-11-05,Booking.com,184,
2026-09-16 11:54:45,VR Auckland City,2026-11-05,Official site,107,
2026-09-16 11:54:45,VR Auckland City,2026-11-05,Super.com,123,
2026-09-16 11:54:45,VR Auckland City,2026-11-05,Booking.com,272,Studio Apartment
2026-09-16 11:54:50,VR Queen Street Auckland,2026-11-06,Official site,146,Open VR Queen Street - Hotel & Suites in a new tab.
2026-09-16 11:54:50,VR Queen Street Auckland,2026-11-06,Super.com,146,
2026-09-16 11:54:50,VR Queen Street Auckland,2026-11-06,Booking.com,173,
2026-09-16 11:54:56,VR Auckland City,2026-11-06,Official site,125,Character Apartment in Central Downtown Auckland
2026-09-16 11:54:56,VR Auckland City,2026-11-06,Booking.com,173,
2026-09-16 11:55:02,VR Queen Street Auckland,2026-11-07,Super.com,289,
2026-09-16 11:55:02,VR Queen Street Auckland,2026-11-07,Booking.com,360,One-Bedroom Suite
2026-09-16 11:55:02,VR Queen Street Auckland,2026-11-07,Official site,399,
2026-09-16 11:55:07,VR Auckland City,2026-11-07,Official site,204,
2026-09-16 11:55:07,VR Auckland City,2026-11-07,Hotels.com,440,
2026-09-16 11:55:07,VR Auckland City,2026-11-07,Booking.com,598,
2026-09-16 11:55:12,VR Queen Street Auckland,2026-11-08,Super.com,235,
2026-09-16 11:55:12,VR Queen Street Auckland,2026-11-08,Booking.com,293,Standard King Room
2026-09-16 11:55:12,VR Queen Street Auckland,2026-11-08,Official site,325,
2026-09-16 11:55:16,VR Auckland City,2026-11-08,Agoda,157,
2026-09-16 11:55:16,VR Auckland City,2026-11-08,Booking.com,316,One-Bedroom Apartment
2026-09-16 11:55:16,VR Auckland City,2026-11-08,Hotels.com,316,
2026-09-16 11:55:20,VR Queen Street Auckland,2026-11-09,Official site,120,
2026-09-16 11:55:20,VR Queen Street Auckland,2026-11-09,Super.com,169,
2026-09-16 11:55:20,VR Queen Street Auckland,2026-11-09,Booking.com,209,Standard King Room
2026-09-16 11:55:27,VR Auckland City,2026-11-09,Official site,107,ibis budget Auckland Central - Double Studio
2026-09-16 11:55:27,VR Auckland City,2026-11-09,Super.com,117,
2026-09-16 11:55:27,VR Auckland City,2026-11-09,Booking.com,218,Studio Apartment
2026-09-16 11:55:33,VR Queen Street Auckland,2026-11-10,Official site,102,Open VR Queen Street - Hotel & Suites in a new tab.
2026-09-16 11:55:33,VR Queen Street Auckland,2026-11-10,Super.com,102,
2026-09-16 11:55:33,VR Queen Street Auckland,2026-11-10,Booking.com,130,Standard King Room
2026-09-16 11:55:33,VR Queen Street Auckland,2026-11-10,Bluepillow,132,
2026-09-16 11:55:39,VR Auckland City,2026-11-10,Official site,107,
2026-09-16 11:55:39,VR Auckland City,2026-11-10,Super.com,119,
2026-09-16 11:55:39,VR Auckland City,2026-11-10,Booking.com,203,Studio Apartment
2026-09-16 11:55:44,VR Queen Street Auckland,2026-11-11,Super.com,46,
2026-09-16 11:55:44,VR Queen Street Auckland,2026-11-11,Booking.com,188,Standard King Room
2026-09-16 11:55:44,VR Queen Street Auckland,2026-11-11,Official site,209,
2026-09-16 11:55:49,VR Auckland City,2026-11-11,Official site,76,City Gardens Apartments
2026-09-16 11:55:49,VR Auckland City,2026-11-11,Booking.com,224,One-Bedroom Apartment
2026-09-16 11:55:55,VR Queen Street Auckland,2026-11-12,Super.com,50,
2026-09-16 11:55:55,VR Queen Street Auckland,2026-11-12,Official site,72,City Gardens Apartments
2026-09-16 11:55:55,VR Queen Street Auckland,2026-11-12,Booking.com,188,
2026-09-16 11:56:02,VR Auckland City,2026-11-12,Official site,72,City Gardens Apartments
2026-09-16 11:56:02,VR Auckland City,2026-11-12,Super.com,118,
2026-09-16 11:56:02,VR Auckland City,2026-11-12,Booking.com,168,
2026-09-16 11:56:08,VR Queen Street Auckland,2026-11-13,Booking.com,84,City Gardens Apartments
2026-09-16 11:56:08,VR Queen Street Auckland,2026-11-13,Super.com,136,
2026-09-16 11:56:08,VR Queen Street Auckland,2026-11-13,Official site,140,
2026-09-16 11:56:14,VR Auckland City,2026-11-13,Booking.com,84,City Gardens Apartments
2026-09-16 11:56:14,VR Auckland City,2026-11-13,Super.com,117,
2026-09-16 11:56:14,VR Auckland City,2026-11-13,Official site,125,
2026-09-16 11:56:20,VR Queen Street Auckland,2026-11-14,Official site,72,City Gardens Apartments
2026-09-16 11:56:20,VR Queen Street Auckland,2026-11-14,Super.com,135,
2026-09-16 11:56:20,VR Queen Street Auckland,2026-11-14,Booking.com,167,Standard King Room
2026-09-16 11:56:26,VR Auckland City,2026-11-14,Official site,72,City Gardens Apartments
2026-09-16 11:56:26,VR Auckland City,2026-11-14,Super.com,118,
2026-09-16 11:56:26,VR Auckland City,2026-11-14,Booking.com,295,
2026-09-16 11:56:33,VR Queen Street Auckland,2026-11-15,Official site,108,Open VR Queen Street - Hotel & Suites in a new tab.
2026-09-16 11:56:33,VR Queen Street Auckland,2026-11-15,Super.com,108,
2026-09-16 11:56:33,VR Queen Street Auckland,2026-11-15,Booking.com,134,Standard King Room
2026-09-16 11:56:39,VR Auckland City,2026-11-15,Official site,107,Penthouse - One-Bedroom Apartment
2026-09-16 11:56:39,VR Auckland City,2026-11-15,Super.com,120,
2026-09-16 11:56:39,VR Auckland City,2026-11-15,Booking.com,200,
2026-09-16 11:56:46,VR Queen Street Auckland,2026-11-16,Official site,83,Penthouse - One-Bedroom Apartment
2026-09-16 11:56:46,VR Queen Street Auckland,2026-11-16,Super.com,107,
2026-09-16 11:56:46,VR Queen Street Auckland,2026-11-16,Booking.com,134,Standard King Room
2026-09-16 11:56:52,VR Auckland City,2026-11-16,Official site,83,Penthouse - One-Bedroom Apartment
2026-09-16 11:56:52,VR Auckland City,2026-11-16,Booking.com,223,
2026-09-16 11:56:58,VR Queen Street Auckland,2026-11-17,Official site,82,Sky tower just next DOOR FREE parking - Apartment with Balco
2026-09-16 11:56:58,VR Queen Street Auckland,2026-11-17,Super.com,107,
2026-09-16 11:56:58,VR Queen Street Auckland,2026-11-17,Booking.com,134,Standard King Room
2026-09-16 11:57:04,VR Auckland City,2026-11-17,Official site,111,
2026-09-16 11:57:04,VR Auckland City,2026-11-17,Super.com,119,
2026-09-16 11:57:04,VR Auckland City,2026-11-17,Bluepillow,274,
2026-09-16 12:14:52,VR Queen Street Auckland,2026-09-16,Booking.com,79,
2026-09-16 12:14:52,VR Queen Street Auckland,2026-09-16,Official site,104,VR Queen Street - Hotel & Suites
2026-09-16 12:14:52,VR Queen Street Auckland,2026-09-16,Super.com,131,
2026-09-16 12:15:00,VR Auckland City,2026-09-16,Official site,79,
2026-09-16 12:15:00,VR Auckland City,2026-09-16,Booking.com,135,Studio Apartment
2026-09-16 12:15:00,VR Auckland City,2026-09-16,Expedia,145,
2026-09-16 12:15:05,VR Queen Street Auckland,2026-09-17,Super.com,34,
2026-09-16 12:15:05,VR Queen Street Auckland,2026-09-17,Official site,70,City Gardens Apartments
2026-09-16 12:15:05,VR Queen Street Auckland,2026-09-17,Booking.com,131,One-Bedroom Suite
2026-09-16 12:15:12,VR Auckland City,2026-09-17,Official site,67,
2026-09-16 12:15:12,VR Auckland City,2026-09-17,Super.com,103,
2026-09-16 12:15:12,VR Auckland City,2026-09-17,Booking.com,122,Studio Apartment
2026-09-16 12:15:17,VR Queen Street Auckland,2026-09-18,Wotif,116,Ramada Suites By Wyndham Victoria Street West
2026-09-16 12:15:17,VR Queen Street Auckland,2026-09-18,Official site,127,VR Queen Street - Hotel & Suites
2026-09-16 12:15:17,VR Queen Street Auckland,2026-09-18,Super.com,127,
2026-09-16 12:15:17,VR Queen Street Auckland,2026-09-18,Booking.com,151,Standard King Room
2026-09-16 12:15:25,VR Auckland City,2026-09-18,Official site,88,
2026-09-16 12:15:25,VR Auckland City,2026-09-18,Wotif,88,VR Queen Street - Hotel & Suites
2026-09-16 12:15:25,VR Auckland City,2026-09-18,Super.com,102,
2026-09-16 12:15:25,VR Auckland City,2026-09-18,Booking.com,122,
2026-09-16 12:15:32,VR Queen Street Auckland,2026-09-19,Official site,92,
2026-09-16 12:15:32,VR Queen Street Auckland,2026-09-19,Super.com,134,
2026-09-16 12:15:32,VR Queen Street Auckland,2026-09-19,Booking.com,157,Standard King Room
2026-09-16 12:15:39,VR Auckland City,2026-09-19,Official site,88,
2026-09-16 12:15:39,VR Auckland City,2026-09-19,Super.com,112,
2026-09-16 12:15:39,VR Auckland City,2026-09-19,Booking.com,135,
2026-09-16 12:15:46,VR Queen Street Auckland,2026-09-20,Official site,77,Open VR Queen Street - Hotel & Suites in a new tab.
2026-09-16 12:15:46,VR Queen Street Auckland,2026-09-20,Super.com,77,
2026-09-16 12:15:46,VR Queen Street Auckland,2026-09-20,Booking.com,90,ibis budget Auckland Central - Double Studio
2026-09-16 12:15:53,VR Auckland City,2026-09-20,Official site,74,
2026-09-16 12:15:53,VR Auckland City,2026-09-20,Super.com,84,
2026-09-16 12:15:53,VR Auckland City,2026-09-20,Booking.com,108,Studio Apartment
2026-09-16 12:15:58,VR Queen Street Auckland,2026-09-21,Official site,74,
2026-09-16 12:15:58,VR Queen Street Auckland,2026-09-21,Super.com,79,
2026-09-16 12:15:58,VR Queen Street Auckland,2026-09-21,Booking.com,92,Standard King Room
2026-09-16 12:16:05,VR Auckland City,2026-09-21,Official site,74,
2026-09-16 12:16:05,VR Auckland City,2026-09-21,Super.com,86,
2026-09-16 12:16:05,VR Auckland City,2026-09-21,Booking.com,100,Studio Apartment
2026-09-16 12:16:12,VR Queen Street Auckland,2026-09-22,Official site,74,Mercure Auckland Queen Street
2026-09-16 12:16:12,VR Queen Street Auckland,2026-09-22,Super.com,81,
2026-09-16 12:16:12,VR Queen Street Auckland,2026-09-22,Booking.com,95,Standard King Room
2026-09-16 12:16:19,VR Auckland City,2026-09-22,Official site,74,Mercure Auckland Queen Street
2026-09-16 12:16:19,VR Auckland City,2026-09-22,Super.com,87,
2026-09-16 12:16:19,VR Auckland City,2026-09-22,Booking.com,104,Studio Apartment
2026-09-16 12:16:25,VR Queen Street Auckland,2026-09-23,Booking.com,74,Mercure Auckland Queen Street
2026-09-16 12:16:25,VR Queen Street Auckland,2026-09-23,Official site,88,
2026-09-16 12:16:25,VR Queen Street Auckland,2026-09-23,Hotels.com,98,
2026-09-16 12:16:32,VR Auckland City,2026-09-23,Official site,74,Mercure Auckland Queen Street
2026-09-16 12:16:32,VR Auckland City,2026-09-23,Booking.com,104,
2026-09-16 12:16:38,VR Queen Street Auckland,2026-09-24,Official site,80,Open VR Queen Street - Hotel & Suites in a new tab.
2026-09-16 12:16:38,VR Queen Street Auckland,2026-09-24,Super.com,80,
2026-09-16 12:16:38,VR Queen Street Auckland,2026-09-24,Booking.com,91,Standard King Room
2026-09-16 12:16:45,VR Auckland City,2026-09-24,Official site,86,Princes Wharf Boutique Apartment
2026-09-16 12:16:45,VR Auckland City,2026-09-24,Super.com,86,
2026-09-16 12:16:45,VR Auckland City,2026-09-24,Bluepillow,95,Easy to use · Direct booking
2026-09-16 12:16:45,VR Auckland City,2026-09-24,Booking.com,104,Studio Apartment
2026-09-16 12:16:52,VR Queen Street Auckland,2026-09-25,Booking.com,113,VR Queen Street - Hotel & Suites
2026-09-16 12:16:52,VR Queen Street Auckland,2026-09-25,Official site,113,Open VR Queen Street - Hotel & Suites in a new tab.
2026-09-16 12:16:52,VR Queen Street Auckland,2026-09-25,Super.com,113,
2026-09-16 12:16:58,VR Auckland City,2026-09-25,Official site,97,
2026-09-16 12:16:58,VR Auckland City,2026-09-25,Super.com,115,
2026-09-16 12:16:58,VR Auckland City,2026-09-25,Booking.com,139,Studio Apartment
2026-09-16 12:17:04,VR Queen Street Auckland,2026-09-26,Official site,109,
2026-09-16 12:17:04,VR Queen Street Auckland,2026-09-26,Super.com,117,
2026-09-16 12:17:04,VR Queen Street Auckland,2026-09-26,Booking.com,138,Standard King Room
2026-09-16 12:17:11,VR Auckland City,2026-09-26,Official site,97,Pullman Auckland Hotel & Apartments
2026-09-16 12:17:11,VR Auckland City,2026-09-26,Booking.com,109,
2026-09-16 12:17:11,VR Auckland City,2026-09-26,Super.com,163,
2026-09-16 12:17:18,VR Queen Street Auckland,2026-09-27,Official site,79,Open VR Queen Street - Hotel & Suites in a new tab.
2026-09-16 12:17:18,VR Queen Street Auckland,2026-09-27,Super.com,79,
2026-09-16 12:17:18,VR Queen Street Auckland,2026-09-27,Booking.com,94,Standard King Room
2026-09-16 12:17:24,VR Auckland City,2026-09-27,Booking.com,74,
2026-09-16 12:17:24,VR Auckland City,2026-09-27,Official site,74,
2026-09-16 12:17:24,VR Auckland City,2026-09-27,Wotif,102,Parkside Hotel & Apartments
2026-09-16 12:17:24,VR Auckland City,2026-09-27,Super.com,108,
2026-09-16 12:17:31,VR Queen Street Auckland,2026-09-28,Wotif,73,The Quadrant Hotel & Suites
2026-09-16 12:17:31,VR Queen Street Auckland,2026-09-28,Super.com,80,
2026-09-16 12:17:31,VR Queen Street Auckland,2026-09-28,Booking.com,94,Standard King Room
2026-09-16 12:17:31,VR Queen Street Auckland,2026-09-28,Bluepillow,99,
2026-09-16 12:17:31,VR Queen Street Auckland,2026-09-28,Official site,104,
2026-09-16 12:17:37,VR Auckland City,2026-09-28,Wotif,73,The Quadrant Hotel & Suites
2026-09-16 12:17:37,VR Auckland City,2026-09-28,Official site,74,
2026-09-16 12:17:37,VR Auckland City,2026-09-28,Super.com,84,
2026-09-16 12:17:37,VR Auckland City,2026-09-28,Booking.com,108,
2026-09-16 12:17:44,VR Queen Street Auckland,2026-09-29,Booking.com,73,
2026-09-16 12:17:44,VR Queen Street Auckland,2026-09-29,Wotif,82,Open VR Queen Street - Hotel & Suites in a new tab.
2026-09-16 12:17:44,VR Queen Street Auckland,2026-09-29,Super.com,82,
2026-09-16 12:17:44,VR Queen Street Auckland,2026-09-29,Official site,104,
2026-09-16 12:17:50,VR Auckland City,2026-09-29,Official site,74,
2026-09-16 12:17:50,VR Auckland City,2026-09-29,Super.com,87,
2026-09-16 12:17:50,VR Auckland City,2026-09-29,Booking.com,104,
2026-09-16 12:17:55,VR Queen Street Auckland,2026-09-30,Official site,89,VR Queen Street - Hotel & Suites
2026-09-16 12:17:55,VR Queen Street Auckland,2026-09-30,Wotif,89,Open VR Queen Street - Hotel & Suites in a new tab.
2026-09-16 12:17:55,VR Queen Street Auckland,2026-09-30,Super.com,89,
2026-09-16 12:17:55,VR Queen Street Auckland,2026-09-30,Booking.com,100,Standard King Room
2026-09-16 12:18:02,VR Auckland City,2026-09-30,Official site,84,
2026-09-16 12:18:02,VR Auckland City,2026-09-30,Wotif,84,Parkside Hotel & Apartments
2026-09-16 12:18:02,VR Auckland City,2026-09-30,Booking.com,104,Studio Apartment
2026-09-16 12:18:08,VR Queen Street Auckland,2026-10-01,Hotels.com,26,
2026-09-16 12:18:08,VR Queen Street Auckland,2026-10-01,Booking.com,108,VR Queen Street - Hotel & Suites
2026-09-16 12:18:08,VR Queen Street Auckland,2026-10-01,Official site,108,Open VR Queen Street - Hotel & Suites in a new tab.
2026-09-16 12:18:15,VR Auckland City,2026-10-01,Official site,84,Auckland Harbour Suites
2026-09-16 12:18:15,VR Auckland City,2026-10-01,Super.com,91,
2026-09-16 12:18:15,VR Auckland City,2026-10-01,Booking.com,109,
2026-09-16 12:18:22,VR Queen Street Auckland,2026-10-02,Official site,96,
2026-09-16 12:18:22,VR Queen Street Auckland,2026-10-02,Booking.com,130,Standard King Room
2026-09-16 12:18:28,VR Auckland City,2026-10-02,Official site,96,
2026-09-16 12:18:28,VR Auckland City,2026-10-02,Booking.com,102,Chic Princes Wharf Studio | City View | Parking
2026-09-16 12:18:28,VR Auckland City,2026-10-02,Super.com,112,
2026-09-16 12:18:35,VR Queen Street Auckland,2026-10-03,Booking.com,117,
2026-09-16 12:18:35,VR Queen Street Auckland,2026-10-03,Official site,125,
2026-09-16 12:18:35,VR Queen Street Auckland,2026-10-03,Hotels.com,137,Standard King Room
2026-09-16 12:18:42,VR Auckland City,2026-10-03,Official site,102,
2026-09-16 12:18:42,VR Auckland City,2026-10-03,Booking.com,117,
2026-09-16 12:18:42,VR Auckland City,2026-10-03,Super.com,130,
2026-09-16 12:18:48,VR Queen Street Auckland,2026-10-04,Official site,88,The Quadrant Hotel & Suites
2026-09-16 12:18:48,VR Queen Street Auckland,2026-10-04,Hotels.com,100,
2026-09-16 12:18:48,VR Queen Street Auckland,2026-10-04,Expedia,103,
2026-09-16 12:18:48,VR Queen Street Auckland,2026-10-04,Booking.com,106,Standard King Room
2026-09-16 12:18:55,VR Auckland City,2026-10-04,Official site,84,
2026-09-16 12:18:55,VR Auckland City,2026-10-04,Booking.com,84,Princes Wharf Boutique Apartment
2026-09-16 12:18:55,VR Auckland City,2026-10-04,Super.com,108,
2026-09-16 12:19:01,VR Queen Street Auckland,2026-10-05,Official site,93,VR Queen Street - Hotel & Suites
2026-09-16 12:19:01,VR Queen Street Auckland,2026-10-05,Super.com,93,
2026-09-16 12:19:01,VR Queen Street Auckland,2026-10-05,Hotels.com,102,Standard King Room
2026-09-16 12:19:01,VR Queen Street Auckland,2026-10-05,Booking.com,106,
2026-09-16 12:19:13,VR Auckland City,2026-10-05,Official site,84,
2026-09-16 12:19:13,VR Auckland City,2026-10-05,Wotif,84,Mercure Auckland Queen Street
2026-09-16 12:19:13,VR Auckland City,2026-10-05,Booking.com,133,
2026-09-16 12:19:20,VR Queen Street Auckland,2026-10-06,Official site,89,Open VR Queen Street - Hotel & Suites in a new tab.
2026-09-16 12:19:20,VR Queen Street Auckland,2026-10-06,Super.com,89,
2026-09-16 12:19:20,VR Queen Street Auckland,2026-10-06,Hotels.com,102,Standard King Room
2026-09-16 12:19:26,VR Auckland City,2026-10-06,Official site,84,Parkside Hotel & Apartments Auckland
2026-09-16 12:19:26,VR Auckland City,2026-10-06,Booking.com,139,
2026-09-16 12:19:33,VR Queen Street Auckland,2026-10-07,Official site,95,The Quadrant Hotel & Suites
2026-09-16 12:19:33,VR Queen Street Auckland,2026-10-07,Booking.com,100,
2026-09-16 12:19:40,VR Auckland City,2026-10-07,Official site,84,Parkside Hotel & Apartments Auckland
2026-09-16 12:19:40,VR Auckland City,2026-10-07,Booking.com,133,Studio Apartment
2026-09-16 12:19:47,VR Queen Street Auckland,2026-10-08,Super.com,24,
2026-09-16 12:19:47,VR Queen Street Auckland,2026-10-08,Official site,103,
2026-09-16 12:19:47,VR Queen Street Auckland,2026-10-08,Booking.com,113,Open VR Queen Street - Hotel & Suites in a new tab.
2026-09-16 12:19:54,VR Auckland City,2026-10-08,Official site,84,The Quadrant Hotel & Suites
2026-09-16 12:19:54,VR Auckland City,2026-10-08,Booking.com,110,Princes Wharf - Penthouse - Stunning Views
2026-09-16 12:19:54,VR Auckland City,2026-10-08,Super.com,142,
2026-09-16 12:20:01,VR Queen Street Auckland,2026-10-09,Booking.com,102,Princes Wharf - Penthouse - Stunning Views
2026-09-16 12:20:01,VR Queen Street Auckland,2026-10-09,Official site,116,
2026-09-16 12:20:09,VR Auckland City,2026-10-09,Booking.com,102,Princes Wharf - Penthouse - Stunning Views
2026-09-16 12:20:09,VR Auckland City,2026-10-09,Official site,102,
2026-09-16 12:20:16,VR Queen Street Auckland,2026-10-10,Booking.com,260,
2026-09-16 12:20:16,VR Queen Street Auckland,2026-10-10,Hotels.com,263,Standard King Room
2026-09-16 12:20:21,VR Auckland City,2026-10-10,Booking.com,90,
2026-09-16 12:20:21,VR Auckland City,2026-10-10,Official site,102,Parking ($)
2026-09-16 12:20:21,VR Auckland City,2026-10-10,Super.com,455,
2026-09-16 12:20:28,VR Queen Street Auckland,2026-10-11,Official site,100,VR Queen Street - Hotel & Suites
2026-09-16 12:20:28,VR Queen Street Auckland,2026-10-11,Booking.com,100,Open VR Queen Street - Hotel & Suites in a new tab.
2026-09-16 12:20:28,VR Queen Street Auckland,2026-10-11,Super.com,100,
2026-09-16 12:20:35,VR Auckland City,2026-10-11,Official site,84,
2026-09-16 12:20:35,VR Auckland City,2026-10-11,Booking.com,84,Parkside Hotel & Apartments Auckland
2026-09-16 12:20:35,VR Auckland City,2026-10-11,Super.com,87,
2026-09-16 12:20:42,VR Queen Street Auckland,2026-10-12,Official site,90,The Quadrant Hotel & Suites
2026-09-16 12:20:42,VR Queen Street Auckland,2026-10-12,Booking.com,113,Standard King Room
2026-09-16 12:20:49,VR Auckland City,2026-10-12,Official site,84,
2026-09-16 12:20:49,VR Auckland City,2026-10-12,Booking.com,84,ibis budget Auckland Central - Double Studio
2026-09-16 12:20:56,VR Queen Street Auckland,2026-10-13,Booking.com,91,The Quadrant Hotel & Suites
2026-09-16 12:20:56,VR Queen Street Auckland,2026-10-13,Official site,105,
2026-09-16 12:20:56,VR Queen Street Auckland,2026-10-13,Hotels.com,108,
2026-09-16 12:21:03,VR Auckland City,2026-10-13,Official site,84,
2026-09-16 12:21:03,VR Auckland City,2026-10-13,Booking.com,84,
2026-09-16 12:21:03,VR Auckland City,2026-10-13,Super.com,90,
2026-09-16 12:21:11,VR Queen Street Auckland,2026-10-14,Official site,91,The Quadrant Hotel & Suites
2026-09-16 12:21:11,VR Queen Street Auckland,2026-10-14,Booking.com,113,Standard King Room
2026-09-16 12:21:17,VR Auckland City,2026-10-14,Official site,84,Mercure Auckland Queen Street
2026-09-16 12:21:17,VR Auckland City,2026-10-14,Super.com,92,
2026-09-16 12:21:17,VR Auckland City,2026-10-14,Booking.com,117,Studio Apartment
2026-09-16 12:21:24,VR Queen Street Auckland,2026-10-15,Official site,105,Mercure Auckland Queen Street
2026-09-16 12:21:24,VR Queen Street Auckland,2026-10-15,Booking.com,108,
2026-09-16 12:21:31,VR Auckland City,2026-10-15,Official site,84,Parkside Hotel & Apartments Auckland
2026-09-16 12:21:31,VR Auckland City,2026-10-15,Super.com,97,
2026-09-16 12:21:31,VR Auckland City,2026-10-15,Booking.com,105,Mercure Auckland Queen Street
2026-09-16 12:21:38,VR Queen Street Auckland,2026-10-16,Official site,92,Mercure Auckland Queen Street
2026-09-16 12:21:38,VR Queen Street Auckland,2026-10-16,Booking.com,115,Studio Steps from Sky City
2026-09-16 12:21:38,VR Queen Street Auckland,2026-10-16,Super.com,133,
2026-09-16 12:21:45,VR Auckland City,2026-10-16,Official site,92,Mercure Auckland Queen Street
2026-09-16 12:21:45,VR Auckland City,2026-10-16,Booking.com,185,
2026-09-16 12:21:52,VR Queen Street Auckland,2026-10-17,Official site,70,
2026-09-16 12:21:52,VR Queen Street Auckland,2026-10-17,Super.com,212,
2026-09-16 12:21:52,VR Queen Street Auckland,2026-10-17,Booking.com,250,
2026-09-16 12:21:58,VR Auckland City,2026-10-17,Official site,70,
2026-09-16 12:21:58,VR Auckland City,2026-10-17,Super.com,558,
2026-09-16 12:21:58,VR Auckland City,2026-10-17,Booking.com,639,Deluxe Family Room
2026-09-16 12:22:05,VR Queen Street Auckland,2026-10-18,Booking.com,90,
2026-09-16 12:22:05,VR Queen Street Auckland,2026-10-18,Official site,104,Open VR Queen Street - Hotel & Suites in a new tab.
2026-09-16 12:22:05,VR Queen Street Auckland,2026-10-18,Super.com,104,
2026-09-16 12:22:12,VR Auckland City,2026-10-18,Official site,84,Parkside Hotel & Apartments Auckland
2026-09-16 12:22:12,VR Auckland City,2026-10-18,Booking.com,90,
2026-09-16 12:22:19,VR Queen Street Auckland,2026-10-19,Official site,70,City Gardens Apartments
2026-09-16 12:22:19,VR Queen Street Auckland,2026-10-19,Booking.com,84,Mercure Auckland Queen Street
2026-09-16 12:22:19,VR Queen Street Auckland,2026-10-19,Super.com,104,
2026-09-16 12:22:26,VR Auckland City,2026-10-19,Official site,70,City Gardens Apartments
2026-09-16 12:22:26,VR Auckland City,2026-10-19,Super.com,144,
2026-09-16 12:22:26,VR Auckland City,2026-10-19,Booking.com,183,
2026-09-16 12:22:33,VR Queen Street Auckland,2026-10-20,Super.com,54,
2026-09-16 12:22:33,VR Queen Street Auckland,2026-10-20,Booking.com,184,
2026-09-16 12:22:33,VR Queen Street Auckland,2026-10-20,Official site,204,Standard King Room - Prepay and Save
2026-09-16 12:22:38,VR Auckland City,2026-10-20,Official site,75,Grand Central Serviced Apartments
2026-09-16 12:22:38,VR Auckland City,2026-10-20,Super.com,153,
2026-09-16 12:22:38,VR Auckland City,2026-10-20,Booking.com,199,
2026-09-16 12:22:45,VR Queen Street Auckland,2026-10-21,Super.com,54,
2026-09-16 12:22:45,VR Queen Street Auckland,2026-10-21,Official site,78,City Gardens Apartments
2026-09-16 12:22:45,VR Queen Street Auckland,2026-10-21,Booking.com,155,VR Queen Street - Hotel & Suites
2026-09-16 12:22:52,VR Auckland City,2026-10-21,Super.com,45,
2026-09-16 12:22:52,VR Auckland City,2026-10-21,Booking.com,78,City Gardens Apartments
2026-09-16 12:22:52,VR Auckland City,2026-10-21,Official site,129,VR Queen Street - Hotel & Suites
2026-09-16 12:22:58,VR Queen Street Auckland,2026-10-22,Official site,84,
2026-09-16 12:22:58,VR Queen Street Auckland,2026-10-22,Booking.com,99,The Quadrant Hotel & Suites
2026-09-16 12:22:58,VR Queen Street Auckland,2026-10-22,Super.com,129,
2026-09-16 12:23:05,VR Auckland City,2026-10-22,Official site,84,
2026-09-16 12:23:05,VR Auckland City,2026-10-22,Booking.com,84,
2026-09-16 12:23:05,VR Auckland City,2026-10-22,Bluepillow,164,
2026-09-16 12:23:05,VR Auckland City,2026-10-22,Trip.com,185,
2026-09-16 12:23:12,VR Queen Street Auckland,2026-10-23,Super.com,60,
2026-09-16 12:23:12,VR Queen Street Auckland,2026-10-23,Official site,78,City Gardens Apartments
2026-09-16 12:23:12,VR Queen Street Auckland,2026-10-23,Booking.com,92,
2026-09-16 12:23:19,VR Auckland City,2026-10-23,Booking.com,78,City Gardens Apartments
2026-09-16 12:23:19,VR Auckland City,2026-10-23,Official site,92,
2026-09-16 12:23:19,VR Auckland City,2026-10-23,Trip.com,414,
2026-09-16 12:23:26,VR Queen Street Auckland,2026-10-24,Official site,75,Grand Central Serviced Apartments
2026-09-16 12:23:26,VR Queen Street Auckland,2026-10-24,Super.com,197,
2026-09-16 12:23:26,VR Queen Street Auckland,2026-10-24,Booking.com,230,
2026-09-16 12:23:33,VR Auckland City,2026-10-24,Official site,75,Grand Central Serviced Apartments
2026-09-16 12:23:33,VR Auckland City,2026-10-24,Booking.com,78,City Gardens Apartments
2026-09-16 12:23:40,VR Queen Street Auckland,2026-10-25,Official site,84,Parkside Hotel & Apartments Auckland
2026-09-16 12:23:40,VR Queen Street Auckland,2026-10-25,Super.com,233,
2026-09-16 12:23:40,VR Queen Street Auckland,2026-10-25,Booking.com,250,Standard King Room
2026-09-16 12:23:47,VR Auckland City,2026-10-25,Official site,84,Parkside Hotel & Apartments Auckland
2026-09-16 12:23:47,VR Auckland City,2026-10-25,Super.com,96,
2026-09-16 12:23:47,VR Auckland City,2026-10-25,Booking.com,127,
2026-09-16 12:23:54,VR Queen Street Auckland,2026-10-26,Official site,96,Open VR Queen Street - Hotel & Suites in a new tab.
2026-09-16 12:23:54,VR Queen Street Auckland,2026-10-26,Super.com,96,
2026-09-16 12:23:54,VR Queen Street Auckland,2026-10-26,Booking.com,113,Standard King Room
2026-09-16 12:24:01,VR Auckland City,2026-10-26,Official site,84,
2026-09-16 12:24:01,VR Auckland City,2026-10-26,Super.com,91,
2026-09-16 12:24:01,VR Auckland City,2026-10-26,Booking.com,119,Studio Apartment
2026-09-16 12:24:08,VR Queen Street Auckland,2026-10-27,Official site,97,"Sky Tower Studio - Pools, Spa, Gym & Super King"
2026-09-16 12:24:08,VR Queen Street Auckland,2026-10-27,Super.com,97,
2026-09-16 12:24:08,VR Queen Street Auckland,2026-10-27,Booking.com,113,Standard King Room
2026-09-16 12:24:15,VR Auckland City,2026-10-27,Official site,84,Ramada Suites By Wyndham Victoria Street West
2026-09-16 12:24:15,VR Auckland City,2026-10-27,Booking.com,119,Studio Apartment
2026-09-16 12:24:22,VR Queen Street Auckland,2026-10-28,Official site,96,Open VR Queen Street - Hotel & Suites in a new tab.
2026-09-16 12:24:22,VR Queen Street Auckland,2026-10-28,Super.com,96,
2026-09-16 12:24:22,VR Queen Street Auckland,2026-10-28,Booking.com,113,Standard King Room
2026-09-16 12:24:30,VR Auckland City,2026-10-28,Official site,84,Mercure Auckland Queen Street
2026-09-16 12:24:30,VR Auckland City,2026-10-28,Super.com,91,
2026-09-16 12:24:30,VR Auckland City,2026-10-28,Booking.com,119,
2026-09-16 12:24:36,VR Queen Street Auckland,2026-10-29,Official site,84,
2026-09-16 12:24:36,VR Queen Street Auckland,2026-10-29,Super.com,96,
2026-09-16 12:24:36,VR Queen Street Auckland,2026-10-29,Booking.com,97,
2026-09-16 12:24:43,VR Auckland City,2026-10-29,Official site,84,Parkside Hotel & Apartments Auckland
2026-09-16 12:24:43,VR Auckland City,2026-10-29,Super.com,90,
2026-09-16 12:24:43,VR Auckland City,2026-10-29,Booking.com,97,
2026-09-16 12:24:49,VR Queen Street Auckland,2026-10-30,Official site,111,Mercure Auckland Queen Street
2026-09-16 12:24:49,VR Queen Street Auckland,2026-10-30,Super.com,121,
2026-09-16 12:24:49,VR Queen Street Auckland,2026-10-30,Booking.com,151,
2026-09-16 12:24:56,VR Auckland City,2026-10-30,Official site,102,ibis budget Auckland Central - Double Studio
2026-09-16 12:24:56,VR Auckland City,2026-10-30,Booking.com,111,Mercure Auckland Queen Street
2026-09-16 12:25:03,VR Queen Street Auckland,2026-10-31,Official site,82,
2026-09-16 12:25:03,VR Queen Street Auckland,2026-10-31,Super.com,122,
2026-09-16 12:25:03,VR Queen Street Auckland,2026-10-31,Booking.com,151,Standard King Room
2026-09-16 12:25:10,VR Auckland City,2026-10-31,Official site,82,
2026-09-16 12:25:10,VR Auckland City,2026-10-31,Booking.com,122,Mercure Auckland Queen Street
2026-09-16 12:25:10,VR Auckland City,2026-10-31,Super.com,128,
2026-09-16 12:25:17,VR Queen Street Auckland,2026-11-01,Official site,101,Open VR Queen Street - Hotel & Suites in a new tab.
2026-09-16 12:25:17,VR Queen Street Auckland,2026-11-01,Super.com,101,
2026-09-16 12:25:17,VR Queen Street Auckland,2026-11-01,Booking.com,126,Standard King Room
2026-09-16 12:25:24,VR Auckland City,2026-11-01,Official site,107,
2026-09-16 12:25:24,VR Auckland City,2026-11-01,Super.com,120,
2026-09-16 12:25:24,VR Auckland City,2026-11-01,Booking.com,180,Studio Apartment
2026-09-16 12:25:29,VR Queen Street Auckland,2026-11-02,Booking.com,75,City Gardens Apartments
2026-09-16 12:25:29,VR Queen Street Auckland,2026-11-02,Official site,99,Open VR Queen Street - Hotel & Suites in a new tab.
2026-09-16 12:25:29,VR Queen Street Auckland,2026-11-02,Super.com,99,
2026-09-16 12:25:36,VR Auckland City,2026-11-02,Official site,107,Penthouse
2026-09-16 12:25:36,VR Auckland City,2026-11-02,Booking.com,117,
2026-09-16 12:25:36,VR Auckland City,2026-11-02,Super.com,119,
2026-09-16 12:25:42,VR Queen Street Auckland,2026-11-03,Booking.com,94,
2026-09-16 12:25:42,VR Queen Street Auckland,2026-11-03,Super.com,101,
2026-09-16 12:25:42,VR Queen Street Auckland,2026-11-03,Official site,113,ibis budget Auckland Central - Double Studio
2026-09-16 12:25:49,VR Auckland City,2026-11-03,Official site,94,
2026-09-16 12:25:49,VR Auckland City,2026-11-03,Super.com,118,
2026-09-16 12:25:49,VR Auckland City,2026-11-03,Booking.com,169,
2026-09-16 12:25:57,VR Queen Street Auckland,2026-11-04,Official site,84,
2026-09-16 12:25:57,VR Queen Street Auckland,2026-11-04,Booking.com,117,
2026-09-16 12:25:57,VR Queen Street Auckland,2026-11-04,Super.com,136,
2026-09-16 12:26:03,VR Auckland City,2026-11-04,Official site,84,
2026-09-16 12:26:03,VR Auckland City,2026-11-04,Booking.com,107,
2026-09-16 12:26:03,VR Auckland City,2026-11-04,Super.com,137,
2026-09-16 12:26:10,VR Queen Street Auckland,2026-11-05,Super.com,45,
2026-09-16 12:26:10,VR Queen Street Auckland,2026-11-05,Official site,98,Penthouse
2026-09-16 12:26:10,VR Queen Street Auckland,2026-11-05,Booking.com,184,Standard King Room
2026-09-16 12:26:17,VR Auckland City,2026-11-05,Official site,98,Penthouse
2026-09-16 12:26:17,VR Auckland City,2026-11-05,Super.com,123,
2026-09-16 12:26:17,VR Auckland City,2026-11-05,Booking.com,272,Studio Apartment
2026-09-16 12:26:24,VR Queen Street Auckland,2026-11-06,Super.com,146,
2026-09-16 12:26:24,VR Queen Street Auckland,2026-11-06,Bluepillow,167,
2026-09-16 12:26:24,VR Queen Street Auckland,2026-11-06,Booking.com,184,Standard King Room
2026-09-16 12:26:24,VR Queen Street Auckland,2026-11-06,Official site,204,
2026-09-16 12:26:38,VR Auckland City,2026-11-06,Official site,125,
2026-09-16 12:26:38,VR Auckland City,2026-11-06,Booking.com,383,Studio Apartment
2026-09-16 12:26:53,VR Queen Street Auckland,2026-11-07,Super.com,289,
2026-09-16 12:26:53,VR Queen Street Auckland,2026-11-07,Booking.com,360,
2026-09-16 12:26:53,VR Queen Street Auckland,2026-11-07,Official site,399,One-Bedroom Suite - Prepay and Save
2026-09-16 12:27:09,VR Auckland City,2026-11-07,Official site,204,
2026-09-16 12:27:09,VR Auckland City,2026-11-07,Hotels.com,440,
2026-09-16 12:27:09,VR Auckland City,2026-11-07,Booking.com,598,Deluxe Family Room
2026-09-16 12:27:23,VR Queen Street Auckland,2026-11-08,Super.com,235,
2026-09-16 12:27:23,VR Queen Street Auckland,2026-11-08,Booking.com,293,Standard King Room
2026-09-16 12:27:23,VR Queen Street Auckland,2026-11-08,Official site,325,
2026-09-16 12:27:36,VR Auckland City,2026-11-08,Booking.com,316,One-Bedroom Apartment
2026-09-16 12:27:36,VR Auckland City,2026-11-08,Expedia,316,
2026-09-16 12:27:36,VR Auckland City,2026-11-08,Hotels.com,316,
2026-09-16 12:27:43,VR Queen Street Auckland,2026-11-09,Official site,126,ibis budget Auckland Central - Double Studio
2026-09-16 12:27:43,VR Queen Street Auckland,2026-11-09,Super.com,169,
2026-09-16 12:27:43,VR Queen Street Auckland,2026-11-09,Booking.com,209,Standard King Room
2026-09-16 12:27:51,VR Auckland City,2026-11-09,Official site,107,ibis budget Auckland Central - Double Studio
2026-09-16 12:27:51,VR Auckland City,2026-11-09,Super.com,117,
2026-09-16 12:27:51,VR Auckland City,2026-11-09,Booking.com,218,
2026-09-16 12:27:57,VR Queen Street Auckland,2026-11-10,Official site,84,City Gardens Apartments
2026-09-16 12:27:57,VR Queen Street Auckland,2026-11-10,Super.com,102,
2026-09-16 12:27:57,VR Queen Street Auckland,2026-11-10,Booking.com,130,
2026-09-16 12:28:04,VR Auckland City,2026-11-10,Official site,107,ibis budget Auckland Central - Double Studio
2026-09-16 12:28:04,VR Auckland City,2026-11-10,Super.com,119,
2026-09-16 12:28:04,VR Auckland City,2026-11-10,Booking.com,203,
2026-09-16 12:28:12,VR Queen Street Auckland,2026-11-11,Super.com,49,
2026-09-16 12:28:12,VR Queen Street Auckland,2026-11-11,Booking.com,188,
2026-09-16 12:28:12,VR Queen Street Auckland,2026-11-11,Official site,209,Standard King Room - Prepay and Save
2026-09-16 12:28:25,VR Auckland City,2026-11-11,Official site,111,
2026-09-16 12:28:25,VR Auckland City,2026-11-11,Booking.com,224,
2026-09-16 12:28:38,VR Queen Street Auckland,2026-11-12,Super.com,50,
2026-09-16 12:28:38,VR Queen Street Auckland,2026-11-12,Booking.com,188,
2026-09-16 12:28:38,VR Queen Street Auckland,2026-11-12,Official site,209,Standard King Room - Prepay and Save
2026-09-16 12:28:53,VR Auckland City,2026-11-12,Official site,111,
2026-09-16 12:28:53,VR Auckland City,2026-11-12,Super.com,118,
2026-09-16 12:28:53,VR Auckland City,2026-11-12,Booking.com,168,Studio Apartment
2026-09-16 12:29:07,VR Queen Street Auckland,2026-11-13,Super.com,136,
2026-09-16 12:29:07,VR Queen Street Auckland,2026-11-13,Booking.com,167,
2026-09-16 12:29:07,VR Queen Street Auckland,2026-11-13,Official site,185,Standard King Room - Prepay and Save
2026-09-16 12:29:19,VR Auckland City,2026-11-13,Super.com,117,
2026-09-16 12:29:19,VR Auckland City,2026-11-13,Official site,125,
2026-09-16 12:29:19,VR Auckland City,2026-11-13,Booking.com,230,Studio Apartment
2026-09-16 12:29:30,VR Queen Street Auckland,2026-11-14,Official site,113,
2026-09-16 12:29:30,VR Queen Street Auckland,2026-11-14,Super.com,135,
2026-09-16 12:29:30,VR Queen Street Auckland,2026-11-14,Booking.com,167,
2026-09-16 12:29:39,VR Auckland City,2026-11-14,Official site,113,
2026-09-16 12:29:39,VR Auckland City,2026-11-14,Booking.com,295,Studio Apartment
2026-09-16 12:29:45,VR Queen Street Auckland,2026-11-15,Official site,108,Open VR Queen Street - Hotel & Suites in a new tab.
2026-09-16 12:29:45,VR Queen Street Auckland,2026-11-15,Super.com,108,
2026-09-16 12:29:45,VR Queen Street Auckland,2026-11-15,Booking.com,134,Standard King Room
2026-09-16 12:29:52,VR Auckland City,2026-11-15,Official site,107,
2026-09-16 12:29:52,VR Auckland City,2026-11-15,Booking.com,200,
2026-09-16 12:30:00,VR Queen Street Auckland,2026-11-16,Official site,83,
2026-09-16 12:30:00,VR Queen Street Auckland,2026-11-16,Super.com,107,
2026-09-16 12:30:00,VR Queen Street Auckland,2026-11-16,Booking.com,134,Standard King Room
2026-09-16 12:30:07,VR Auckland City,2026-11-16,Official site,107,
2026-09-16 12:30:07,VR Auckland City,2026-11-16,Super.com,120,
2026-09-16 12:30:07,VR Auckland City,2026-11-16,Booking.com,223,
2026-09-16 12:30:19,VR Queen Street Auckland,2026-11-17,Super.com,107,
2026-09-16 12:30:19,VR Queen Street Auckland,2026-11-17,Booking.com,134,
2026-09-16 12:30:19,VR Queen Street Auckland,2026-11-17,Official site,149,Standard King Room - Prepay and Save
2026-09-16 12:30:35,VR Auckland City,2026-11-17,Official site,111,
2026-09-16 12:30:35,VR Auckland City,2026-11-17,Super.com,119,
2026-09-16 12:30:35,VR Auckland City,2026-11-17,Booking.com,246,Studio Apartment
2026-09-16 12:44:53,VR Queen Street Auckland,2026-09-16,Hotels.com,131,Suite · Suite
2026-09-16 12:44:53,VR Queen Street Auckland,2026-09-16,Super.com,131,
2026-09-16 12:44:53,VR Queen Street Auckland,2026-09-16,Booking.com,141,
2026-09-16 12:44:53,VR Queen Street Auckland,2026-09-16,Official site,156,
2026-09-16 12:44:59,VR Auckland City,2026-09-16,Official site,79,
2026-09-16 12:44:59,VR Auckland City,2026-09-16,Bluepillow,122,
2026-09-16 12:44:59,VR Auckland City,2026-09-16,Booking.com,135,Studio Apartment
2026-09-16 12:44:59,VR Auckland City,2026-09-16,Expedia,145,
2026-09-16 12:45:04,VR Queen Street Auckland,2026-09-17,Super.com,32,
2026-09-16 12:45:04,VR Queen Street Auckland,2026-09-17,Hotels.com,126,
2026-09-16 12:45:04,VR Queen Street Auckland,2026-09-17,Booking.com,131,One-Bedroom Suite
2026-09-16 12:45:04,VR Queen Street Auckland,2026-09-17,Official site,145,
2026-09-16 12:45:09,VR Auckland City,2026-09-17,Official site,67,
2026-09-16 12:45:09,VR Auckland City,2026-09-17,Super.com,103,
2026-09-16 12:45:09,VR Auckland City,2026-09-17,Booking.com,122,Studio Apartment
2026-09-16 12:45:15,VR Queen Street Auckland,2026-09-18,Super.com,129,
2026-09-16 12:45:15,VR Queen Street Auckland,2026-09-18,Hotels.com,144,
2026-09-16 12:45:15,VR Queen Street Auckland,2026-09-18,Booking.com,151,Standard King Room
2026-09-16 12:45:15,VR Queen Street Auckland,2026-09-18,Official site,167,
2026-09-16 12:45:20,VR Auckland City,2026-09-18,Wotif,88,Parkside Hotel & Apartments Auckland
2026-09-16 12:45:20,VR Auckland City,2026-09-18,Official site,88,Auckland Harbour Suites
2026-09-16 12:45:20,VR Auckland City,2026-09-18,Super.com,103,
2026-09-16 12:45:20,VR Auckland City,2026-09-18,Booking.com,122,Studio Apartment
2026-09-16 12:45:28,VR Queen Street Auckland,2026-09-19,Super.com,134,
2026-09-16 12:45:28,VR Queen Street Auckland,2026-09-19,Booking.com,157,Standard King Room
2026-09-16 12:45:28,VR Queen Street Auckland,2026-09-19,Official site,175,
2026-09-16 12:45:33,VR Auckland City,2026-09-19,Official site,88,
2026-09-16 12:45:33,VR Auckland City,2026-09-19,Super.com,112,
2026-09-16 12:45:33,VR Auckland City,2026-09-19,Booking.com,135,Studio Apartment
2026-09-16 12:45:38,VR Queen Street Auckland,2026-09-20,Wotif,78,Open VR Queen Street - Hotel & Suites in a new tab.
2026-09-16 12:45:38,VR Queen Street Auckland,2026-09-20,Super.com,78,
2026-09-16 12:45:38,VR Queen Street Auckland,2026-09-20,Hotels.com,87,Standard King Room
2026-09-16 12:45:38,VR Queen Street Auckland,2026-09-20,Official site,90,ibis budget Auckland Central - Double Studio
2026-09-16 12:45:38,VR Queen Street Auckland,2026-09-20,Booking.com,92,
2026-09-16 12:45:45,VR Auckland City,2026-09-20,Official site,74,
2026-09-16 12:45:45,VR Auckland City,2026-09-20,Super.com,85,
2026-09-16 12:45:45,VR Auckland City,2026-09-20,Booking.com,108,
2026-09-16 12:45:50,VR Queen Street Auckland,2026-09-21,Official site,74,Princes Wharf Amazing 2 bedroom Free Parking
2026-09-16 12:45:50,VR Queen Street Auckland,2026-09-21,Super.com,79,
2026-09-16 12:45:50,VR Queen Street Auckland,2026-09-21,Hotels.com,88,Standard King Room
2026-09-16 12:45:50,VR Queen Street Auckland,2026-09-21,Booking.com,92,
2026-09-16 12:45:57,VR Auckland City,2026-09-21,Official site,74,
2026-09-16 12:45:57,VR Auckland City,2026-09-21,Super.com,86,
2026-09-16 12:45:57,VR Auckland City,2026-09-21,Booking.com,100,Studio Apartment
2026-09-16 12:46:02,VR Queen Street Auckland,2026-09-22,Official site,74,ibis budget Auckland Central - Double Studio
2026-09-16 12:46:02,VR Queen Street Auckland,2026-09-22,Super.com,81,
2026-09-16 12:46:02,VR Queen Street Auckland,2026-09-22,Booking.com,95,Standard King Room
2026-09-16 12:46:09,VR Auckland City,2026-09-22,Official site,74,ibis budget Auckland Central - Double Studio
2026-09-16 12:46:09,VR Auckland City,2026-09-22,Super.com,87,
2026-09-16 12:46:09,VR Auckland City,2026-09-22,Booking.com,104,Studio Apartment
2026-09-16 12:46:16,VR Queen Street Auckland,2026-09-23,Booking.com,73,Parkside Hotel & Apartments
2026-09-16 12:46:16,VR Queen Street Auckland,2026-09-23,Super.com,77,
2026-09-16 12:46:16,VR Queen Street Auckland,2026-09-23,Official site,101,
2026-09-16 12:46:23,VR Auckland City,2026-09-23,Official site,73,Chic Princes Wharf Studio | City View | Parking
2026-09-16 12:46:23,VR Auckland City,2026-09-23,Super.com,87,
2026-09-16 12:46:23,VR Auckland City,2026-09-23,Booking.com,104,Studio Apartment
2026-09-16 12:46:29,VR Queen Street Auckland,2026-09-24,Official site,80,Open VR Queen Street - Hotel & Suites in a new tab.
2026-09-16 12:46:29,VR Queen Street Auckland,2026-09-24,Super.com,80,
2026-09-16 12:46:29,VR Queen Street Auckland,2026-09-24,Booking.com,91,Standard King Room
2026-09-16 12:46:36,VR Auckland City,2026-09-24,Super.com,86,
2026-09-16 12:46:36,VR Auckland City,2026-09-24,Booking.com,104,Studio Apartment
2026-09-16 12:46:36,VR Auckland City,2026-09-24,Agoda,112,
2026-09-16 12:46:36,VR Auckland City,2026-09-24,Expedia,112,
2026-09-16 12:46:41,VR Queen Street Auckland,2026-09-25,Super.com,113,
2026-09-16 12:46:41,VR Queen Street Auckland,2026-09-25,Booking.com,134,Standard King Room
2026-09-16 12:46:41,VR Queen Street Auckland,2026-09-25,Official site,149,
2026-09-16 12:46:46,VR Auckland City,2026-09-25,Super.com,115,
2026-09-16 12:46:46,VR Auckland City,2026-09-25,Bluepillow,126,
2026-09-16 12:46:46,VR Auckland City,2026-09-25,Booking.com,139,Studio Apartment
2026-09-16 12:46:46,VR Auckland City,2026-09-25,Expedia,149,
2026-09-16 12:46:51,VR Queen Street Auckland,2026-09-26,Super.com,117,
2026-09-16 12:46:51,VR Queen Street Auckland,2026-09-26,Booking.com,138,Standard King Room
2026-09-16 12:46:51,VR Queen Street Auckland,2026-09-26,Official site,153,
2026-09-16 12:46:56,VR Auckland City,2026-09-26,Official site,97,
2026-09-16 12:46:56,VR Auckland City,2026-09-26,Booking.com,117,VR Queen Street - Hotel & Suites
2026-09-16 12:46:56,VR Auckland City,2026-09-26,Super.com,163,
2026-09-16 12:47:02,VR Queen Street Auckland,2026-09-27,Booking.com,79,VR Queen Street - Hotel & Suites
2026-09-16 12:47:02,VR Queen Street Auckland,2026-09-27,Wotif,80,Open VR Queen Street - Hotel & Suites in a new tab.
2026-09-16 12:47:02,VR Queen Street Auckland,2026-09-27,Super.com,80,
2026-09-16 12:47:02,VR Queen Street Auckland,2026-09-27,Hotels.com,89,Standard King Room
2026-09-16 12:47:02,VR Queen Street Auckland,2026-09-27,Official site,104,
2026-09-16 12:47:09,VR Auckland City,2026-09-27,Wotif,74,
2026-09-16 12:47:09,VR Auckland City,2026-09-27,Official site,74,
2026-09-16 12:47:09,VR Auckland City,2026-09-27,Booking.com,77,VR Queen Street - Hotel & Suites
2026-09-16 12:47:09,VR Auckland City,2026-09-27,Super.com,109,
2026-09-16 12:47:15,VR Queen Street Auckland,2026-09-28,Wotif,73,The Quadrant Hotel & Suites
2026-09-16 12:47:15,VR Queen Street Auckland,2026-09-28,Official site,80,VR Queen Street - Hotel & Suites
2026-09-16 12:47:15,VR Queen Street Auckland,2026-09-28,Super.com,80,
2026-09-16 12:47:15,VR Queen Street Auckland,2026-09-28,Booking.com,94,Standard King Room
2026-09-16 12:47:22,VR Auckland City,2026-09-28,Official site,74,
2026-09-16 12:47:22,VR Auckland City,2026-09-28,Super.com,84,
2026-09-16 12:47:22,VR Auckland City,2026-09-28,Booking.com,108,
2026-09-16 12:47:27,VR Queen Street Auckland,2026-09-29,Booking.com,82,VR Queen Street - Hotel & Suites
2026-09-16 12:47:27,VR Queen Street Auckland,2026-09-29,Wotif,82,Open VR Queen Street - Hotel & Suites in a new tab.
2026-09-16 12:47:27,VR Queen Street Auckland,2026-09-29,Super.com,82,
2026-09-16 12:47:27,VR Queen Street Auckland,2026-09-29,Official site,104,
2026-09-16 12:47:34,VR Auckland City,2026-09-29,Booking.com,68,
2026-09-16 12:47:34,VR Auckland City,2026-09-29,Wotif,74,The Quadrant Hotel & Suites
2026-09-16 12:47:34,VR Auckland City,2026-09-29,Official site,74,
2026-09-16 12:47:34,VR Auckland City,2026-09-29,Super.com,87,
2026-09-16 12:47:41,VR Queen Street Auckland,2026-09-30,Official site,89,VR Queen Street - Hotel & Suites
2026-09-16 12:47:41,VR Queen Street Auckland,2026-09-30,Super.com,89,
2026-09-16 12:47:41,VR Queen Street Auckland,2026-09-30,Booking.com,100,Standard King Room
2026-09-16 12:47:48,VR Auckland City,2026-09-30,Official site,84,VR Queen Street - Hotel & Suites
2026-09-16 12:47:48,VR Auckland City,2026-09-30,Super.com,85,
2026-09-16 12:47:48,VR Auckland City,2026-09-30,Booking.com,104,Studio Apartment
2026-09-16 12:47:55,VR Queen Street Auckland,2026-10-01,Official site,96,VR Queen Street - Hotel & Suites
2026-09-16 12:47:55,VR Queen Street Auckland,2026-10-01,Super.com,99,
2026-09-16 12:47:55,VR Queen Street Auckland,2026-10-01,Booking.com,113,
2026-09-16 12:48:02,VR Auckland City,2026-10-01,Official site,84,
2026-09-16 12:48:02,VR Auckland City,2026-10-01,Booking.com,84,Pullman Auckland Hotel & Apartments
2026-09-16 12:48:02,VR Auckland City,2026-10-01,Super.com,90,
2026-09-16 12:48:08,VR Queen Street Auckland,2026-10-02,Official site,97,Ramada Suites By Wyndham Victoria Street West
2026-09-16 12:48:08,VR Queen Street Auckland,2026-10-02,Booking.com,111,Open VR Queen Street - Hotel & Suites in a new tab.
2026-09-16 12:48:08,VR Queen Street Auckland,2026-10-02,Super.com,111,
2026-09-16 12:48:16,VR Auckland City,2026-10-02,Booking.com,97,Ramada Suites By Wyndham Victoria Street West
2026-09-16 12:48:16,VR Auckland City,2026-10-02,Official site,102,Chic Princes Wharf Studio | City View | Parking
2026-09-16 12:48:16,VR Auckland City,2026-10-02,Super.com,112,
2026-09-16 12:48:22,VR Queen Street Auckland,2026-10-03,Official site,96,
2026-09-16 12:48:22,VR Queen Street Auckland,2026-10-03,Super.com,120,
2026-09-16 12:48:22,VR Queen Street Auckland,2026-10-03,Booking.com,142,Standard King Room
2026-09-16 12:48:29,VR Auckland City,2026-10-03,Official site,96,
2026-09-16 12:48:29,VR Auckland City,2026-10-03,Booking.com,102,Parkside Hotel & Apartments Auckland
2026-09-16 12:48:36,VR Queen Street Auckland,2026-10-04,Official site,88,The Quadrant Hotel & Suites
2026-09-16 12:48:36,VR Queen Street Auckland,2026-10-04,Hotels.com,100,
2026-09-16 12:48:36,VR Queen Street Auckland,2026-10-04,Booking.com,106,Standard King Room
2026-09-16 12:48:43,VR Auckland City,2026-10-04,Official site,84,
2026-09-16 12:48:43,VR Auckland City,2026-10-04,Super.com,108,
2026-09-16 12:48:43,VR Auckland City,2026-10-04,Booking.com,139,Studio Apartment
2026-09-16 12:48:48,VR Queen Street Auckland,2026-10-05,Official site,89,Mercure Auckland Queen Street
2026-09-16 12:48:48,VR Queen Street Auckland,2026-10-05,Super.com,93,
2026-09-16 12:48:48,VR Queen Street Auckland,2026-10-05,Booking.com,106,Standard King Room
2026-09-16 12:48:55,VR Auckland City,2026-10-05,Official site,84,Mercure Auckland Queen Street
2026-09-16 12:48:55,VR Auckland City,2026-10-05,Booking.com,133,Studio Apartment
2026-09-16 12:49:02,VR Queen Street Auckland,2026-10-06,Booking.com,89,Mercure Auckland Queen Street
2026-09-16 12:49:02,VR Queen Street Auckland,2026-10-06,Official site,89,Open VR Queen Street - Hotel & Suites in a new tab.
2026-09-16 12:49:02,VR Queen Street Auckland,2026-10-06,Super.com,89,
2026-09-16 12:49:09,VR Auckland City,2026-10-06,Official site,84,Auckland Harbour Suites
2026-09-16 12:49:09,VR Auckland City,2026-10-06,Booking.com,89,Mercure Auckland Queen Street
2026-09-16 12:49:15,VR Queen Street Auckland,2026-10-07,Booking.com,86,Open VR Queen Street - Hotel & Suites in a new tab.
2026-09-16 12:49:15,VR Queen Street Auckland,2026-10-07,Super.com,86,
2026-09-16 12:49:15,VR Queen Street Auckland,2026-10-07,Official site,90,Mercure Auckland Queen Street
2026-09-16 12:49:22,VR Auckland City,2026-10-07,Official site,84,Parkside Hotel & Apartments Auckland
2026-09-16 12:49:22,VR Auckland City,2026-10-07,Booking.com,90,Mercure Auckland Queen Street
2026-09-16 12:49:29,VR Queen Street Auckland,2026-10-08,Super.com,27,
2026-09-16 12:49:29,VR Queen Street Auckland,2026-10-08,Official site,84,VR Queen Street - Hotel & Suites
2026-09-16 12:49:29,VR Queen Street Auckland,2026-10-08,Booking.com,93,
2026-09-16 12:49:36,VR Auckland City,2026-10-08,Official site,84,
2026-09-16 12:49:36,VR Auckland City,2026-10-08,Super.com,142,
2026-09-16 12:49:36,VR Auckland City,2026-10-08,Booking.com,174,
2026-09-16 12:49:41,VR Queen Street Auckland,2026-10-09,Official site,254,
2026-09-16 12:49:41,VR Queen Street Auckland,2026-10-09,Booking.com,264,
2026-09-16 12:49:45,VR Auckland City,2026-10-09,Official site,75,Grand Central Serviced Apartments
2026-09-16 12:49:45,VR Auckland City,2026-10-09,Booking.com,102,
2026-09-16 12:49:45,VR Auckland City,2026-10-09,Super.com,253,
2026-09-16 12:49:52,VR Queen Street Auckland,2026-10-10,Booking.com,90,
2026-09-16 12:49:52,VR Queen Street Auckland,2026-10-10,Official site,163,
2026-09-16 12:49:52,VR Queen Street Auckland,2026-10-10,Super.com,235,
2026-09-16 12:49:58,VR Auckland City,2026-10-10,Booking.com,90,
2026-09-16 12:49:58,VR Auckland City,2026-10-10,Official site,102,
2026-09-16 12:49:58,VR Auckland City,2026-10-10,Super.com,459,
2026-09-16 12:50:05,VR Queen Street Auckland,2026-10-11,Official site,100,VR Queen Street - Hotel & Suites
2026-09-16 12:50:05,VR Queen Street Auckland,2026-10-11,Super.com,100,
2026-09-16 12:50:05,VR Queen Street Auckland,2026-10-11,Booking.com,113,Standard King Room
2026-09-16 12:50:12,VR Auckland City,2026-10-11,Official site,84,
2026-09-16 12:50:12,VR Auckland City,2026-10-11,Super.com,87,
2026-09-16 12:50:12,VR Auckland City,2026-10-11,Booking.com,107,Studio Apartment
2026-09-16 12:50:16,VR Queen Street Auckland,2026-10-12,Super.com,96,
2026-09-16 12:50:16,VR Queen Street Auckland,2026-10-12,Hotels.com,109,Standard King Room
2026-09-16 12:50:16,VR Queen Street Auckland,2026-10-12,Booking.com,113,
2026-09-16 12:50:16,VR Queen Street Auckland,2026-10-12,Official site,125,
2026-09-16 12:50:23,VR Auckland City,2026-10-12,Official site,84,
2026-09-16 12:50:23,VR Auckland City,2026-10-12,Booking.com,84,ibis budget Auckland Central - Double Studio
2026-09-16 12:50:23,VR Auckland City,2026-10-12,Super.com,101,
2026-09-16 12:50:30,VR Queen Street Auckland,2026-10-13,Super.com,96,
2026-09-16 12:50:30,VR Queen Street Auckland,2026-10-13,Booking.com,113,Standard King Room
2026-09-16 12:50:30,VR Queen Street Auckland,2026-10-13,Official site,125,
2026-09-16 12:50:34,VR Auckland City,2026-10-13,Official site,84,
2026-09-16 12:50:34,VR Auckland City,2026-10-13,Booking.com,84,Parkside Hotel & Apartments Auckland
2026-09-16 12:50:34,VR Auckland City,2026-10-13,Super.com,90,
2026-09-16 12:50:41,VR Queen Street Auckland,2026-10-14,Booking.com,91,The Quadrant Hotel & Suites
2026-09-16 12:50:41,VR Queen Street Auckland,2026-10-14,Official site,96,ibis budget Auckland Central - Double Studio
2026-09-16 12:50:41,VR Queen Street Auckland,2026-10-14,Hotels.com,109,Standard King Room
2026-09-16 12:50:47,VR Auckland City,2026-10-14,Official site,84,ibis budget Auckland Central - Double Studio
2026-09-16 12:50:47,VR Auckland City,2026-10-14,Booking.com,91,The Quadrant Hotel & Suites
2026-09-16 12:50:47,VR Auckland City,2026-10-14,Super.com,92,
2026-09-16 12:50:54,VR Queen Street Auckland,2026-10-15,Super.com,97,
2026-09-16 12:50:54,VR Queen Street Auckland,2026-10-15,Booking.com,113,Standard King Room
2026-09-16 12:50:54,VR Queen Street Auckland,2026-10-15,Official site,125,
2026-09-16 12:50:58,VR Auckland City,2026-10-15,Official site,84,ibis budget Auckland Central - Double Studio
2026-09-16 12:50:58,VR Auckland City,2026-10-15,Super.com,97,
2026-09-16 12:50:58,VR Auckland City,2026-10-15,Booking.com,117,One-Bedroom Apartment
2026-09-16 12:51:05,VR Queen Street Auckland,2026-10-16,Official site,129,
2026-09-16 12:51:05,VR Queen Street Auckland,2026-10-16,Booking.com,129,Ramada Suites By Wyndham Victoria Street West
2026-09-16 12:51:05,VR Queen Street Auckland,2026-10-16,Super.com,130,
2026-09-16 12:51:12,VR Auckland City,2026-10-16,Official site,102,Studio Steps from Sky City
2026-09-16 12:51:12,VR Auckland City,2026-10-16,Booking.com,129,
2026-09-16 12:51:18,VR Queen Street Auckland,2026-10-17,Official site,70,
2026-09-16 12:51:18,VR Queen Street Auckland,2026-10-17,Super.com,212,
2026-09-16 12:51:18,VR Queen Street Auckland,2026-10-17,Booking.com,250,Standard King Room
2026-09-16 12:51:24,VR Auckland City,2026-10-17,Official site,102,
2026-09-16 12:51:24,VR Auckland City,2026-10-17,Super.com,531,
2026-09-16 12:51:24,VR Auckland City,2026-10-17,Booking.com,639,Deluxe Family Room
2026-09-16 12:51:29,VR Queen Street Auckland,2026-10-18,Official site,84,
2026-09-16 12:51:29,VR Queen Street Auckland,2026-10-18,Super.com,104,
2026-09-16 12:51:29,VR Queen Street Auckland,2026-10-18,Booking.com,120,Two-Bedroom Suite
2026-09-16 12:51:36,VR Auckland City,2026-10-18,Official site,84,Princes Wharf - Penthouse - Stunning Views
2026-09-16 12:51:36,VR Auckland City,2026-10-18,Booking.com,149,Studio Apartment
2026-09-16 12:51:42,VR Queen Street Auckland,2026-10-19,Booking.com,84,The Quadrant Hotel & Suites
2026-09-16 12:51:42,VR Queen Street Auckland,2026-10-19,Official site,104,Open VR Queen Street - Hotel & Suites in a new tab.
2026-09-16 12:51:42,VR Queen Street Auckland,2026-10-19,Super.com,104,
2026-09-16 12:51:49,VR Auckland City,2026-10-19,Official site,84,Mercure Auckland Queen Street
2026-09-16 12:51:49,VR Auckland City,2026-10-19,Super.com,144,
2026-09-16 12:51:49,VR Auckland City,2026-10-19,Booking.com,183,Executive One-Bedroom Apartment
2026-09-16 12:51:55,VR Queen Street Auckland,2026-10-20,Super.com,54,
2026-09-16 12:51:55,VR Queen Street Auckland,2026-10-20,Official site,75,Grand Central Serviced Apartments
2026-09-16 12:51:55,VR Queen Street Auckland,2026-10-20,Booking.com,184,Standard King Room
2026-09-16 12:52:01,VR Auckland City,2026-10-20,Official site,75,Grand Central Serviced Apartments
2026-09-16 12:52:01,VR Auckland City,2026-10-20,Super.com,153,
2026-09-16 12:52:01,VR Auckland City,2026-10-20,Booking.com,199,
2026-09-16 12:52:08,VR Queen Street Auckland,2026-10-21,Super.com,53,
2026-09-16 12:52:08,VR Queen Street Auckland,2026-10-21,Official site,78,City Gardens Apartments
2026-09-16 12:52:08,VR Queen Street Auckland,2026-10-21,Booking.com,95,
2026-09-16 12:52:15,VR Auckland City,2026-10-21,Super.com,45,
2026-09-16 12:52:15,VR Auckland City,2026-10-21,Booking.com,78,City Gardens Apartments
2026-09-16 12:52:15,VR Auckland City,2026-10-21,Official site,95,
2026-09-16 12:52:15,VR Auckland City,2026-10-21,Bluepillow,191,Easy to use · Direct booking
2026-09-16 12:52:21,VR Queen Street Auckland,2026-10-22,Booking.com,84,Ramada Suites By Wyndham Victoria Street West
2026-09-16 12:52:21,VR Queen Street Auckland,2026-10-22,Official site,95,
2026-09-16 12:52:21,VR Queen Street Auckland,2026-10-22,Super.com,127,
2026-09-16 12:52:28,VR Auckland City,2026-10-22,Official site,84,Ramada Suites By Wyndham Victoria Street West
2026-09-16 12:52:28,VR Auckland City,2026-10-22,Booking.com,84,
2026-09-16 12:52:28,VR Auckland City,2026-10-22,Expedia,157,
2026-09-16 12:52:34,VR Queen Street Auckland,2026-10-23,Super.com,60,
2026-09-16 12:52:34,VR Queen Street Auckland,2026-10-23,Official site,92,
2026-09-16 12:52:34,VR Queen Street Auckland,2026-10-23,Booking.com,131,
2026-09-16 12:52:40,VR Auckland City,2026-10-23,Official site,92,
2026-09-16 12:52:40,VR Auckland City,2026-10-23,Booking.com,127,
2026-09-16 12:52:40,VR Auckland City,2026-10-23,Trip.com,414,
2026-09-16 12:52:47,VR Queen Street Auckland,2026-10-24,Booking.com,78,City Gardens Apartments
2026-09-16 12:52:47,VR Queen Street Auckland,2026-10-24,Official site,114,
2026-09-16 12:52:47,VR Queen Street Auckland,2026-10-24,Super.com,195,
2026-09-16 12:52:53,VR Auckland City,2026-10-24,Booking.com,78,City Gardens Apartments
2026-09-16 12:52:53,VR Auckland City,2026-10-24,Official site,102,
2026-09-16 12:52:59,VR Queen Street Auckland,2026-10-25,Official site,84,Parkside Hotel & Apartments Auckland
2026-09-16 12:52:59,VR Queen Street Auckland,2026-10-25,Booking.com,95,
2026-09-16 12:52:59,VR Queen Street Auckland,2026-10-25,Super.com,233,
2026-09-16 12:53:05,VR Auckland City,2026-10-25,Official site,84,Parkside Hotel & Apartments Auckland
2026-09-16 12:53:05,VR Auckland City,2026-10-25,Super.com,96,
2026-09-16 12:53:05,VR Auckland City,2026-10-25,Booking.com,127,Studio Apartment
2026-09-16 12:53:12,VR Queen Street Auckland,2026-10-26,Booking.com,84,Ramada Suites By Wyndham Victoria Street West
2026-09-16 12:53:12,VR Queen Street Auckland,2026-10-26,Super.com,96,
2026-09-16 12:53:12,VR Queen Street Auckland,2026-10-26,Official site,125,Standard King Room - Prepay and Save
2026-09-16 12:53:18,VR Auckland City,2026-10-26,Official site,84,Ramada Suites By Wyndham Victoria Street West
2026-09-16 12:53:18,VR Auckland City,2026-10-26,Super.com,91,
2026-09-16 12:53:18,VR Auckland City,2026-10-26,Booking.com,119,Studio Apartment
2026-09-16 12:53:25,VR Queen Street Auckland,2026-10-27,Official site,97,VR Queen Street - Hotel & Suites
2026-09-16 12:53:25,VR Queen Street Auckland,2026-10-27,Super.com,97,
2026-09-16 12:53:25,VR Queen Street Auckland,2026-10-27,Hotels.com,108,Standard King Room
2026-09-16 12:53:25,VR Queen Street Auckland,2026-10-27,Booking.com,113,
2026-09-16 12:53:31,VR Auckland City,2026-10-27,Official site,84,
2026-09-16 12:53:31,VR Auckland City,2026-10-27,Booking.com,84,Chic Princes Wharf Studio | City View | Parking
2026-09-16 12:53:31,VR Auckland City,2026-10-27,Super.com,90,
2026-09-16 12:53:38,VR Queen Street Auckland,2026-10-28,Official site,84,
2026-09-16 12:53:38,VR Queen Street Auckland,2026-10-28,Booking.com,97,Open VR Queen Street - Hotel & Suites in a new tab.
2026-09-16 12:53:38,VR Queen Street Auckland,2026-10-28,Super.com,97,
2026-09-16 12:53:44,VR Auckland City,2026-10-28,Official site,84,Ramada Suites By Wyndham Victoria Street West
2026-09-16 12:53:44,VR Auckland City,2026-10-28,Super.com,91,
2026-09-16 12:53:44,VR Auckland City,2026-10-28,Booking.com,119,Studio Apartment
2026-09-16 12:53:50,VR Queen Street Auckland,2026-10-29,Booking.com,84,Mercure Auckland Queen Street
2026-09-16 12:53:50,VR Queen Street Auckland,2026-10-29,Official site,96,Open VR Queen Street - Hotel & Suites in a new tab.
2026-09-16 12:53:50,VR Queen Street Auckland,2026-10-29,Super.com,96,
2026-09-16 12:53:57,VR Auckland City,2026-10-29,Booking.com,84,Mercure Auckland Queen Street
2026-09-16 12:53:57,VR Auckland City,2026-10-29,Official site,84,Parkside Hotel & Apartments Auckland
2026-09-16 12:53:57,VR Auckland City,2026-10-29,Super.com,90,
2026-09-16 12:54:03,VR Queen Street Auckland,2026-10-30,Official site,111,
2026-09-16 12:54:03,VR Queen Street Auckland,2026-10-30,Super.com,121,
2026-09-16 12:54:03,VR Queen Street Auckland,2026-10-30,Booking.com,151,Standard King Room
2026-09-16 12:54:09,VR Auckland City,2026-10-30,Official site,102,ibis budget Auckland Central - Double Studio
2026-09-16 12:54:09,VR Auckland City,2026-10-30,Super.com,108,
2026-09-16 12:54:09,VR Auckland City,2026-10-30,Booking.com,111,
2026-09-16 12:54:16,VR Queen Street Auckland,2026-10-31,Official site,82,
2026-09-16 12:54:16,VR Queen Street Auckland,2026-10-31,Super.com,122,
2026-09-16 12:54:16,VR Queen Street Auckland,2026-10-31,Booking.com,151,Standard King Room
2026-09-16 12:54:22,VR Auckland City,2026-10-31,Official site,82,
2026-09-16 12:54:22,VR Auckland City,2026-10-31,Super.com,128,
2026-09-16 12:54:22,VR Auckland City,2026-10-31,Booking.com,170,
2026-09-16 12:54:29,VR Queen Street Auckland,2026-11-01,Official site,88,
2026-09-16 12:54:29,VR Queen Street Auckland,2026-11-01,Super.com,101,
2026-09-16 12:54:29,VR Queen Street Auckland,2026-11-01,Booking.com,126,
2026-09-16 12:54:35,VR Auckland City,2026-11-01,Official site,88,
2026-09-16 12:54:35,VR Auckland City,2026-11-01,Super.com,120,
2026-09-16 12:54:35,VR Auckland City,2026-11-01,Booking.com,180,
2026-09-16 12:54:41,VR Queen Street Auckland,2026-11-02,Official site,75,City Gardens Apartments
2026-09-16 12:54:41,VR Queen Street Auckland,2026-11-02,Super.com,99,
2026-09-16 12:54:41,VR Queen Street Auckland,2026-11-02,Booking.com,126,
2026-09-16 12:54:48,VR Auckland City,2026-11-02,Official site,75,City Gardens Apartments
2026-09-16 12:54:48,VR Auckland City,2026-11-02,Super.com,119,
2026-09-16 12:54:48,VR Auckland City,2026-11-02,Booking.com,135,
2026-09-16 12:54:54,VR Queen Street Auckland,2026-11-03,Official site,99,
2026-09-16 12:54:54,VR Queen Street Auckland,2026-11-03,Super.com,101,
2026-09-16 12:54:54,VR Queen Street Auckland,2026-11-03,Booking.com,126,Standard King Room
2026-09-16 12:55:01,VR Auckland City,2026-11-03,Booking.com,99,
2026-09-16 12:55:01,VR Auckland City,2026-11-03,Official site,107,
2026-09-16 12:55:01,VR Auckland City,2026-11-03,Super.com,118,
2026-09-16 12:55:07,VR Queen Street Auckland,2026-11-04,Official site,107,
2026-09-16 12:55:07,VR Queen Street Auckland,2026-11-04,Super.com,136,
2026-09-16 12:55:07,VR Queen Street Auckland,2026-11-04,Booking.com,167,
2026-09-16 12:55:14,VR Auckland City,2026-11-04,Official site,107,"Swiss-Belsuites Victoria Park, Auckland"
2026-09-16 12:55:14,VR Auckland City,2026-11-04,Super.com,137,
2026-09-16 12:55:14,VR Auckland City,2026-11-04,Booking.com,180,
2026-09-16 12:55:20,VR Queen Street Auckland,2026-11-05,Official site,98,
2026-09-16 12:55:20,VR Queen Street Auckland,2026-11-05,Super.com,145,
2026-09-16 12:55:20,VR Queen Street Auckland,2026-11-05,Booking.com,184,Standard King Room
2026-09-16 12:55:27,VR Auckland City,2026-11-05,Official site,98,
2026-09-16 12:55:27,VR Auckland City,2026-11-05,Booking.com,272,Studio Apartment
2026-09-16 12:55:33,VR Queen Street Auckland,2026-11-06,Official site,125,
2026-09-16 12:55:33,VR Queen Street Auckland,2026-11-06,Super.com,146,
2026-09-16 12:55:33,VR Queen Street Auckland,2026-11-06,Booking.com,184,Standard King Room
2026-09-16 12:55:40,VR Auckland City,2026-11-06,Official site,125,
2026-09-16 12:55:40,VR Auckland City,2026-11-06,Booking.com,383,
2026-09-16 12:55:45,VR Queen Street Auckland,2026-11-07,Official site,128,"Swiss-Belsuites Victoria Park, Auckland"
2026-09-16 12:55:45,VR Queen Street Auckland,2026-11-07,Super.com,289,
2026-09-16 12:55:45,VR Queen Street Auckland,2026-11-07,Booking.com,360,One-Bedroom Suite
2026-09-16 12:55:52,VR Auckland City,2026-11-07,Official site,204,
2026-09-16 12:55:52,VR Auckland City,2026-11-07,Hotels.com,440,
2026-09-16 12:55:52,VR Auckland City,2026-11-07,Booking.com,598,
2026-09-16 12:55:57,VR Queen Street Auckland,2026-11-08,Official site,81,
2026-09-16 12:55:57,VR Queen Street Auckland,2026-11-08,Booking.com,119,
2026-09-16 12:55:57,VR Queen Street Auckland,2026-11-08,Super.com,235,
2026-09-16 12:56:03,VR Auckland City,2026-11-08,Official site,81,Character Apartment in Central Downtown Auckland
2026-09-16 12:56:03,VR Auckland City,2026-11-08,Booking.com,119,
2026-09-16 12:56:03,VR Auckland City,2026-11-08,Agoda,157,
2026-09-16 12:56:03,VR Auckland City,2026-11-08,Hotels.com,316,
2026-09-16 12:56:10,VR Queen Street Auckland,2026-11-09,Official site,126,ibis budget Auckland Central - Double Studio
2026-09-16 12:56:10,VR Queen Street Auckland,2026-11-09,Super.com,169,
2026-09-16 12:56:10,VR Queen Street Auckland,2026-11-09,Booking.com,209,
2026-09-16 12:56:17,VR Auckland City,2026-11-09,Official site,107,ibis budget Auckland Central - Double Studio
2026-09-16 12:56:17,VR Auckland City,2026-11-09,Super.com,117,
2026-09-16 12:56:17,VR Auckland City,2026-11-09,Booking.com,218,Studio Apartment
2026-09-16 12:56:23,VR Queen Street Auckland,2026-11-10,Official site,97,Penthouse
2026-09-16 12:56:23,VR Queen Street Auckland,2026-11-10,Super.com,102,
2026-09-16 12:56:23,VR Queen Street Auckland,2026-11-10,Booking.com,130,
2026-09-16 12:56:30,VR Auckland City,2026-11-10,Official site,107,
2026-09-16 12:56:30,VR Auckland City,2026-11-10,Super.com,119,
2026-09-16 12:56:30,VR Auckland City,2026-11-10,Booking.com,203,Studio Apartment
2026-09-16 12:56:34,VR Queen Street Auckland,2026-11-11,Super.com,49,
2026-09-16 12:56:34,VR Queen Street Auckland,2026-11-11,Booking.com,76,City Gardens Apartments
2026-09-16 12:56:34,VR Queen Street Auckland,2026-11-11,Official site,111,Princes Wharf Amazing 2 bedroom Free Parking
2026-09-16 12:56:41,VR Auckland City,2026-11-11,Official site,76,City Gardens Apartments
2026-09-16 12:56:41,VR Auckland City,2026-11-11,Booking.com,111,Princes Wharf Amazing 2 bedroom Free Parking
2026-09-16 12:56:41,VR Auckland City,2026-11-11,Expedia,157,
2026-09-16 12:56:47,VR Queen Street Auckland,2026-11-12,Super.com,45,
2026-09-16 12:56:47,VR Queen Street Auckland,2026-11-12,Official site,92,
2026-09-16 12:56:47,VR Queen Street Auckland,2026-11-12,Booking.com,188,Standard King Room
2026-09-16 12:56:54,VR Auckland City,2026-11-12,Official site,92,
2026-09-16 12:56:54,VR Auckland City,2026-11-12,Super.com,118,
2026-09-16 12:56:54,VR Auckland City,2026-11-12,Booking.com,168,Studio Apartment
2026-09-16 12:57:00,VR Queen Street Auckland,2026-11-13,Official site,131,Open VR Queen Street - Hotel & Suites in a new tab.
2026-09-16 12:57:00,VR Queen Street Auckland,2026-11-13,Super.com,131,
2026-09-16 12:57:00,VR Queen Street Auckland,2026-11-13,Booking.com,167,Standard King Room
2026-09-16 12:57:00,VR Queen Street Auckland,2026-11-13,Bluepillow,169,
2026-09-16 12:57:06,VR Auckland City,2026-11-13,Official site,92,
2026-09-16 12:57:06,VR Auckland City,2026-11-13,Super.com,117,
2026-09-16 12:57:06,VR Auckland City,2026-11-13,Booking.com,230,Studio Apartment
2026-09-16 12:57:12,VR Queen Street Auckland,2026-11-14,Official site,72,City Gardens Apartments
2026-09-16 12:57:12,VR Queen Street Auckland,2026-11-14,Super.com,135,
2026-09-16 12:57:12,VR Queen Street Auckland,2026-11-14,Booking.com,167,Standard King Room
2026-09-16 12:57:19,VR Auckland City,2026-11-14,Official site,72,City Gardens Apartments
2026-09-16 12:57:19,VR Auckland City,2026-11-14,Booking.com,295,
2026-09-16 12:57:25,VR Queen Street Auckland,2026-11-15,Official site,88,
2026-09-16 12:57:25,VR Queen Street Auckland,2026-11-15,Super.com,108,
2026-09-16 12:57:25,VR Queen Street Auckland,2026-11-15,Booking.com,134,Standard King Room
2026-09-16 12:57:32,VR Auckland City,2026-11-15,Official site,88,Parkside Hotel & Apartments Auckland
2026-09-16 12:57:32,VR Auckland City,2026-11-15,Booking.com,200,Studio Apartment
2026-09-16 12:57:38,VR Queen Street Auckland,2026-11-16,Official site,83,
2026-09-16 12:57:38,VR Queen Street Auckland,2026-11-16,Super.com,107,
2026-09-16 12:57:38,VR Queen Street Auckland,2026-11-16,Booking.com,134,Standard King Room
2026-09-16 12:57:44,VR Auckland City,2026-11-16,Official site,83,
2026-09-16 12:57:44,VR Auckland City,2026-11-16,Super.com,120,
2026-09-16 12:57:44,VR Auckland City,2026-11-16,Booking.com,223,
2026-09-16 12:57:51,VR Queen Street Auckland,2026-11-17,Official site,108,Open VR Queen Street - Hotel & Suites in a new tab.
2026-09-16 12:57:51,VR Queen Street Auckland,2026-11-17,Super.com,108,
2026-09-16 12:57:51,VR Queen Street Auckland,2026-11-17,Booking.com,134,Standard King Room
2026-09-16 12:57:57,VR Auckland City,2026-11-17,Official site,111,"Swiss-Belsuites Victoria Park, Auckland"
2026-09-16 12:57:57,VR Auckland City,2026-11-17,Super.com,119,
2026-09-16 12:57:57,VR Auckland City,2026-11-17,Booking.com,246,Studio Apartment
2026-09-16 13:14:53,VR Queen Street Auckland,2026-09-16,Hotels.com,131,Suite · Suite
2026-09-16 13:14:53,VR Queen Street Auckland,2026-09-16,Super.com,131,
2026-09-16 13:14:53,VR Queen Street Auckland,2026-09-16,Booking.com,141,
2026-09-16 13:14:53,VR Queen Street Auckland,2026-09-16,Official site,156,
2026-09-16 13:14:58,VR Auckland City,2026-09-16,Official site,79,
2026-09-16 13:14:58,VR Auckland City,2026-09-16,Booking.com,135,Studio Apartment
2026-09-16 13:14:58,VR Auckland City,2026-09-16,Expedia,145,
2026-09-16 13:15:03,VR Queen Street Auckland,2026-09-17,Super.com,32,
2026-09-16 13:15:03,VR Queen Street Auckland,2026-09-17,Hotels.com,126,Suite · Suite
2026-09-16 13:15:03,VR Queen Street Auckland,2026-09-17,Official site,145,
2026-09-16 13:15:08,VR Auckland City,2026-09-17,Official site,67,
2026-09-16 13:15:08,VR Auckland City,2026-09-17,Super.com,103,
2026-09-16 13:15:08,VR Auckland City,2026-09-17,Booking.com,122,Studio Apartment
2026-09-16 13:15:14,VR Queen Street Auckland,2026-09-18,Super.com,129,
2026-09-16 13:15:14,VR Queen Street Auckland,2026-09-18,Hotels.com,144,Standard King Room
2026-09-16 13:15:14,VR Queen Street Auckland,2026-09-18,Booking.com,151,
2026-09-16 13:15:14,VR Queen Street Auckland,2026-09-18,Official site,167,
2026-09-16 13:15:20,VR Auckland City,2026-09-18,Official site,88,
2026-09-16 13:15:20,VR Auckland City,2026-09-18,Super.com,103,
2026-09-16 13:15:20,VR Auckland City,2026-09-18,Booking.com,122,Studio Apartment
2026-09-16 13:15:25,VR Queen Street Auckland,2026-09-19,Super.com,134,
2026-09-16 13:15:25,VR Queen Street Auckland,2026-09-19,Hotels.com,151,Standard King Room
2026-09-16 13:15:25,VR Queen Street Auckland,2026-09-19,Official site,175,
2026-09-16 13:15:30,VR Auckland City,2026-09-19,Official site,88,
2026-09-16 13:15:30,VR Auckland City,2026-09-19,Super.com,115,
2026-09-16 13:15:30,VR Auckland City,2026-09-19,Booking.com,135,Studio Apartment
2026-09-16 13:15:39,VR Queen Street Auckland,2026-09-20,Super.com,79,
2026-09-16 13:15:39,VR Queen Street Auckland,2026-09-20,Booking.com,92,Standard King Room
2026-09-16 13:15:39,VR Queen Street Auckland,2026-09-20,Official site,102,
2026-09-16 13:15:43,VR Auckland City,2026-09-20,Official site,74,
2026-09-16 13:15:43,VR Auckland City,2026-09-20,Super.com,85,
2026-09-16 13:15:43,VR Auckland City,2026-09-20,Booking.com,108,Studio Apartment
2026-09-16 13:15:48,VR Queen Street Auckland,2026-09-21,Official site,74,Auckland Harbour Suites
2026-09-16 13:15:48,VR Queen Street Auckland,2026-09-21,Super.com,79,
2026-09-16 13:15:48,VR Queen Street Auckland,2026-09-21,Booking.com,90,ibis budget Auckland Central - Double Studio
2026-09-16 13:15:56,VR Auckland City,2026-09-21,Official site,74,
2026-09-16 13:15:56,VR Auckland City,2026-09-21,Super.com,86,
2026-09-16 13:15:56,VR Auckland City,2026-09-21,Booking.com,100,
2026-09-16 13:16:01,VR Queen Street Auckland,2026-09-22,Super.com,80,
2026-09-16 13:16:01,VR Queen Street Auckland,2026-09-22,Booking.com,95,Standard King Room
2026-09-16 13:16:01,VR Queen Street Auckland,2026-09-22,Official site,105,
2026-09-16 13:16:06,VR Auckland City,2026-09-22,Official site,74,
2026-09-16 13:16:06,VR Auckland City,2026-09-22,Super.com,85,
2026-09-16 13:16:06,VR Auckland City,2026-09-22,Booking.com,104,Studio Apartment
2026-09-16 13:16:10,VR Queen Street Auckland,2026-09-23,Booking.com,74,
2026-09-16 13:16:10,VR Queen Street Auckland,2026-09-23,Official site,77,Open VR Queen Street - Hotel & Suites in a new tab.
2026-09-16 13:16:10,VR Queen Street Auckland,2026-09-23,Super.com,77,
2026-09-16 13:16:16,VR Auckland City,2026-09-23,Booking.com,74,
2026-09-16 13:16:16,VR Auckland City,2026-09-23,Official site,74,The Quadrant Hotel & Suites
2026-09-16 13:16:16,VR Auckland City,2026-09-23,Super.com,87,
2026-09-16 13:16:23,VR Queen Street Auckland,2026-09-24,Official site,80,Open VR Queen Street - Hotel & Suites in a new tab.
2026-09-16 13:16:23,VR Queen Street Auckland,2026-09-24,Super.com,80,
2026-09-16 13:16:23,VR Queen Street Auckland,2026-09-24,Booking.com,90,ibis budget Auckland Central - Double Studio
2026-09-16 13:16:30,VR Auckland City,2026-09-24,Super.com,86,
2026-09-16 13:16:30,VR Auckland City,2026-09-24,Booking.com,104,Studio Apartment
2026-09-16 13:16:30,VR Auckland City,2026-09-24,Agoda,112,
2026-09-16 13:16:30,VR Auckland City,2026-09-24,Expedia,112,
2026-09-16 13:16:35,VR Queen Street Auckland,2026-09-25,Super.com,113,
2026-09-16 13:16:35,VR Queen Street Auckland,2026-09-25,Booking.com,134,Standard King Room
2026-09-16 13:16:35,VR Queen Street Auckland,2026-09-25,Official site,149,
2026-09-16 13:16:40,VR Auckland City,2026-09-25,Booking.com,113,VR Queen Street - Hotel & Suites
2026-09-16 13:16:40,VR Auckland City,2026-09-25,Official site,115,ibis budget Auckland Central - Double Studio
2026-09-16 13:16:40,VR Auckland City,2026-09-25,Super.com,115,
2026-09-16 13:16:40,VR Auckland City,2026-09-25,Agoda,149,
2026-09-16 13:16:49,VR Queen Street Auckland,2026-09-26,Booking.com,101,
2026-09-16 13:16:49,VR Queen Street Auckland,2026-09-26,Official site,117,Open VR Queen Street - Hotel & Suites in a new tab.
2026-09-16 13:16:49,VR Queen Street Auckland,2026-09-26,Super.com,117,
2026-09-16 13:16:49,VR Queen Street Auckland,2026-09-26,Bluepillow,136,Easy to use · Direct booking
2026-09-16 13:16:56,VR Auckland City,2026-09-26,Official site,97,
2026-09-16 13:16:56,VR Auckland City,2026-09-26,Booking.com,194,
2026-09-16 13:17:00,VR Queen Street Auckland,2026-09-27,Official site,77,
2026-09-16 13:17:00,VR Queen Street Auckland,2026-09-27,Wotif,80,Open VR Queen Street - Hotel & Suites in a new tab.
2026-09-16 13:17:00,VR Queen Street Auckland,2026-09-27,Super.com,80,
2026-09-16 13:17:00,VR Queen Street Auckland,2026-09-27,Hotels.com,89,Standard King Room
2026-09-16 13:17:00,VR Queen Street Auckland,2026-09-27,Booking.com,94,
2026-09-16 13:17:07,VR Auckland City,2026-09-27,Official site,74,
2026-09-16 13:17:07,VR Auckland City,2026-09-27,Wotif,74,
2026-09-16 13:17:07,VR Auckland City,2026-09-27,Super.com,109,
2026-09-16 13:17:07,VR Auckland City,2026-09-27,Booking.com,140,Studio Apartment
2026-09-16 13:17:14,VR Queen Street Auckland,2026-09-28,Official site,73,The Quadrant Hotel & Suites
2026-09-16 13:17:14,VR Queen Street Auckland,2026-09-28,Super.com,80,
2026-09-16 13:17:14,VR Queen Street Auckland,2026-09-28,Booking.com,94,Standard King Room
2026-09-16 13:17:20,VR Auckland City,2026-09-28,Official site,74,
2026-09-16 13:17:20,VR Auckland City,2026-09-28,Super.com,84,
2026-09-16 13:17:20,VR Auckland City,2026-09-28,Booking.com,108,Studio Apartment
2026-09-16 13:17:25,VR Queen Street Auckland,2026-09-29,Super.com,82,
2026-09-16 13:17:25,VR Queen Street Auckland,2026-09-29,Booking.com,94,
2026-09-16 13:17:25,VR Queen Street Auckland,2026-09-29,Official site,104,Standard King Room - Prepay and Save
2026-09-16 13:17:29,VR Auckland City,2026-09-29,Official site,74,The Quadrant Hotel & Suites
2026-09-16 13:17:29,VR Auckland City,2026-09-29,Wotif,82,VR Queen Street - Hotel & Suites
2026-09-16 13:17:29,VR Auckland City,2026-09-29,Super.com,87,
2026-09-16 13:17:29,VR Auckland City,2026-09-29,Booking.com,104,Studio Apartment
2026-09-16 13:17:36,VR Queen Street Auckland,2026-09-30,Super.com,86,
2026-09-16 13:17:36,VR Queen Street Auckland,2026-09-30,Booking.com,100,Standard King Room
2026-09-16 13:17:36,VR Queen Street Auckland,2026-09-30,Official site,111,
2026-09-16 13:17:41,VR Auckland City,2026-09-30,Official site,84,VR Queen Street - Hotel & Suites
2026-09-16 13:17:41,VR Auckland City,2026-09-30,Super.com,87,
2026-09-16 13:17:41,VR Auckland City,2026-09-30,Booking.com,104,
2026-09-16 13:17:47,VR Queen Street Auckland,2026-10-01,Super.com,95,
2026-09-16 13:17:47,VR Queen Street Auckland,2026-10-01,Booking.com,113,Standard King Room
2026-09-16 13:17:47,VR Queen Street Auckland,2026-10-01,Official site,125,
2026-09-16 13:17:52,VR Auckland City,2026-10-01,Official site,84,Chic Princes Wharf Studio | City View | Parking
2026-09-16 13:17:52,VR Auckland City,2026-10-01,Super.com,90,
2026-09-16 13:17:52,VR Auckland City,2026-10-01,Booking.com,95,VR Queen Street - Hotel & Suites
2026-09-16 13:17:58,VR Queen Street Auckland,2026-10-02,Booking.com,97,
2026-09-16 13:17:58,VR Queen Street Auckland,2026-10-02,Official site,100,
2026-09-16 13:17:58,VR Queen Street Auckland,2026-10-02,Super.com,111,
2026-09-16 13:18:06,VR Auckland City,2026-10-02,Booking.com,97,
2026-09-16 13:18:06,VR Auckland City,2026-10-02,Official site,100,
2026-09-16 13:18:06,VR Auckland City,2026-10-02,Super.com,112,
2026-09-16 13:18:06,VR Auckland City,2026-10-02,Bluepillow,118,
2026-09-16 13:18:12,VR Queen Street Auckland,2026-10-03,Super.com,120,
2026-09-16 13:18:12,VR Queen Street Auckland,2026-10-03,Booking.com,142,Standard King Room
2026-09-16 13:18:12,VR Queen Street Auckland,2026-10-03,Official site,158,
2026-09-16 13:18:17,VR Auckland City,2026-10-03,Official site,99,
2026-09-16 13:18:17,VR Auckland City,2026-10-03,Booking.com,102,Penthouse - One-Bedroom Apartment
2026-09-16 13:18:17,VR Auckland City,2026-10-03,Super.com,128,
2026-09-16 13:18:23,VR Queen Street Auckland,2026-10-04,Official site,88,The Quadrant Hotel & Suites
2026-09-16 13:18:23,VR Queen Street Auckland,2026-10-04,Hotels.com,100,Standard King Room
2026-09-16 13:18:23,VR Queen Street Auckland,2026-10-04,Booking.com,106,
2026-09-16 13:18:30,VR Auckland City,2026-10-04,Official site,84,
2026-09-16 13:18:30,VR Auckland City,2026-10-04,Booking.com,84,Sky tower just next DOOR FREE parking
2026-09-16 13:18:30,VR Auckland City,2026-10-04,Super.com,108,
2026-09-16 13:18:36,VR Queen Street Auckland,2026-10-05,Official site,86,The Quadrant Hotel & Suites
2026-09-16 13:18:36,VR Queen Street Auckland,2026-10-05,Super.com,89,
2026-09-16 13:18:36,VR Queen Street Auckland,2026-10-05,Hotels.com,102,Standard King Room
2026-09-16 13:18:36,VR Queen Street Auckland,2026-10-05,Booking.com,106,
2026-09-16 13:18:43,VR Auckland City,2026-10-05,Official site,84,
2026-09-16 13:18:43,VR Auckland City,2026-10-05,Booking.com,133,
2026-09-16 13:18:47,VR Queen Street Auckland,2026-10-06,Booking.com,89,Ramada Suites By Wyndham Victoria Street West
2026-09-16 13:18:47,VR Queen Street Auckland,2026-10-06,Official site,89,Open VR Queen Street - Hotel & Suites in a new tab.
2026-09-16 13:18:47,VR Queen Street Auckland,2026-10-06,Super.com,89,
2026-09-16 13:18:47,VR Queen Street Auckland,2026-10-06,Hotels.com,102,Standard King Room
2026-09-16 13:18:54,VR Auckland City,2026-10-06,Official site,84,
2026-09-16 13:18:54,VR Auckland City,2026-10-06,Booking.com,89,Ramada Suites By Wyndham Victoria Street West
2026-09-16 13:18:54,VR Auckland City,2026-10-06,Bluepillow,113,
2026-09-16 13:19:01,VR Queen Street Auckland,2026-10-07,Official site,86,Open VR Queen Street - Hotel & Suites in a new tab.
2026-09-16 13:19:01,VR Queen Street Auckland,2026-10-07,Super.com,86,
2026-09-16 13:19:01,VR Queen Street Auckland,2026-10-07,Booking.com,100,
2026-09-16 13:19:07,VR Auckland City,2026-10-07,Official site,84,The Quadrant Hotel & Suites
2026-09-16 13:19:07,VR Auckland City,2026-10-07,Booking.com,89,
2026-09-16 13:19:14,VR Queen Street Auckland,2026-10-08,Super.com,27,
2026-09-16 13:19:14,VR Queen Street Auckland,2026-10-08,Official site,113,VR Queen Street - Hotel & Suites
2026-09-16 13:19:14,VR Queen Street Auckland,2026-10-08,Booking.com,134,Standard King Room
2026-09-16 13:19:20,VR Auckland City,2026-10-08,Official site,84,VR Queen Street - Hotel & Suites
2026-09-16 13:19:20,VR Auckland City,2026-10-08,Super.com,142,
2026-09-16 13:19:20,VR Auckland City,2026-10-08,Booking.com,174,
2026-09-16 13:19:27,VR Queen Street Auckland,2026-10-09,Official site,75,Grand Central Serviced Apartments
2026-09-16 13:19:27,VR Queen Street Auckland,2026-10-09,Agoda,258,
2026-09-16 13:19:27,VR Queen Street Auckland,2026-10-09,Booking.com,264,
2026-09-16 13:19:33,VR Auckland City,2026-10-09,Official site,75,Grand Central Serviced Apartments
2026-09-16 13:19:33,VR Auckland City,2026-10-09,Booking.com,330,
2026-09-16 13:19:40,VR Queen Street Auckland,2026-10-10,Super.com,235,
2026-09-16 13:19:40,VR Queen Street Auckland,2026-10-10,Booking.com,270,Standard King Room
2026-09-16 13:19:40,VR Queen Street Auckland,2026-10-10,Official site,299,
2026-09-16 13:19:45,VR Auckland City,2026-10-10,Booking.com,90,
2026-09-16 13:19:45,VR Auckland City,2026-10-10,Official site,102,Metro Living Apt near Skytower and Parking
2026-09-16 13:19:45,VR Auckland City,2026-10-10,Super.com,459,
2026-09-16 13:19:51,VR Queen Street Auckland,2026-10-11,Official site,97,VR Queen Street - Hotel & Suites
2026-09-16 13:19:51,VR Queen Street Auckland,2026-10-11,Wotif,97,Open VR Queen Street - Hotel & Suites in a new tab.
2026-09-16 13:19:51,VR Queen Street Auckland,2026-10-11,Super.com,97,
2026-09-16 13:19:51,VR Queen Street Auckland,2026-10-11,Booking.com,113,Standard King Room
2026-09-16 13:19:58,VR Auckland City,2026-10-11,Official site,84,
2026-09-16 13:19:58,VR Auckland City,2026-10-11,Wotif,84,ibis budget Auckland Central - Double Studio
2026-09-16 13:19:58,VR Auckland City,2026-10-11,Super.com,87,
2026-09-16 13:19:58,VR Auckland City,2026-10-11,Booking.com,107,
2026-09-16 13:20:04,VR Queen Street Auckland,2026-10-12,Booking.com,84,
2026-09-16 13:20:04,VR Queen Street Auckland,2026-10-12,Official site,96,VR Queen Street - Hotel & Suites
2026-09-16 13:20:04,VR Queen Street Auckland,2026-10-12,Super.com,96,
2026-09-16 13:20:11,VR Auckland City,2026-10-12,Official site,84,ibis budget Auckland Central - Double Studio
2026-09-16 13:20:11,VR Auckland City,2026-10-12,Super.com,101,
2026-09-16 13:20:11,VR Auckland City,2026-10-12,Booking.com,131,Studio Apartment
2026-09-16 13:20:17,VR Queen Street Auckland,2026-10-13,Official site,90,Chic Princes Wharf Studio | City View | Parking
2026-09-16 13:20:17,VR Queen Street Auckland,2026-10-13,Super.com,97,
2026-09-16 13:20:17,VR Queen Street Auckland,2026-10-13,Hotels.com,108,Standard King Room
2026-09-16 13:20:24,VR Auckland City,2026-10-13,Official site,84,
2026-09-16 13:20:24,VR Auckland City,2026-10-13,Super.com,90,
2026-09-16 13:20:24,VR Auckland City,2026-10-13,Booking.com,112,Studio Apartment
2026-09-16 13:20:30,VR Queen Street Auckland,2026-10-14,Super.com,96,
2026-09-16 13:20:30,VR Queen Street Auckland,2026-10-14,Booking.com,113,
2026-09-16 13:20:30,VR Queen Street Auckland,2026-10-14,Official site,125,Standard King Room - Prepay and Save
2026-09-16 13:20:48,VR Auckland City,2026-10-14,Official site,83,
2026-09-16 13:20:48,VR Auckland City,2026-10-14,Super.com,91,
2026-09-16 13:20:48,VR Auckland City,2026-10-14,Booking.com,117,
2026-09-16 13:20:59,VR Queen Street Auckland,2026-10-15,Official site,90,Ramada Suites By Wyndham Victoria Street West
2026-09-16 13:20:59,VR Queen Street Auckland,2026-10-15,Super.com,97,
2026-09-16 13:20:59,VR Queen Street Auckland,2026-10-15,Booking.com,113,Standard King Room
2026-09-16 13:21:05,VR Auckland City,2026-10-15,Official site,84,Sky tower just next DOOR FREE parking
2026-09-16 13:21:05,VR Auckland City,2026-10-15,Super.com,97,
2026-09-16 13:21:05,VR Auckland City,2026-10-15,Booking.com,117,
2026-09-16 13:21:12,VR Queen Street Auckland,2026-10-16,Official site,129,
2026-09-16 13:21:12,VR Queen Street Auckland,2026-10-16,Super.com,131,
2026-09-16 13:21:12,VR Queen Street Auckland,2026-10-16,Booking.com,155,Standard King Room
2026-09-16 13:21:18,VR Auckland City,2026-10-16,Official site,102,Studio Steps from Sky City
2026-09-16 13:21:18,VR Auckland City,2026-10-16,Booking.com,185,
2026-09-16 13:21:24,VR Queen Street Auckland,2026-10-17,Official site,69,
2026-09-16 13:21:24,VR Queen Street Auckland,2026-10-17,Super.com,212,
2026-09-16 13:21:24,VR Queen Street Auckland,2026-10-17,Booking.com,250,
2026-09-16 13:21:32,VR Auckland City,2026-10-17,Official site,102,
2026-09-16 13:21:32,VR Auckland City,2026-10-17,Super.com,531,
2026-09-16 13:21:32,VR Auckland City,2026-10-17,Booking.com,639,Deluxe Family Room
2026-09-16 13:21:48,VR Queen Street Auckland,2026-10-18,Booking.com,84,Princes Wharf - Penthouse - Stunning Views
2026-09-16 13:21:48,VR Queen Street Auckland,2026-10-18,Super.com,106,
2026-09-16 13:21:48,VR Queen Street Auckland,2026-10-18,Official site,110,Mercure Auckland Queen Street
2026-09-16 13:22:06,VR Auckland City,2026-10-18,Official site,84,Princes Wharf - Penthouse - Stunning Views
2026-09-16 13:22:06,VR Auckland City,2026-10-18,Booking.com,149,Studio Apartment
2026-09-16 13:22:13,VR Queen Street Auckland,2026-10-19,Official site,84,Ramada Suites By Wyndham Victoria Street West
2026-09-16 13:22:13,VR Queen Street Auckland,2026-10-19,Booking.com,104,Open VR Queen Street - Hotel & Suites in a new tab.
2026-09-16 13:22:13,VR Queen Street Auckland,2026-10-19,Super.com,104,
2026-09-16 13:22:19,VR Auckland City,2026-10-19,Official site,84,Ramada Suites By Wyndham Victoria Street West
2026-09-16 13:22:19,VR Auckland City,2026-10-19,Booking.com,84,Princes Wharf Amazing 2 bedroom Free Parking
2026-09-16 13:22:19,VR Auckland City,2026-10-19,Super.com,144,
2026-09-16 13:22:26,VR Queen Street Auckland,2026-10-20,Super.com,52,
2026-09-16 13:22:26,VR Queen Street Auckland,2026-10-20,Official site,75,Grand Central Serviced Apartments
2026-09-16 13:22:26,VR Queen Street Auckland,2026-10-20,Booking.com,184,
2026-09-16 13:22:32,VR Auckland City,2026-10-20,Official site,75,Grand Central Serviced Apartments
2026-09-16 13:22:32,VR Auckland City,2026-10-20,Booking.com,84,VR Queen Street - Hotel & Suites
2026-09-16 13:22:32,VR Auckland City,2026-10-20,Super.com,153,
2026-09-16 13:22:39,VR Queen Street Auckland,2026-10-21,Super.com,53,
2026-09-16 13:22:39,VR Queen Street Auckland,2026-10-21,Booking.com,184,Standard King Room
2026-09-16 13:22:39,VR Queen Street Auckland,2026-10-21,Official site,204,
2026-09-16 13:22:43,VR Auckland City,2026-10-21,Super.com,45,
2026-09-16 13:22:43,VR Auckland City,2026-10-21,Booking.com,169,
2026-09-16 13:22:43,VR Auckland City,2026-10-21,Official site,186,
2026-09-16 13:22:48,VR Queen Street Auckland,2026-10-22,Official site,84,Ramada Suites By Wyndham Victoria Street West
2026-09-16 13:22:48,VR Queen Street Auckland,2026-10-22,Super.com,127,
2026-09-16 13:22:48,VR Queen Street Auckland,2026-10-22,Booking.com,151,
2026-09-16 13:22:54,VR Auckland City,2026-10-22,Official site,84,
2026-09-16 13:22:54,VR Auckland City,2026-10-22,Super.com,118,
2026-09-16 13:22:54,VR Auckland City,2026-10-22,Booking.com,157,Executive One-Bedroom Apartment
2026-09-16 13:22:59,VR Queen Street Auckland,2026-10-23,Super.com,60,
2026-09-16 13:22:59,VR Queen Street Auckland,2026-10-23,Official site,92,Penthouse - One-Bedroom Apartment
2026-09-16 13:22:59,VR Queen Street Auckland,2026-10-23,Booking.com,127,
2026-09-16 13:23:05,VR Auckland City,2026-10-23,Booking.com,92,Penthouse - One-Bedroom Apartment
2026-09-16 13:23:05,VR Auckland City,2026-10-23,Official site,102,
2026-09-16 13:23:05,VR Auckland City,2026-10-23,Trip.com,414,
2026-09-16 13:23:12,VR Queen Street Auckland,2026-10-24,Booking.com,75,Grand Central Serviced Apartments
2026-09-16 13:23:12,VR Queen Street Auckland,2026-10-24,Official site,102,
2026-09-16 13:23:12,VR Queen Street Auckland,2026-10-24,Super.com,197,
2026-09-16 13:23:18,VR Auckland City,2026-10-24,Official site,102,
2026-09-16 13:23:18,VR Auckland City,2026-10-24,Booking.com,157,Executive One-Bedroom Apartment
2026-09-16 13:23:18,VR Auckland City,2026-10-24,Expedia,311,
2026-09-16 13:23:23,VR Queen Street Auckland,2026-10-25,Super.com,233,
2026-09-16 13:23:23,VR Queen Street Auckland,2026-10-25,Booking.com,250,Standard King Room
2026-09-16 13:23:23,VR Queen Street Auckland,2026-10-25,Official site,278,
2026-09-16 13:23:27,VR Auckland City,2026-10-25,Official site,84,
2026-09-16 13:23:27,VR Auckland City,2026-10-25,Super.com,96,
2026-09-16 13:23:27,VR Auckland City,2026-10-25,Booking.com,127,Studio Apartment
2026-09-16 13:23:32,VR Queen Street Auckland,2026-10-26,Booking.com,96,Open VR Queen Street - Hotel & Suites in a new tab.
2026-09-16 13:23:32,VR Queen Street Auckland,2026-10-26,Super.com,96,
2026-09-16 13:23:32,VR Queen Street Auckland,2026-10-26,Official site,110,Mercure Auckland Queen Street
2026-09-16 13:23:38,VR Auckland City,2026-10-26,Official site,84,
2026-09-16 13:23:38,VR Auckland City,2026-10-26,Booking.com,119,
2026-09-16 13:23:38,VR Auckland City,2026-10-26,Agoda,140,
2026-09-16 13:23:45,VR Queen Street Auckland,2026-10-27,Official site,96,"Sky Tower Studio - Pools, Spa, Gym & Super King"
2026-09-16 13:23:45,VR Queen Street Auckland,2026-10-27,Super.com,97,
2026-09-16 13:23:45,VR Queen Street Auckland,2026-10-27,Booking.com,113,
2026-09-16 13:23:51,VR Auckland City,2026-10-27,Official site,84,
2026-09-16 13:23:51,VR Auckland City,2026-10-27,Booking.com,84,Princes Wharf Amazing 2 bedroom Free Parking
2026-09-16 13:23:51,VR Auckland City,2026-10-27,Super.com,90,
2026-09-16 13:23:57,VR Queen Street Auckland,2026-10-28,Official site,84,Parkside Hotel & Apartments Auckland
2026-09-16 13:23:57,VR Queen Street Auckland,2026-10-28,Super.com,96,
2026-09-16 13:23:57,VR Queen Street Auckland,2026-10-28,Booking.com,113,Standard King Room
2026-09-16 13:24:04,VR Auckland City,2026-10-28,Official site,84,Parkside Hotel & Apartments Auckland
2026-09-16 13:24:04,VR Auckland City,2026-10-28,Booking.com,119,Studio Apartment
2026-09-16 13:24:11,VR Queen Street Auckland,2026-10-29,Booking.com,84,Mercure Auckland Queen Street
2026-09-16 13:24:11,VR Queen Street Auckland,2026-10-29,Super.com,96,
2026-09-16 13:24:11,VR Queen Street Auckland,2026-10-29,Official site,97,
2026-09-16 13:24:17,VR Auckland City,2026-10-29,Official site,84,Mercure Auckland Queen Street
2026-09-16 13:24:17,VR Auckland City,2026-10-29,Super.com,90,
2026-09-16 13:24:17,VR Auckland City,2026-10-29,Booking.com,97,
2026-09-16 13:24:23,VR Queen Street Auckland,2026-10-30,Booking.com,117,ibis budget Auckland Central - Double Studio
2026-09-16 13:24:23,VR Queen Street Auckland,2026-10-30,Official site,121,VR Queen Street - Hotel & Suites
2026-09-16 13:24:23,VR Queen Street Auckland,2026-10-30,Super.com,121,
2026-09-16 13:24:23,VR Queen Street Auckland,2026-10-30,Bluepillow,149,Easy to use · Direct booking
2026-09-16 13:24:30,VR Auckland City,2026-10-30,Official site,102,
2026-09-16 13:24:30,VR Auckland City,2026-10-30,Booking.com,102,Penthouse - One-Bedroom Apartment
2026-09-16 13:24:30,VR Auckland City,2026-10-30,Super.com,108,
2026-09-16 13:24:36,VR Queen Street Auckland,2026-10-31,Super.com,122,
2026-09-16 13:24:36,VR Queen Street Auckland,2026-10-31,Booking.com,151,Standard King Room
2026-09-16 13:24:36,VR Queen Street Auckland,2026-10-31,Official site,167,
2026-09-16 13:24:41,VR Auckland City,2026-10-31,Official site,82,Penthouse - One-Bedroom Apartment
2026-09-16 13:24:41,VR Auckland City,2026-10-31,Super.com,128,
2026-09-16 13:24:41,VR Auckland City,2026-10-31,Booking.com,170,Executive One-Bedroom Apartment
2026-09-16 13:24:47,VR Queen Street Auckland,2026-11-01,Official site,88,Pullman Auckland Hotel & Apartments
2026-09-16 13:24:47,VR Queen Street Auckland,2026-11-01,Super.com,101,
2026-09-16 13:24:47,VR Queen Street Auckland,2026-11-01,Booking.com,126,
2026-09-16 13:24:54,VR Auckland City,2026-11-01,Official site,88,Pullman Auckland Hotel & Apartments
2026-09-16 13:24:54,VR Auckland City,2026-11-01,Super.com,120,
2026-09-16 13:24:54,VR Auckland City,2026-11-01,Booking.com,180,
2026-09-16 13:25:00,VR Queen Street Auckland,2026-11-02,Official site,75,City Gardens Apartments
2026-09-16 13:25:00,VR Queen Street Auckland,2026-11-02,Booking.com,99,Open VR Queen Street - Hotel & Suites in a new tab.
2026-09-16 13:25:00,VR Queen Street Auckland,2026-11-02,Super.com,99,
2026-09-16 13:25:06,VR Auckland City,2026-11-02,Official site,75,City Gardens Apartments
2026-09-16 13:25:06,VR Auckland City,2026-11-02,Super.com,119,
2026-09-16 13:25:06,VR Auckland City,2026-11-02,Booking.com,154,
2026-09-16 13:25:13,VR Queen Street Auckland,2026-11-03,Official site,93,ibis budget Auckland Central - Double Studio
2026-09-16 13:25:13,VR Queen Street Auckland,2026-11-03,Super.com,101,
2026-09-16 13:25:13,VR Queen Street Auckland,2026-11-03,Booking.com,126,Standard King Room
2026-09-16 13:25:19,VR Auckland City,2026-11-03,Official site,93,
2026-09-16 13:25:19,VR Auckland City,2026-11-03,Super.com,118,
2026-09-16 13:25:19,VR Auckland City,2026-11-03,Booking.com,169,Studio Apartment
2026-09-16 13:25:26,VR Queen Street Auckland,2026-11-04,Official site,84,
2026-09-16 13:25:26,VR Queen Street Auckland,2026-11-04,Super.com,136,
2026-09-16 13:25:26,VR Queen Street Auckland,2026-11-04,Booking.com,167,Standard King Room
2026-09-16 13:25:33,VR Auckland City,2026-11-04,Official site,84,VR Queen Street - Hotel & Suites
2026-09-16 13:25:33,VR Auckland City,2026-11-04,Super.com,137,
2026-09-16 13:25:33,VR Auckland City,2026-11-04,Booking.com,180,
2026-09-16 13:25:39,VR Queen Street Auckland,2026-11-05,Official site,98,VR Queen Street - Hotel & Suites
2026-09-16 13:25:39,VR Queen Street Auckland,2026-11-05,Super.com,145,
2026-09-16 13:25:39,VR Queen Street Auckland,2026-11-05,Booking.com,184,
2026-09-16 13:25:45,VR Auckland City,2026-11-05,Official site,98,VR Queen Street - Hotel & Suites
2026-09-16 13:25:45,VR Auckland City,2026-11-05,Booking.com,272,Studio Apartment
2026-09-16 13:25:52,VR Queen Street Auckland,2026-11-06,Super.com,144,
2026-09-16 13:25:52,VR Queen Street Auckland,2026-11-06,Booking.com,184,Standard King Room
2026-09-16 13:25:52,VR Queen Street Auckland,2026-11-06,Official site,204,
2026-09-16 13:25:56,VR Auckland City,2026-11-06,Official site,125,Pullman Auckland Hotel & Apartments
2026-09-16 13:25:56,VR Auckland City,2026-11-06,Booking.com,176,
2026-09-16 13:26:03,VR Queen Street Auckland,2026-11-07,Official site,128,Princes Wharf - Penthouse - Stunning Views
2026-09-16 13:26:03,VR Queen Street Auckland,2026-11-07,Booking.com,204,Pullman Auckland Hotel & Apartments
2026-09-16 13:26:03,VR Queen Street Auckland,2026-11-07,Super.com,282,
2026-09-16 13:26:09,VR Auckland City,2026-11-07,Official site,128,Princes Wharf - Penthouse - Stunning Views
2026-09-16 13:26:09,VR Auckland City,2026-11-07,Booking.com,204,Pullman Auckland Hotel & Apartments
2026-09-16 13:26:09,VR Auckland City,2026-11-07,Super.com,485,
2026-09-16 13:26:16,VR Queen Street Auckland,2026-11-08,Official site,119,Mercure Auckland Queen Street
2026-09-16 13:26:16,VR Queen Street Auckland,2026-11-08,Booking.com,216,
2026-09-16 13:26:16,VR Queen Street Auckland,2026-11-08,Super.com,235,
2026-09-16 13:26:22,VR Auckland City,2026-11-08,Official site,119,Mercure Auckland Queen Street
2026-09-16 13:26:22,VR Auckland City,2026-11-08,Booking.com,216,
2026-09-16 13:26:22,VR Auckland City,2026-11-08,Expedia,316,
2026-09-16 13:26:29,VR Queen Street Auckland,2026-11-09,Official site,126,ibis budget Auckland Central - Double Studio
2026-09-16 13:26:29,VR Queen Street Auckland,2026-11-09,Super.com,169,
2026-09-16 13:26:29,VR Queen Street Auckland,2026-11-09,Booking.com,209,Standard King Room
2026-09-16 13:26:35,VR Auckland City,2026-11-09,Official site,107,
2026-09-16 13:26:35,VR Auckland City,2026-11-09,Super.com,117,
2026-09-16 13:26:35,VR Auckland City,2026-11-09,Booking.com,218,Studio Apartment
2026-09-16 13:26:35,VR Auckland City,2026-11-09,Bluepillow,246,
2026-09-16 13:26:42,VR Queen Street Auckland,2026-11-10,Official site,76,City Gardens Apartments
2026-09-16 13:26:42,VR Queen Street Auckland,2026-11-10,Super.com,102,
2026-09-16 13:26:42,VR Queen Street Auckland,2026-11-10,Booking.com,130,Standard King Room
2026-09-16 13:26:48,VR Auckland City,2026-11-10,Official site,76,City Gardens Apartments
2026-09-16 13:26:48,VR Auckland City,2026-11-10,Super.com,119,
2026-09-16 13:26:48,VR Auckland City,2026-11-10,Booking.com,203,Studio Apartment
2026-09-16 13:26:55,VR Queen Street Auckland,2026-11-11,Super.com,49,
2026-09-16 13:26:55,VR Queen Street Auckland,2026-11-11,Booking.com,188,
2026-09-16 13:26:55,VR Queen Street Auckland,2026-11-11,Official site,209,Standard King Room - Prepay and Save
2026-09-16 13:27:00,VR Auckland City,2026-11-11,Official site,76,City Gardens Apartments
2026-09-16 13:27:00,VR Auckland City,2026-11-11,Booking.com,111,Princes Wharf Amazing 2 bedroom Free Parking
2026-09-16 13:27:00,VR Auckland City,2026-11-11,Expedia,157,
2026-09-16 13:27:06,VR Queen Street Auckland,2026-11-12,Super.com,45,
2026-09-16 13:27:06,VR Queen Street Auckland,2026-11-12,Official site,92,ibis budget Auckland Central - Double Studio
2026-09-16 13:27:06,VR Queen Street Auckland,2026-11-12,Booking.com,188,
2026-09-16 13:27:12,VR Auckland City,2026-11-12,Official site,92,ibis budget Auckland Central - Double Studio
2026-09-16 13:27:12,VR Auckland City,2026-11-12,Super.com,118,
2026-09-16 13:27:12,VR Auckland City,2026-11-12,Booking.com,168,
2026-09-16 13:27:19,VR Queen Street Auckland,2026-11-13,Official site,92,Penthouse - One-Bedroom Apartment
2026-09-16 13:27:19,VR Queen Street Auckland,2026-11-13,Super.com,131,
2026-09-16 13:27:19,VR Queen Street Auckland,2026-11-13,Booking.com,167,
2026-09-16 13:27:19,VR Queen Street Auckland,2026-11-13,Bluepillow,169,
2026-09-16 13:27:26,VR Auckland City,2026-11-13,Super.com,117,
2026-09-16 13:27:26,VR Auckland City,2026-11-13,Official site,125,
2026-09-16 13:27:26,VR Auckland City,2026-11-13,Booking.com,230,Studio Apartment
2026-09-16 13:27:30,VR Queen Street Auckland,2026-11-14,Official site,116,
2026-09-16 13:27:30,VR Queen Street Auckland,2026-11-14,Super.com,131,
2026-09-16 13:27:30,VR Queen Street Auckland,2026-11-14,Booking.com,167,
2026-09-16 13:27:37,VR Auckland City,2026-11-14,Official site,72,City Gardens Apartments
2026-09-16 13:27:37,VR Auckland City,2026-11-14,Booking.com,125,Entire Apartment 21st Floor Queen Street with Free Parking
2026-09-16 13:27:44,VR Queen Street Auckland,2026-11-15,Official site,91,Parkside Hotel & Apartments Auckland
2026-09-16 13:27:44,VR Queen Street Auckland,2026-11-15,Super.com,107,
2026-09-16 13:27:44,VR Queen Street Auckland,2026-11-15,Booking.com,134,Standard King Room
2026-09-16 13:27:50,VR Auckland City,2026-11-15,Official site,107,
2026-09-16 13:27:50,VR Auckland City,2026-11-15,Booking.com,200,
2026-09-16 13:27:55,VR Queen Street Auckland,2026-11-16,Official site,83,
2026-09-16 13:27:55,VR Queen Street Auckland,2026-11-16,Super.com,107,
2026-09-16 13:27:55,VR Queen Street Auckland,2026-11-16,Booking.com,134,Standard King Room
2026-09-16 13:28:01,VR Auckland City,2026-11-16,Official site,83,
2026-09-16 13:28:01,VR Auckland City,2026-11-16,Super.com,120,
2026-09-16 13:28:01,VR Auckland City,2026-11-16,Booking.com,223,Studio Apartment
2026-09-16 13:28:07,VR Queen Street Auckland,2026-11-17,Official site,101,Penthouse - One-Bedroom Apartment
2026-09-16 13:28:07,VR Queen Street Auckland,2026-11-17,Super.com,108,
2026-09-16 13:28:07,VR Queen Street Auckland,2026-11-17,Bluepillow,131,
2026-09-16 13:28:07,VR Queen Street Auckland,2026-11-17,Booking.com,134,
2026-09-16 13:28:14,VR Auckland City,2026-11-17,Official site,101,Penthouse - One-Bedroom Apartment
2026-09-16 13:28:14,VR Auckland City,2026-11-17,Super.com,119,
2026-09-16 13:28:14,VR Auckland City,2026-11-17,Booking.com,246,Studio Apartment
2026-09-16 13:28:14,VR Auckland City,2026-11-17,Bluepillow,274,
2026-09-16 13:44:53,VR Queen Street Auckland,2026-09-16,Super.com,129,
2026-09-16 13:44:53,VR Queen Street Auckland,2026-09-16,Official site,156,
2026-09-16 13:44:58,VR Auckland City,2026-09-16,Trip.com,52,
2026-09-16 13:44:58,VR Auckland City,2026-09-16,Official site,79,
2026-09-16 13:45:04,VR Queen Street Auckland,2026-09-17,Super.com,33,
2026-09-16 13:45:04,VR Queen Street Auckland,2026-09-17,Official site,145,
2026-09-16 13:45:09,VR Auckland City,2026-09-17,Official site,67,
2026-09-16 13:45:09,VR Auckland City,2026-09-17,Super.com,104,
2026-09-16 13:45:14,VR Queen Street Auckland,2026-09-18,Super.com,127,
2026-09-16 13:45:14,VR Queen Street Auckland,2026-09-18,Official site,167,
2026-09-16 13:45:22,VR Auckland City,2026-09-18,Official site,88,
2026-09-16 13:45:22,VR Auckland City,2026-09-18,Super.com,102,
2026-09-16 13:45:30,VR Queen Street Auckland,2026-09-19,Super.com,135,
2026-09-16 13:45:30,VR Queen Street Auckland,2026-09-19,Official site,175,
2026-09-16 13:45:35,VR Auckland City,2026-09-19,Official site,88,
2026-09-16 13:45:35,VR Auckland City,2026-09-19,Super.com,116,
2026-09-16 13:45:39,VR Queen Street Auckland,2026-09-20,Super.com,79,
2026-09-16 13:45:39,VR Queen Street Auckland,2026-09-20,Official site,102,
2026-09-16 13:45:44,VR Auckland City,2026-09-20,Official site,74,
2026-09-16 13:45:44,VR Auckland City,2026-09-20,Super.com,85,
2026-09-16 13:45:49,VR Queen Street Auckland,2026-09-21,Super.com,78,
2026-09-16 13:45:49,VR Queen Street Auckland,2026-09-21,Official site,102,
2026-09-16 13:45:56,VR Auckland City,2026-09-21,Official site,74,
2026-09-16 13:45:56,VR Auckland City,2026-09-21,Super.com,85,
2026-09-16 13:46:00,VR Queen Street Auckland,2026-09-22,Super.com,80,
2026-09-16 13:46:00,VR Queen Street Auckland,2026-09-22,Official site,105,
2026-09-16 13:46:07,VR Auckland City,2026-09-22,Official site,74,
2026-09-16 13:46:07,VR Auckland City,2026-09-22,Super.com,85,
2026-09-16 13:46:11,VR Queen Street Auckland,2026-09-23,Super.com,77,
2026-09-16 13:46:11,VR Queen Street Auckland,2026-09-23,Official site,101,
2026-09-16 13:46:17,VR Auckland City,2026-09-23,Official site,74,
2026-09-16 13:46:17,VR Auckland City,2026-09-23,Super.com,87,
2026-09-16 13:46:25,VR Queen Street Auckland,2026-09-24,Super.com,77,
2026-09-16 13:46:25,VR Queen Street Auckland,2026-09-24,Official site,101,
2026-09-16 13:46:31,VR Auckland City,2026-09-24,Super.com,86,
2026-09-16 13:46:31,VR Auckland City,2026-09-24,Expedia,112,
2026-09-16 13:46:38,VR Queen Street Auckland,2026-09-25,Super.com,113,
2026-09-16 13:46:38,VR Queen Street Auckland,2026-09-25,Official site,149,
2026-09-16 13:46:43,VR Auckland City,2026-09-25,Super.com,114,
2026-09-16 13:46:43,VR Auckland City,2026-09-25,Booking.com,139,
2026-09-16 13:46:49,VR Queen Street Auckland,2026-09-26,Super.com,117,
2026-09-16 13:46:49,VR Queen Street Auckland,2026-09-26,Official site,153,
2026-09-16 13:46:56,VR Auckland City,2026-09-26,Official site,97,
2026-09-16 13:46:56,VR Auckland City,2026-09-26,Super.com,161,
2026-09-16 13:47:05,VR Queen Street Auckland,2026-09-27,Super.com,80,
2026-09-16 13:47:05,VR Queen Street Auckland,2026-09-27,Official site,104,
2026-09-16 13:47:17,VR Auckland City,2026-09-27,Official site,74,
2026-09-16 13:47:17,VR Auckland City,2026-09-27,Super.com,109,
2026-09-16 13:47:23,VR Queen Street Auckland,2026-09-28,Super.com,80,
2026-09-16 13:47:23,VR Queen Street Auckland,2026-09-28,Official site,104,
2026-09-16 13:47:30,VR Auckland City,2026-09-28,Official site,74,
2026-09-16 13:47:30,VR Auckland City,2026-09-28,Super.com,84,
2026-09-16 13:47:34,VR Queen Street Auckland,2026-09-29,Super.com,79,
2026-09-16 13:47:34,VR Queen Street Auckland,2026-09-29,Official site,104,
2026-09-16 13:47:41,VR Auckland City,2026-09-29,Official site,74,
2026-09-16 13:47:41,VR Auckland City,2026-09-29,Super.com,87,
2026-09-16 13:47:47,VR Queen Street Auckland,2026-09-30,Super.com,86,
2026-09-16 13:47:47,VR Queen Street Auckland,2026-09-30,Official site,111,
2026-09-16 13:47:54,VR Auckland City,2026-09-30,Official site,84,
2026-09-16 13:47:54,VR Auckland City,2026-09-30,Super.com,87,
2026-09-16 13:48:00,VR Queen Street Auckland,2026-10-01,Super.com,95,
2026-09-16 13:48:00,VR Queen Street Auckland,2026-10-01,Official site,125,
2026-09-16 13:48:04,VR Auckland City,2026-10-01,Official site,84,
2026-09-16 13:48:04,VR Auckland City,2026-10-01,Super.com,90,
2026-09-16 13:48:11,VR Queen Street Auckland,2026-10-02,Super.com,111,
2026-09-16 13:48:11,VR Queen Street Auckland,2026-10-02,Official site,144,
2026-09-16 13:48:17,VR Auckland City,2026-10-02,Official site,102,
2026-09-16 13:48:17,VR Auckland City,2026-10-02,Super.com,112,
2026-09-16 13:48:23,VR Queen Street Auckland,2026-10-03,Super.com,120,
2026-09-16 13:48:23,VR Queen Street Auckland,2026-10-03,Official site,158,
2026-09-16 13:48:28,VR Auckland City,2026-10-03,Official site,102,
2026-09-16 13:48:28,VR Auckland City,2026-10-03,Super.com,128,
2026-09-16 13:48:34,VR Queen Street Auckland,2026-10-04,Super.com,93,
2026-09-16 13:48:34,VR Queen Street Auckland,2026-10-04,Official site,117,
2026-09-16 13:48:41,VR Auckland City,2026-10-04,Official site,84,
2026-09-16 13:48:41,VR Auckland City,2026-10-04,Super.com,108,
2026-09-16 13:48:46,VR Queen Street Auckland,2026-10-05,Super.com,89,
2026-09-16 13:48:46,VR Queen Street Auckland,2026-10-05,Official site,117,
2026-09-16 13:48:53,VR Auckland City,2026-10-05,Official site,84,
2026-09-16 13:48:53,VR Auckland City,2026-10-05,Booking.com,139,
2026-09-16 13:49:06,VR Queen Street Auckland,2026-10-06,Super.com,93,
2026-09-16 13:49:06,VR Queen Street Auckland,2026-10-06,Official site,117,
2026-09-16 13:49:21,VR Auckland City,2026-10-06,Official site,84,
2026-09-16 13:49:21,VR Auckland City,2026-10-06,Super.com,109,
2026-09-16 13:49:27,VR Queen Street Auckland,2026-10-07,Super.com,86,
2026-09-16 13:49:27,VR Queen Street Auckland,2026-10-07,Official site,111,
2026-09-16 13:49:33,VR Auckland City,2026-10-07,Official site,84,
2026-09-16 13:49:33,VR Auckland City,2026-10-07,Super.com,108,
2026-09-16 13:49:40,VR Queen Street Auckland,2026-10-08,Super.com,27,
2026-09-16 13:49:40,VR Queen Street Auckland,2026-10-08,Official site,149,
2026-09-16 13:49:46,VR Auckland City,2026-10-08,Official site,84,
2026-09-16 13:49:46,VR Auckland City,2026-10-08,Super.com,142,
2026-09-16 13:49:52,VR Queen Street Auckland,2026-10-09,Super.com,234,
2026-09-16 13:49:52,VR Queen Street Auckland,2026-10-09,Official site,292,
2026-09-16 13:49:59,VR Auckland City,2026-10-09,Official site,102,
2026-09-16 13:49:59,VR Auckland City,2026-10-09,Super.com,256,
2026-09-16 13:50:05,VR Queen Street Auckland,2026-10-10,Super.com,235,
2026-09-16 13:50:05,VR Queen Street Auckland,2026-10-10,Official site,299,
2026-09-16 13:50:11,VR Auckland City,2026-10-10,Official site,102,
2026-09-16 13:50:11,VR Auckland City,2026-10-10,Super.com,459,
2026-09-16 13:50:15,VR Queen Street Auckland,2026-10-11,Super.com,97,
2026-09-16 13:50:15,VR Queen Street Auckland,2026-10-11,Official site,125,
2026-09-16 13:50:22,VR Auckland City,2026-10-11,Official site,84,
2026-09-16 13:50:22,VR Auckland City,2026-10-11,Super.com,88,
2026-09-16 13:50:29,VR Queen Street Auckland,2026-10-12,Super.com,96,
2026-09-16 13:50:29,VR Queen Street Auckland,2026-10-12,Official site,125,
2026-09-16 13:50:33,VR Auckland City,2026-10-12,Official site,84,
2026-09-16 13:50:33,VR Auckland City,2026-10-12,Super.com,102,
2026-09-16 13:50:40,VR Queen Street Auckland,2026-10-13,Super.com,97,
2026-09-16 13:50:40,VR Queen Street Auckland,2026-10-13,Official site,125,
2026-09-16 13:50:46,VR Auckland City,2026-10-13,Official site,84,
2026-09-16 13:50:46,VR Auckland City,2026-10-13,Super.com,91,
