timestamp,hotel,checkin,provider,price_nzd
2026-09-16 03:19:46,VR Queen Street Auckland,2026-09-16,Super.com,127
2026-09-16 03:19:46,VR Queen Street Auckland,2026-09-16,Official site,156
2026-09-16 03:19:50,VR Auckland City,2026-09-16,Official site,81
2026-09-16 03:19:50,VR Auckland City,2026-09-16,Super.com,113
2026-09-16 03:19:55,VR Queen Street Auckland,2026-09-17,Super.com,111
2026-09-16 03:19:55,VR Queen Street Auckland,2026-09-17,Official site,145
2026-09-16 03:20:00,VR Auckland City,2026-09-17,Official site,81
2026-09-16 03:20:00,VR Auckland City,2026-09-17,Super.com,128
2026-09-16 03:20:05,VR Queen Street Auckland,2026-09-18,Super.com,128
2026-09-16 03:20:05,VR Queen Street Auckland,2026-09-18,Official site,167
2026-09-16 03:20:10,VR Auckland City,2026-09-18,Official site,88
2026-09-16 03:20:10,VR Auckland City,2026-09-18,Super.com,110
2026-09-16 03:20:14,VR Queen Street Auckland,2026-09-19,Super.com,135
2026-09-16 03:20:14,VR Queen Street Auckland,2026-09-19,Official site,175
2026-09-16 03:20:19,VR Auckland City,2026-09-19,Official site,88
2026-09-16 03:20:19,VR Auckland City,2026-09-19,Super.com,115
2026-09-16 03:20:23,VR Queen Street Auckland,2026-09-20,Super.com,78
2026-09-16 03:20:23,VR Queen Street Auckland,2026-09-20,Official site,102
2026-09-16 03:20:28,VR Auckland City,2026-09-20,Official site,74
2026-09-16 03:20:28,VR Auckland City,2026-09-20,Super.com,85
2026-09-16 03:20:33,VR Queen Street Auckland,2026-09-21,Super.com,78
2026-09-16 03:20:33,VR Queen Street Auckland,2026-09-21,Official site,102
2026-09-16 03:20:38,VR Auckland City,2026-09-21,Official site,84
2026-09-16 03:20:38,VR Auckland City,2026-09-21,Super.com,84
2026-09-16 03:20:43,VR Queen Street Auckland,2026-09-22,Super.com,81
2026-09-16 03:20:43,VR Queen Street Auckland,2026-09-22,Official site,105
2026-09-16 03:20:47,VR Auckland City,2026-09-22,Official site,84
2026-09-16 03:20:47,VR Auckland City,2026-09-22,Super.com,87
2026-09-16 03:20:51,VR Queen Street Auckland,2026-09-23,Super.com,78
2026-09-16 03:20:51,VR Queen Street Auckland,2026-09-23,Official site,101
2026-09-16 03:20:55,VR Auckland City,2026-09-23,Official site,74
2026-09-16 03:20:55,VR Auckland City,2026-09-23,Super.com,90
2026-09-16 03:21:00,VR Queen Street Auckland,2026-09-24,Super.com,78
2026-09-16 03:21:00,VR Queen Street Auckland,2026-09-24,Official site,101
2026-09-16 03:21:04,VR Auckland City,2026-09-24,Official site,84
2026-09-16 03:21:04,VR Auckland City,2026-09-24,Super.com,87
2026-09-16 03:21:09,VR Queen Street Auckland,2026-09-25,Super.com,115
2026-09-16 03:21:09,VR Queen Street Auckland,2026-09-25,Official site,149
2026-09-16 03:21:13,VR Auckland City,2026-09-25,Official site,97
2026-09-16 03:21:13,VR Auckland City,2026-09-25,Super.com,117
2026-09-16 03:21:17,VR Queen Street Auckland,2026-09-26,Super.com,117
2026-09-16 03:21:17,VR Queen Street Auckland,2026-09-26,Official site,153
2026-09-16 03:21:22,VR Auckland City,2026-09-26,Official site,149
2026-09-16 03:21:22,VR Auckland City,2026-09-26,Super.com,163
2026-09-16 03:21:26,VR Queen Street Auckland,2026-09-27,Super.com,80
2026-09-16 03:21:26,VR Queen Street Auckland,2026-09-27,Official site,104
2026-09-16 03:21:30,VR Auckland City,2026-09-27,Super.com,110
2026-09-16 03:21:30,VR Auckland City,2026-09-27,Official site,149
2026-09-16 03:21:34,VR Queen Street Auckland,2026-09-28,Super.com,79
2026-09-16 03:21:34,VR Queen Street Auckland,2026-09-28,Official site,104
2026-09-16 03:21:39,VR Auckland City,2026-09-28,Super.com,83
2026-09-16 03:21:39,VR Auckland City,2026-09-28,Official site,149
2026-09-16 03:21:43,VR Queen Street Auckland,2026-09-29,Super.com,80
2026-09-16 03:21:43,VR Queen Street Auckland,2026-09-29,Official site,104
2026-09-16 03:21:47,VR Auckland City,2026-09-29,Official site,74
2026-09-16 03:21:47,VR Auckland City,2026-09-29,Super.com,88
2026-09-16 03:21:52,VR Queen Street Auckland,2026-09-30,Super.com,86
2026-09-16 03:21:52,VR Queen Street Auckland,2026-09-30,Official site,111
2026-09-16 03:21:56,VR Auckland City,2026-09-30,Official site,84
2026-09-16 03:21:56,VR Auckland City,2026-09-30,Super.com,89
2026-09-16 03:22:00,VR Queen Street Auckland,2026-10-01,Super.com,94
2026-09-16 03:22:00,VR Queen Street Auckland,2026-10-01,Official site,125
2026-09-16 03:22:06,VR Auckland City,2026-10-01,Official site,84
2026-09-16 03:22:06,VR Auckland City,2026-10-01,Super.com,92
2026-09-16 03:22:13,VR Queen Street Auckland,2026-10-02,Super.com,110
2026-09-16 03:22:13,VR Queen Street Auckland,2026-10-02,Official site,144
2026-09-16 03:22:17,VR Auckland City,2026-10-02,Official site,102
2026-09-16 03:22:17,VR Auckland City,2026-10-02,Booking.com,135
2026-09-16 03:22:23,VR Queen Street Auckland,2026-10-03,Super.com,127
2026-09-16 03:22:23,VR Queen Street Auckland,2026-10-03,Official site,158
2026-09-16 03:22:28,VR Auckland City,2026-10-03,Official site,102
2026-09-16 03:22:28,VR Auckland City,2026-10-03,Booking.com,155
2026-09-16 03:22:32,VR Queen Street Auckland,2026-10-04,Super.com,88
2026-09-16 03:22:32,VR Queen Street Auckland,2026-10-04,Official site,117
2026-09-16 03:22:36,VR Auckland City,2026-10-04,Official site,84
2026-09-16 03:22:36,VR Auckland City,2026-10-04,Super.com,107
2026-09-16 03:22:41,VR Queen Street Auckland,2026-10-05,Super.com,90
2026-09-16 03:22:41,VR Queen Street Auckland,2026-10-05,Official site,117
2026-09-16 03:22:45,VR Auckland City,2026-10-05,Official site,84
2026-09-16 03:22:45,VR Auckland City,2026-10-05,Super.com,110
2026-09-16 03:22:49,VR Queen Street Auckland,2026-10-06,Official site,77
2026-09-16 03:22:49,VR Queen Street Auckland,2026-10-06,Super.com,89
2026-09-16 03:22:55,VR Auckland City,2026-10-06,Official site,84
2026-09-16 03:22:55,VR Auckland City,2026-10-06,Super.com,107
2026-09-16 03:23:00,VR Queen Street Auckland,2026-10-07,Super.com,85
2026-09-16 03:23:00,VR Queen Street Auckland,2026-10-07,Official site,111
2026-09-16 03:23:04,VR Auckland City,2026-10-07,Official site,81
2026-09-16 03:23:04,VR Auckland City,2026-10-07,Booking.com,133
2026-09-16 03:23:10,VR Queen Street Auckland,2026-10-08,Super.com,115
2026-09-16 03:23:10,VR Queen Street Auckland,2026-10-08,Official site,149
2026-09-16 03:23:16,VR Auckland City,2026-10-08,Official site,84
2026-09-16 03:23:16,VR Auckland City,2026-10-08,Super.com,143
2026-09-16 03:23:20,VR Queen Street Auckland,2026-10-09,Super.com,235
2026-09-16 03:23:20,VR Queen Street Auckland,2026-10-09,Official site,292
2026-09-16 03:23:24,VR Auckland City,2026-10-09,Official site,102
2026-09-16 03:23:24,VR Auckland City,2026-10-09,Super.com,255
2026-09-16 03:23:29,VR Queen Street Auckland,2026-10-10,Official site,159
2026-09-16 03:23:29,VR Queen Street Auckland,2026-10-10,Super.com,229
2026-09-16 03:23:35,VR Auckland City,2026-10-10,Official site,102
2026-09-16 03:23:35,VR Auckland City,2026-10-10,Super.com,451
2026-09-16 03:23:39,VR Queen Street Auckland,2026-10-11,Super.com,97
2026-09-16 03:23:39,VR Queen Street Auckland,2026-10-11,Official site,125
2026-09-16 03:23:43,VR Auckland City,2026-10-11,Official site,84
2026-09-16 03:23:43,VR Auckland City,2026-10-11,Super.com,91
2026-09-16 03:23:50,VR Queen Street Auckland,2026-10-12,Super.com,97
2026-09-16 03:23:50,VR Queen Street Auckland,2026-10-12,Official site,125
2026-09-16 03:23:54,VR Auckland City,2026-10-12,Official site,84
2026-09-16 03:23:54,VR Auckland City,2026-10-12,Super.com,102
2026-09-16 03:24:00,VR Queen Street Auckland,2026-10-13,Super.com,97
2026-09-16 03:24:00,VR Queen Street Auckland,2026-10-13,Official site,125
2026-09-16 03:24:07,VR Auckland City,2026-10-13,Official site,84
2026-09-16 03:24:07,VR Auckland City,2026-10-13,Super.com,92
2026-09-16 03:24:11,VR Queen Street Auckland,2026-10-14,Super.com,97
2026-09-16 03:24:11,VR Queen Street Auckland,2026-10-14,Official site,125
2026-09-16 03:24:16,VR Auckland City,2026-10-14,Official site,84
2026-09-16 03:24:16,VR Auckland City,2026-10-14,Super.com,93
2026-09-16 03:24:20,VR Queen Street Auckland,2026-10-15,Super.com,97
2026-09-16 03:24:20,VR Queen Street Auckland,2026-10-15,Official site,125
2026-09-16 03:24:25,VR Auckland City,2026-10-15,Official site,84
2026-09-16 03:24:25,VR Auckland City,2026-10-15,Super.com,98
2026-09-16 03:24:29,VR Queen Street Auckland,2026-10-16,Super.com,131
2026-09-16 03:24:29,VR Queen Street Auckland,2026-10-16,Official site,172
2026-09-16 03:24:34,VR Auckland City,2026-10-16,Official site,102
2026-09-16 03:24:34,VR Auckland City,2026-10-16,Booking.com,186
2026-09-16 03:24:38,VR Queen Street Auckland,2026-10-17,Super.com,212
2026-09-16 03:24:38,VR Queen Street Auckland,2026-10-17,Official site,278
2026-09-16 03:24:42,VR Auckland City,2026-10-17,Official site,102
2026-09-16 03:24:42,VR Auckland City,2026-10-17,Super.com,538
2026-09-16 03:24:47,VR Queen Street Auckland,2026-10-18,Super.com,103
2026-09-16 03:24:47,VR Queen Street Auckland,2026-10-18,Official site,135
2026-09-16 03:24:51,VR Auckland City,2026-10-18,Official site,84
2026-09-16 03:24:51,VR Auckland City,2026-10-18,Booking.com,149
2026-09-16 03:24:57,VR Queen Street Auckland,2026-10-19,Super.com,103
2026-09-16 03:24:57,VR Queen Street Auckland,2026-10-19,Official site,135
2026-09-16 03:25:03,VR Auckland City,2026-10-19,Official site,84
2026-09-16 03:25:03,VR Auckland City,2026-10-19,Booking.com,183
2026-09-16 03:25:09,VR Queen Street Auckland,2026-10-20,Booking.com,184
2026-09-16 03:25:09,VR Queen Street Auckland,2026-10-20,Official site,204
2026-09-16 03:25:15,VR Auckland City,2026-10-20,Official site,84
2026-09-16 03:25:15,VR Auckland City,2026-10-20,Super.com,156
2026-09-16 03:25:20,VR Queen Street Auckland,2026-10-21,Super.com,158
2026-09-16 03:25:20,VR Queen Street Auckland,2026-10-21,Official site,204
2026-09-16 03:25:26,VR Auckland City,2026-10-21,Super.com,128
2026-09-16 03:25:26,VR Auckland City,2026-10-21,Official site,186
2026-09-16 03:25:32,VR Queen Street Auckland,2026-10-22,Official site,95
2026-09-16 03:25:32,VR Queen Street Auckland,2026-10-22,Super.com,134
2026-09-16 03:25:39,VR Auckland City,2026-10-22,Official site,84
2026-09-16 03:25:39,VR Auckland City,2026-10-22,Booking.com,218
2026-09-16 03:25:45,VR Queen Street Auckland,2026-10-23,Super.com,183
2026-09-16 03:25:45,VR Queen Street Auckland,2026-10-23,Official site,237
2026-09-16 03:25:49,VR Auckland City,2026-10-23,Official site,102
2026-09-16 03:25:49,VR Auckland City,2026-10-23,Expedia,465
2026-09-16 03:25:53,VR Queen Street Auckland,2026-10-24,Super.com,197
2026-09-16 03:25:53,VR Queen Street Auckland,2026-10-24,Official site,255
2026-09-16 03:25:59,VR Auckland City,2026-10-24,Official site,102
2026-09-16 03:25:59,VR Auckland City,2026-10-24,Agoda,311
2026-09-16 03:26:03,VR Queen Street Auckland,2026-10-25,Official site,182
2026-09-16 03:26:03,VR Queen Street Auckland,2026-10-25,Super.com,232
2026-09-16 03:26:10,VR Auckland City,2026-10-25,Official site,84
2026-09-16 03:26:10,VR Auckland City,2026-10-25,Super.com,96
2026-09-16 03:26:14,VR Queen Street Auckland,2026-10-26,Super.com,97
2026-09-16 03:26:14,VR Queen Street Auckland,2026-10-26,Official site,125
2026-09-16 03:26:18,VR Auckland City,2026-10-26,Official site,84
2026-09-16 03:26:18,VR Auckland City,2026-10-26,Super.com,90
2026-09-16 03:26:24,VR Queen Street Auckland,2026-10-27,Super.com,99
2026-09-16 03:26:24,VR Queen Street Auckland,2026-10-27,Official site,125
2026-09-16 03:26:30,VR Auckland City,2026-10-27,Official site,84
2026-09-16 03:26:30,VR Auckland City,2026-10-27,Booking.com,140
2026-09-16 03:26:34,VR Queen Street Auckland,2026-10-28,Super.com,97
2026-09-16 03:26:34,VR Queen Street Auckland,2026-10-28,Booking.com,111
2026-09-16 03:26:38,VR Auckland City,2026-10-28,Official site,84
2026-09-16 03:26:38,VR Auckland City,2026-10-28,Super.com,90
2026-09-16 03:26:42,VR Queen Street Auckland,2026-10-29,Super.com,95
2026-09-16 03:26:42,VR Queen Street Auckland,2026-10-29,Official site,125
2026-09-16 03:26:47,VR Auckland City,2026-10-29,Official site,84
2026-09-16 03:26:47,VR Auckland City,2026-10-29,Super.com,91
2026-09-16 03:26:53,VR Queen Street Auckland,2026-10-30,Official site,117
2026-09-16 03:26:53,VR Queen Street Auckland,2026-10-30,Super.com,119
2026-09-16 03:26:59,VR Auckland City,2026-10-30,Official site,102
2026-09-16 03:26:59,VR Auckland City,2026-10-30,Hotels.com,125
2026-09-16 03:27:03,VR Queen Street Auckland,2026-10-31,Official site,124
2026-09-16 03:27:03,VR Queen Street Auckland,2026-10-31,Super.com,124
2026-09-16 03:27:09,VR Auckland City,2026-10-31,Official site,102
2026-09-16 03:27:09,VR Auckland City,2026-10-31,Agoda,170
2026-09-16 03:27:14,VR Queen Street Auckland,2026-11-01,Super.com,99
2026-09-16 03:27:14,VR Queen Street Auckland,2026-11-01,Official site,109
2026-09-16 03:27:14,VR Queen Street Auckland,2026-11-01,Booking.com,121
2026-09-16 03:27:20,VR Auckland City,2026-11-01,Official site,107
2026-09-16 03:27:20,VR Auckland City,2026-11-01,Super.com,119
2026-09-16 03:27:24,VR Queen Street Auckland,2026-11-02,Super.com,99
2026-09-16 03:27:24,VR Queen Street Auckland,2026-11-02,Official site,132
2026-09-16 03:27:30,VR Auckland City,2026-11-02,Official site,107
2026-09-16 03:27:30,VR Auckland City,2026-11-02,Booking.com,154
2026-09-16 03:27:34,VR Queen Street Auckland,2026-11-03,Super.com,105
2026-09-16 03:27:34,VR Queen Street Auckland,2026-11-03,Official site,139
2026-09-16 03:27:39,VR Auckland City,2026-11-03,Official site,107
2026-09-16 03:27:39,VR Auckland City,2026-11-03,Hotels.com,157
2026-09-16 03:27:43,VR Queen Street Auckland,2026-11-04,Super.com,139
2026-09-16 03:27:43,VR Queen Street Auckland,2026-11-04,Official site,186
2026-09-16 03:27:49,VR Auckland City,2026-11-04,Official site,107
2026-09-16 03:27:49,VR Auckland City,2026-11-04,Booking.com,180
2026-09-16 03:27:54,VR Queen Street Auckland,2026-11-05,Official site,98
2026-09-16 03:27:54,VR Queen Street Auckland,2026-11-05,Super.com,152
2026-09-16 03:28:00,VR Auckland City,2026-11-05,Official site,107
2026-09-16 03:28:00,VR Auckland City,2026-11-05,Super.com,118
2026-09-16 03:28:07,VR Queen Street Auckland,2026-11-06,Super.com,145
2026-09-16 03:28:07,VR Queen Street Auckland,2026-11-06,Official site,178
2026-09-16 03:28:13,VR Auckland City,2026-11-06,Official site,125
2026-09-16 03:28:13,VR Auckland City,2026-11-06,Booking.com,383
2026-09-16 03:28:17,VR Queen Street Auckland,2026-11-07,Super.com,296
2026-09-16 03:28:17,VR Queen Street Auckland,2026-11-07,Official site,399
2026-09-16 03:28:21,VR Auckland City,2026-11-07,Official site,204
2026-09-16 03:28:21,VR Auckland City,2026-11-07,Super.com,359
2026-09-16 03:28:26,VR Queen Street Auckland,2026-11-08,Super.com,230
2026-09-16 03:28:26,VR Queen Street Auckland,2026-11-08,Official site,302
2026-09-16 03:28:32,VR Auckland City,2026-11-08,Official site,302
2026-09-16 03:28:32,VR Auckland City,2026-11-08,Booking.com,316
2026-09-16 03:28:38,VR Queen Street Auckland,2026-11-09,Official site,170
2026-09-16 03:28:38,VR Queen Street Auckland,2026-11-09,Super.com,174
2026-09-16 03:28:44,VR Auckland City,2026-11-09,Official site,107
2026-09-16 03:28:44,VR Auckland City,2026-11-09,Hotels.com,157
2026-09-16 03:28:48,VR Queen Street Auckland,2026-11-10,Super.com,107
2026-09-16 03:28:48,VR Queen Street Auckland,2026-11-10,Official site,144
2026-09-16 03:28:54,VR Auckland City,2026-11-10,Official site,107
2026-09-16 03:28:54,VR Auckland City,2026-11-10,Super.com,118
2026-09-16 03:28:54,VR Auckland City,2026-11-10,Booking.com,246
2026-09-16 03:29:00,VR Queen Street Auckland,2026-11-11,Super.com,148
2026-09-16 03:29:00,VR Queen Street Auckland,2026-11-11,Official site,209
2026-09-16 03:29:06,VR Auckland City,2026-11-11,Official site,111
2026-09-16 03:29:06,VR Auckland City,2026-11-11,Super.com,117
2026-09-16 03:29:11,VR Queen Street Auckland,2026-11-12,Super.com,146
2026-09-16 03:29:11,VR Queen Street Auckland,2026-11-12,Official site,209
2026-09-16 03:29:17,VR Auckland City,2026-11-12,Official site,111
2026-09-16 03:29:17,VR Auckland City,2026-11-12,Booking.com,168
2026-09-16 03:29:23,VR Queen Street Auckland,2026-11-13,Super.com,132
2026-09-16 03:29:23,VR Queen Street Auckland,2026-11-13,Official site,155
2026-09-16 03:29:29,VR Auckland City,2026-11-13,Super.com,118
2026-09-16 03:29:29,VR Auckland City,2026-11-13,Official site,125
2026-09-16 03:29:34,VR Queen Street Auckland,2026-11-14,Official site,114
2026-09-16 03:29:34,VR Queen Street Auckland,2026-11-14,Super.com,131
2026-09-16 03:29:40,VR Auckland City,2026-11-14,Official site,114
2026-09-16 03:29:40,VR Auckland City,2026-11-14,Hotels.com,295
2026-09-16 03:29:46,VR Queen Street Auckland,2026-11-15,Super.com,111
2026-09-16 03:29:46,VR Queen Street Auckland,2026-11-15,Official site,147
2026-09-16 03:29:52,VR Auckland City,2026-11-15,Official site,107
2026-09-16 03:29:52,VR Auckland City,2026-11-15,Super.com,120
2026-09-16 03:29:59,VR Queen Street Auckland,2026-11-16,Official site,107
2026-09-16 03:29:59,VR Queen Street Auckland,2026-11-16,Super.com,111
2026-09-16 03:30:05,VR Auckland City,2026-11-16,Official site,107
2026-09-16 03:30:05,VR Auckland City,2026-11-16,Super.com,119
2026-09-16 03:30:09,VR Queen Street Auckland,2026-11-17,Super.com,106
2026-09-16 03:30:09,VR Queen Street Auckland,2026-11-17,Official site,149
2026-09-16 03:30:15,VR Auckland City,2026-11-17,Official site,111
2026-09-16 03:30:15,VR Auckland City,2026-11-17,Super.com,120
2026-09-16 03:32:03,VR Queen Street Auckland,2026-09-16,Super.com,127
2026-09-16 03:32:03,VR Queen Street Auckland,2026-09-16,Booking.com,141
2026-09-16 03:32:03,VR Queen Street Auckland,2026-09-16,Hotels.com,145
2026-09-16 03:32:03,VR Queen Street Auckland,2026-09-16,Official site,156
2026-09-16 03:32:08,VR Auckland City,2026-09-16,Official site,81
2026-09-16 03:32:08,VR Auckland City,2026-09-16,Super.com,113
2026-09-16 03:32:08,VR Auckland City,2026-09-16,Booking.com,135
2026-09-16 03:32:08,VR Auckland City,2026-09-16,Hotels.com,145
2026-09-16 03:32:15,VR Queen Street Auckland,2026-09-17,Super.com,111
2026-09-16 03:32:15,VR Queen Street Auckland,2026-09-17,Hotels.com,127
2026-09-16 03:32:15,VR Queen Street Auckland,2026-09-17,Booking.com,131
2026-09-16 03:32:15,VR Queen Street Auckland,2026-09-17,Official site,135
2026-09-16 03:32:22,VR Auckland City,2026-09-17,Official site,81
2026-09-16 03:32:22,VR Auckland City,2026-09-17,Super.com,128
2026-09-16 03:32:22,VR Auckland City,2026-09-17,Booking.com,152
2026-09-16 03:32:22,VR Auckland City,2026-09-17,Agoda,163
2026-09-16 03:32:26,VR Queen Street Auckland,2026-09-18,Super.com,128
2026-09-16 03:32:26,VR Queen Street Auckland,2026-09-18,Hotels.com,144
2026-09-16 03:32:26,VR Queen Street Auckland,2026-09-18,Booking.com,151
2026-09-16 03:32:26,VR Queen Street Auckland,2026-09-18,Official site,167
2026-09-16 03:32:32,VR Auckland City,2026-09-18,Official site,88
2026-09-16 03:32:32,VR Auckland City,2026-09-18,Super.com,110
2026-09-16 03:32:32,VR Auckland City,2026-09-18,Booking.com,130
2026-09-16 03:32:32,VR Auckland City,2026-09-18,Expedia,140
2026-09-16 03:32:37,VR Queen Street Auckland,2026-09-19,Official site,127
2026-09-16 03:32:37,VR Queen Street Auckland,2026-09-19,Super.com,135
2026-09-16 03:32:37,VR Queen Street Auckland,2026-09-19,Booking.com,157
2026-09-16 03:32:37,VR Queen Street Auckland,2026-09-19,Expedia,158
2026-09-16 03:32:45,VR Auckland City,2026-09-19,Official site,88
2026-09-16 03:32:45,VR Auckland City,2026-09-19,Super.com,115
2026-09-16 03:32:45,VR Auckland City,2026-09-19,Booking.com,135
2026-09-16 03:32:45,VR Auckland City,2026-09-19,Agoda,145
2026-09-16 03:32:50,VR Queen Street Auckland,2026-09-20,Super.com,78
2026-09-16 03:32:50,VR Queen Street Auckland,2026-09-20,Hotels.com,87
2026-09-16 03:32:50,VR Queen Street Auckland,2026-09-20,Booking.com,92
2026-09-16 03:32:50,VR Queen Street Auckland,2026-09-20,Official site,102
2026-09-16 03:32:55,VR Auckland City,2026-09-20,Official site,74
2026-09-16 03:32:55,VR Auckland City,2026-09-20,Super.com,85
2026-09-16 03:32:55,VR Auckland City,2026-09-20,Booking.com,108
2026-09-16 03:32:55,VR Auckland City,2026-09-20,Agoda,108
2026-09-16 03:33:03,VR Queen Street Auckland,2026-09-21,Super.com,78
2026-09-16 03:33:03,VR Queen Street Auckland,2026-09-21,Expedia,89
2026-09-16 03:33:03,VR Queen Street Auckland,2026-09-21,Booking.com,92
2026-09-16 03:33:03,VR Queen Street Auckland,2026-09-21,Official site,102
2026-09-16 03:33:10,VR Auckland City,2026-09-21,Official site,84
2026-09-16 03:33:10,VR Auckland City,2026-09-21,Super.com,84
2026-09-16 03:33:10,VR Auckland City,2026-09-21,Booking.com,100
2026-09-16 03:33:10,VR Auckland City,2026-09-21,Expedia,108
2026-09-16 03:33:17,VR Queen Street Auckland,2026-09-22,Super.com,81
2026-09-16 03:33:17,VR Queen Street Auckland,2026-09-22,Hotels.com,90
2026-09-16 03:33:17,VR Queen Street Auckland,2026-09-22,Booking.com,95
2026-09-16 03:33:17,VR Queen Street Auckland,2026-09-22,Official site,105
2026-09-16 03:33:23,VR Auckland City,2026-09-22,Official site,81
2026-09-16 03:33:23,VR Auckland City,2026-09-22,Super.com,87
2026-09-16 03:33:23,VR Auckland City,2026-09-22,Booking.com,104
2026-09-16 03:33:23,VR Auckland City,2026-09-22,Agoda,112
2026-09-16 03:33:29,VR Queen Street Auckland,2026-09-23,Super.com,78
2026-09-16 03:33:29,VR Queen Street Auckland,2026-09-23,Booking.com,91
2026-09-16 03:33:29,VR Queen Street Auckland,2026-09-23,Hotels.com,98
2026-09-16 03:33:29,VR Queen Street Auckland,2026-09-23,Official site,101
2026-09-16 03:33:36,VR Auckland City,2026-09-23,Official site,74
2026-09-16 03:33:36,VR Auckland City,2026-09-23,Super.com,87
2026-09-16 03:33:36,VR Auckland City,2026-09-23,Booking.com,104
2026-09-16 03:33:36,VR Auckland City,2026-09-23,Agoda,112
2026-09-16 03:33:43,VR Queen Street Auckland,2026-09-24,Super.com,78
2026-09-16 03:33:43,VR Queen Street Auckland,2026-09-24,Expedia,88
2026-09-16 03:33:43,VR Queen Street Auckland,2026-09-24,Booking.com,91
2026-09-16 03:33:43,VR Queen Street Auckland,2026-09-24,Official site,101
2026-09-16 03:33:49,VR Auckland City,2026-09-24,Official site,84
2026-09-16 03:33:49,VR Auckland City,2026-09-24,Super.com,87
2026-09-16 03:33:49,VR Auckland City,2026-09-24,Booking.com,104
2026-09-16 03:33:49,VR Auckland City,2026-09-24,Expedia,112
2026-09-16 03:33:56,VR Queen Street Auckland,2026-09-25,Super.com,115
2026-09-16 03:33:56,VR Queen Street Auckland,2026-09-25,Official site,129
2026-09-16 03:33:56,VR Queen Street Auckland,2026-09-25,Hotels.com,130
2026-09-16 03:33:56,VR Queen Street Auckland,2026-09-25,Booking.com,134
2026-09-16 03:34:02,VR Auckland City,2026-09-25,Official site,97
2026-09-16 03:34:02,VR Auckland City,2026-09-25,Super.com,117
2026-09-16 03:34:02,VR Auckland City,2026-09-25,Booking.com,139
2026-09-16 03:34:02,VR Auckland City,2026-09-25,Agoda,149
2026-09-16 03:34:07,VR Queen Street Auckland,2026-09-26,Super.com,118
2026-09-16 03:34:07,VR Queen Street Auckland,2026-09-26,Hotels.com,131
2026-09-16 03:34:07,VR Queen Street Auckland,2026-09-26,Booking.com,138
2026-09-16 03:34:07,VR Queen Street Auckland,2026-09-26,Official site,153
2026-09-16 03:34:14,VR Auckland City,2026-09-26,Official site,149
2026-09-16 03:34:14,VR Auckland City,2026-09-26,Super.com,170
2026-09-16 03:34:14,VR Auckland City,2026-09-26,Booking.com,194
2026-09-16 03:34:20,VR Queen Street Auckland,2026-09-27,Official site,77
2026-09-16 03:34:20,VR Queen Street Auckland,2026-09-27,Super.com,80
2026-09-16 03:34:20,VR Queen Street Auckland,2026-09-27,Hotels.com,91
2026-09-16 03:34:20,VR Queen Street Auckland,2026-09-27,Booking.com,94
2026-09-16 03:34:28,VR Auckland City,2026-09-27,Official site,77
2026-09-16 03:34:28,VR Auckland City,2026-09-27,Super.com,110
2026-09-16 03:34:28,VR Auckland City,2026-09-27,Booking.com,140
2026-09-16 03:34:34,VR Queen Street Auckland,2026-09-28,Super.com,79
2026-09-16 03:34:34,VR Queen Street Auckland,2026-09-28,Hotels.com,89
2026-09-16 03:34:34,VR Queen Street Auckland,2026-09-28,Booking.com,94
2026-09-16 03:34:34,VR Queen Street Auckland,2026-09-28,Official site,104
2026-09-16 03:34:41,VR Auckland City,2026-09-28,Super.com,83
2026-09-16 03:34:41,VR Auckland City,2026-09-28,Booking.com,108
2026-09-16 03:34:41,VR Auckland City,2026-09-28,Expedia,108
2026-09-16 03:34:41,VR Auckland City,2026-09-28,Official site,149
2026-09-16 03:34:47,VR Queen Street Auckland,2026-09-29,Official site,67
2026-09-16 03:34:47,VR Queen Street Auckland,2026-09-29,Super.com,80
2026-09-16 03:34:47,VR Queen Street Auckland,2026-09-29,Booking.com,94
2026-09-16 03:34:47,VR Queen Street Auckland,2026-09-29,Expedia,95
2026-09-16 03:34:54,VR Auckland City,2026-09-29,Official site,67
2026-09-16 03:34:54,VR Auckland City,2026-09-29,Super.com,88
2026-09-16 03:34:54,VR Auckland City,2026-09-29,Booking.com,104
2026-09-16 03:34:54,VR Auckland City,2026-09-29,Agoda,112
2026-09-16 03:35:01,VR Queen Street Auckland,2026-09-30,Super.com,86
2026-09-16 03:35:01,VR Queen Street Auckland,2026-09-30,Hotels.com,95
2026-09-16 03:35:01,VR Queen Street Auckland,2026-09-30,Booking.com,100
2026-09-16 03:35:01,VR Queen Street Auckland,2026-09-30,Official site,111
2026-09-16 03:35:07,VR Auckland City,2026-09-30,Official site,84
2026-09-16 03:35:07,VR Auckland City,2026-09-30,Super.com,89
2026-09-16 03:35:07,VR Auckland City,2026-09-30,Booking.com,104
2026-09-16 03:35:07,VR Auckland City,2026-09-30,Expedia,112
2026-09-16 03:35:13,VR Queen Street Auckland,2026-10-01,Super.com,94
2026-09-16 03:35:13,VR Queen Street Auckland,2026-10-01,Booking.com,113
2026-09-16 03:35:13,VR Queen Street Auckland,2026-10-01,Expedia,115
2026-09-16 03:35:13,VR Queen Street Auckland,2026-10-01,Official site,125
2026-09-16 03:35:20,VR Auckland City,2026-10-01,Official site,84
2026-09-16 03:35:20,VR Auckland City,2026-10-01,Super.com,92
2026-09-16 03:35:20,VR Auckland City,2026-10-01,Booking.com,109
2026-09-16 03:35:20,VR Auckland City,2026-10-01,Agoda,117
2026-09-16 03:35:27,VR Queen Street Auckland,2026-10-02,Super.com,110
2026-09-16 03:35:27,VR Queen Street Auckland,2026-10-02,Booking.com,130
2026-09-16 03:35:27,VR Queen Street Auckland,2026-10-02,Hotels.com,140
2026-09-16 03:35:27,VR Queen Street Auckland,2026-10-02,Official site,144
2026-09-16 03:35:34,VR Auckland City,2026-10-02,Official site,102
2026-09-16 03:35:34,VR Auckland City,2026-10-02,Booking.com,135
2026-09-16 03:35:34,VR Auckland City,2026-10-02,Expedia,136
2026-09-16 03:35:40,VR Queen Street Auckland,2026-10-03,Official site,96
2026-09-16 03:35:40,VR Queen Street Auckland,2026-10-03,Super.com,121
2026-09-16 03:35:40,VR Queen Street Auckland,2026-10-03,Hotels.com,137
2026-09-16 03:35:40,VR Queen Street Auckland,2026-10-03,Booking.com,142
2026-09-16 03:35:47,VR Auckland City,2026-10-03,Official site,96
2026-09-16 03:35:47,VR Auckland City,2026-10-03,Booking.com,155
2026-09-16 03:35:54,VR Queen Street Auckland,2026-10-04,Super.com,89
2026-09-16 03:35:54,VR Queen Street Auckland,2026-10-04,Expedia,103
2026-09-16 03:35:54,VR Queen Street Auckland,2026-10-04,Booking.com,106
2026-09-16 03:35:54,VR Queen Street Auckland,2026-10-04,Official site,117
2026-09-16 03:36:00,VR Auckland City,2026-10-04,Official site,84
2026-09-16 03:36:00,VR Auckland City,2026-10-04,Super.com,108
2026-09-16 03:36:00,VR Auckland City,2026-10-04,Expedia,139
2026-09-16 03:36:00,VR Auckland City,2026-10-04,Booking.com,139
2026-09-16 03:36:07,VR Queen Street Auckland,2026-10-05,Super.com,90
2026-09-16 03:36:07,VR Queen Street Auckland,2026-10-05,Booking.com,106
2026-09-16 03:36:07,VR Queen Street Auckland,2026-10-05,Expedia,106
2026-09-16 03:36:07,VR Queen Street Auckland,2026-10-05,Official site,117
2026-09-16 03:36:13,VR Auckland City,2026-10-05,Official site,84
2026-09-16 03:36:13,VR Auckland City,2026-10-05,Super.com,110
2026-09-16 03:36:13,VR Auckland City,2026-10-05,Booking.com,133
2026-09-16 03:36:13,VR Auckland City,2026-10-05,Expedia,139
2026-09-16 03:36:20,VR Queen Street Auckland,2026-10-06,Super.com,89
2026-09-16 03:36:20,VR Queen Street Auckland,2026-10-06,Hotels.com,101
2026-09-16 03:36:20,VR Queen Street Auckland,2026-10-06,Booking.com,106
2026-09-16 03:36:20,VR Queen Street Auckland,2026-10-06,Official site,117
2026-09-16 03:36:27,VR Auckland City,2026-10-06,Official site,84
2026-09-16 03:36:27,VR Auckland City,2026-10-06,Super.com,107
2026-09-16 03:36:27,VR Auckland City,2026-10-06,Expedia,139
2026-09-16 03:36:27,VR Auckland City,2026-10-06,Booking.com,139
2026-09-16 03:36:32,VR Queen Street Auckland,2026-10-07,Official site,81
2026-09-16 03:36:32,VR Queen Street Auckland,2026-10-07,Super.com,85
2026-09-16 03:36:32,VR Queen Street Auckland,2026-10-07,Hotels.com,97
2026-09-16 03:36:32,VR Queen Street Auckland,2026-10-07,Booking.com,100
2026-09-16 03:36:38,VR Auckland City,2026-10-07,Official site,84
2026-09-16 03:36:38,VR Auckland City,2026-10-07,Booking.com,133
2026-09-16 03:36:38,VR Auckland City,2026-10-07,Expedia,139
2026-09-16 03:36:45,VR Queen Street Auckland,2026-10-08,Official site,90
2026-09-16 03:36:45,VR Queen Street Auckland,2026-10-08,Super.com,114
2026-09-16 03:36:45,VR Queen Street Auckland,2026-10-08,Hotels.com,128
2026-09-16 03:36:45,VR Queen Street Auckland,2026-10-08,Booking.com,134
2026-09-16 03:36:53,VR Auckland City,2026-10-08,Official site,84
2026-09-16 03:36:53,VR Auckland City,2026-10-08,Super.com,142
2026-09-16 03:36:53,VR Auckland City,2026-10-08,Booking.com,174
2026-09-16 03:36:53,VR Auckland City,2026-10-08,Expedia,185
2026-09-16 03:37:00,VR Queen Street Auckland,2026-10-09,Super.com,235
2026-09-16 03:37:00,VR Queen Street Auckland,2026-10-09,Hotels.com,257
2026-09-16 03:37:00,VR Queen Street Auckland,2026-10-09,Official site,264
2026-09-16 03:37:00,VR Queen Street Auckland,2026-10-09,Booking.com,264
2026-09-16 03:37:06,VR Auckland City,2026-10-09,Official site,102
2026-09-16 03:37:06,VR Auckland City,2026-10-09,Super.com,254
2026-09-16 03:37:06,VR Auckland City,2026-10-09,Expedia,330
2026-09-16 03:37:06,VR Auckland City,2026-10-09,Booking.com,331
2026-09-16 03:37:13,VR Queen Street Auckland,2026-10-10,Official site,191
2026-09-16 03:37:13,VR Queen Street Auckland,2026-10-10,Super.com,229
2026-09-16 03:37:13,VR Queen Street Auckland,2026-10-10,Booking.com,270
2026-09-16 03:37:13,VR Queen Street Auckland,2026-10-10,Expedia,272
2026-09-16 03:37:20,VR Auckland City,2026-10-10,Official site,102
2026-09-16 03:37:20,VR Auckland City,2026-10-10,Super.com,451
2026-09-16 03:37:20,VR Auckland City,2026-10-10,Booking.com,549
2026-09-16 03:37:20,VR Auckland City,2026-10-10,Expedia,590
2026-09-16 03:37:26,VR Queen Street Auckland,2026-10-11,Super.com,97
2026-09-16 03:37:26,VR Queen Street Auckland,2026-10-11,Official site,108
2026-09-16 03:37:26,VR Queen Street Auckland,2026-10-11,Booking.com,113
2026-09-16 03:37:26,VR Queen Street Auckland,2026-10-11,Hotels.com,122
2026-09-16 03:37:33,VR Auckland City,2026-10-11,Official site,84
2026-09-16 03:37:33,VR Auckland City,2026-10-11,Super.com,91
2026-09-16 03:37:33,VR Auckland City,2026-10-11,Booking.com,112
2026-09-16 03:37:33,VR Auckland City,2026-10-11,Expedia,112
2026-09-16 03:37:39,VR Queen Street Auckland,2026-10-12,Super.com,97
2026-09-16 03:37:39,VR Queen Street Auckland,2026-10-12,Hotels.com,109
2026-09-16 03:37:39,VR Queen Street Auckland,2026-10-12,Booking.com,113
2026-09-16 03:37:39,VR Queen Street Auckland,2026-10-12,Official site,125
2026-09-16 03:37:45,VR Auckland City,2026-10-12,Official site,84
2026-09-16 03:37:45,VR Auckland City,2026-10-12,Super.com,102
2026-09-16 03:37:45,VR Auckland City,2026-10-12,Booking.com,131
2026-09-16 03:37:45,VR Auckland City,2026-10-12,Expedia,131
2026-09-16 03:37:50,VR Queen Street Auckland,2026-10-13,Super.com,97
2026-09-16 03:37:50,VR Queen Street Auckland,2026-10-13,Hotels.com,109
2026-09-16 03:37:50,VR Queen Street Auckland,2026-10-13,Booking.com,113
2026-09-16 03:37:50,VR Queen Street Auckland,2026-10-13,Official site,125
2026-09-16 03:37:57,VR Auckland City,2026-10-13,Official site,84
2026-09-16 03:37:57,VR Auckland City,2026-10-13,Super.com,92
2026-09-16 03:37:57,VR Auckland City,2026-10-13,Booking.com,112
2026-09-16 03:37:57,VR Auckland City,2026-10-13,Expedia,117
2026-09-16 03:38:01,VR Queen Street Auckland,2026-10-14,Official site,84
2026-09-16 03:38:01,VR Queen Street Auckland,2026-10-14,Super.com,97
2026-09-16 03:38:01,VR Queen Street Auckland,2026-10-14,Hotels.com,109
2026-09-16 03:38:01,VR Queen Street Auckland,2026-10-14,Booking.com,113
2026-09-16 03:38:08,VR Auckland City,2026-10-14,Official site,84
2026-09-16 03:38:08,VR Auckland City,2026-10-14,Super.com,91
2026-09-16 03:38:08,VR Auckland City,2026-10-14,Expedia,117
2026-09-16 03:38:08,VR Auckland City,2026-10-14,Booking.com,117
2026-09-16 03:38:14,VR Queen Street Auckland,2026-10-15,Super.com,97
2026-09-16 03:38:14,VR Queen Street Auckland,2026-10-15,Hotels.com,109
2026-09-16 03:38:14,VR Queen Street Auckland,2026-10-15,Official site,113
2026-09-16 03:38:14,VR Queen Street Auckland,2026-10-15,Booking.com,113
2026-09-16 03:38:20,VR Auckland City,2026-10-15,Official site,84
2026-09-16 03:38:20,VR Auckland City,2026-10-15,Super.com,98
2026-09-16 03:38:20,VR Auckland City,2026-10-15,Booking.com,117
2026-09-16 03:38:20,VR Auckland City,2026-10-15,Expedia,126
2026-09-16 03:38:27,VR Queen Street Auckland,2026-10-16,Official site,131
2026-09-16 03:38:27,VR Queen Street Auckland,2026-10-16,Super.com,131
2026-09-16 03:38:27,VR Queen Street Auckland,2026-10-16,Expedia,153
2026-09-16 03:38:27,VR Queen Street Auckland,2026-10-16,Booking.com,155
2026-09-16 03:38:34,VR Auckland City,2026-10-16,Official site,102
2026-09-16 03:38:34,VR Auckland City,2026-10-16,Booking.com,186
2026-09-16 03:38:34,VR Auckland City,2026-10-16,Agoda,213
2026-09-16 03:38:40,VR Queen Street Auckland,2026-10-17,Official site,69
2026-09-16 03:38:40,VR Queen Street Auckland,2026-10-17,Super.com,212
2026-09-16 03:38:40,VR Queen Street Auckland,2026-10-17,Booking.com,250
2026-09-16 03:38:47,VR Auckland City,2026-10-17,Official site,102
2026-09-16 03:38:47,VR Auckland City,2026-10-17,Super.com,538
2026-09-16 03:38:47,VR Auckland City,2026-10-17,Booking.com,639
2026-09-16 03:38:47,VR Auckland City,2026-10-17,Expedia,687
2026-09-16 03:38:53,VR Queen Street Auckland,2026-10-18,Official site,84
2026-09-16 03:38:53,VR Queen Street Auckland,2026-10-18,Super.com,103
2026-09-16 03:38:53,VR Queen Street Auckland,2026-10-18,Expedia,119
2026-09-16 03:38:53,VR Queen Street Auckland,2026-10-18,Booking.com,121
2026-09-16 03:38:59,VR Auckland City,2026-10-18,Official site,84
2026-09-16 03:38:59,VR Auckland City,2026-10-18,Expedia,149
2026-09-16 03:38:59,VR Auckland City,2026-10-18,Booking.com,149
2026-09-16 03:39:07,VR Queen Street Auckland,2026-10-19,Official site,93
2026-09-16 03:39:07,VR Queen Street Auckland,2026-10-19,Super.com,103
2026-09-16 03:39:07,VR Queen Street Auckland,2026-10-19,Booking.com,121
2026-09-16 03:39:13,VR Auckland City,2026-10-19,Official site,84
2026-09-16 03:39:13,VR Auckland City,2026-10-19,Booking.com,183
2026-09-16 03:39:13,VR Auckland City,2026-10-19,Agoda,183
2026-09-16 03:39:19,VR Queen Street Auckland,2026-10-20,Booking.com,184
2026-09-16 03:39:19,VR Queen Street Auckland,2026-10-20,Official site,204
2026-09-16 03:39:19,VR Queen Street Auckland,2026-10-20,Hotels.com,225
2026-09-16 03:39:25,VR Auckland City,2026-10-20,Official site,84
2026-09-16 03:39:25,VR Auckland City,2026-10-20,Super.com,156
2026-09-16 03:39:25,VR Auckland City,2026-10-20,Expedia,199
2026-09-16 03:39:25,VR Auckland City,2026-10-20,Booking.com,199
2026-09-16 03:39:32,VR Queen Street Auckland,2026-10-21,Official site,153
2026-09-16 03:39:32,VR Queen Street Auckland,2026-10-21,Super.com,158
2026-09-16 03:39:32,VR Queen Street Auckland,2026-10-21,Hotels.com,180
2026-09-16 03:39:32,VR Queen Street Auckland,2026-10-21,Booking.com,184
2026-09-16 03:39:39,VR Auckland City,2026-10-21,Super.com,128
2026-09-16 03:39:39,VR Auckland City,2026-10-21,Expedia,169
2026-09-16 03:39:39,VR Auckland City,2026-10-21,Booking.com,170
2026-09-16 03:39:39,VR Auckland City,2026-10-21,Official site,186
2026-09-16 03:39:43,VR Queen Street Auckland,2026-10-22,Super.com,134
2026-09-16 03:39:43,VR Queen Street Auckland,2026-10-22,Expedia,149
2026-09-16 03:39:43,VR Queen Street Auckland,2026-10-22,Booking.com,151
2026-09-16 03:39:43,VR Queen Street Auckland,2026-10-22,Official site,167
2026-09-16 03:39:50,VR Auckland City,2026-10-22,Official site,84
2026-09-16 03:39:50,VR Auckland City,2026-10-22,Booking.com,218
2026-09-16 03:39:50,VR Auckland City,2026-10-22,Agoda,218
2026-09-16 03:39:56,VR Queen Street Auckland,2026-10-23,Official site,130
2026-09-16 03:39:56,VR Queen Street Auckland,2026-10-23,Super.com,183
2026-09-16 03:39:56,VR Queen Street Auckland,2026-10-23,Booking.com,214
2026-09-16 03:39:56,VR Queen Street Auckland,2026-10-23,Expedia,216
2026-09-16 03:40:03,VR Auckland City,2026-10-23,Official site,102
2026-09-16 03:40:03,VR Auckland City,2026-10-23,Booking.com,465
2026-09-16 03:40:03,VR Auckland City,2026-10-23,Expedia,465
2026-09-16 03:40:09,VR Queen Street Auckland,2026-10-24,Official site,75
2026-09-16 03:40:09,VR Queen Street Auckland,2026-10-24,Super.com,195
2026-09-16 03:40:09,VR Queen Street Auckland,2026-10-24,Booking.com,230
2026-09-16 03:40:16,VR Auckland City,2026-10-24,Official site,75
2026-09-16 03:40:16,VR Auckland City,2026-10-24,Booking.com,289
2026-09-16 03:40:16,VR Auckland City,2026-10-24,Agoda,311
2026-09-16 03:40:23,VR Queen Street Auckland,2026-10-25,Official site,141
2026-09-16 03:40:23,VR Queen Street Auckland,2026-10-25,Super.com,232
2026-09-16 03:40:23,VR Queen Street Auckland,2026-10-25,Booking.com,250
2026-09-16 03:40:23,VR Queen Street Auckland,2026-10-25,Expedia,250
2026-09-16 03:40:30,VR Auckland City,2026-10-25,Official site,84
2026-09-16 03:40:30,VR Auckland City,2026-10-25,Super.com,96
2026-09-16 03:40:30,VR Auckland City,2026-10-25,Expedia,127
2026-09-16 03:40:30,VR Auckland City,2026-10-25,Booking.com,149
2026-09-16 03:40:36,VR Queen Street Auckland,2026-10-26,Super.com,97
2026-09-16 03:40:36,VR Queen Street Auckland,2026-10-26,Official site,111
2026-09-16 03:40:36,VR Queen Street Auckland,2026-10-26,Booking.com,113
2026-09-16 03:40:36,VR Queen Street Auckland,2026-10-26,Expedia,114
2026-09-16 03:40:43,VR Auckland City,2026-10-26,Official site,84
2026-09-16 03:40:43,VR Auckland City,2026-10-26,Super.com,90
2026-09-16 03:40:43,VR Auckland City,2026-10-26,Booking.com,119
2026-09-16 03:40:43,VR Auckland City,2026-10-26,Expedia,140
2026-09-16 03:40:49,VR Queen Street Auckland,2026-10-27,Super.com,96
2026-09-16 03:40:49,VR Queen Street Auckland,2026-10-27,Booking.com,113
2026-09-16 03:40:49,VR Queen Street Auckland,2026-10-27,Hotels.com,116
2026-09-16 03:40:49,VR Queen Street Auckland,2026-10-27,Official site,125
2026-09-16 03:40:56,VR Auckland City,2026-10-27,Official site,84
2026-09-16 03:40:56,VR Auckland City,2026-10-27,Booking.com,140
2026-09-16 03:40:56,VR Auckland City,2026-10-27,Expedia,140
2026-09-16 03:41:03,VR Queen Street Auckland,2026-10-28,Super.com,97
2026-09-16 03:41:03,VR Queen Street Auckland,2026-10-28,Booking.com,111
2026-09-16 03:41:03,VR Queen Street Auckland,2026-10-28,Hotels.com,116
2026-09-16 03:41:03,VR Queen Street Auckland,2026-10-28,Official site,155
2026-09-16 03:41:10,VR Auckland City,2026-10-28,Official site,84
2026-09-16 03:41:10,VR Auckland City,2026-10-28,Super.com,90
2026-09-16 03:41:10,VR Auckland City,2026-10-28,Expedia,119
2026-09-16 03:41:10,VR Auckland City,2026-10-28,Booking.com,140
2026-09-16 03:41:16,VR Queen Street Auckland,2026-10-29,Super.com,95
2026-09-16 03:41:16,VR Queen Street Auckland,2026-10-29,Booking.com,113
2026-09-16 03:41:16,VR Queen Street Auckland,2026-10-29,Expedia,122
2026-09-16 03:41:16,VR Queen Street Auckland,2026-10-29,Official site,125
2026-09-16 03:41:23,VR Auckland City,2026-10-29,Official site,84
2026-09-16 03:41:23,VR Auckland City,2026-10-29,Super.com,90
2026-09-16 03:41:23,VR Auckland City,2026-10-29,Booking.com,140
2026-09-16 03:41:23,VR Auckland City,2026-10-29,Expedia,140
2026-09-16 03:41:29,VR Queen Street Auckland,2026-10-30,Super.com,119
2026-09-16 03:41:29,VR Queen Street Auckland,2026-10-30,Hotels.com,146
2026-09-16 03:41:29,VR Queen Street Auckland,2026-10-30,Booking.com,151
2026-09-16 03:41:29,VR Queen Street Auckland,2026-10-30,Official site,167
2026-09-16 03:41:35,VR Auckland City,2026-10-30,Official site,102
2026-09-16 03:41:35,VR Auckland City,2026-10-30,Hotels.com,125
2026-09-16 03:41:35,VR Auckland City,2026-10-30,Booking.com,194
2026-09-16 03:41:35,VR Auckland City,2026-10-30,Expedia,194
2026-09-16 03:41:42,VR Queen Street Auckland,2026-10-31,Official site,124
2026-09-16 03:41:42,VR Queen Street Auckland,2026-10-31,Super.com,124
2026-09-16 03:41:42,VR Queen Street Auckland,2026-10-31,Hotels.com,146
2026-09-16 03:41:42,VR Queen Street Auckland,2026-10-31,Booking.com,151
2026-09-16 03:41:49,VR Auckland City,2026-10-31,Official site,102
2026-09-16 03:41:49,VR Auckland City,2026-10-31,Expedia,170
2026-09-16 03:41:49,VR Auckland City,2026-10-31,Agoda,170
2026-09-16 03:41:49,VR Auckland City,2026-10-31,Booking.com,196
2026-09-16 03:41:55,VR Queen Street Auckland,2026-11-01,Super.com,99
2026-09-16 03:41:55,VR Queen Street Auckland,2026-11-01,Official site,109
2026-09-16 03:41:55,VR Queen Street Auckland,2026-11-01,Booking.com,121
2026-09-16 03:41:55,VR Queen Street Auckland,2026-11-01,Hotels.com,121
2026-09-16 03:42:02,VR Auckland City,2026-11-01,Official site,107
2026-09-16 03:42:02,VR Auckland City,2026-11-01,Super.com,119
2026-09-16 03:42:02,VR Auckland City,2026-11-01,Expedia,157
2026-09-16 03:42:02,VR Auckland City,2026-11-01,Booking.com,173
2026-09-16 03:42:08,VR Queen Street Auckland,2026-11-02,Super.com,103
2026-09-16 03:42:08,VR Queen Street Auckland,2026-11-02,Hotels.com,121
2026-09-16 03:42:08,VR Queen Street Auckland,2026-11-02,Booking.com,126
2026-09-16 03:42:08,VR Queen Street Auckland,2026-11-02,Official site,139
2026-09-16 03:42:14,VR Auckland City,2026-11-02,Official site,107
2026-09-16 03:42:14,VR Auckland City,2026-11-02,Booking.com,154
2026-09-16 03:42:14,VR Auckland City,2026-11-02,Expedia,154
2026-09-16 03:42:21,VR Queen Street Auckland,2026-11-03,Super.com,104
2026-09-16 03:42:21,VR Queen Street Auckland,2026-11-03,Expedia,123
2026-09-16 03:42:21,VR Queen Street Auckland,2026-11-03,Booking.com,126
2026-09-16 03:42:21,VR Queen Street Auckland,2026-11-03,Official site,139
2026-09-16 03:42:27,VR Auckland City,2026-11-03,Official site,107
2026-09-16 03:42:27,VR Auckland City,2026-11-03,Expedia,157
2026-09-16 03:42:27,VR Auckland City,2026-11-03,Hotels.com,157
2026-09-16 03:42:27,VR Auckland City,2026-11-03,Booking.com,169
2026-09-16 03:42:33,VR Queen Street Auckland,2026-11-04,Official site,117
2026-09-16 03:42:33,VR Queen Street Auckland,2026-11-04,Super.com,139
2026-09-16 03:42:33,VR Queen Street Auckland,2026-11-04,Hotels.com,162
2026-09-16 03:42:33,VR Queen Street Auckland,2026-11-04,Booking.com,167
2026-09-16 03:42:40,VR Auckland City,2026-11-04,Official site,107
2026-09-16 03:42:40,VR Auckland City,2026-11-04,Booking.com,180
2026-09-16 03:42:40,VR Auckland City,2026-11-04,Expedia,180
2026-09-16 03:42:46,VR Queen Street Auckland,2026-11-05,Super.com,152
2026-09-16 03:42:46,VR Queen Street Auckland,2026-11-05,Hotels.com,178
2026-09-16 03:42:46,VR Queen Street Auckland,2026-11-05,Booking.com,184
2026-09-16 03:42:46,VR Queen Street Auckland,2026-11-05,Official site,204
2026-09-16 03:42:53,VR Auckland City,2026-11-05,Official site,107
2026-09-16 03:42:53,VR Auckland City,2026-11-05,Super.com,118
2026-09-16 03:42:53,VR Auckland City,2026-11-05,Booking.com,272
2026-09-16 03:42:53,VR Auckland City,2026-11-05,Expedia,272
2026-09-16 03:42:59,VR Queen Street Auckland,2026-11-06,Super.com,152
2026-09-16 03:42:59,VR Queen Street Auckland,2026-11-06,Official site,177
2026-09-16 03:42:59,VR Queen Street Auckland,2026-11-06,Hotels.com,178
2026-09-16 03:42:59,VR Queen Street Auckland,2026-11-06,Booking.com,184
2026-09-16 03:43:06,VR Auckland City,2026-11-06,Official site,125
2026-09-16 03:43:06,VR Auckland City,2026-11-06,Booking.com,383
2026-09-16 03:43:11,VR Queen Street Auckland,2026-11-07,Super.com,296
2026-09-16 03:43:11,VR Queen Street Auckland,2026-11-07,Booking.com,360
2026-09-16 03:43:11,VR Queen Street Auckland,2026-11-07,Hotels.com,387
2026-09-16 03:43:11,VR Queen Street Auckland,2026-11-07,Official site,399
2026-09-16 03:43:17,VR Auckland City,2026-11-07,Official site,204
2026-09-16 03:43:17,VR Auckland City,2026-11-07,Super.com,359
2026-09-16 03:43:17,VR Auckland City,2026-11-07,Booking.com,399
2026-09-16 03:43:17,VR Auckland City,2026-11-07,Expedia,632
2026-09-16 03:43:24,VR Queen Street Auckland,2026-11-08,Super.com,229
2026-09-16 03:43:24,VR Queen Street Auckland,2026-11-08,Hotels.com,286
2026-09-16 03:43:24,VR Queen Street Auckland,2026-11-08,Booking.com,293
2026-09-16 03:43:24,VR Queen Street Auckland,2026-11-08,Official site,302
2026-09-16 03:43:30,VR Auckland City,2026-11-08,Official site,302
2026-09-16 03:43:30,VR Auckland City,2026-11-08,Booking.com,316
2026-09-16 03:43:30,VR Auckland City,2026-11-08,Expedia,316
2026-09-16 03:43:37,VR Queen Street Auckland,2026-11-09,Official site,159
2026-09-16 03:43:37,VR Queen Street Auckland,2026-11-09,Super.com,174
2026-09-16 03:43:37,VR Queen Street Auckland,2026-11-09,Booking.com,209
2026-09-16 03:43:37,VR Queen Street Auckland,2026-11-09,Expedia,209
2026-09-16 03:43:43,VR Auckland City,2026-11-09,Official site,107
2026-09-16 03:43:43,VR Auckland City,2026-11-09,Hotels.com,157
2026-09-16 03:43:43,VR Auckland City,2026-11-09,Booking.com,218
2026-09-16 03:43:49,VR Queen Street Auckland,2026-11-10,Super.com,107
2026-09-16 03:43:49,VR Queen Street Auckland,2026-11-10,Hotels.com,125
2026-09-16 03:43:49,VR Queen Street Auckland,2026-11-10,Booking.com,130
2026-09-16 03:43:49,VR Queen Street Auckland,2026-11-10,Official site,144
2026-09-16 03:43:56,VR Auckland City,2026-11-10,Official site,107
2026-09-16 03:43:56,VR Auckland City,2026-11-10,Super.com,118
2026-09-16 03:43:56,VR Auckland City,2026-11-10,Expedia,203
2026-09-16 03:43:56,VR Auckland City,2026-11-10,Booking.com,203
2026-09-16 03:44:02,VR Queen Street Auckland,2026-11-11,Super.com,148
2026-09-16 03:44:02,VR Queen Street Auckland,2026-11-11,Booking.com,188
2026-09-16 03:44:02,VR Queen Street Auckland,2026-11-11,Expedia,190
2026-09-16 03:44:02,VR Queen Street Auckland,2026-11-11,Official site,209
2026-09-16 03:44:09,VR Auckland City,2026-11-11,Official site,111
2026-09-16 03:44:09,VR Auckland City,2026-11-11,Super.com,117
2026-09-16 03:44:09,VR Auckland City,2026-11-11,Booking.com,224
2026-09-16 03:44:09,VR Auckland City,2026-11-11,Expedia,224
2026-09-16 03:44:15,VR Queen Street Auckland,2026-11-12,Official site,105
2026-09-16 03:44:15,VR Queen Street Auckland,2026-11-12,Super.com,145
2026-09-16 03:44:15,VR Queen Street Auckland,2026-11-12,Hotels.com,182
2026-09-16 03:44:15,VR Queen Street Auckland,2026-11-12,Booking.com,188
2026-09-16 03:44:21,VR Auckland City,2026-11-12,Official site,105
2026-09-16 03:44:21,VR Auckland City,2026-11-12,Booking.com,168
2026-09-16 03:44:21,VR Auckland City,2026-11-12,Expedia,168
2026-09-16 03:44:28,VR Queen Street Auckland,2026-11-13,Super.com,132
2026-09-16 03:44:28,VR Queen Street Auckland,2026-11-13,Booking.com,167
2026-09-16 03:44:28,VR Queen Street Auckland,2026-11-13,Official site,185
2026-09-16 03:44:34,VR Auckland City,2026-11-13,Super.com,118
2026-09-16 03:44:34,VR Auckland City,2026-11-13,Official site,125
2026-09-16 03:44:34,VR Auckland City,2026-11-13,Booking.com,230
2026-09-16 03:44:34,VR Auckland City,2026-11-13,Expedia,230
2026-09-16 03:44:41,VR Queen Street Auckland,2026-11-14,Official site,114
2026-09-16 03:44:41,VR Queen Street Auckland,2026-11-14,Super.com,131
2026-09-16 03:44:41,VR Queen Street Auckland,2026-11-14,Hotels.com,161
2026-09-16 03:44:41,VR Queen Street Auckland,2026-11-14,Booking.com,167
2026-09-16 03:44:48,VR Auckland City,2026-11-14,Official site,114
2026-09-16 03:44:48,VR Auckland City,2026-11-14,Booking.com,295
2026-09-16 03:44:48,VR Auckland City,2026-11-14,Hotels.com,295
2026-09-16 03:44:54,VR Queen Street Auckland,2026-11-15,Super.com,111
2026-09-16 03:44:54,VR Queen Street Auckland,2026-11-15,Hotels.com,128
2026-09-16 03:44:54,VR Queen Street Auckland,2026-11-15,Booking.com,134
2026-09-16 03:44:54,VR Queen Street Auckland,2026-11-15,Official site,144
2026-09-16 03:45:00,VR Auckland City,2026-11-15,Official site,107
2026-09-16 03:45:00,VR Auckland City,2026-11-15,Super.com,120
2026-09-16 03:45:00,VR Auckland City,2026-11-15,Booking.com,200
2026-09-16 03:45:00,VR Auckland City,2026-11-15,Expedia,200
2026-09-16 03:45:06,VR Queen Street Auckland,2026-11-16,Super.com,111
2026-09-16 03:45:06,VR Queen Street Auckland,2026-11-16,Booking.com,134
2026-09-16 03:45:06,VR Queen Street Auckland,2026-11-16,Hotels.com,144
2026-09-16 03:45:06,VR Queen Street Auckland,2026-11-16,Official site,149
2026-09-16 03:45:13,VR Auckland City,2026-11-16,Official site,107
2026-09-16 03:45:13,VR Auckland City,2026-11-16,Super.com,119
2026-09-16 03:45:13,VR Auckland City,2026-11-16,Booking.com,223
2026-09-16 03:45:13,VR Auckland City,2026-11-16,Expedia,223
2026-09-16 03:45:20,VR Queen Street Auckland,2026-11-17,Official site,94
2026-09-16 03:45:20,VR Queen Street Auckland,2026-11-17,Super.com,106
2026-09-16 03:45:20,VR Queen Street Auckland,2026-11-17,Expedia,130
2026-09-16 03:45:20,VR Queen Street Auckland,2026-11-17,Booking.com,134
2026-09-16 03:45:26,VR Auckland City,2026-11-17,Official site,94
2026-09-16 03:45:26,VR Auckland City,2026-11-17,Super.com,120
2026-09-16 03:45:26,VR Auckland City,2026-11-17,Booking.com,246
2026-09-16 03:45:26,VR Auckland City,2026-11-17,Expedia,246
2026-09-16 04:02:03,VR Queen Street Auckland,2026-09-16,Super.com,126
2026-09-16 04:02:03,VR Queen Street Auckland,2026-09-16,Booking.com,141
2026-09-16 04:02:03,VR Queen Street Auckland,2026-09-16,Hotels.com,145
2026-09-16 04:02:03,VR Queen Street Auckland,2026-09-16,Official site,156
2026-09-16 04:02:08,VR Auckland City,2026-09-16,Trip.com,118
2026-09-16 04:02:08,VR Auckland City,2026-09-16,Agoda,122
2026-09-16 04:02:08,VR Auckland City,2026-09-16,Booking.com,135
2026-09-16 04:02:08,VR Auckland City,2026-09-16,Expedia,145
2026-09-16 04:02:13,VR Queen Street Auckland,2026-09-17,Super.com,111
2026-09-16 04:02:13,VR Queen Street Auckland,2026-09-17,Booking.com,131
2026-09-16 04:02:13,VR Queen Street Auckland,2026-09-17,Expedia,133
2026-09-16 04:02:13,VR Queen Street Auckland,2026-09-17,Official site,145
2026-09-16 04:02:18,VR Auckland City,2026-09-17,Official site,81
2026-09-16 04:02:18,VR Auckland City,2026-09-17,Super.com,128
2026-09-16 04:02:18,VR Auckland City,2026-09-17,Booking.com,152
2026-09-16 04:02:18,VR Auckland City,2026-09-17,Expedia,163
2026-09-16 04:02:24,VR Queen Street Auckland,2026-09-18,Super.com,128
2026-09-16 04:02:24,VR Queen Street Auckland,2026-09-18,Hotels.com,144
2026-09-16 04:02:24,VR Queen Street Auckland,2026-09-18,Booking.com,151
2026-09-16 04:02:24,VR Queen Street Auckland,2026-09-18,Official site,167
2026-09-16 04:02:29,VR Auckland City,2026-09-18,Official site,88
2026-09-16 04:02:29,VR Auckland City,2026-09-18,Super.com,110
2026-09-16 04:02:29,VR Auckland City,2026-09-18,Booking.com,130
2026-09-16 04:02:29,VR Auckland City,2026-09-18,Agoda,140
2026-09-16 04:02:34,VR Queen Street Auckland,2026-09-19,Super.com,135
2026-09-16 04:02:34,VR Queen Street Auckland,2026-09-19,Hotels.com,152
2026-09-16 04:02:34,VR Queen Street Auckland,2026-09-19,Booking.com,157
2026-09-16 04:02:34,VR Queen Street Auckland,2026-09-19,Official site,175
2026-09-16 04:02:40,VR Auckland City,2026-09-19,Official site,88
2026-09-16 04:02:40,VR Auckland City,2026-09-19,Super.com,115
2026-09-16 04:02:40,VR Auckland City,2026-09-19,Booking.com,135
2026-09-16 04:02:40,VR Auckland City,2026-09-19,Expedia,145
2026-09-16 04:02:45,VR Queen Street Auckland,2026-09-20,Super.com,78
2026-09-16 04:02:45,VR Queen Street Auckland,2026-09-20,Hotels.com,87
2026-09-16 04:02:45,VR Queen Street Auckland,2026-09-20,Booking.com,92
2026-09-16 04:02:45,VR Queen Street Auckland,2026-09-20,Official site,102
2026-09-16 04:02:50,VR Auckland City,2026-09-20,Official site,74
2026-09-16 04:02:50,VR Auckland City,2026-09-20,Super.com,85
2026-09-16 04:02:50,VR Auckland City,2026-09-20,Booking.com,108
2026-09-16 04:02:50,VR Auckland City,2026-09-20,Expedia,108
2026-09-16 04:02:56,VR Queen Street Auckland,2026-09-21,Super.com,78
2026-09-16 04:02:56,VR Queen Street Auckland,2026-09-21,Hotels.com,87
2026-09-16 04:02:56,VR Queen Street Auckland,2026-09-21,Booking.com,92
2026-09-16 04:02:56,VR Queen Street Auckland,2026-09-21,Official site,102
2026-09-16 04:03:01,VR Auckland City,2026-09-21,Official site,74
2026-09-16 04:03:01,VR Auckland City,2026-09-21,Super.com,84
2026-09-16 04:03:01,VR Auckland City,2026-09-21,Booking.com,100
2026-09-16 04:03:01,VR Auckland City,2026-09-21,Agoda,108
2026-09-16 04:03:06,VR Queen Street Auckland,2026-09-22,Super.com,80
2026-09-16 04:03:06,VR Queen Street Auckland,2026-09-22,Hotels.com,90
2026-09-16 04:03:06,VR Queen Street Auckland,2026-09-22,Booking.com,95
2026-09-16 04:03:06,VR Queen Street Auckland,2026-09-22,Official site,105
2026-09-16 04:03:11,VR Auckland City,2026-09-22,Official site,84
2026-09-16 04:03:11,VR Auckland City,2026-09-22,Super.com,87
2026-09-16 04:03:11,VR Auckland City,2026-09-22,Booking.com,104
2026-09-16 04:03:11,VR Auckland City,2026-09-22,Expedia,112
2026-09-16 04:03:15,VR Queen Street Auckland,2026-09-23,Super.com,78
2026-09-16 04:03:15,VR Queen Street Auckland,2026-09-23,Booking.com,91
2026-09-16 04:03:15,VR Queen Street Auckland,2026-09-23,Hotels.com,98
2026-09-16 04:03:15,VR Queen Street Auckland,2026-09-23,Official site,101
2026-09-16 04:03:23,VR Auckland City,2026-09-23,Official site,74
2026-09-16 04:03:23,VR Auckland City,2026-09-23,Super.com,87
2026-09-16 04:03:23,VR Auckland City,2026-09-23,Booking.com,104
2026-09-16 04:03:23,VR Auckland City,2026-09-23,Expedia,112
2026-09-16 04:03:28,VR Queen Street Auckland,2026-09-24,Super.com,78
2026-09-16 04:03:28,VR Queen Street Auckland,2026-09-24,Hotels.com,87
2026-09-16 04:03:28,VR Queen Street Auckland,2026-09-24,Booking.com,91
2026-09-16 04:03:28,VR Queen Street Auckland,2026-09-24,Official site,101
2026-09-16 04:03:32,VR Auckland City,2026-09-24,Official site,84
2026-09-16 04:03:32,VR Auckland City,2026-09-24,Super.com,87
2026-09-16 04:03:32,VR Auckland City,2026-09-24,Booking.com,104
2026-09-16 04:03:32,VR Auckland City,2026-09-24,Expedia,112
2026-09-16 04:03:39,VR Queen Street Auckland,2026-09-25,Super.com,114
2026-09-16 04:03:39,VR Queen Street Auckland,2026-09-25,Hotels.com,130
2026-09-16 04:03:39,VR Queen Street Auckland,2026-09-25,Booking.com,134
2026-09-16 04:03:39,VR Queen Street Auckland,2026-09-25,Official site,149
2026-09-16 04:03:44,VR Auckland City,2026-09-25,Official site,97
2026-09-16 04:03:44,VR Auckland City,2026-09-25,Super.com,116
2026-09-16 04:03:44,VR Auckland City,2026-09-25,Booking.com,139
2026-09-16 04:03:44,VR Auckland City,2026-09-25,Expedia,149
2026-09-16 04:03:49,VR Queen Street Auckland,2026-09-26,Super.com,118
2026-09-16 04:03:49,VR Queen Street Auckland,2026-09-26,Expedia,133
2026-09-16 04:03:49,VR Queen Street Auckland,2026-09-26,Booking.com,138
2026-09-16 04:03:49,VR Queen Street Auckland,2026-09-26,Official site,153
2026-09-16 04:03:56,VR Auckland City,2026-09-26,Official site,97
2026-09-16 04:03:56,VR Auckland City,2026-09-26,Super.com,170
2026-09-16 04:03:56,VR Auckland City,2026-09-26,Booking.com,194
2026-09-16 04:03:56,VR Auckland City,2026-09-26,Expedia,208
2026-09-16 04:04:00,VR Queen Street Auckland,2026-09-27,Super.com,80
2026-09-16 04:04:00,VR Queen Street Auckland,2026-09-27,Booking.com,94
2026-09-16 04:04:00,VR Queen Street Auckland,2026-09-27,Expedia,102
2026-09-16 04:04:00,VR Queen Street Auckland,2026-09-27,Official site,104
2026-09-16 04:04:05,VR Auckland City,2026-09-27,Official site,74
2026-09-16 04:04:05,VR Auckland City,2026-09-27,Super.com,110
2026-09-16 04:04:05,VR Auckland City,2026-09-27,Booking.com,140
2026-09-16 04:04:05,VR Auckland City,2026-09-27,Expedia,140
2026-09-16 04:04:12,VR Queen Street Auckland,2026-09-28,Super.com,79
2026-09-16 04:04:12,VR Queen Street Auckland,2026-09-28,Hotels.com,89
2026-09-16 04:04:12,VR Queen Street Auckland,2026-09-28,Booking.com,94
2026-09-16 04:04:12,VR Queen Street Auckland,2026-09-28,Official site,104
2026-09-16 04:04:17,VR Auckland City,2026-09-28,Super.com,83
2026-09-16 04:04:17,VR Auckland City,2026-09-28,Booking.com,108
2026-09-16 04:04:17,VR Auckland City,2026-09-28,Expedia,108
2026-09-16 04:04:17,VR Auckland City,2026-09-28,Official site,149
2026-09-16 04:04:24,VR Queen Street Auckland,2026-09-29,Super.com,80
2026-09-16 04:04:24,VR Queen Street Auckland,2026-09-29,Hotels.com,91
2026-09-16 04:04:24,VR Queen Street Auckland,2026-09-29,Booking.com,94
2026-09-16 04:04:24,VR Queen Street Auckland,2026-09-29,Official site,104
2026-09-16 04:04:31,VR Auckland City,2026-09-29,Official site,74
2026-09-16 04:04:31,VR Auckland City,2026-09-29,Super.com,88
2026-09-16 04:04:31,VR Auckland City,2026-09-29,Booking.com,104
2026-09-16 04:04:31,VR Auckland City,2026-09-29,Agoda,112
2026-09-16 04:04:35,VR Queen Street Auckland,2026-09-30,Official site,67
2026-09-16 04:04:35,VR Queen Street Auckland,2026-09-30,Super.com,86
2026-09-16 04:04:35,VR Queen Street Auckland,2026-09-30,Hotels.com,95
2026-09-16 04:04:35,VR Queen Street Auckland,2026-09-30,Booking.com,100
2026-09-16 04:04:42,VR Auckland City,2026-09-30,Official site,84
2026-09-16 04:04:42,VR Auckland City,2026-09-30,Super.com,89
2026-09-16 04:04:42,VR Auckland City,2026-09-30,Booking.com,104
2026-09-16 04:04:42,VR Auckland City,2026-09-30,Expedia,112
2026-09-16 04:04:48,VR Queen Street Auckland,2026-10-01,Super.com,94
2026-09-16 04:04:48,VR Queen Street Auckland,2026-10-01,Hotels.com,110
2026-09-16 04:04:48,VR Queen Street Auckland,2026-10-01,Booking.com,113
2026-09-16 04:04:48,VR Queen Street Auckland,2026-10-01,Official site,125
2026-09-16 04:04:55,VR Auckland City,2026-10-01,Official site,84
2026-09-16 04:04:55,VR Auckland City,2026-10-01,Super.com,92
2026-09-16 04:04:55,VR Auckland City,2026-10-01,Booking.com,109
2026-09-16 04:04:55,VR Auckland City,2026-10-01,Expedia,117
2026-09-16 04:05:01,VR Queen Street Auckland,2026-10-02,Super.com,110
2026-09-16 04:05:01,VR Queen Street Auckland,2026-10-02,Booking.com,130
2026-09-16 04:05:01,VR Queen Street Auckland,2026-10-02,Hotels.com,140
2026-09-16 04:05:01,VR Queen Street Auckland,2026-10-02,Official site,144
2026-09-16 04:05:08,VR Auckland City,2026-10-02,Official site,102
2026-09-16 04:05:08,VR Auckland City,2026-10-02,Booking.com,135
2026-09-16 04:05:08,VR Auckland City,2026-10-02,Expedia,136
2026-09-16 04:05:15,VR Queen Street Auckland,2026-10-03,Official site,111
2026-09-16 04:05:15,VR Queen Street Auckland,2026-10-03,Super.com,121
2026-09-16 04:05:15,VR Queen Street Auckland,2026-10-03,Hotels.com,137
2026-09-16 04:05:15,VR Queen Street Auckland,2026-10-03,Booking.com,142
2026-09-16 04:05:22,VR Auckland City,2026-10-03,Official site,102
2026-09-16 04:05:22,VR Auckland City,2026-10-03,Booking.com,155
2026-09-16 04:05:22,VR Auckland City,2026-10-03,Expedia,167
2026-09-16 04:05:28,VR Queen Street Auckland,2026-10-04,Super.com,89
2026-09-16 04:05:28,VR Queen Street Auckland,2026-10-04,Expedia,103
2026-09-16 04:05:28,VR Queen Street Auckland,2026-10-04,Booking.com,106
2026-09-16 04:05:28,VR Queen Street Auckland,2026-10-04,Official site,117
2026-09-16 04:05:35,VR Auckland City,2026-10-04,Official site,84
2026-09-16 04:05:35,VR Auckland City,2026-10-04,Expedia,139
2026-09-16 04:05:35,VR Auckland City,2026-10-04,Booking.com,139
2026-09-16 04:05:41,VR Queen Street Auckland,2026-10-05,Super.com,90
2026-09-16 04:05:41,VR Queen Street Auckland,2026-10-05,Official site,99
2026-09-16 04:05:41,VR Queen Street Auckland,2026-10-05,Hotels.com,102
2026-09-16 04:05:41,VR Queen Street Auckland,2026-10-05,Booking.com,106
2026-09-16 04:05:48,VR Auckland City,2026-10-05,Official site,84
2026-09-16 04:05:48,VR Auckland City,2026-10-05,Booking.com,133
2026-09-16 04:05:48,VR Auckland City,2026-10-05,Agoda,139
2026-09-16 04:05:53,VR Queen Street Auckland,2026-10-06,Super.com,90
2026-09-16 04:05:53,VR Queen Street Auckland,2026-10-06,Expedia,102
2026-09-16 04:05:53,VR Queen Street Auckland,2026-10-06,Booking.com,106
2026-09-16 04:05:53,VR Queen Street Auckland,2026-10-06,Official site,117
2026-09-16 04:06:00,VR Auckland City,2026-10-06,Official site,84
2026-09-16 04:06:00,VR Auckland City,2026-10-06,Super.com,107
2026-09-16 04:06:00,VR Auckland City,2026-10-06,Booking.com,139
2026-09-16 04:06:00,VR Auckland City,2026-10-06,Expedia,139
2026-09-16 04:06:07,VR Queen Street Auckland,2026-10-07,Super.com,86
2026-09-16 04:06:07,VR Queen Street Auckland,2026-10-07,Booking.com,100
2026-09-16 04:06:07,VR Queen Street Auckland,2026-10-07,Expedia,101
2026-09-16 04:06:07,VR Queen Street Auckland,2026-10-07,Official site,111
2026-09-16 04:06:12,VR Auckland City,2026-10-07,Official site,84
2026-09-16 04:06:12,VR Auckland City,2026-10-07,Booking.com,133
2026-09-16 04:06:12,VR Auckland City,2026-10-07,Agoda,139
2026-09-16 04:06:17,VR Queen Street Auckland,2026-10-08,Official site,110
2026-09-16 04:06:17,VR Queen Street Auckland,2026-10-08,Super.com,114
2026-09-16 04:06:17,VR Queen Street Auckland,2026-10-08,Expedia,130
2026-09-16 04:06:17,VR Queen Street Auckland,2026-10-08,Booking.com,134
2026-09-16 04:06:23,VR Auckland City,2026-10-08,Official site,84
2026-09-16 04:06:23,VR Auckland City,2026-10-08,Super.com,142
2026-09-16 04:06:23,VR Auckland City,2026-10-08,Booking.com,174
2026-09-16 04:06:23,VR Auckland City,2026-10-08,Expedia,185
2026-09-16 04:06:30,VR Queen Street Auckland,2026-10-09,Official site,102
2026-09-16 04:06:30,VR Queen Street Auckland,2026-10-09,Super.com,226
2026-09-16 04:06:30,VR Queen Street Auckland,2026-10-09,Hotels.com,257
2026-09-16 04:06:30,VR Queen Street Auckland,2026-10-09,Booking.com,264
2026-09-16 04:06:36,VR Auckland City,2026-10-09,Official site,102
2026-09-16 04:06:36,VR Auckland City,2026-10-09,Super.com,254
2026-09-16 04:06:36,VR Auckland City,2026-10-09,Expedia,330
2026-09-16 04:06:36,VR Auckland City,2026-10-09,Booking.com,331
2026-09-16 04:06:41,VR Queen Street Auckland,2026-10-10,Official site,158
2026-09-16 04:06:41,VR Queen Street Auckland,2026-10-10,Super.com,228
2026-09-16 04:06:41,VR Queen Street Auckland,2026-10-10,Hotels.com,263
2026-09-16 04:06:41,VR Queen Street Auckland,2026-10-10,Booking.com,270
2026-09-16 04:06:48,VR Auckland City,2026-10-10,Official site,102
2026-09-16 04:06:48,VR Auckland City,2026-10-10,Super.com,451
2026-09-16 04:06:48,VR Auckland City,2026-10-10,Booking.com,549
2026-09-16 04:06:48,VR Auckland City,2026-10-10,Expedia,590
2026-09-16 04:06:54,VR Queen Street Auckland,2026-10-11,Super.com,97
2026-09-16 04:06:54,VR Queen Street Auckland,2026-10-11,Booking.com,113
2026-09-16 04:06:54,VR Queen Street Auckland,2026-10-11,Hotels.com,122
2026-09-16 04:06:54,VR Queen Street Auckland,2026-10-11,Official site,125
2026-09-16 04:07:01,VR Auckland City,2026-10-11,Official site,84
2026-09-16 04:07:01,VR Auckland City,2026-10-11,Super.com,91
2026-09-16 04:07:01,VR Auckland City,2026-10-11,Booking.com,112
2026-09-16 04:07:01,VR Auckland City,2026-10-11,Agoda,112
2026-09-16 04:07:05,VR Queen Street Auckland,2026-10-12,Super.com,96
2026-09-16 04:07:05,VR Queen Street Auckland,2026-10-12,Hotels.com,109
2026-09-16 04:07:05,VR Queen Street Auckland,2026-10-12,Booking.com,113
2026-09-16 04:07:05,VR Queen Street Auckland,2026-10-12,Official site,125
2026-09-16 04:07:12,VR Auckland City,2026-10-12,Official site,84
2026-09-16 04:07:12,VR Auckland City,2026-10-12,Super.com,102
2026-09-16 04:07:12,VR Auckland City,2026-10-12,Expedia,131
2026-09-16 04:07:12,VR Auckland City,2026-10-12,Booking.com,131
2026-09-16 04:07:18,VR Queen Street Auckland,2026-10-13,Super.com,99
2026-09-16 04:07:18,VR Queen Street Auckland,2026-10-13,Hotels.com,109
2026-09-16 04:07:18,VR Queen Street Auckland,2026-10-13,Booking.com,113
2026-09-16 04:07:18,VR Queen Street Auckland,2026-10-13,Official site,125
2026-09-16 04:07:25,VR Auckland City,2026-10-13,Official site,84
2026-09-16 04:07:25,VR Auckland City,2026-10-13,Super.com,92
2026-09-16 04:07:25,VR Auckland City,2026-10-13,Booking.com,112
2026-09-16 04:07:25,VR Auckland City,2026-10-13,Agoda,117
2026-09-16 04:07:32,VR Queen Street Auckland,2026-10-14,Official site,84
2026-09-16 04:07:32,VR Queen Street Auckland,2026-10-14,Super.com,95
2026-09-16 04:07:32,VR Queen Street Auckland,2026-10-14,Hotels.com,109
2026-09-16 04:07:32,VR Queen Street Auckland,2026-10-14,Booking.com,113
2026-09-16 04:07:39,VR Auckland City,2026-10-14,Official site,84
2026-09-16 04:07:39,VR Auckland City,2026-10-14,Super.com,91
2026-09-16 04:07:39,VR Auckland City,2026-10-14,Booking.com,117
2026-09-16 04:07:39,VR Auckland City,2026-10-14,Expedia,117
2026-09-16 04:07:46,VR Queen Street Auckland,2026-10-15,Super.com,97
2026-09-16 04:07:46,VR Queen Street Auckland,2026-10-15,Official site,101
2026-09-16 04:07:46,VR Queen Street Auckland,2026-10-15,Booking.com,113
2026-09-16 04:07:46,VR Queen Street Auckland,2026-10-15,Expedia,114
2026-09-16 04:07:52,VR Auckland City,2026-10-15,Official site,84
2026-09-16 04:07:52,VR Auckland City,2026-10-15,Super.com,98
2026-09-16 04:07:52,VR Auckland City,2026-10-15,Booking.com,117
2026-09-16 04:07:52,VR Auckland City,2026-10-15,Expedia,126
2026-09-16 04:07:59,VR Queen Street Auckland,2026-10-16,Super.com,131
2026-09-16 04:07:59,VR Queen Street Auckland,2026-10-16,Expedia,153
2026-09-16 04:07:59,VR Queen Street Auckland,2026-10-16,Booking.com,155
2026-09-16 04:07:59,VR Queen Street Auckland,2026-10-16,Official site,172
2026-09-16 04:08:05,VR Auckland City,2026-10-16,Official site,102
2026-09-16 04:08:05,VR Auckland City,2026-10-16,Expedia,185
2026-09-16 04:08:05,VR Auckland City,2026-10-16,Booking.com,186
2026-09-16 04:08:12,VR Queen Street Auckland,2026-10-17,Official site,69
2026-09-16 04:08:12,VR Queen Street Auckland,2026-10-17,Super.com,212
2026-09-16 04:08:12,VR Queen Street Auckland,2026-10-17,Booking.com,250
2026-09-16 04:08:12,VR Queen Street Auckland,2026-10-17,Expedia,253
2026-09-16 04:08:19,VR Auckland City,2026-10-17,Official site,102
2026-09-16 04:08:19,VR Auckland City,2026-10-17,Super.com,538
2026-09-16 04:08:19,VR Auckland City,2026-10-17,Booking.com,639
2026-09-16 04:08:19,VR Auckland City,2026-10-17,Expedia,687
2026-09-16 04:08:23,VR Queen Street Auckland,2026-10-18,Super.com,103
2026-09-16 04:08:23,VR Queen Street Auckland,2026-10-18,Hotels.com,116
2026-09-16 04:08:23,VR Queen Street Auckland,2026-10-18,Booking.com,121
2026-09-16 04:08:23,VR Queen Street Auckland,2026-10-18,Official site,132
2026-09-16 04:08:30,VR Auckland City,2026-10-18,Official site,84
2026-09-16 04:08:30,VR Auckland City,2026-10-18,Booking.com,149
2026-09-16 04:08:30,VR Auckland City,2026-10-18,Expedia,149
2026-09-16 04:08:36,VR Queen Street Auckland,2026-10-19,Official site,91
2026-09-16 04:08:36,VR Queen Street Auckland,2026-10-19,Super.com,103
2026-09-16 04:08:36,VR Queen Street Auckland,2026-10-19,Booking.com,121
2026-09-16 04:08:43,VR Auckland City,2026-10-19,Official site,84
2026-09-16 04:08:43,VR Auckland City,2026-10-19,Super.com,144
2026-09-16 04:08:43,VR Auckland City,2026-10-19,Expedia,183
2026-09-16 04:08:43,VR Auckland City,2026-10-19,Booking.com,183
2026-09-16 04:08:49,VR Queen Street Auckland,2026-10-20,Official site,131
2026-09-16 04:08:49,VR Queen Street Auckland,2026-10-20,Super.com,156
2026-09-16 04:08:49,VR Queen Street Auckland,2026-10-20,Booking.com,184
2026-09-16 04:08:49,VR Queen Street Auckland,2026-10-20,Hotels.com,225
2026-09-16 04:08:56,VR Auckland City,2026-10-20,Official site,84
2026-09-16 04:08:56,VR Auckland City,2026-10-20,Super.com,156
2026-09-16 04:08:56,VR Auckland City,2026-10-20,Booking.com,199
2026-09-16 04:08:56,VR Auckland City,2026-10-20,Agoda,199
2026-09-16 04:09:00,VR Queen Street Auckland,2026-10-21,Official site,95
2026-09-16 04:09:00,VR Queen Street Auckland,2026-10-21,Super.com,158
2026-09-16 04:09:00,VR Queen Street Auckland,2026-10-21,Hotels.com,180
2026-09-16 04:09:00,VR Queen Street Auckland,2026-10-21,Booking.com,184
2026-09-16 04:09:07,VR Auckland City,2026-10-21,Super.com,128
2026-09-16 04:09:07,VR Auckland City,2026-10-21,Official site,153
2026-09-16 04:09:07,VR Auckland City,2026-10-21,Expedia,169
2026-09-16 04:09:07,VR Auckland City,2026-10-21,Booking.com,170
2026-09-16 04:09:14,VR Queen Street Auckland,2026-10-22,Super.com,134
2026-09-16 04:09:14,VR Queen Street Auckland,2026-10-22,Official site,139
2026-09-16 04:09:14,VR Queen Street Auckland,2026-10-22,Hotels.com,146
2026-09-16 04:09:14,VR Queen Street Auckland,2026-10-22,Booking.com,151
2026-09-16 04:09:20,VR Auckland City,2026-10-22,Official site,84
2026-09-16 04:09:20,VR Auckland City,2026-10-22,Booking.com,218
2026-09-16 04:09:20,VR Auckland City,2026-10-22,Expedia,218
2026-09-16 04:09:27,VR Queen Street Auckland,2026-10-23,Official site,137
2026-09-16 04:09:27,VR Queen Street Auckland,2026-10-23,Super.com,181
2026-09-16 04:09:27,VR Queen Street Auckland,2026-10-23,Booking.com,214
2026-09-16 04:09:27,VR Queen Street Auckland,2026-10-23,Hotels.com,245
2026-09-16 04:09:33,VR Auckland City,2026-10-23,Official site,102
2026-09-16 04:09:33,VR Auckland City,2026-10-23,Booking.com,465
2026-09-16 04:09:33,VR Auckland City,2026-10-23,Expedia,465
2026-09-16 04:09:38,VR Queen Street Auckland,2026-10-24,Super.com,195
2026-09-16 04:09:38,VR Queen Street Auckland,2026-10-24,Booking.com,230
2026-09-16 04:09:38,VR Queen Street Auckland,2026-10-24,Expedia,233
2026-09-16 04:09:38,VR Queen Street Auckland,2026-10-24,Official site,255
2026-09-16 04:09:44,VR Auckland City,2026-10-24,Official site,102
2026-09-16 04:09:44,VR Auckland City,2026-10-24,Booking.com,289
2026-09-16 04:09:44,VR Auckland City,2026-10-24,Expedia,311
2026-09-16 04:09:44,VR Auckland City,2026-10-24,Agoda,311
2026-09-16 04:09:49,VR Queen Street Auckland,2026-10-25,Official site,185
2026-09-16 04:09:49,VR Queen Street Auckland,2026-10-25,Super.com,232
2026-09-16 04:09:49,VR Queen Street Auckland,2026-10-25,Booking.com,250
2026-09-16 04:09:49,VR Queen Street Auckland,2026-10-25,Expedia,250
2026-09-16 04:09:55,VR Auckland City,2026-10-25,Official site,84
2026-09-16 04:09:55,VR Auckland City,2026-10-25,Super.com,96
2026-09-16 04:09:55,VR Auckland City,2026-10-25,Agoda,127
2026-09-16 04:09:55,VR Auckland City,2026-10-25,Booking.com,149
2026-09-16 04:10:00,VR Queen Street Auckland,2026-10-26,Super.com,97
2026-09-16 04:10:00,VR Queen Street Auckland,2026-10-26,Hotels.com,109
2026-09-16 04:10:00,VR Queen Street Auckland,2026-10-26,Booking.com,113
2026-09-16 04:10:00,VR Queen Street Auckland,2026-10-26,Official site,125
2026-09-16 04:10:07,VR Auckland City,2026-10-26,Official site,84
2026-09-16 04:10:07,VR Auckland City,2026-10-26,Super.com,90
2026-09-16 04:10:07,VR Auckland City,2026-10-26,Booking.com,119
2026-09-16 04:10:07,VR Auckland City,2026-10-26,Expedia,140
2026-09-16 04:10:13,VR Queen Street Auckland,2026-10-27,Official site,96
2026-09-16 04:10:13,VR Queen Street Auckland,2026-10-27,Super.com,96
2026-09-16 04:10:13,VR Queen Street Auckland,2026-10-27,Booking.com,113
2026-09-16 04:10:13,VR Queen Street Auckland,2026-10-27,Hotels.com,116
2026-09-16 04:10:19,VR Auckland City,2026-10-27,Official site,84
2026-09-16 04:10:19,VR Auckland City,2026-10-27,Expedia,140
2026-09-16 04:10:19,VR Auckland City,2026-10-27,Booking.com,140
2026-09-16 04:10:26,VR Queen Street Auckland,2026-10-28,Super.com,97
2026-09-16 04:10:26,VR Queen Street Auckland,2026-10-28,Hotels.com,108
2026-09-16 04:10:26,VR Queen Street Auckland,2026-10-28,Booking.com,108
2026-09-16 04:10:26,VR Queen Street Auckland,2026-10-28,Official site,166
2026-09-16 04:10:32,VR Auckland City,2026-10-28,Official site,84
2026-09-16 04:10:32,VR Auckland City,2026-10-28,Super.com,90
2026-09-16 04:10:32,VR Auckland City,2026-10-28,Booking.com,140
2026-09-16 04:10:39,VR Queen Street Auckland,2026-10-29,Super.com,95
2026-09-16 04:10:39,VR Queen Street Auckland,2026-10-29,Booking.com,113
2026-09-16 04:10:39,VR Queen Street Auckland,2026-10-29,Expedia,122
2026-09-16 04:10:39,VR Queen Street Auckland,2026-10-29,Official site,125
2026-09-16 04:10:45,VR Auckland City,2026-10-29,Official site,84
2026-09-16 04:10:45,VR Auckland City,2026-10-29,Super.com,90
2026-09-16 04:10:45,VR Auckland City,2026-10-29,Booking.com,140
2026-09-16 04:10:45,VR Auckland City,2026-10-29,Expedia,140
2026-09-16 04:10:52,VR Queen Street Auckland,2026-10-30,Super.com,119
2026-09-16 04:10:52,VR Queen Street Auckland,2026-10-30,Hotels.com,146
2026-09-16 04:10:52,VR Queen Street Auckland,2026-10-30,Booking.com,151
2026-09-16 04:10:52,VR Queen Street Auckland,2026-10-30,Official site,155
2026-09-16 04:10:58,VR Auckland City,2026-10-30,Official site,102
2026-09-16 04:10:58,VR Auckland City,2026-10-30,Hotels.com,125
2026-09-16 04:10:58,VR Auckland City,2026-10-30,Booking.com,194
2026-09-16 04:10:58,VR Auckland City,2026-10-30,Expedia,194
2026-09-16 04:11:04,VR Queen Street Auckland,2026-10-31,Official site,124
2026-09-16 04:11:04,VR Queen Street Auckland,2026-10-31,Super.com,124
2026-09-16 04:11:04,VR Queen Street Auckland,2026-10-31,Hotels.com,146
2026-09-16 04:11:04,VR Queen Street Auckland,2026-10-31,Booking.com,151
2026-09-16 04:11:11,VR Auckland City,2026-10-31,Official site,102
2026-09-16 04:11:11,VR Auckland City,2026-10-31,Expedia,170
2026-09-16 04:11:11,VR Auckland City,2026-10-31,Agoda,170
2026-09-16 04:11:11,VR Auckland City,2026-10-31,Booking.com,196
2026-09-16 04:11:17,VR Queen Street Auckland,2026-11-01,Super.com,99
2026-09-16 04:11:17,VR Queen Street Auckland,2026-11-01,Booking.com,121
2026-09-16 04:11:17,VR Queen Street Auckland,2026-11-01,Hotels.com,121
2026-09-16 04:11:17,VR Queen Street Auckland,2026-11-01,Official site,249
2026-09-16 04:11:24,VR Auckland City,2026-11-01,Official site,107
2026-09-16 04:11:24,VR Auckland City,2026-11-01,Super.com,119
2026-09-16 04:11:24,VR Auckland City,2026-11-01,Expedia,157
2026-09-16 04:11:24,VR Auckland City,2026-11-01,Booking.com,173
2026-09-16 04:11:30,VR Queen Street Auckland,2026-11-02,Super.com,103
2026-09-16 04:11:30,VR Queen Street Auckland,2026-11-02,Hotels.com,121
2026-09-16 04:11:30,VR Queen Street Auckland,2026-11-02,Booking.com,126
2026-09-16 04:11:30,VR Queen Street Auckland,2026-11-02,Official site,139
2026-09-16 04:11:37,VR Auckland City,2026-11-02,Official site,107
2026-09-16 04:11:37,VR Auckland City,2026-11-02,Expedia,154
2026-09-16 04:11:37,VR Auckland City,2026-11-02,Booking.com,154
2026-09-16 04:11:43,VR Queen Street Auckland,2026-11-03,Super.com,104
2026-09-16 04:11:43,VR Queen Street Auckland,2026-11-03,Hotels.com,120
2026-09-16 04:11:43,VR Queen Street Auckland,2026-11-03,Booking.com,126
2026-09-16 04:11:43,VR Queen Street Auckland,2026-11-03,Official site,139
2026-09-16 04:11:50,VR Auckland City,2026-11-03,Official site,107
2026-09-16 04:11:50,VR Auckland City,2026-11-03,Expedia,157
2026-09-16 04:11:50,VR Auckland City,2026-11-03,Hotels.com,157
2026-09-16 04:11:50,VR Auckland City,2026-11-03,Booking.com,169
2026-09-16 04:11:56,VR Queen Street Auckland,2026-11-04,Official site,139
2026-09-16 04:11:56,VR Queen Street Auckland,2026-11-04,Super.com,139
2026-09-16 04:11:56,VR Queen Street Auckland,2026-11-04,Hotels.com,162
2026-09-16 04:11:56,VR Queen Street Auckland,2026-11-04,Booking.com,167
2026-09-16 04:12:03,VR Auckland City,2026-11-04,Official site,107
2026-09-16 04:12:03,VR Auckland City,2026-11-04,Booking.com,180
2026-09-16 04:12:03,VR Auckland City,2026-11-04,Expedia,180
2026-09-16 04:12:09,VR Queen Street Auckland,2026-11-05,Super.com,152
2026-09-16 04:12:09,VR Queen Street Auckland,2026-11-05,Expedia,183
2026-09-16 04:12:09,VR Queen Street Auckland,2026-11-05,Booking.com,184
2026-09-16 04:12:09,VR Queen Street Auckland,2026-11-05,Official site,204
2026-09-16 04:12:15,VR Auckland City,2026-11-05,Official site,107
2026-09-16 04:12:15,VR Auckland City,2026-11-05,Super.com,118
2026-09-16 04:12:15,VR Auckland City,2026-11-05,Booking.com,272
2026-09-16 04:12:15,VR Auckland City,2026-11-05,Expedia,272
2026-09-16 04:12:20,VR Queen Street Auckland,2026-11-06,Super.com,152
2026-09-16 04:12:20,VR Queen Street Auckland,2026-11-06,Hotels.com,178
2026-09-16 04:12:20,VR Queen Street Auckland,2026-11-06,Booking.com,184
2026-09-16 04:12:20,VR Queen Street Auckland,2026-11-06,Official site,204
2026-09-16 04:12:25,VR Auckland City,2026-11-06,Official site,125
2026-09-16 04:12:25,VR Auckland City,2026-11-06,Booking.com,383
2026-09-16 04:12:25,VR Auckland City,2026-11-06,Expedia,383
2026-09-16 04:12:31,VR Queen Street Auckland,2026-11-07,Official site,128
2026-09-16 04:12:31,VR Queen Street Auckland,2026-11-07,Booking.com,135
2026-09-16 04:12:31,VR Queen Street Auckland,2026-11-07,Super.com,296
2026-09-16 04:12:31,VR Queen Street Auckland,2026-11-07,Hotels.com,387
2026-09-16 04:12:38,VR Auckland City,2026-11-07,Official site,135
2026-09-16 04:12:38,VR Auckland City,2026-11-07,Super.com,359
2026-09-16 04:12:38,VR Auckland City,2026-11-07,Booking.com,598
2026-09-16 04:12:45,VR Queen Street Auckland,2026-11-08,Official site,81
2026-09-16 04:12:45,VR Queen Street Auckland,2026-11-08,Super.com,229
2026-09-16 04:12:45,VR Queen Street Auckland,2026-11-08,Hotels.com,286
2026-09-16 04:12:45,VR Queen Street Auckland,2026-11-08,Booking.com,293
2026-09-16 04:12:51,VR Auckland City,2026-11-08,Booking.com,316
2026-09-16 04:12:51,VR Auckland City,2026-11-08,Expedia,316
2026-09-16 04:12:56,VR Queen Street Auckland,2026-11-09,Official site,170
2026-09-16 04:12:56,VR Queen Street Auckland,2026-11-09,Super.com,174
2026-09-16 04:12:56,VR Queen Street Auckland,2026-11-09,Booking.com,209
2026-09-16 04:12:56,VR Queen Street Auckland,2026-11-09,Expedia,209
2026-09-16 04:13:02,VR Auckland City,2026-11-09,Official site,107
2026-09-16 04:13:02,VR Auckland City,2026-11-09,Hotels.com,157
2026-09-16 04:13:02,VR Auckland City,2026-11-09,Booking.com,218
2026-09-16 04:13:09,VR Queen Street Auckland,2026-11-10,Super.com,107
2026-09-16 04:13:09,VR Queen Street Auckland,2026-11-10,Booking.com,130
2026-09-16 04:13:09,VR Queen Street Auckland,2026-11-10,Expedia,131
2026-09-16 04:13:09,VR Queen Street Auckland,2026-11-10,Official site,144
2026-09-16 04:13:16,VR Auckland City,2026-11-10,Official site,107
2026-09-16 04:13:16,VR Auckland City,2026-11-10,Super.com,118
2026-09-16 04:13:16,VR Auckland City,2026-11-10,Booking.com,203
2026-09-16 04:13:16,VR Auckland City,2026-11-10,Expedia,203
2026-09-16 04:13:23,VR Queen Street Auckland,2026-11-11,Official site,148
2026-09-16 04:13:23,VR Queen Street Auckland,2026-11-11,Super.com,148
2026-09-16 04:13:23,VR Queen Street Auckland,2026-11-11,Hotels.com,182
2026-09-16 04:13:23,VR Queen Street Auckland,2026-11-11,Booking.com,188
2026-09-16 04:13:29,VR Auckland City,2026-11-11,Official site,111
2026-09-16 04:13:29,VR Auckland City,2026-11-11,Super.com,117
2026-09-16 04:13:29,VR Auckland City,2026-11-11,Booking.com,224
2026-09-16 04:13:29,VR Auckland City,2026-11-11,Expedia,224
2026-09-16 04:13:36,VR Queen Street Auckland,2026-11-12,Official site,72
2026-09-16 04:13:36,VR Queen Street Auckland,2026-11-12,Super.com,145
2026-09-16 04:13:36,VR Queen Street Auckland,2026-11-12,Hotels.com,182
2026-09-16 04:13:36,VR Queen Street Auckland,2026-11-12,Booking.com,188
2026-09-16 04:13:42,VR Auckland City,2026-11-12,Official site,72
2026-09-16 04:13:42,VR Auckland City,2026-11-12,Booking.com,168
2026-09-16 04:13:42,VR Auckland City,2026-11-12,Expedia,168
2026-09-16 04:13:49,VR Queen Street Auckland,2026-11-13,Official site,137
2026-09-16 04:13:49,VR Queen Street Auckland,2026-11-13,Super.com,137
2026-09-16 04:13:49,VR Queen Street Auckland,2026-11-13,Hotels.com,161
2026-09-16 04:13:49,VR Queen Street Auckland,2026-11-13,Booking.com,167
2026-09-16 04:13:55,VR Auckland City,2026-11-13,Super.com,118
2026-09-16 04:13:55,VR Auckland City,2026-11-13,Official site,125
2026-09-16 04:13:55,VR Auckland City,2026-11-13,Booking.com,230
2026-09-16 04:13:55,VR Auckland City,2026-11-13,Expedia,230
2026-09-16 04:14:01,VR Queen Street Auckland,2026-11-14,Super.com,138
2026-09-16 04:14:01,VR Queen Street Auckland,2026-11-14,Expedia,165
2026-09-16 04:14:01,VR Queen Street Auckland,2026-11-14,Booking.com,167
2026-09-16 04:14:01,VR Queen Street Auckland,2026-11-14,Official site,185
2026-09-16 04:14:08,VR Auckland City,2026-11-14,Official site,125
2026-09-16 04:14:08,VR Auckland City,2026-11-14,Expedia,295
2026-09-16 04:14:08,VR Auckland City,2026-11-14,Booking.com,295
2026-09-16 04:14:14,VR Queen Street Auckland,2026-11-15,Super.com,111
2026-09-16 04:14:14,VR Queen Street Auckland,2026-11-15,Hotels.com,128
2026-09-16 04:14:14,VR Queen Street Auckland,2026-11-15,Booking.com,134
2026-09-16 04:14:14,VR Queen Street Auckland,2026-11-15,Official site,147
2026-09-16 04:14:20,VR Auckland City,2026-11-15,Official site,107
2026-09-16 04:14:20,VR Auckland City,2026-11-15,Super.com,120
2026-09-16 04:14:20,VR Auckland City,2026-11-15,Booking.com,200
2026-09-16 04:14:20,VR Auckland City,2026-11-15,Expedia,200
2026-09-16 04:14:26,VR Queen Street Auckland,2026-11-16,Super.com,111
2026-09-16 04:14:26,VR Queen Street Auckland,2026-11-16,Booking.com,134
2026-09-16 04:14:26,VR Queen Street Auckland,2026-11-16,Hotels.com,144
2026-09-16 04:14:26,VR Queen Street Auckland,2026-11-16,Official site,149
2026-09-16 04:14:33,VR Auckland City,2026-11-16,Official site,107
2026-09-16 04:14:33,VR Auckland City,2026-11-16,Super.com,119
2026-09-16 04:14:33,VR Auckland City,2026-11-16,Booking.com,223
2026-09-16 04:14:33,VR Auckland City,2026-11-16,Hotels.com,223
2026-09-16 04:14:39,VR Queen Street Auckland,2026-11-17,Official site,83
2026-09-16 04:14:39,VR Queen Street Auckland,2026-11-17,Super.com,106
2026-09-16 04:14:39,VR Queen Street Auckland,2026-11-17,Hotels.com,128
2026-09-16 04:14:39,VR Queen Street Auckland,2026-11-17,Booking.com,134
2026-09-16 04:14:46,VR Auckland City,2026-11-17,Official site,83
2026-09-16 04:14:46,VR Auckland City,2026-11-17,Super.com,120
2026-09-16 04:14:46,VR Auckland City,2026-11-17,Booking.com,246
2026-09-16 04:14:46,VR Auckland City,2026-11-17,Expedia,246
2026-09-16 04:32:03,VR Queen Street Auckland,2026-09-16,Super.com,127
2026-09-16 04:32:03,VR Queen Street Auckland,2026-09-16,Booking.com,141
2026-09-16 04:32:03,VR Queen Street Auckland,2026-09-16,Hotels.com,145
2026-09-16 04:32:03,VR Queen Street Auckland,2026-09-16,Official site,156
2026-09-16 04:32:08,VR Auckland City,2026-09-16,Official site,79
2026-09-16 04:32:08,VR Auckland City,2026-09-16,Trip.com,119
2026-09-16 04:32:08,VR Auckland City,2026-09-16,Booking.com,135
2026-09-16 04:32:08,VR Auckland City,2026-09-16,Expedia,145
2026-09-16 04:32:16,VR Queen Street Auckland,2026-09-17,Super.com,107
2026-09-16 04:32:16,VR Queen Street Auckland,2026-09-17,Official site,112
2026-09-16 04:32:16,VR Queen Street Auckland,2026-09-17,Hotels.com,127
2026-09-16 04:32:16,VR Queen Street Auckland,2026-09-17,Booking.com,131
2026-09-16 04:32:23,VR Auckland City,2026-09-17,Official site,81
2026-09-16 04:32:23,VR Auckland City,2026-09-17,Super.com,130
2026-09-16 04:32:23,VR Auckland City,2026-09-17,Booking.com,152
2026-09-16 04:32:30,VR Queen Street Auckland,2026-09-18,Official site,93
2026-09-16 04:32:30,VR Queen Street Auckland,2026-09-18,Super.com,129
2026-09-16 04:32:30,VR Queen Street Auckland,2026-09-18,Hotels.com,144
2026-09-16 04:32:30,VR Queen Street Auckland,2026-09-18,Booking.com,151
2026-09-16 04:32:37,VR Auckland City,2026-09-18,Official site,88
2026-09-16 04:32:37,VR Auckland City,2026-09-18,Super.com,111
2026-09-16 04:32:37,VR Auckland City,2026-09-18,Booking.com,130
2026-09-16 04:32:37,VR Auckland City,2026-09-18,Expedia,140
2026-09-16 04:32:42,VR Queen Street Auckland,2026-09-19,Super.com,135
2026-09-16 04:32:42,VR Queen Street Auckland,2026-09-19,Hotels.com,152
2026-09-16 04:32:42,VR Queen Street Auckland,2026-09-19,Booking.com,157
2026-09-16 04:32:42,VR Queen Street Auckland,2026-09-19,Official site,175
2026-09-16 04:32:47,VR Auckland City,2026-09-19,Official site,88
2026-09-16 04:32:47,VR Auckland City,2026-09-19,Super.com,115
2026-09-16 04:32:47,VR Auckland City,2026-09-19,Booking.com,135
2026-09-16 04:32:47,VR Auckland City,2026-09-19,Expedia,145
2026-09-16 04:32:52,VR Queen Street Auckland,2026-09-20,Super.com,78
2026-09-16 04:32:52,VR Queen Street Auckland,2026-09-20,Hotels.com,87
2026-09-16 04:32:52,VR Queen Street Auckland,2026-09-20,Booking.com,92
2026-09-16 04:32:52,VR Queen Street Auckland,2026-09-20,Official site,102
2026-09-16 04:33:00,VR Auckland City,2026-09-20,Official site,74
2026-09-16 04:33:00,VR Auckland City,2026-09-20,Super.com,85
2026-09-16 04:33:00,VR Auckland City,2026-09-20,Booking.com,108
2026-09-16 04:33:06,VR Queen Street Auckland,2026-09-21,Super.com,78
2026-09-16 04:33:06,VR Queen Street Auckland,2026-09-21,Hotels.com,87
2026-09-16 04:33:06,VR Queen Street Auckland,2026-09-21,Official site,90
2026-09-16 04:33:06,VR Queen Street Auckland,2026-09-21,Booking.com,92
2026-09-16 04:33:14,VR Auckland City,2026-09-21,Official site,74
2026-09-16 04:33:14,VR Auckland City,2026-09-21,Super.com,84
2026-09-16 04:33:14,VR Auckland City,2026-09-21,Booking.com,100
2026-09-16 04:33:20,VR Queen Street Auckland,2026-09-22,Super.com,80
2026-09-16 04:33:20,VR Queen Street Auckland,2026-09-22,Hotels.com,90
2026-09-16 04:33:20,VR Queen Street Auckland,2026-09-22,Official site,92
2026-09-16 04:33:20,VR Queen Street Auckland,2026-09-22,Booking.com,95
2026-09-16 04:33:26,VR Auckland City,2026-09-22,Official site,74
2026-09-16 04:33:26,VR Auckland City,2026-09-22,Super.com,87
2026-09-16 04:33:26,VR Auckland City,2026-09-22,Booking.com,104
2026-09-16 04:33:32,VR Queen Street Auckland,2026-09-23,Super.com,78
2026-09-16 04:33:32,VR Queen Street Auckland,2026-09-23,Booking.com,91
2026-09-16 04:33:32,VR Queen Street Auckland,2026-09-23,Expedia,98
2026-09-16 04:33:32,VR Queen Street Auckland,2026-09-23,Official site,101
2026-09-16 04:33:39,VR Auckland City,2026-09-23,Official site,74
2026-09-16 04:33:39,VR Auckland City,2026-09-23,Super.com,87
2026-09-16 04:33:39,VR Auckland City,2026-09-23,Booking.com,104
2026-09-16 04:33:39,VR Auckland City,2026-09-23,Expedia,112
2026-09-16 04:33:46,VR Queen Street Auckland,2026-09-24,Super.com,78
2026-09-16 04:33:46,VR Queen Street Auckland,2026-09-24,Hotels.com,87
2026-09-16 04:33:46,VR Queen Street Auckland,2026-09-24,Booking.com,91
2026-09-16 04:33:46,VR Queen Street Auckland,2026-09-24,Official site,101
2026-09-16 04:33:50,VR Auckland City,2026-09-24,Official site,84
2026-09-16 04:33:50,VR Auckland City,2026-09-24,Super.com,88
2026-09-16 04:33:50,VR Auckland City,2026-09-24,Booking.com,104
2026-09-16 04:33:55,VR Queen Street Auckland,2026-09-25,Official site,88
2026-09-16 04:33:55,VR Queen Street Auckland,2026-09-25,Super.com,114
2026-09-16 04:33:55,VR Queen Street Auckland,2026-09-25,Hotels.com,130
2026-09-16 04:33:55,VR Queen Street Auckland,2026-09-25,Booking.com,134
2026-09-16 04:34:01,VR Auckland City,2026-09-25,Official site,88
2026-09-16 04:34:01,VR Auckland City,2026-09-25,Super.com,116
2026-09-16 04:34:01,VR Auckland City,2026-09-25,Booking.com,139
2026-09-16 04:34:08,VR Queen Street Auckland,2026-09-26,Super.com,118
2026-09-16 04:34:08,VR Queen Street Auckland,2026-09-26,Expedia,133
2026-09-16 04:34:08,VR Queen Street Auckland,2026-09-26,Booking.com,138
2026-09-16 04:34:08,VR Queen Street Auckland,2026-09-26,Official site,153
2026-09-16 04:34:12,VR Auckland City,2026-09-26,Official site,97
2026-09-16 04:34:12,VR Auckland City,2026-09-26,Super.com,170
2026-09-16 04:34:12,VR Auckland City,2026-09-26,Booking.com,194
2026-09-16 04:34:19,VR Queen Street Auckland,2026-09-27,Super.com,80
2026-09-16 04:34:19,VR Queen Street Auckland,2026-09-27,Booking.com,94
2026-09-16 04:34:19,VR Queen Street Auckland,2026-09-27,Expedia,102
2026-09-16 04:34:19,VR Queen Street Auckland,2026-09-27,Official site,104
2026-09-16 04:34:23,VR Auckland City,2026-09-27,Official site,74
2026-09-16 04:34:23,VR Auckland City,2026-09-27,Super.com,110
2026-09-16 04:34:23,VR Auckland City,2026-09-27,Booking.com,140
2026-09-16 04:34:23,VR Auckland City,2026-09-27,Expedia,140
2026-09-16 04:34:30,VR Queen Street Auckland,2026-09-28,Super.com,79
2026-09-16 04:34:30,VR Queen Street Auckland,2026-09-28,Hotels.com,89
2026-09-16 04:34:30,VR Queen Street Auckland,2026-09-28,Booking.com,94
2026-09-16 04:34:30,VR Queen Street Auckland,2026-09-28,Official site,104
2026-09-16 04:34:34,VR Auckland City,2026-09-28,Super.com,83
2026-09-16 04:34:34,VR Auckland City,2026-09-28,Booking.com,108
2026-09-16 04:34:34,VR Auckland City,2026-09-28,Official site,149
2026-09-16 04:34:41,VR Queen Street Auckland,2026-09-29,Super.com,80
2026-09-16 04:34:41,VR Queen Street Auckland,2026-09-29,Booking.com,94
2026-09-16 04:34:41,VR Queen Street Auckland,2026-09-29,Expedia,95
2026-09-16 04:34:41,VR Queen Street Auckland,2026-09-29,Official site,104
2026-09-16 04:34:48,VR Auckland City,2026-09-29,Official site,74
2026-09-16 04:34:48,VR Auckland City,2026-09-29,Super.com,88
2026-09-16 04:34:48,VR Auckland City,2026-09-29,Booking.com,104
2026-09-16 04:34:55,VR Queen Street Auckland,2026-09-30,Super.com,85
2026-09-16 04:34:55,VR Queen Street Auckland,2026-09-30,Expedia,98
2026-09-16 04:34:55,VR Queen Street Auckland,2026-09-30,Booking.com,100
2026-09-16 04:34:55,VR Queen Street Auckland,2026-09-30,Official site,111
2026-09-16 04:34:59,VR Auckland City,2026-09-30,Official site,84
2026-09-16 04:34:59,VR Auckland City,2026-09-30,Booking.com,104
2026-09-16 04:34:59,VR Auckland City,2026-09-30,Expedia,112
2026-09-16 04:35:06,VR Queen Street Auckland,2026-10-01,Super.com,94
2026-09-16 04:35:06,VR Queen Street Auckland,2026-10-01,Hotels.com,110
2026-09-16 04:35:06,VR Queen Street Auckland,2026-10-01,Booking.com,113
2026-09-16 04:35:06,VR Queen Street Auckland,2026-10-01,Official site,125
2026-09-16 04:35:11,VR Auckland City,2026-10-01,Official site,84
2026-09-16 04:35:11,VR Auckland City,2026-10-01,Super.com,92
2026-09-16 04:35:11,VR Auckland City,2026-10-01,Booking.com,109
2026-09-16 04:35:11,VR Auckland City,2026-10-01,Expedia,117
2026-09-16 04:35:17,VR Queen Street Auckland,2026-10-02,Super.com,110
2026-09-16 04:35:17,VR Queen Street Auckland,2026-10-02,Booking.com,130
2026-09-16 04:35:17,VR Queen Street Auckland,2026-10-02,Hotels.com,140
2026-09-16 04:35:17,VR Queen Street Auckland,2026-10-02,Official site,144
2026-09-16 04:35:24,VR Auckland City,2026-10-02,Official site,102
2026-09-16 04:35:24,VR Auckland City,2026-10-02,Booking.com,135
2026-09-16 04:35:30,VR Queen Street Auckland,2026-10-03,Super.com,121
2026-09-16 04:35:30,VR Queen Street Auckland,2026-10-03,Booking.com,142
2026-09-16 04:35:30,VR Queen Street Auckland,2026-10-03,Expedia,143
2026-09-16 04:35:30,VR Queen Street Auckland,2026-10-03,Official site,158
2026-09-16 04:35:37,VR Auckland City,2026-10-03,Official site,102
2026-09-16 04:35:37,VR Auckland City,2026-10-03,Booking.com,155
2026-09-16 04:35:42,VR Queen Street Auckland,2026-10-04,Super.com,89
2026-09-16 04:35:42,VR Queen Street Auckland,2026-10-04,Hotels.com,100
2026-09-16 04:35:42,VR Queen Street Auckland,2026-10-04,Booking.com,106
2026-09-16 04:35:42,VR Queen Street Auckland,2026-10-04,Official site,117
2026-09-16 04:35:48,VR Auckland City,2026-10-04,Official site,84
2026-09-16 04:35:48,VR Auckland City,2026-10-04,Booking.com,139
2026-09-16 04:35:55,VR Queen Street Auckland,2026-10-05,Super.com,90
2026-09-16 04:35:55,VR Queen Street Auckland,2026-10-05,Hotels.com,102
2026-09-16 04:35:55,VR Queen Street Auckland,2026-10-05,Booking.com,106
2026-09-16 04:35:55,VR Queen Street Auckland,2026-10-05,Official site,117
2026-09-16 04:35:59,VR Auckland City,2026-10-05,Official site,84
2026-09-16 04:35:59,VR Auckland City,2026-10-05,Super.com,112
2026-09-16 04:35:59,VR Auckland City,2026-10-05,Booking.com,133
2026-09-16 04:35:59,VR Auckland City,2026-10-05,Expedia,139
2026-09-16 04:36:06,VR Queen Street Auckland,2026-10-06,Super.com,90
2026-09-16 04:36:06,VR Queen Street Auckland,2026-10-06,Expedia,102
2026-09-16 04:36:06,VR Queen Street Auckland,2026-10-06,Booking.com,106
2026-09-16 04:36:06,VR Queen Street Auckland,2026-10-06,Official site,109
2026-09-16 04:36:12,VR Auckland City,2026-10-06,Official site,84
2026-09-16 04:36:12,VR Auckland City,2026-10-06,Super.com,107
2026-09-16 04:36:12,VR Auckland City,2026-10-06,Booking.com,139
2026-09-16 04:36:12,VR Auckland City,2026-10-06,Expedia,139
2026-09-16 04:36:18,VR Queen Street Auckland,2026-10-07,Super.com,86
2026-09-16 04:36:18,VR Queen Street Auckland,2026-10-07,Hotels.com,97
2026-09-16 04:36:18,VR Queen Street Auckland,2026-10-07,Booking.com,100
2026-09-16 04:36:18,VR Queen Street Auckland,2026-10-07,Official site,111
2026-09-16 04:36:25,VR Auckland City,2026-10-07,Official site,84
2026-09-16 04:36:25,VR Auckland City,2026-10-07,Booking.com,133
2026-09-16 04:36:25,VR Auckland City,2026-10-07,Expedia,139
2026-09-16 04:36:31,VR Queen Street Auckland,2026-10-08,Official site,110
2026-09-16 04:36:31,VR Queen Street Auckland,2026-10-08,Super.com,114
2026-09-16 04:36:31,VR Queen Street Auckland,2026-10-08,Expedia,130
2026-09-16 04:36:31,VR Queen Street Auckland,2026-10-08,Booking.com,134
2026-09-16 04:36:38,VR Auckland City,2026-10-08,Official site,84
2026-09-16 04:36:38,VR Auckland City,2026-10-08,Super.com,142
2026-09-16 04:36:38,VR Auckland City,2026-10-08,Booking.com,174
2026-09-16 04:36:38,VR Auckland City,2026-10-08,Expedia,185
2026-09-16 04:36:42,VR Queen Street Auckland,2026-10-09,Super.com,226
2026-09-16 04:36:42,VR Queen Street Auckland,2026-10-09,Hotels.com,257
2026-09-16 04:36:42,VR Queen Street Auckland,2026-10-09,Booking.com,264
2026-09-16 04:36:42,VR Queen Street Auckland,2026-10-09,Official site,292
2026-09-16 04:36:47,VR Auckland City,2026-10-09,Official site,102
2026-09-16 04:36:47,VR Auckland City,2026-10-09,Super.com,254
2026-09-16 04:36:47,VR Auckland City,2026-10-09,Expedia,330
2026-09-16 04:36:47,VR Auckland City,2026-10-09,Booking.com,331
2026-09-16 04:36:51,VR Queen Street Auckland,2026-10-10,Super.com,228
2026-09-16 04:36:51,VR Queen Street Auckland,2026-10-10,Booking.com,270
2026-09-16 04:36:51,VR Queen Street Auckland,2026-10-10,Expedia,272
2026-09-16 04:36:51,VR Queen Street Auckland,2026-10-10,Official site,299
2026-09-16 04:36:56,VR Auckland City,2026-10-10,Official site,102
2026-09-16 04:36:56,VR Auckland City,2026-10-10,Super.com,451
2026-09-16 04:36:56,VR Auckland City,2026-10-10,Booking.com,549
2026-09-16 04:37:01,VR Queen Street Auckland,2026-10-11,Super.com,97
2026-09-16 04:37:01,VR Queen Street Auckland,2026-10-11,Booking.com,113
2026-09-16 04:37:01,VR Queen Street Auckland,2026-10-11,Hotels.com,122
2026-09-16 04:37:01,VR Queen Street Auckland,2026-10-11,Official site,125
2026-09-16 04:37:08,VR Auckland City,2026-10-11,Official site,84
2026-09-16 04:37:08,VR Auckland City,2026-10-11,Super.com,91
2026-09-16 04:37:08,VR Auckland City,2026-10-11,Booking.com,112
2026-09-16 04:37:08,VR Auckland City,2026-10-11,Expedia,112
2026-09-16 04:37:15,VR Queen Street Auckland,2026-10-12,Official site,88
2026-09-16 04:37:15,VR Queen Street Auckland,2026-10-12,Super.com,96
2026-09-16 04:37:15,VR Queen Street Auckland,2026-10-12,Hotels.com,109
2026-09-16 04:37:15,VR Queen Street Auckland,2026-10-12,Booking.com,113
2026-09-16 04:37:21,VR Auckland City,2026-10-12,Official site,84
2026-09-16 04:37:21,VR Auckland City,2026-10-12,Super.com,102
2026-09-16 04:37:21,VR Auckland City,2026-10-12,Booking.com,131
2026-09-16 04:37:21,VR Auckland City,2026-10-12,Expedia,131
2026-09-16 04:37:28,VR Queen Street Auckland,2026-10-13,Official site,90
2026-09-16 04:37:28,VR Queen Street Auckland,2026-10-13,Super.com,99
2026-09-16 04:37:28,VR Queen Street Auckland,2026-10-13,Hotels.com,109
2026-09-16 04:37:28,VR Queen Street Auckland,2026-10-13,Booking.com,113
2026-09-16 04:37:34,VR Auckland City,2026-10-13,Official site,84
2026-09-16 04:37:34,VR Auckland City,2026-10-13,Super.com,92
2026-09-16 04:37:34,VR Auckland City,2026-10-13,Booking.com,112
2026-09-16 04:37:41,VR Queen Street Auckland,2026-10-14,Official site,95
2026-09-16 04:37:41,VR Queen Street Auckland,2026-10-14,Super.com,95
2026-09-16 04:37:41,VR Queen Street Auckland,2026-10-14,Hotels.com,109
2026-09-16 04:37:41,VR Queen Street Auckland,2026-10-14,Booking.com,113
2026-09-16 04:37:47,VR Auckland City,2026-10-14,Official site,84
2026-09-16 04:37:47,VR Auckland City,2026-10-14,Super.com,91
2026-09-16 04:37:47,VR Auckland City,2026-10-14,Booking.com,117
2026-09-16 04:37:47,VR Auckland City,2026-10-14,Expedia,117
2026-09-16 04:37:54,VR Queen Street Auckland,2026-10-15,Super.com,97
2026-09-16 04:37:54,VR Queen Street Auckland,2026-10-15,Official site,107
2026-09-16 04:37:54,VR Queen Street Auckland,2026-10-15,Hotels.com,109
2026-09-16 04:37:54,VR Queen Street Auckland,2026-10-15,Booking.com,113
2026-09-16 04:38:01,VR Auckland City,2026-10-15,Official site,84
2026-09-16 04:38:01,VR Auckland City,2026-10-15,Super.com,98
2026-09-16 04:38:01,VR Auckland City,2026-10-15,Booking.com,117
2026-09-16 04:38:01,VR Auckland City,2026-10-15,Expedia,126
2026-09-16 04:38:05,VR Queen Street Auckland,2026-10-16,Super.com,131
2026-09-16 04:38:05,VR Queen Street Auckland,2026-10-16,Expedia,153
2026-09-16 04:38:05,VR Queen Street Auckland,2026-10-16,Booking.com,155
2026-09-16 04:38:05,VR Queen Street Auckland,2026-10-16,Official site,172
2026-09-16 04:38:12,VR Auckland City,2026-10-16,Official site,102
2026-09-16 04:38:12,VR Auckland City,2026-10-16,Booking.com,186
2026-09-16 04:38:18,VR Queen Street Auckland,2026-10-17,Official site,69
2026-09-16 04:38:18,VR Queen Street Auckland,2026-10-17,Super.com,212
2026-09-16 04:38:18,VR Queen Street Auckland,2026-10-17,Hotels.com,242
2026-09-16 04:38:18,VR Queen Street Auckland,2026-10-17,Booking.com,250
2026-09-16 04:38:25,VR Auckland City,2026-10-17,Official site,102
2026-09-16 04:38:25,VR Auckland City,2026-10-17,Super.com,538
2026-09-16 04:38:25,VR Auckland City,2026-10-17,Booking.com,639
2026-09-16 04:38:29,VR Queen Street Auckland,2026-10-18,Super.com,103
2026-09-16 04:38:29,VR Queen Street Auckland,2026-10-18,Hotels.com,116
2026-09-16 04:38:29,VR Queen Street Auckland,2026-10-18,Booking.com,121
2026-09-16 04:38:29,VR Queen Street Auckland,2026-10-18,Official site,135
2026-09-16 04:38:37,VR Auckland City,2026-10-18,Official site,84
2026-09-16 04:38:37,VR Auckland City,2026-10-18,Booking.com,149
2026-09-16 04:38:43,VR Queen Street Auckland,2026-10-19,Official site,93
2026-09-16 04:38:43,VR Queen Street Auckland,2026-10-19,Super.com,103
2026-09-16 04:38:43,VR Queen Street Auckland,2026-10-19,Booking.com,121
2026-09-16 04:38:49,VR Auckland City,2026-10-19,Official site,84
2026-09-16 04:38:49,VR Auckland City,2026-10-19,Super.com,144
2026-09-16 04:38:49,VR Auckland City,2026-10-19,Booking.com,183
2026-09-16 04:38:54,VR Queen Street Auckland,2026-10-20,Official site,93
2026-09-16 04:38:54,VR Queen Street Auckland,2026-10-20,Super.com,156
2026-09-16 04:38:54,VR Queen Street Auckland,2026-10-20,Booking.com,184
2026-09-16 04:38:54,VR Queen Street Auckland,2026-10-20,Hotels.com,198
2026-09-16 04:39:01,VR Auckland City,2026-10-20,Official site,84
2026-09-16 04:39:01,VR Auckland City,2026-10-20,Super.com,156
2026-09-16 04:39:01,VR Auckland City,2026-10-20,Expedia,199
2026-09-16 04:39:01,VR Auckland City,2026-10-20,Booking.com,199
2026-09-16 04:39:07,VR Queen Street Auckland,2026-10-21,Official site,136
2026-09-16 04:39:07,VR Queen Street Auckland,2026-10-21,Super.com,158
2026-09-16 04:39:07,VR Queen Street Auckland,2026-10-21,Hotels.com,180
2026-09-16 04:39:07,VR Queen Street Auckland,2026-10-21,Booking.com,184
2026-09-16 04:39:14,VR Auckland City,2026-10-21,Super.com,128
2026-09-16 04:39:14,VR Auckland City,2026-10-21,Official site,136
2026-09-16 04:39:14,VR Auckland City,2026-10-21,Booking.com,170
2026-09-16 04:39:20,VR Queen Street Auckland,2026-10-22,Super.com,134
2026-09-16 04:39:20,VR Queen Street Auckland,2026-10-22,Hotels.com,146
2026-09-16 04:39:20,VR Queen Street Auckland,2026-10-22,Booking.com,151
2026-09-16 04:39:20,VR Queen Street Auckland,2026-10-22,Official site,167
2026-09-16 04:39:27,VR Auckland City,2026-10-22,Official site,84
2026-09-16 04:39:27,VR Auckland City,2026-10-22,Booking.com,218
2026-09-16 04:39:27,VR Auckland City,2026-10-22,Expedia,218
2026-09-16 04:39:33,VR Queen Street Auckland,2026-10-23,Super.com,181
2026-09-16 04:39:33,VR Queen Street Auckland,2026-10-23,Booking.com,214
2026-09-16 04:39:33,VR Queen Street Auckland,2026-10-23,Expedia,216
2026-09-16 04:39:33,VR Queen Street Auckland,2026-10-23,Official site,237
2026-09-16 04:39:38,VR Auckland City,2026-10-23,Official site,102
2026-09-16 04:39:38,VR Auckland City,2026-10-23,Booking.com,465
2026-09-16 04:39:38,VR Auckland City,2026-10-23,Expedia,465
2026-09-16 04:39:42,VR Queen Street Auckland,2026-10-24,Super.com,195
2026-09-16 04:39:42,VR Queen Street Auckland,2026-10-24,Hotels.com,224
2026-09-16 04:39:42,VR Queen Street Auckland,2026-10-24,Booking.com,230
2026-09-16 04:39:42,VR Queen Street Auckland,2026-10-24,Official site,243
2026-09-16 04:39:49,VR Auckland City,2026-10-24,Official site,102
2026-09-16 04:39:49,VR Auckland City,2026-10-24,Booking.com,289
2026-09-16 04:39:49,VR Auckland City,2026-10-24,Agoda,311
2026-09-16 04:39:55,VR Queen Street Auckland,2026-10-25,Official site,182
2026-09-16 04:39:55,VR Queen Street Auckland,2026-10-25,Super.com,232
2026-09-16 04:39:55,VR Queen Street Auckland,2026-10-25,Booking.com,250
2026-09-16 04:39:55,VR Queen Street Auckland,2026-10-25,Expedia,250
2026-09-16 04:40:02,VR Auckland City,2026-10-25,Official site,84
2026-09-16 04:40:02,VR Auckland City,2026-10-25,Super.com,96
2026-09-16 04:40:02,VR Auckland City,2026-10-25,Expedia,127
2026-09-16 04:40:02,VR Auckland City,2026-10-25,Booking.com,149
2026-09-16 04:40:08,VR Queen Street Auckland,2026-10-26,Super.com,96
2026-09-16 04:40:08,VR Queen Street Auckland,2026-10-26,Hotels.com,109
2026-09-16 04:40:08,VR Queen Street Auckland,2026-10-26,Booking.com,113
2026-09-16 04:40:08,VR Queen Street Auckland,2026-10-26,Official site,125
2026-09-16 04:40:15,VR Auckland City,2026-10-26,Official site,84
2026-09-16 04:40:15,VR Auckland City,2026-10-26,Super.com,90
2026-09-16 04:40:15,VR Auckland City,2026-10-26,Booking.com,119
2026-09-16 04:40:22,VR Queen Street Auckland,2026-10-27,Super.com,96
2026-09-16 04:40:22,VR Queen Street Auckland,2026-10-27,Expedia,111
2026-09-16 04:40:22,VR Queen Street Auckland,2026-10-27,Booking.com,113
2026-09-16 04:40:22,VR Queen Street Auckland,2026-10-27,Official site,125
2026-09-16 04:40:28,VR Auckland City,2026-10-27,Official site,84
2026-09-16 04:40:28,VR Auckland City,2026-10-27,Booking.com,140
2026-09-16 04:40:35,VR Queen Street Auckland,2026-10-28,Super.com,97
2026-09-16 04:40:35,VR Queen Street Auckland,2026-10-28,Hotels.com,108
2026-09-16 04:40:35,VR Queen Street Auckland,2026-10-28,Booking.com,108
2026-09-16 04:40:35,VR Queen Street Auckland,2026-10-28,Official site,186
2026-09-16 04:40:42,VR Auckland City,2026-10-28,Official site,84
2026-09-16 04:40:42,VR Auckland City,2026-10-28,Super.com,90
2026-09-16 04:40:42,VR Auckland City,2026-10-28,Booking.com,140
2026-09-16 04:40:48,VR Queen Street Auckland,2026-10-29,Official site,94
2026-09-16 04:40:48,VR Queen Street Auckland,2026-10-29,Super.com,95
2026-09-16 04:40:48,VR Queen Street Auckland,2026-10-29,Booking.com,113
2026-09-16 04:40:48,VR Queen Street Auckland,2026-10-29,Expedia,122
2026-09-16 04:40:55,VR Auckland City,2026-10-29,Official site,84
2026-09-16 04:40:55,VR Auckland City,2026-10-29,Expedia,140
2026-09-16 04:40:55,VR Auckland City,2026-10-29,Booking.com,140
2026-09-16 04:41:01,VR Queen Street Auckland,2026-10-30,Super.com,119
2026-09-16 04:41:01,VR Queen Street Auckland,2026-10-30,Hotels.com,146
2026-09-16 04:41:01,VR Queen Street Auckland,2026-10-30,Booking.com,151
2026-09-16 04:41:01,VR Queen Street Auckland,2026-10-30,Official site,159
2026-09-16 04:41:08,VR Auckland City,2026-10-30,Official site,102
2026-09-16 04:41:08,VR Auckland City,2026-10-30,Hotels.com,125
2026-09-16 04:41:08,VR Auckland City,2026-10-30,Expedia,194
2026-09-16 04:41:14,VR Queen Street Auckland,2026-10-31,Official site,124
2026-09-16 04:41:14,VR Queen Street Auckland,2026-10-31,Super.com,124
2026-09-16 04:41:14,VR Queen Street Auckland,2026-10-31,Hotels.com,146
2026-09-16 04:41:14,VR Queen Street Auckland,2026-10-31,Booking.com,151
2026-09-16 04:41:20,VR Auckland City,2026-10-31,Official site,102
2026-09-16 04:41:20,VR Auckland City,2026-10-31,Expedia,170
2026-09-16 04:41:20,VR Auckland City,2026-10-31,Agoda,170
2026-09-16 04:41:20,VR Auckland City,2026-10-31,Booking.com,196
2026-09-16 04:41:27,VR Queen Street Auckland,2026-11-01,Super.com,99
2026-09-16 04:41:27,VR Queen Street Auckland,2026-11-01,Hotels.com,121
2026-09-16 04:41:27,VR Queen Street Auckland,2026-11-01,Booking.com,126
2026-09-16 04:41:27,VR Queen Street Auckland,2026-11-01,Official site,139
2026-09-16 04:41:33,VR Auckland City,2026-11-01,Official site,107
2026-09-16 04:41:33,VR Auckland City,2026-11-01,Super.com,119
2026-09-16 04:41:33,VR Auckland City,2026-11-01,Booking.com,173
2026-09-16 04:41:39,VR Queen Street Auckland,2026-11-02,Super.com,103
2026-09-16 04:41:39,VR Queen Street Auckland,2026-11-02,Hotels.com,121
2026-09-16 04:41:39,VR Queen Street Auckland,2026-11-02,Booking.com,126
2026-09-16 04:41:39,VR Queen Street Auckland,2026-11-02,Official site,139
2026-09-16 04:41:46,VR Auckland City,2026-11-02,Official site,107
2026-09-16 04:41:46,VR Auckland City,2026-11-02,Booking.com,154
2026-09-16 04:41:50,VR Queen Street Auckland,2026-11-03,Super.com,105
2026-09-16 04:41:50,VR Queen Street Auckland,2026-11-03,Official site,113
2026-09-16 04:41:50,VR Queen Street Auckland,2026-11-03,Hotels.com,120
2026-09-16 04:41:50,VR Queen Street Auckland,2026-11-03,Booking.com,126
2026-09-16 04:41:57,VR Auckland City,2026-11-03,Official site,107
2026-09-16 04:41:57,VR Auckland City,2026-11-03,Hotels.com,157
2026-09-16 04:41:57,VR Auckland City,2026-11-03,Booking.com,169
2026-09-16 04:42:03,VR Queen Street Auckland,2026-11-04,Super.com,139
2026-09-16 04:42:03,VR Queen Street Auckland,2026-11-04,Hotels.com,162
2026-09-16 04:42:03,VR Queen Street Auckland,2026-11-04,Booking.com,167
2026-09-16 04:42:03,VR Queen Street Auckland,2026-11-04,Official site,186
2026-09-16 04:42:10,VR Auckland City,2026-11-04,Official site,107
2026-09-16 04:42:10,VR Auckland City,2026-11-04,Booking.com,180
2026-09-16 04:42:16,VR Queen Street Auckland,2026-11-05,Super.com,152
2026-09-16 04:42:16,VR Queen Street Auckland,2026-11-05,Hotels.com,178
2026-09-16 04:42:16,VR Queen Street Auckland,2026-11-05,Booking.com,184
2026-09-16 04:42:16,VR Queen Street Auckland,2026-11-05,Official site,204
2026-09-16 04:42:22,VR Auckland City,2026-11-05,Official site,107
2026-09-16 04:42:22,VR Auckland City,2026-11-05,Super.com,118
2026-09-16 04:42:22,VR Auckland City,2026-11-05,Expedia,272
2026-09-16 04:42:26,VR Queen Street Auckland,2026-11-06,Official site,152
2026-09-16 04:42:26,VR Queen Street Auckland,2026-11-06,Super.com,152
2026-09-16 04:42:26,VR Queen Street Auckland,2026-11-06,Expedia,183
2026-09-16 04:42:26,VR Queen Street Auckland,2026-11-06,Booking.com,184
2026-09-16 04:42:33,VR Auckland City,2026-11-06,Official site,125
2026-09-16 04:42:33,VR Auckland City,2026-11-06,Booking.com,383
2026-09-16 04:42:39,VR Queen Street Auckland,2026-11-07,Super.com,296
2026-09-16 04:42:39,VR Queen Street Auckland,2026-11-07,Official site,298
2026-09-16 04:42:39,VR Queen Street Auckland,2026-11-07,Booking.com,360
2026-09-16 04:42:46,VR Auckland City,2026-11-07,Official site,204
2026-09-16 04:42:46,VR Auckland City,2026-11-07,Hotels.com,440
2026-09-16 04:42:46,VR Auckland City,2026-11-07,Booking.com,598
2026-09-16 04:42:53,VR Queen Street Auckland,2026-11-08,Super.com,229
2026-09-16 04:42:53,VR Queen Street Auckland,2026-11-08,Hotels.com,286
2026-09-16 04:42:53,VR Queen Street Auckland,2026-11-08,Booking.com,293
2026-09-16 04:42:53,VR Queen Street Auckland,2026-11-08,Official site,302
2026-09-16 04:42:59,VR Auckland City,2026-11-08,Expedia,316
2026-09-16 04:42:59,VR Auckland City,2026-11-08,Booking.com,316
2026-09-16 04:42:59,VR Auckland City,2026-11-08,Official site,410
2026-09-16 04:43:05,VR Queen Street Auckland,2026-11-09,Super.com,174
2026-09-16 04:43:05,VR Queen Street Auckland,2026-11-09,Booking.com,209
2026-09-16 04:43:05,VR Queen Street Auckland,2026-11-09,Expedia,209
2026-09-16 04:43:05,VR Queen Street Auckland,2026-11-09,Official site,232
2026-09-16 04:43:12,VR Auckland City,2026-11-09,Official site,107
2026-09-16 04:43:12,VR Auckland City,2026-11-09,Super.com,118
2026-09-16 04:43:12,VR Auckland City,2026-11-09,Expedia,157
2026-09-16 04:43:12,VR Auckland City,2026-11-09,Booking.com,218
2026-09-16 04:43:16,VR Queen Street Auckland,2026-11-10,Super.com,107
2026-09-16 04:43:16,VR Queen Street Auckland,2026-11-10,Booking.com,130
2026-09-16 04:43:16,VR Queen Street Auckland,2026-11-10,Expedia,131
2026-09-16 04:43:16,VR Queen Street Auckland,2026-11-10,Official site,144
2026-09-16 04:43:23,VR Auckland City,2026-11-10,Official site,97
2026-09-16 04:43:23,VR Auckland City,2026-11-10,Super.com,118
2026-09-16 04:43:23,VR Auckland City,2026-11-10,Booking.com,203
2026-09-16 04:43:29,VR Queen Street Auckland,2026-11-11,Super.com,148
2026-09-16 04:43:29,VR Queen Street Auckland,2026-11-11,Hotels.com,182
2026-09-16 04:43:29,VR Queen Street Auckland,2026-11-11,Booking.com,188
2026-09-16 04:43:29,VR Queen Street Auckland,2026-11-11,Official site,209
2026-09-16 04:43:36,VR Auckland City,2026-11-11,Official site,111
2026-09-16 04:43:36,VR Auckland City,2026-11-11,Super.com,117
2026-09-16 04:43:36,VR Auckland City,2026-11-11,Booking.com,224
2026-09-16 04:43:36,VR Auckland City,2026-11-11,Expedia,224
2026-09-16 04:43:43,VR Queen Street Auckland,2026-11-12,Super.com,146
2026-09-16 04:43:43,VR Queen Street Auckland,2026-11-12,Expedia,187
2026-09-16 04:43:43,VR Queen Street Auckland,2026-11-12,Booking.com,188
2026-09-16 04:43:43,VR Queen Street Auckland,2026-11-12,Official site,209
2026-09-16 04:43:50,VR Auckland City,2026-11-12,Official site,111
2026-09-16 04:43:50,VR Auckland City,2026-11-12,Booking.com,168
2026-09-16 04:43:56,VR Queen Street Auckland,2026-11-13,Super.com,137
2026-09-16 04:43:56,VR Queen Street Auckland,2026-11-13,Official site,147
2026-09-16 04:43:56,VR Queen Street Auckland,2026-11-13,Hotels.com,161
2026-09-16 04:43:56,VR Queen Street Auckland,2026-11-13,Booking.com,167
2026-09-16 04:44:03,VR Auckland City,2026-11-13,Official site,125
2026-09-16 04:44:03,VR Auckland City,2026-11-13,Booking.com,230
2026-09-16 04:44:09,VR Queen Street Auckland,2026-11-14,Super.com,138
2026-09-16 04:44:09,VR Queen Street Auckland,2026-11-14,Hotels.com,161
2026-09-16 04:44:09,VR Queen Street Auckland,2026-11-14,Booking.com,167
2026-09-16 04:44:09,VR Queen Street Auckland,2026-11-14,Official site,185
2026-09-16 04:44:15,VR Auckland City,2026-11-14,Official site,125
2026-09-16 04:44:15,VR Auckland City,2026-11-14,Booking.com,295
2026-09-16 04:44:21,VR Queen Street Auckland,2026-11-15,Super.com,111
2026-09-16 04:44:21,VR Queen Street Auckland,2026-11-15,Hotels.com,128
2026-09-16 04:44:21,VR Queen Street Auckland,2026-11-15,Booking.com,134
2026-09-16 04:44:21,VR Queen Street Auckland,2026-11-15,Official site,149
2026-09-16 04:44:28,VR Auckland City,2026-11-15,Official site,107
2026-09-16 04:44:28,VR Auckland City,2026-11-15,Super.com,120
2026-09-16 04:44:28,VR Auckland City,2026-11-15,Expedia,200
2026-09-16 04:44:28,VR Auckland City,2026-11-15,Booking.com,200
2026-09-16 04:44:34,VR Queen Street Auckland,2026-11-16,Super.com,111
2026-09-16 04:44:34,VR Queen Street Auckland,2026-11-16,Booking.com,134
2026-09-16 04:44:34,VR Queen Street Auckland,2026-11-16,Hotels.com,144
2026-09-16 04:44:34,VR Queen Street Auckland,2026-11-16,Official site,149
2026-09-16 04:44:41,VR Auckland City,2026-11-16,Official site,107
2026-09-16 04:44:41,VR Auckland City,2026-11-16,Super.com,119
2026-09-16 04:44:41,VR Auckland City,2026-11-16,Booking.com,223
2026-09-16 04:44:47,VR Queen Street Auckland,2026-11-17,Official site,94
2026-09-16 04:44:47,VR Queen Street Auckland,2026-11-17,Super.com,106
2026-09-16 04:44:47,VR Queen Street Auckland,2026-11-17,Hotels.com,128
2026-09-16 04:44:47,VR Queen Street Auckland,2026-11-17,Booking.com,134
2026-09-16 04:44:54,VR Auckland City,2026-11-17,Official site,94
2026-09-16 04:44:54,VR Auckland City,2026-11-17,Super.com,120
2026-09-16 04:44:54,VR Auckland City,2026-11-17,Booking.com,246
2026-09-16 04:51:08,VR Queen Street Auckland,2026-09-16,Super.com,127
2026-09-16 04:51:08,VR Queen Street Auckland,2026-09-16,Booking.com,141
2026-09-16 04:51:08,VR Queen Street Auckland,2026-09-16,Hotels.com,145
2026-09-16 04:51:08,VR Queen Street Auckland,2026-09-16,Official site,156
2026-09-16 04:51:13,VR Auckland City,2026-09-16,Official site,79
2026-09-16 04:51:13,VR Auckland City,2026-09-16,Trip.com,119
2026-09-16 04:51:13,VR Auckland City,2026-09-16,Booking.com,135
2026-09-16 04:51:13,VR Auckland City,2026-09-16,Hotels.com,145
2026-09-16 04:51:18,VR Queen Street Auckland,2026-09-17,Super.com,107
2026-09-16 04:51:18,VR Queen Street Auckland,2026-09-17,Booking.com,131
2026-09-16 04:51:18,VR Queen Street Auckland,2026-09-17,Expedia,133
2026-09-16 04:51:18,VR Queen Street Auckland,2026-09-17,Official site,145
2026-09-16 04:51:24,VR Auckland City,2026-09-17,Official site,81
2026-09-16 04:51:24,VR Auckland City,2026-09-17,Super.com,130
2026-09-16 04:51:24,VR Auckland City,2026-09-17,Booking.com,152
2026-09-16 04:51:24,VR Auckland City,2026-09-17,Hotels.com,163
2026-09-16 04:51:29,VR Queen Street Auckland,2026-09-18,Super.com,129
2026-09-16 04:51:29,VR Queen Street Auckland,2026-09-18,Hotels.com,144
2026-09-16 04:51:29,VR Queen Street Auckland,2026-09-18,Booking.com,151
2026-09-16 04:51:29,VR Queen Street Auckland,2026-09-18,Official site,167
2026-09-16 04:51:34,VR Auckland City,2026-09-18,Official site,88
2026-09-16 04:51:34,VR Auckland City,2026-09-18,Super.com,111
2026-09-16 04:51:34,VR Auckland City,2026-09-18,Booking.com,130
2026-09-16 04:51:34,VR Auckland City,2026-09-18,Expedia,140
2026-09-16 04:51:39,VR Queen Street Auckland,2026-09-19,Super.com,135
2026-09-16 04:51:39,VR Queen Street Auckland,2026-09-19,Hotels.com,152
2026-09-16 04:51:39,VR Queen Street Auckland,2026-09-19,Booking.com,157
2026-09-16 04:51:39,VR Queen Street Auckland,2026-09-19,Official site,175
2026-09-16 04:51:44,VR Auckland City,2026-09-19,Official site,88
2026-09-16 04:51:44,VR Auckland City,2026-09-19,Super.com,115
2026-09-16 04:51:44,VR Auckland City,2026-09-19,Booking.com,135
2026-09-16 04:51:44,VR Auckland City,2026-09-19,Expedia,145
2026-09-16 04:51:49,VR Queen Street Auckland,2026-09-20,Official site,78
2026-09-16 04:51:49,VR Queen Street Auckland,2026-09-20,Super.com,78
2026-09-16 04:51:49,VR Queen Street Auckland,2026-09-20,Hotels.com,87
2026-09-16 04:51:49,VR Queen Street Auckland,2026-09-20,Booking.com,92
2026-09-16 04:51:57,VR Auckland City,2026-09-20,Official site,74
2026-09-16 04:51:57,VR Auckland City,2026-09-20,Super.com,85
2026-09-16 04:51:57,VR Auckland City,2026-09-20,Booking.com,108
2026-09-16 04:51:57,VR Auckland City,2026-09-20,Expedia,108
2026-09-16 04:52:02,VR Queen Street Auckland,2026-09-21,Super.com,79
2026-09-16 04:52:02,VR Queen Street Auckland,2026-09-21,Expedia,89
2026-09-16 04:52:02,VR Queen Street Auckland,2026-09-21,Official site,90
2026-09-16 04:52:02,VR Queen Street Auckland,2026-09-21,Booking.com,92
2026-09-16 04:52:10,VR Auckland City,2026-09-21,Official site,74
2026-09-16 04:52:10,VR Auckland City,2026-09-21,Super.com,84
2026-09-16 04:52:10,VR Auckland City,2026-09-21,Booking.com,100
2026-09-16 04:52:10,VR Auckland City,2026-09-21,Agoda,108
2026-09-16 04:52:15,VR Queen Street Auckland,2026-09-22,Super.com,81
2026-09-16 04:52:15,VR Queen Street Auckland,2026-09-22,Hotels.com,90
2026-09-16 04:52:15,VR Queen Street Auckland,2026-09-22,Booking.com,95
2026-09-16 04:52:15,VR Queen Street Auckland,2026-09-22,Official site,105
2026-09-16 04:52:20,VR Auckland City,2026-09-22,Official site,74
2026-09-16 04:52:20,VR Auckland City,2026-09-22,Super.com,87
2026-09-16 04:52:20,VR Auckland City,2026-09-22,Booking.com,104
2026-09-16 04:52:20,VR Auckland City,2026-09-22,Hotels.com,112
2026-09-16 04:52:24,VR Queen Street Auckland,2026-09-23,Super.com,78
2026-09-16 04:52:24,VR Queen Street Auckland,2026-09-23,Booking.com,91
2026-09-16 04:52:24,VR Queen Street Auckland,2026-09-23,Hotels.com,98
2026-09-16 04:52:24,VR Queen Street Auckland,2026-09-23,Official site,101
2026-09-16 04:52:29,VR Auckland City,2026-09-23,Official site,74
2026-09-16 04:52:29,VR Auckland City,2026-09-23,Super.com,87
2026-09-16 04:52:29,VR Auckland City,2026-09-23,Booking.com,104
2026-09-16 04:52:29,VR Auckland City,2026-09-23,Expedia,112
2026-09-16 04:52:34,VR Queen Street Auckland,2026-09-24,Super.com,77
2026-09-16 04:52:34,VR Queen Street Auckland,2026-09-24,Hotels.com,87
2026-09-16 04:52:34,VR Queen Street Auckland,2026-09-24,Booking.com,91
2026-09-16 04:52:34,VR Queen Street Auckland,2026-09-24,Official site,101
2026-09-16 04:52:39,VR Auckland City,2026-09-24,Official site,84
2026-09-16 04:52:39,VR Auckland City,2026-09-24,Super.com,87
2026-09-16 04:52:39,VR Auckland City,2026-09-24,Booking.com,104
2026-09-16 04:52:39,VR Auckland City,2026-09-24,Expedia,112
2026-09-16 04:52:43,VR Queen Street Auckland,2026-09-25,Super.com,114
2026-09-16 04:52:43,VR Queen Street Auckland,2026-09-25,Hotels.com,130
2026-09-16 04:52:43,VR Queen Street Auckland,2026-09-25,Booking.com,134
2026-09-16 04:52:43,VR Queen Street Auckland,2026-09-25,Official site,149
2026-09-16 04:52:48,VR Auckland City,2026-09-25,Official site,97
2026-09-16 04:52:48,VR Auckland City,2026-09-25,Super.com,116
2026-09-16 04:52:48,VR Auckland City,2026-09-25,Booking.com,139
2026-09-16 04:52:48,VR Auckland City,2026-09-25,Expedia,149
2026-09-16 04:52:53,VR Queen Street Auckland,2026-09-26,Super.com,118
2026-09-16 04:52:53,VR Queen Street Auckland,2026-09-26,Official site,123
2026-09-16 04:52:53,VR Queen Street Auckland,2026-09-26,Hotels.com,131
2026-09-16 04:52:53,VR Queen Street Auckland,2026-09-26,Booking.com,138
2026-09-16 04:53:00,VR Auckland City,2026-09-26,Official site,97
2026-09-16 04:53:00,VR Auckland City,2026-09-26,Super.com,170
2026-09-16 04:53:00,VR Auckland City,2026-09-26,Booking.com,194
2026-09-16 04:53:00,VR Auckland City,2026-09-26,Expedia,208
2026-09-16 04:53:07,VR Queen Street Auckland,2026-09-27,Official site,73
2026-09-16 04:53:07,VR Queen Street Auckland,2026-09-27,Super.com,80
2026-09-16 04:53:07,VR Queen Street Auckland,2026-09-27,Hotels.com,91
2026-09-16 04:53:07,VR Queen Street Auckland,2026-09-27,Booking.com,94
2026-09-16 04:53:14,VR Auckland City,2026-09-27,Official site,74
2026-09-16 04:53:14,VR Auckland City,2026-09-27,Super.com,110
2026-09-16 04:53:14,VR Auckland City,2026-09-27,Booking.com,140
2026-09-16 04:53:14,VR Auckland City,2026-09-27,Agoda,140
2026-09-16 04:53:18,VR Queen Street Auckland,2026-09-28,Official site,79
2026-09-16 04:53:18,VR Queen Street Auckland,2026-09-28,Super.com,79
2026-09-16 04:53:18,VR Queen Street Auckland,2026-09-28,Hotels.com,89
2026-09-16 04:53:18,VR Queen Street Auckland,2026-09-28,Booking.com,94
2026-09-16 04:53:25,VR Auckland City,2026-09-28,Official site,79
2026-09-16 04:53:25,VR Auckland City,2026-09-28,Super.com,83
2026-09-16 04:53:25,VR Auckland City,2026-09-28,Booking.com,108
2026-09-16 04:53:25,VR Auckland City,2026-09-28,Hotels.com,108
2026-09-16 04:53:31,VR Queen Street Auckland,2026-09-29,Super.com,80
2026-09-16 04:53:31,VR Queen Street Auckland,2026-09-29,Hotels.com,91
2026-09-16 04:53:31,VR Queen Street Auckland,2026-09-29,Booking.com,94
2026-09-16 04:53:31,VR Queen Street Auckland,2026-09-29,Official site,104
2026-09-16 04:53:36,VR Auckland City,2026-09-29,Official site,74
2026-09-16 04:53:36,VR Auckland City,2026-09-29,Super.com,87
2026-09-16 04:53:36,VR Auckland City,2026-09-29,Booking.com,104
2026-09-16 04:53:36,VR Auckland City,2026-09-29,Hotels.com,112
2026-09-16 04:53:42,VR Queen Street Auckland,2026-09-30,Super.com,85
2026-09-16 04:53:42,VR Queen Street Auckland,2026-09-30,Hotels.com,95
2026-09-16 04:53:42,VR Queen Street Auckland,2026-09-30,Booking.com,100
2026-09-16 04:53:42,VR Queen Street Auckland,2026-09-30,Official site,111
2026-09-16 04:53:49,VR Auckland City,2026-09-30,Official site,84
2026-09-16 04:53:49,VR Auckland City,2026-09-30,Booking.com,104
2026-09-16 04:53:49,VR Auckland City,2026-09-30,Expedia,112
2026-09-16 04:53:56,VR Queen Street Auckland,2026-10-01,Super.com,94
2026-09-16 04:53:56,VR Queen Street Auckland,2026-10-01,Hotels.com,110
2026-09-16 04:53:56,VR Queen Street Auckland,2026-10-01,Booking.com,113
2026-09-16 04:53:56,VR Queen Street Auckland,2026-10-01,Official site,125
2026-09-16 04:54:02,VR Auckland City,2026-10-01,Official site,84
2026-09-16 04:54:02,VR Auckland City,2026-10-01,Super.com,93
2026-09-16 04:54:02,VR Auckland City,2026-10-01,Booking.com,109
2026-09-16 04:54:02,VR Auckland City,2026-10-01,Expedia,117
2026-09-16 04:54:09,VR Queen Street Auckland,2026-10-02,Official site,96
2026-09-16 04:54:09,VR Queen Street Auckland,2026-10-02,Super.com,112
2026-09-16 04:54:09,VR Queen Street Auckland,2026-10-02,Booking.com,130
2026-09-16 04:54:09,VR Queen Street Auckland,2026-10-02,Hotels.com,140
2026-09-16 04:54:16,VR Auckland City,2026-10-02,Official site,102
2026-09-16 04:54:16,VR Auckland City,2026-10-02,Super.com,112
2026-09-16 04:54:16,VR Auckland City,2026-10-02,Booking.com,135
2026-09-16 04:54:16,VR Auckland City,2026-10-02,Expedia,136
2026-09-16 04:54:20,VR Queen Street Auckland,2026-10-03,Super.com,121
2026-09-16 04:54:20,VR Queen Street Auckland,2026-10-03,Hotels.com,137
2026-09-16 04:54:20,VR Queen Street Auckland,2026-10-03,Booking.com,142
2026-09-16 04:54:20,VR Queen Street Auckland,2026-10-03,Official site,158
2026-09-16 04:54:27,VR Auckland City,2026-10-03,Official site,102
2026-09-16 04:54:27,VR Auckland City,2026-10-03,Booking.com,155
2026-09-16 04:54:27,VR Auckland City,2026-10-03,Expedia,167
2026-09-16 04:54:32,VR Queen Street Auckland,2026-10-04,Super.com,89
2026-09-16 04:54:32,VR Queen Street Auckland,2026-10-04,Expedia,103
2026-09-16 04:54:32,VR Queen Street Auckland,2026-10-04,Booking.com,106
2026-09-16 04:54:32,VR Queen Street Auckland,2026-10-04,Official site,117
2026-09-16 04:54:36,VR Auckland City,2026-10-04,Official site,84
2026-09-16 04:54:36,VR Auckland City,2026-10-04,Expedia,139
2026-09-16 04:54:36,VR Auckland City,2026-10-04,Booking.com,139
2026-09-16 04:54:43,VR Queen Street Auckland,2026-10-05,Super.com,90
2026-09-16 04:54:43,VR Queen Street Auckland,2026-10-05,Booking.com,106
2026-09-16 04:54:43,VR Queen Street Auckland,2026-10-05,Expedia,106
2026-09-16 04:54:43,VR Queen Street Auckland,2026-10-05,Official site,117
2026-09-16 04:54:50,VR Auckland City,2026-10-05,Official site,84
2026-09-16 04:54:50,VR Auckland City,2026-10-05,Super.com,112
2026-09-16 04:54:50,VR Auckland City,2026-10-05,Booking.com,133
2026-09-16 04:54:50,VR Auckland City,2026-10-05,Expedia,139
2026-09-16 04:54:57,VR Queen Street Auckland,2026-10-06,Super.com,90
2026-09-16 04:54:57,VR Queen Street Auckland,2026-10-06,Expedia,102
2026-09-16 04:54:57,VR Queen Street Auckland,2026-10-06,Booking.com,106
2026-09-16 04:54:57,VR Queen Street Auckland,2026-10-06,Official site,117
2026-09-16 04:55:03,VR Auckland City,2026-10-06,Official site,84
2026-09-16 04:55:03,VR Auckland City,2026-10-06,Super.com,107
2026-09-16 04:55:03,VR Auckland City,2026-10-06,Booking.com,139
2026-09-16 04:55:03,VR Auckland City,2026-10-06,Expedia,139
2026-09-16 04:55:10,VR Queen Street Auckland,2026-10-07,Super.com,86
2026-09-16 04:55:10,VR Queen Street Auckland,2026-10-07,Official site,90
2026-09-16 04:55:10,VR Queen Street Auckland,2026-10-07,Hotels.com,97
2026-09-16 04:55:10,VR Queen Street Auckland,2026-10-07,Booking.com,100
2026-09-16 04:55:16,VR Auckland City,2026-10-07,Official site,84
2026-09-16 04:55:16,VR Auckland City,2026-10-07,Booking.com,139
2026-09-16 04:55:16,VR Auckland City,2026-10-07,Expedia,139
2026-09-16 04:55:22,VR Queen Street Auckland,2026-10-08,Super.com,114
2026-09-16 04:55:22,VR Queen Street Auckland,2026-10-08,Hotels.com,128
2026-09-16 04:55:22,VR Queen Street Auckland,2026-10-08,Booking.com,134
2026-09-16 04:55:22,VR Queen Street Auckland,2026-10-08,Official site,149
2026-09-16 04:55:29,VR Auckland City,2026-10-08,Official site,84
2026-09-16 04:55:29,VR Auckland City,2026-10-08,Super.com,142
2026-09-16 04:55:29,VR Auckland City,2026-10-08,Booking.com,174
2026-09-16 04:55:29,VR Auckland City,2026-10-08,Expedia,185
2026-09-16 04:55:36,VR Queen Street Auckland,2026-10-09,Super.com,226
2026-09-16 04:55:36,VR Queen Street Auckland,2026-10-09,Hotels.com,257
2026-09-16 04:55:36,VR Queen Street Auckland,2026-10-09,Booking.com,264
2026-09-16 04:55:36,VR Queen Street Auckland,2026-10-09,Official site,292
2026-09-16 04:55:40,VR Auckland City,2026-10-09,Official site,102
2026-09-16 04:55:40,VR Auckland City,2026-10-09,Agoda,284
2026-09-16 04:55:40,VR Auckland City,2026-10-09,Expedia,330
2026-09-16 04:55:40,VR Auckland City,2026-10-09,Booking.com,331
2026-09-16 04:55:47,VR Queen Street Auckland,2026-10-10,Official site,90
2026-09-16 04:55:47,VR Queen Street Auckland,2026-10-10,Super.com,228
2026-09-16 04:55:47,VR Queen Street Auckland,2026-10-10,Booking.com,270
2026-09-16 04:55:47,VR Queen Street Auckland,2026-10-10,Expedia,272
2026-09-16 04:55:55,VR Auckland City,2026-10-10,Official site,90
2026-09-16 04:55:55,VR Auckland City,2026-10-10,Super.com,451
2026-09-16 04:55:55,VR Auckland City,2026-10-10,Booking.com,549
2026-09-16 04:55:55,VR Auckland City,2026-10-10,Expedia,590
2026-09-16 04:56:02,VR Queen Street Auckland,2026-10-11,Super.com,97
2026-09-16 04:56:02,VR Queen Street Auckland,2026-10-11,Booking.com,113
2026-09-16 04:56:02,VR Queen Street Auckland,2026-10-11,Expedia,122
2026-09-16 04:56:02,VR Queen Street Auckland,2026-10-11,Official site,125
2026-09-16 04:56:09,VR Auckland City,2026-10-11,Official site,84
2026-09-16 04:56:09,VR Auckland City,2026-10-11,Super.com,91
2026-09-16 04:56:09,VR Auckland City,2026-10-11,Booking.com,112
2026-09-16 04:56:09,VR Auckland City,2026-10-11,Expedia,112
2026-09-16 04:56:13,VR Queen Street Auckland,2026-10-12,Super.com,100
2026-09-16 04:56:13,VR Queen Street Auckland,2026-10-12,Hotels.com,109
2026-09-16 04:56:13,VR Queen Street Auckland,2026-10-12,Booking.com,113
2026-09-16 04:56:13,VR Queen Street Auckland,2026-10-12,Official site,125
2026-09-16 04:56:20,VR Auckland City,2026-10-12,Official site,84
2026-09-16 04:56:20,VR Auckland City,2026-10-12,Super.com,101
2026-09-16 04:56:20,VR Auckland City,2026-10-12,Booking.com,131
2026-09-16 04:56:20,VR Auckland City,2026-10-12,Expedia,131
2026-09-16 04:56:26,VR Queen Street Auckland,2026-10-13,Super.com,99
2026-09-16 04:56:26,VR Queen Street Auckland,2026-10-13,Official site,102
2026-09-16 04:56:26,VR Queen Street Auckland,2026-10-13,Hotels.com,109
2026-09-16 04:56:26,VR Queen Street Auckland,2026-10-13,Booking.com,113
2026-09-16 04:56:33,VR Auckland City,2026-10-13,Official site,84
2026-09-16 04:56:33,VR Auckland City,2026-10-13,Super.com,92
2026-09-16 04:56:33,VR Auckland City,2026-10-13,Booking.com,112
2026-09-16 04:56:33,VR Auckland City,2026-10-13,Expedia,117
2026-09-16 04:56:39,VR Queen Street Auckland,2026-10-14,Super.com,95
2026-09-16 04:56:39,VR Queen Street Auckland,2026-10-14,Hotels.com,109
2026-09-16 04:56:39,VR Queen Street Auckland,2026-10-14,Booking.com,113
2026-09-16 04:56:39,VR Queen Street Auckland,2026-10-14,Official site,125
2026-09-16 04:56:46,VR Auckland City,2026-10-14,Official site,84
2026-09-16 04:56:46,VR Auckland City,2026-10-14,Super.com,91
2026-09-16 04:56:46,VR Auckland City,2026-10-14,Booking.com,117
2026-09-16 04:56:46,VR Auckland City,2026-10-14,Agoda,117
2026-09-16 04:56:52,VR Queen Street Auckland,2026-10-15,Super.com,97
2026-09-16 04:56:52,VR Queen Street Auckland,2026-10-15,Hotels.com,109
2026-09-16 04:56:52,VR Queen Street Auckland,2026-10-15,Booking.com,113
2026-09-16 04:56:52,VR Queen Street Auckland,2026-10-15,Official site,125
2026-09-16 04:56:59,VR Auckland City,2026-10-15,Official site,84
2026-09-16 04:56:59,VR Auckland City,2026-10-15,Super.com,98
2026-09-16 04:56:59,VR Auckland City,2026-10-15,Booking.com,117
2026-09-16 04:56:59,VR Auckland City,2026-10-15,Expedia,126
2026-09-16 04:57:05,VR Queen Street Auckland,2026-10-16,Super.com,131
2026-09-16 04:57:05,VR Queen Street Auckland,2026-10-16,Official site,142
2026-09-16 04:57:05,VR Queen Street Auckland,2026-10-16,Expedia,153
2026-09-16 04:57:05,VR Queen Street Auckland,2026-10-16,Booking.com,155
2026-09-16 04:57:12,VR Auckland City,2026-10-16,Official site,102
2026-09-16 04:57:12,VR Auckland City,2026-10-16,Expedia,185
2026-09-16 04:57:12,VR Auckland City,2026-10-16,Booking.com,186
2026-09-16 04:57:18,VR Queen Street Auckland,2026-10-17,Official site,69
2026-09-16 04:57:18,VR Queen Street Auckland,2026-10-17,Super.com,212
2026-09-16 04:57:18,VR Queen Street Auckland,2026-10-17,Hotels.com,242
2026-09-16 04:57:18,VR Queen Street Auckland,2026-10-17,Booking.com,250
2026-09-16 04:57:25,VR Auckland City,2026-10-17,Official site,69
2026-09-16 04:57:25,VR Auckland City,2026-10-17,Super.com,538
2026-09-16 04:57:25,VR Auckland City,2026-10-17,Booking.com,639
2026-09-16 04:57:25,VR Auckland City,2026-10-17,Agoda,687
2026-09-16 04:57:31,VR Queen Street Auckland,2026-10-18,Official site,84
2026-09-16 04:57:31,VR Queen Street Auckland,2026-10-18,Super.com,103
2026-09-16 04:57:31,VR Queen Street Auckland,2026-10-18,Hotels.com,116
2026-09-16 04:57:31,VR Queen Street Auckland,2026-10-18,Booking.com,121
2026-09-16 04:57:38,VR Auckland City,2026-10-18,Official site,84
2026-09-16 04:57:38,VR Auckland City,2026-10-18,Booking.com,149
2026-09-16 04:57:38,VR Auckland City,2026-10-18,Expedia,149
2026-09-16 04:57:42,VR Queen Street Auckland,2026-10-19,Official site,93
2026-09-16 04:57:42,VR Queen Street Auckland,2026-10-19,Super.com,103
2026-09-16 04:57:42,VR Queen Street Auckland,2026-10-19,Booking.com,121
2026-09-16 04:57:49,VR Auckland City,2026-10-19,Official site,84
2026-09-16 04:57:49,VR Auckland City,2026-10-19,Super.com,144
2026-09-16 04:57:49,VR Auckland City,2026-10-19,Booking.com,183
2026-09-16 04:57:49,VR Auckland City,2026-10-19,Expedia,183
2026-09-16 04:57:55,VR Queen Street Auckland,2026-10-20,Official site,132
2026-09-16 04:57:55,VR Queen Street Auckland,2026-10-20,Super.com,156
2026-09-16 04:57:55,VR Queen Street Auckland,2026-10-20,Booking.com,184
2026-09-16 04:57:55,VR Queen Street Auckland,2026-10-20,Expedia,198
2026-09-16 04:58:01,VR Auckland City,2026-10-20,Official site,84
2026-09-16 04:58:01,VR Auckland City,2026-10-20,Super.com,156
2026-09-16 04:58:01,VR Auckland City,2026-10-20,Booking.com,199
2026-09-16 04:58:01,VR Auckland City,2026-10-20,Expedia,199
2026-09-16 04:58:07,VR Queen Street Auckland,2026-10-21,Super.com,158
2026-09-16 04:58:07,VR Queen Street Auckland,2026-10-21,Hotels.com,180
2026-09-16 04:58:07,VR Queen Street Auckland,2026-10-21,Booking.com,184
2026-09-16 04:58:07,VR Queen Street Auckland,2026-10-21,Official site,204
2026-09-16 04:58:12,VR Auckland City,2026-10-21,Super.com,128
2026-09-16 04:58:12,VR Auckland City,2026-10-21,Official site,136
2026-09-16 04:58:12,VR Auckland City,2026-10-21,Expedia,169
2026-09-16 04:58:12,VR Auckland City,2026-10-21,Booking.com,170
2026-09-16 04:58:19,VR Queen Street Auckland,2026-10-22,Super.com,134
2026-09-16 04:58:19,VR Queen Street Auckland,2026-10-22,Hotels.com,146
2026-09-16 04:58:19,VR Queen Street Auckland,2026-10-22,Booking.com,151
2026-09-16 04:58:19,VR Queen Street Auckland,2026-10-22,Official site,167
2026-09-16 04:58:25,VR Auckland City,2026-10-22,Official site,84
2026-09-16 04:58:25,VR Auckland City,2026-10-22,Booking.com,218
2026-09-16 04:58:25,VR Auckland City,2026-10-22,Expedia,218
2026-09-16 04:58:31,VR Queen Street Auckland,2026-10-23,Super.com,181
2026-09-16 04:58:31,VR Queen Street Auckland,2026-10-23,Official site,185
2026-09-16 04:58:31,VR Queen Street Auckland,2026-10-23,Booking.com,214
2026-09-16 04:58:31,VR Queen Street Auckland,2026-10-23,Hotels.com,245
2026-09-16 04:58:38,VR Auckland City,2026-10-23,Official site,102
2026-09-16 04:58:38,VR Auckland City,2026-10-23,Expedia,465
2026-09-16 04:58:38,VR Auckland City,2026-10-23,Booking.com,465
2026-09-16 04:58:44,VR Queen Street Auckland,2026-10-24,Official site,134
2026-09-16 04:58:44,VR Queen Street Auckland,2026-10-24,Super.com,195
2026-09-16 04:58:44,VR Queen Street Auckland,2026-10-24,Hotels.com,224
2026-09-16 04:58:44,VR Queen Street Auckland,2026-10-24,Booking.com,230
2026-09-16 04:58:50,VR Auckland City,2026-10-24,Official site,102
2026-09-16 04:58:50,VR Auckland City,2026-10-24,Booking.com,289
2026-09-16 04:58:50,VR Auckland City,2026-10-24,Expedia,311
2026-09-16 04:58:50,VR Auckland City,2026-10-24,Agoda,311
2026-09-16 04:58:56,VR Queen Street Auckland,2026-10-25,Official site,186
2026-09-16 04:58:56,VR Queen Street Auckland,2026-10-25,Super.com,232
2026-09-16 04:58:56,VR Queen Street Auckland,2026-10-25,Booking.com,250
2026-09-16 04:58:56,VR Queen Street Auckland,2026-10-25,Expedia,250
2026-09-16 04:59:03,VR Auckland City,2026-10-25,Official site,84
2026-09-16 04:59:03,VR Auckland City,2026-10-25,Super.com,96
2026-09-16 04:59:03,VR Auckland City,2026-10-25,Expedia,127
2026-09-16 04:59:03,VR Auckland City,2026-10-25,Booking.com,149
2026-09-16 04:59:09,VR Queen Street Auckland,2026-10-26,Official site,96
2026-09-16 04:59:09,VR Queen Street Auckland,2026-10-26,Super.com,96
2026-09-16 04:59:09,VR Queen Street Auckland,2026-10-26,Hotels.com,109
2026-09-16 04:59:09,VR Queen Street Auckland,2026-10-26,Booking.com,113
2026-09-16 04:59:15,VR Auckland City,2026-10-26,Official site,84
2026-09-16 04:59:15,VR Auckland City,2026-10-26,Super.com,90
2026-09-16 04:59:15,VR Auckland City,2026-10-26,Booking.com,119
2026-09-16 04:59:15,VR Auckland City,2026-10-26,Expedia,140
2026-09-16 04:59:22,VR Queen Street Auckland,2026-10-27,Super.com,96
2026-09-16 04:59:22,VR Queen Street Auckland,2026-10-27,Hotels.com,108
2026-09-16 04:59:22,VR Queen Street Auckland,2026-10-27,Booking.com,113
2026-09-16 04:59:22,VR Queen Street Auckland,2026-10-27,Official site,125
2026-09-16 04:59:29,VR Auckland City,2026-10-27,Official site,84
2026-09-16 04:59:29,VR Auckland City,2026-10-27,Booking.com,140
2026-09-16 04:59:29,VR Auckland City,2026-10-27,Expedia,140
2026-09-16 04:59:35,VR Queen Street Auckland,2026-10-28,Super.com,97
2026-09-16 04:59:35,VR Queen Street Auckland,2026-10-28,Booking.com,108
2026-09-16 04:59:35,VR Queen Street Auckland,2026-10-28,Hotels.com,108
2026-09-16 04:59:35,VR Queen Street Auckland,2026-10-28,Official site,154
2026-09-16 04:59:41,VR Auckland City,2026-10-28,Official site,84
2026-09-16 04:59:41,VR Auckland City,2026-10-28,Super.com,90
2026-09-16 04:59:41,VR Auckland City,2026-10-28,Expedia,119
2026-09-16 04:59:41,VR Auckland City,2026-10-28,Booking.com,140
2026-09-16 04:59:48,VR Queen Street Auckland,2026-10-29,Official site,97
2026-09-16 04:59:48,VR Queen Street Auckland,2026-10-29,Super.com,97
2026-09-16 04:59:48,VR Queen Street Auckland,2026-10-29,Booking.com,113
2026-09-16 04:59:48,VR Queen Street Auckland,2026-10-29,Expedia,122
2026-09-16 04:59:54,VR Auckland City,2026-10-29,Official site,84
2026-09-16 04:59:54,VR Auckland City,2026-10-29,Booking.com,140
2026-09-16 04:59:54,VR Auckland City,2026-10-29,Expedia,140
2026-09-16 05:00:01,VR Queen Street Auckland,2026-10-30,Official site,117
2026-09-16 05:00:01,VR Queen Street Auckland,2026-10-30,Super.com,119
2026-09-16 05:00:01,VR Queen Street Auckland,2026-10-30,Booking.com,151
2026-09-16 05:00:07,VR Auckland City,2026-10-30,Official site,102
2026-09-16 05:00:07,VR Auckland City,2026-10-30,Hotels.com,125
2026-09-16 05:00:07,VR Auckland City,2026-10-30,Booking.com,194
2026-09-16 05:00:14,VR Queen Street Auckland,2026-10-31,Official site,124
2026-09-16 05:00:14,VR Queen Street Auckland,2026-10-31,Super.com,124
2026-09-16 05:00:14,VR Queen Street Auckland,2026-10-31,Hotels.com,146
2026-09-16 05:00:14,VR Queen Street Auckland,2026-10-31,Booking.com,151
2026-09-16 05:00:20,VR Auckland City,2026-10-31,Official site,102
2026-09-16 05:00:20,VR Auckland City,2026-10-31,Expedia,170
2026-09-16 05:00:20,VR Auckland City,2026-10-31,Agoda,170
2026-09-16 05:00:20,VR Auckland City,2026-10-31,Booking.com,196
2026-09-16 05:00:26,VR Queen Street Auckland,2026-11-01,Super.com,99
2026-09-16 05:00:26,VR Queen Street Auckland,2026-11-01,Booking.com,126
2026-09-16 05:00:26,VR Queen Street Auckland,2026-11-01,Expedia,127
2026-09-16 05:00:26,VR Queen Street Auckland,2026-11-01,Official site,139
2026-09-16 05:00:31,VR Auckland City,2026-11-01,Official site,107
2026-09-16 05:00:31,VR Auckland City,2026-11-01,Super.com,119
2026-09-16 05:00:31,VR Auckland City,2026-11-01,Expedia,157
2026-09-16 05:00:31,VR Auckland City,2026-11-01,Booking.com,173
2026-09-16 05:00:37,VR Queen Street Auckland,2026-11-02,Super.com,103
2026-09-16 05:00:37,VR Queen Street Auckland,2026-11-02,Hotels.com,121
2026-09-16 05:00:37,VR Queen Street Auckland,2026-11-02,Booking.com,126
2026-09-16 05:00:37,VR Queen Street Auckland,2026-11-02,Official site,136
2026-09-16 05:00:43,VR Auckland City,2026-11-02,Official site,107
2026-09-16 05:00:43,VR Auckland City,2026-11-02,Expedia,154
2026-09-16 05:00:43,VR Auckland City,2026-11-02,Booking.com,154
2026-09-16 05:00:49,VR Queen Street Auckland,2026-11-03,Super.com,103
2026-09-16 05:00:49,VR Queen Street Auckland,2026-11-03,Hotels.com,120
2026-09-16 05:00:49,VR Queen Street Auckland,2026-11-03,Booking.com,126
2026-09-16 05:00:49,VR Queen Street Auckland,2026-11-03,Official site,139
2026-09-16 05:00:56,VR Auckland City,2026-11-03,Official site,107
2026-09-16 05:00:56,VR Auckland City,2026-11-03,Expedia,157
2026-09-16 05:00:56,VR Auckland City,2026-11-03,Hotels.com,157
2026-09-16 05:00:56,VR Auckland City,2026-11-03,Booking.com,169
2026-09-16 05:01:02,VR Queen Street Auckland,2026-11-04,Super.com,139
2026-09-16 05:01:02,VR Queen Street Auckland,2026-11-04,Hotels.com,162
2026-09-16 05:01:02,VR Queen Street Auckland,2026-11-04,Booking.com,167
2026-09-16 05:01:02,VR Queen Street Auckland,2026-11-04,Official site,186
2026-09-16 05:01:09,VR Auckland City,2026-11-04,Official site,107
2026-09-16 05:01:09,VR Auckland City,2026-11-04,Booking.com,180
2026-09-16 05:01:09,VR Auckland City,2026-11-04,Expedia,180
2026-09-16 05:01:15,VR Queen Street Auckland,2026-11-05,Official site,131
2026-09-16 05:01:15,VR Queen Street Auckland,2026-11-05,Super.com,152
2026-09-16 05:01:15,VR Queen Street Auckland,2026-11-05,Hotels.com,178
2026-09-16 05:01:15,VR Queen Street Auckland,2026-11-05,Booking.com,184
2026-09-16 05:01:22,VR Auckland City,2026-11-05,Official site,107
2026-09-16 05:01:22,VR Auckland City,2026-11-05,Super.com,118
2026-09-16 05:01:22,VR Auckland City,2026-11-05,Booking.com,272
2026-09-16 05:01:22,VR Auckland City,2026-11-05,Expedia,272
2026-09-16 05:01:28,VR Queen Street Auckland,2026-11-06,Super.com,152
2026-09-16 05:01:28,VR Queen Street Auckland,2026-11-06,Hotels.com,178
2026-09-16 05:01:28,VR Queen Street Auckland,2026-11-06,Booking.com,184
2026-09-16 05:01:28,VR Queen Street Auckland,2026-11-06,Official site,204
2026-09-16 05:01:34,VR Auckland City,2026-11-06,Official site,125
2026-09-16 05:01:34,VR Auckland City,2026-11-06,Expedia,383
2026-09-16 05:01:34,VR Auckland City,2026-11-06,Booking.com,383
2026-09-16 05:01:40,VR Queen Street Auckland,2026-11-07,Official site,204
2026-09-16 05:01:40,VR Queen Street Auckland,2026-11-07,Super.com,296
2026-09-16 05:01:40,VR Queen Street Auckland,2026-11-07,Booking.com,360
2026-09-16 05:01:47,VR Auckland City,2026-11-07,Official site,204
2026-09-16 05:01:47,VR Auckland City,2026-11-07,Hotels.com,440
2026-09-16 05:01:47,VR Auckland City,2026-11-07,Booking.com,598
2026-09-16 05:01:47,VR Auckland City,2026-11-07,Expedia,632
2026-09-16 05:01:53,VR Queen Street Auckland,2026-11-08,Official site,81
2026-09-16 05:01:53,VR Queen Street Auckland,2026-11-08,Super.com,229
2026-09-16 05:01:53,VR Queen Street Auckland,2026-11-08,Booking.com,293
2026-09-16 05:01:53,VR Queen Street Auckland,2026-11-08,Expedia,296
2026-09-16 05:02:00,VR Auckland City,2026-11-08,Official site,302
2026-09-16 05:02:00,VR Auckland City,2026-11-08,Booking.com,316
2026-09-16 05:02:00,VR Auckland City,2026-11-08,Expedia,316
2026-09-16 05:02:06,VR Queen Street Auckland,2026-11-09,Official site,157
2026-09-16 05:02:06,VR Queen Street Auckland,2026-11-09,Super.com,174
2026-09-16 05:02:06,VR Queen Street Auckland,2026-11-09,Hotels.com,204
2026-09-16 05:02:06,VR Queen Street Auckland,2026-11-09,Booking.com,209
2026-09-16 05:02:12,VR Auckland City,2026-11-09,Official site,107
2026-09-16 05:02:12,VR Auckland City,2026-11-09,Super.com,118
2026-09-16 05:02:12,VR Auckland City,2026-11-09,Expedia,157
2026-09-16 05:02:12,VR Auckland City,2026-11-09,Booking.com,218
2026-09-16 05:02:19,VR Queen Street Auckland,2026-11-10,Super.com,107
2026-09-16 05:02:19,VR Queen Street Auckland,2026-11-10,Booking.com,130
2026-09-16 05:02:19,VR Queen Street Auckland,2026-11-10,Expedia,131
2026-09-16 05:02:19,VR Queen Street Auckland,2026-11-10,Official site,144
2026-09-16 05:02:25,VR Auckland City,2026-11-10,Official site,107
2026-09-16 05:02:25,VR Auckland City,2026-11-10,Super.com,118
2026-09-16 05:02:25,VR Auckland City,2026-11-10,Booking.com,203
2026-09-16 05:02:25,VR Auckland City,2026-11-10,Expedia,203
2026-09-16 05:02:31,VR Queen Street Auckland,2026-11-11,Super.com,148
2026-09-16 05:02:31,VR Queen Street Auckland,2026-11-11,Hotels.com,182
2026-09-16 05:02:31,VR Queen Street Auckland,2026-11-11,Booking.com,188
2026-09-16 05:02:31,VR Queen Street Auckland,2026-11-11,Official site,209
2026-09-16 05:02:38,VR Auckland City,2026-11-11,Official site,111
2026-09-16 05:02:38,VR Auckland City,2026-11-11,Booking.com,224
2026-09-16 05:02:38,VR Auckland City,2026-11-11,Expedia,224
2026-09-16 05:02:44,VR Queen Street Auckland,2026-11-12,Super.com,148
2026-09-16 05:02:44,VR Queen Street Auckland,2026-11-12,Expedia,187
2026-09-16 05:02:44,VR Queen Street Auckland,2026-11-12,Booking.com,188
2026-09-16 05:02:44,VR Queen Street Auckland,2026-11-12,Official site,209
2026-09-16 05:02:51,VR Auckland City,2026-11-12,Official site,111
2026-09-16 05:02:51,VR Auckland City,2026-11-12,Booking.com,168
2026-09-16 05:02:51,VR Auckland City,2026-11-12,Expedia,168
2026-09-16 05:02:57,VR Queen Street Auckland,2026-11-13,Super.com,137
2026-09-16 05:02:57,VR Queen Street Auckland,2026-11-13,Hotels.com,161
2026-09-16 05:02:57,VR Queen Street Auckland,2026-11-13,Booking.com,167
2026-09-16 05:02:57,VR Queen Street Auckland,2026-11-13,Official site,185
2026-09-16 05:03:03,VR Auckland City,2026-11-13,Super.com,118
2026-09-16 05:03:03,VR Auckland City,2026-11-13,Official site,125
2026-09-16 05:03:09,VR Queen Street Auckland,2026-11-14,Super.com,138
2026-09-16 05:03:09,VR Queen Street Auckland,2026-11-14,Hotels.com,161
2026-09-16 05:03:09,VR Queen Street Auckland,2026-11-14,Official site,167
2026-09-16 05:03:09,VR Queen Street Auckland,2026-11-14,Booking.com,167
2026-09-16 05:03:15,VR Auckland City,2026-11-14,Official site,125
2026-09-16 05:03:15,VR Auckland City,2026-11-14,Booking.com,295
2026-09-16 05:03:15,VR Auckland City,2026-11-14,Expedia,295
2026-09-16 05:03:22,VR Queen Street Auckland,2026-11-15,Official site,98
2026-09-16 05:03:22,VR Queen Street Auckland,2026-11-15,Super.com,111
2026-09-16 05:03:22,VR Queen Street Auckland,2026-11-15,Hotels.com,128
2026-09-16 05:03:22,VR Queen Street Auckland,2026-11-15,Booking.com,134
2026-09-16 05:03:28,VR Auckland City,2026-11-15,Official site,98
2026-09-16 05:03:28,VR Auckland City,2026-11-15,Super.com,120
2026-09-16 05:03:28,VR Auckland City,2026-11-15,Booking.com,200
2026-09-16 05:03:28,VR Auckland City,2026-11-15,Expedia,200
2026-09-16 05:03:34,VR Queen Street Auckland,2026-11-16,Super.com,111
2026-09-16 05:03:34,VR Queen Street Auckland,2026-11-16,Booking.com,134
2026-09-16 05:03:34,VR Queen Street Auckland,2026-11-16,Hotels.com,144
2026-09-16 05:03:34,VR Queen Street Auckland,2026-11-16,Official site,149
2026-09-16 05:03:41,VR Auckland City,2026-11-16,Official site,107
2026-09-16 05:03:41,VR Auckland City,2026-11-16,Super.com,119
2026-09-16 05:03:41,VR Auckland City,2026-11-16,Expedia,223
2026-09-16 05:03:41,VR Auckland City,2026-11-16,Booking.com,223
2026-09-16 05:03:47,VR Queen Street Auckland,2026-11-17,Official site,83
2026-09-16 05:03:47,VR Queen Street Auckland,2026-11-17,Super.com,106
2026-09-16 05:03:47,VR Queen Street Auckland,2026-11-17,Expedia,130
2026-09-16 05:03:47,VR Queen Street Auckland,2026-11-17,Booking.com,134
2026-09-16 05:03:53,VR Auckland City,2026-11-17,Official site,83
2026-09-16 05:03:53,VR Auckland City,2026-11-17,Super.com,120
2026-09-16 05:03:53,VR Auckland City,2026-11-17,Booking.com,246
2026-09-16 05:03:53,VR Auckland City,2026-11-17,Hotels.com,246
2026-09-16 05:21:08,VR Queen Street Auckland,2026-09-16,Super.com,130
2026-09-16 05:21:08,VR Queen Street Auckland,2026-09-16,Official site,156
2026-09-16 05:21:13,VR Auckland City,2026-09-16,Official site,79
2026-09-16 05:21:13,VR Auckland City,2026-09-16,Super.com,114
2026-09-16 05:21:19,VR Queen Street Auckland,2026-09-17,Official site,82
2026-09-16 05:21:19,VR Queen Street Auckland,2026-09-17,Super.com,111
2026-09-16 05:21:26,VR Auckland City,2026-09-17,Official site,81
2026-09-16 05:21:26,VR Auckland City,2026-09-17,Super.com,128
2026-09-16 05:21:33,VR Queen Street Auckland,2026-09-18,Super.com,129
2026-09-16 05:21:33,VR Queen Street Auckland,2026-09-18,Official site,167
2026-09-16 05:21:38,VR Auckland City,2026-09-18,Official site,88
2026-09-16 05:21:38,VR Auckland City,2026-09-18,Super.com,111
2026-09-16 05:21:44,VR Queen Street Auckland,2026-09-19,Super.com,135
2026-09-16 05:21:44,VR Queen Street Auckland,2026-09-19,Official site,175
2026-09-16 05:21:49,VR Auckland City,2026-09-19,Super.com,115
2026-09-16 05:21:49,VR Auckland City,2026-09-19,Agoda,122
2026-09-16 05:21:54,VR Queen Street Auckland,2026-09-20,Super.com,78
2026-09-16 05:21:54,VR Queen Street Auckland,2026-09-20,Official site,102
2026-09-16 05:22:02,VR Auckland City,2026-09-20,Official site,74
2026-09-16 05:22:02,VR Auckland City,2026-09-20,Super.com,85
2026-09-16 05:22:07,VR Queen Street Auckland,2026-09-21,Super.com,79
2026-09-16 05:22:07,VR Queen Street Auckland,2026-09-21,Official site,102
2026-09-16 05:22:12,VR Auckland City,2026-09-21,Official site,74
2026-09-16 05:22:12,VR Auckland City,2026-09-21,Super.com,86
2026-09-16 05:22:17,VR Queen Street Auckland,2026-09-22,Super.com,81
2026-09-16 05:22:17,VR Queen Street Auckland,2026-09-22,Official site,97
2026-09-16 05:22:23,VR Auckland City,2026-09-22,Official site,74
2026-09-16 05:22:23,VR Auckland City,2026-09-22,Super.com,87
2026-09-16 05:22:30,VR Queen Street Auckland,2026-09-23,Super.com,77
2026-09-16 05:22:30,VR Queen Street Auckland,2026-09-23,Official site,101
2026-09-16 05:22:36,VR Auckland City,2026-09-23,Official site,73
2026-09-16 05:22:36,VR Auckland City,2026-09-23,Super.com,87
2026-09-16 05:22:43,VR Queen Street Auckland,2026-09-24,Super.com,77
2026-09-16 05:22:43,VR Queen Street Auckland,2026-09-24,Official site,101
2026-09-16 05:22:43,VR Queen Street Auckland,2026-09-24,Booking.com,183
2026-09-16 05:22:49,VR Auckland City,2026-09-24,Official site,84
2026-09-16 05:22:49,VR Auckland City,2026-09-24,Super.com,87
2026-09-16 05:22:49,VR Auckland City,2026-09-24,Booking.com,183
2026-09-16 05:22:56,VR Queen Street Auckland,2026-09-25,Super.com,115
2026-09-16 05:22:56,VR Queen Street Auckland,2026-09-25,Official site,149
2026-09-16 05:23:00,VR Auckland City,2026-09-25,Official site,97
2026-09-16 05:23:00,VR Auckland City,2026-09-25,Super.com,123
2026-09-16 05:23:05,VR Queen Street Auckland,2026-09-26,Official site,85
2026-09-16 05:23:05,VR Queen Street Auckland,2026-09-26,Super.com,117
2026-09-16 05:23:11,VR Auckland City,2026-09-26,Official site,97
2026-09-16 05:23:11,VR Auckland City,2026-09-26,Super.com,164
2026-09-16 05:23:16,VR Queen Street Auckland,2026-09-27,Super.com,80
2026-09-16 05:23:16,VR Queen Street Auckland,2026-09-27,Official site,104
2026-09-16 05:23:21,VR Auckland City,2026-09-27,Official site,74
2026-09-16 05:23:21,VR Auckland City,2026-09-27,Super.com,110
2026-09-16 05:23:25,VR Queen Street Auckland,2026-09-28,Official site,79
2026-09-16 05:23:25,VR Queen Street Auckland,2026-09-28,Super.com,79
2026-09-16 05:23:32,VR Auckland City,2026-09-28,Super.com,83
2026-09-16 05:23:32,VR Auckland City,2026-09-28,Official site,149
2026-09-16 05:23:37,VR Queen Street Auckland,2026-09-29,Super.com,80
2026-09-16 05:23:37,VR Queen Street Auckland,2026-09-29,Official site,104
2026-09-16 05:23:37,VR Queen Street Auckland,2026-09-29,Booking.com,175
2026-09-16 05:23:43,VR Auckland City,2026-09-29,Official site,74
2026-09-16 05:23:43,VR Auckland City,2026-09-29,Super.com,87
2026-09-16 05:23:50,VR Queen Street Auckland,2026-09-30,Super.com,85
2026-09-16 05:23:50,VR Queen Street Auckland,2026-09-30,Official site,111
2026-09-16 05:23:57,VR Auckland City,2026-09-30,Official site,84
2026-09-16 05:24:03,VR Queen Street Auckland,2026-10-01,Super.com,94
2026-09-16 05:24:03,VR Queen Street Auckland,2026-10-01,Official site,125
2026-09-16 05:24:10,VR Auckland City,2026-10-01,Official site,84
2026-09-16 05:24:10,VR Auckland City,2026-10-01,Super.com,93
2026-09-16 05:24:16,VR Queen Street Auckland,2026-10-02,Super.com,112
2026-09-16 05:24:16,VR Queen Street Auckland,2026-10-02,Official site,144
2026-09-16 05:24:23,VR Auckland City,2026-10-02,Official site,102
2026-09-16 05:24:23,VR Auckland City,2026-10-02,Super.com,112
2026-09-16 05:24:29,VR Queen Street Auckland,2026-10-03,Super.com,121
2026-09-16 05:24:29,VR Queen Street Auckland,2026-10-03,Official site,158
2026-09-16 05:24:36,VR Auckland City,2026-10-03,Official site,102
2026-09-16 05:24:36,VR Auckland City,2026-10-03,Super.com,130
2026-09-16 05:24:42,VR Queen Street Auckland,2026-10-04,Super.com,89
2026-09-16 05:24:42,VR Queen Street Auckland,2026-10-04,Official site,117
2026-09-16 05:24:49,VR Auckland City,2026-10-04,Official site,84
2026-09-16 05:24:49,VR Auckland City,2026-10-04,Booking.com,139
2026-09-16 05:24:55,VR Queen Street Auckland,2026-10-05,Super.com,90
2026-09-16 05:24:55,VR Queen Street Auckland,2026-10-05,Official site,117
2026-09-16 05:25:00,VR Auckland City,2026-10-05,Official site,84
2026-09-16 05:25:00,VR Auckland City,2026-10-05,Booking.com,133
2026-09-16 05:25:07,VR Queen Street Auckland,2026-10-06,Super.com,90
2026-09-16 05:25:07,VR Queen Street Auckland,2026-10-06,Official site,117
2026-09-16 05:25:13,VR Auckland City,2026-10-06,Official site,84
2026-09-16 05:25:13,VR Auckland City,2026-10-06,Booking.com,139
2026-09-16 05:25:20,VR Queen Street Auckland,2026-10-07,Super.com,85
2026-09-16 05:25:20,VR Queen Street Auckland,2026-10-07,Official site,89
2026-09-16 05:25:26,VR Auckland City,2026-10-07,Official site,84
2026-09-16 05:25:26,VR Auckland City,2026-10-07,Booking.com,139
2026-09-16 05:25:32,VR Queen Street Auckland,2026-10-08,Super.com,114
2026-09-16 05:25:32,VR Queen Street Auckland,2026-10-08,Official site,149
2026-09-16 05:25:38,VR Auckland City,2026-10-08,Official site,84
2026-09-16 05:25:38,VR Auckland City,2026-10-08,Super.com,142
2026-09-16 05:25:45,VR Queen Street Auckland,2026-10-09,Super.com,224
2026-09-16 05:25:45,VR Queen Street Auckland,2026-10-09,Official site,270
2026-09-16 05:25:51,VR Auckland City,2026-10-09,Official site,102
2026-09-16 05:25:51,VR Auckland City,2026-10-09,Super.com,255
2026-09-16 05:25:58,VR Queen Street Auckland,2026-10-10,Official site,90
2026-09-16 05:25:58,VR Queen Street Auckland,2026-10-10,Super.com,233
2026-09-16 05:26:04,VR Auckland City,2026-10-10,Official site,102
2026-09-16 05:26:04,VR Auckland City,2026-10-10,Super.com,451
2026-09-16 05:26:09,VR Queen Street Auckland,2026-10-11,Official site,96
2026-09-16 05:26:09,VR Queen Street Auckland,2026-10-11,Super.com,96
2026-09-16 05:26:16,VR Auckland City,2026-10-11,Official site,84
2026-09-16 05:26:16,VR Auckland City,2026-10-11,Agoda,112
2026-09-16 05:26:22,VR Queen Street Auckland,2026-10-12,Super.com,100
2026-09-16 05:26:22,VR Queen Street Auckland,2026-10-12,Official site,125
2026-09-16 05:26:28,VR Auckland City,2026-10-12,Official site,84
2026-09-16 05:26:28,VR Auckland City,2026-10-12,Super.com,101
2026-09-16 05:26:35,VR Queen Street Auckland,2026-10-13,Official site,78
2026-09-16 05:26:35,VR Queen Street Auckland,2026-10-13,Super.com,99
2026-09-16 05:26:41,VR Auckland City,2026-10-13,Official site,78
2026-09-16 05:26:41,VR Auckland City,2026-10-13,Super.com,92
2026-09-16 05:26:47,VR Queen Street Auckland,2026-10-14,Official site,95
2026-09-16 05:26:47,VR Queen Street Auckland,2026-10-14,Super.com,95
2026-09-16 05:26:54,VR Auckland City,2026-10-14,Official site,84
2026-09-16 05:26:54,VR Auckland City,2026-10-14,Super.com,91
2026-09-16 05:27:00,VR Queen Street Auckland,2026-10-15,Super.com,97
2026-09-16 05:27:00,VR Queen Street Auckland,2026-10-15,Official site,111
2026-09-16 05:27:07,VR Auckland City,2026-10-15,Official site,84
2026-09-16 05:27:07,VR Auckland City,2026-10-15,Agoda,108
2026-09-16 05:27:13,VR Queen Street Auckland,2026-10-16,Super.com,131
2026-09-16 05:27:13,VR Queen Street Auckland,2026-10-16,Official site,172
2026-09-16 05:27:20,VR Auckland City,2026-10-16,Official site,102
2026-09-16 05:27:20,VR Auckland City,2026-10-16,Booking.com,186
2026-09-16 05:27:26,VR Queen Street Auckland,2026-10-17,Official site,69
2026-09-16 05:27:26,VR Queen Street Auckland,2026-10-17,Super.com,212
2026-09-16 05:27:33,VR Auckland City,2026-10-17,Official site,102
2026-09-16 05:27:33,VR Auckland City,2026-10-17,Super.com,557
2026-09-16 05:27:39,VR Queen Street Auckland,2026-10-18,Super.com,103
2026-09-16 05:27:39,VR Queen Street Auckland,2026-10-18,Official site,135
2026-09-16 05:27:46,VR Auckland City,2026-10-18,Official site,84
2026-09-16 05:27:46,VR Auckland City,2026-10-18,Booking.com,149
2026-09-16 05:27:52,VR Queen Street Auckland,2026-10-19,Super.com,103
2026-09-16 05:27:52,VR Queen Street Auckland,2026-10-19,Official site,135
2026-09-16 05:27:58,VR Auckland City,2026-10-19,Official site,84
2026-09-16 05:27:58,VR Auckland City,2026-10-19,Booking.com,183
2026-09-16 05:28:05,VR Queen Street Auckland,2026-10-20,Official site,132
2026-09-16 05:28:05,VR Queen Street Auckland,2026-10-20,Super.com,156
2026-09-16 05:28:11,VR Auckland City,2026-10-20,Official site,84
2026-09-16 05:28:11,VR Auckland City,2026-10-20,Super.com,156
2026-09-16 05:28:18,VR Queen Street Auckland,2026-10-21,Super.com,156
2026-09-16 05:28:18,VR Queen Street Auckland,2026-10-21,Official site,204
2026-09-16 05:28:24,VR Auckland City,2026-10-21,Super.com,128
2026-09-16 05:28:24,VR Auckland City,2026-10-21,Official site,186
2026-09-16 05:28:28,VR Queen Street Auckland,2026-10-22,Super.com,129
2026-09-16 05:28:28,VR Queen Street Auckland,2026-10-22,Booking.com,149
2026-09-16 05:28:33,VR Auckland City,2026-10-22,Official site,84
2026-09-16 05:28:33,VR Auckland City,2026-10-22,Super.com,123
2026-09-16 05:28:39,VR Queen Street Auckland,2026-10-23,Super.com,181
2026-09-16 05:28:39,VR Queen Street Auckland,2026-10-23,Official site,237
2026-09-16 05:28:45,VR Auckland City,2026-10-23,Official site,102
2026-09-16 05:28:45,VR Auckland City,2026-10-23,Expedia,465
2026-09-16 05:28:52,VR Queen Street Auckland,2026-10-24,Official site,75
2026-09-16 05:28:52,VR Queen Street Auckland,2026-10-24,Super.com,195
2026-09-16 05:28:58,VR Auckland City,2026-10-24,Official site,75
2026-09-16 05:28:58,VR Auckland City,2026-10-24,Agoda,311
2026-09-16 05:29:05,VR Queen Street Auckland,2026-10-25,Official site,223
2026-09-16 05:29:05,VR Queen Street Auckland,2026-10-25,Super.com,227
2026-09-16 05:29:11,VR Auckland City,2026-10-25,Official site,84
2026-09-16 05:29:11,VR Auckland City,2026-10-25,Super.com,96
2026-09-16 05:29:17,VR Queen Street Auckland,2026-10-26,Super.com,96
2026-09-16 05:29:17,VR Queen Street Auckland,2026-10-26,Official site,125
2026-09-16 05:29:24,VR Auckland City,2026-10-26,Official site,84
2026-09-16 05:29:24,VR Auckland City,2026-10-26,Super.com,90
2026-09-16 05:29:30,VR Queen Street Auckland,2026-10-27,Super.com,97
2026-09-16 05:29:30,VR Queen Street Auckland,2026-10-27,Official site,107
2026-09-16 05:29:37,VR Auckland City,2026-10-27,Official site,84
2026-09-16 05:29:37,VR Auckland City,2026-10-27,Booking.com,140
2026-09-16 05:29:43,VR Queen Street Auckland,2026-10-28,Super.com,97
2026-09-16 05:29:43,VR Queen Street Auckland,2026-10-28,Booking.com,108
2026-09-16 05:29:43,VR Queen Street Auckland,2026-10-28,Official site,154
2026-09-16 05:29:49,VR Auckland City,2026-10-28,Official site,84
2026-09-16 05:29:49,VR Auckland City,2026-10-28,Super.com,90
2026-09-16 05:29:57,VR Queen Street Auckland,2026-10-29,Super.com,97
2026-09-16 05:29:57,VR Queen Street Auckland,2026-10-29,Official site,125
2026-09-16 05:30:03,VR Auckland City,2026-10-29,Official site,84
2026-09-16 05:30:03,VR Auckland City,2026-10-29,Booking.com,140
2026-09-16 05:30:10,VR Queen Street Auckland,2026-10-30,Super.com,120
2026-09-16 05:30:10,VR Queen Street Auckland,2026-10-30,Official site,138
2026-09-16 05:30:16,VR Auckland City,2026-10-30,Official site,102
2026-09-16 05:30:16,VR Auckland City,2026-10-30,Hotels.com,126
2026-09-16 05:30:23,VR Queen Street Auckland,2026-10-31,Super.com,124
2026-09-16 05:30:23,VR Queen Street Auckland,2026-10-31,Official site,150
2026-09-16 05:30:29,VR Auckland City,2026-10-31,Official site,102
2026-09-16 05:30:29,VR Auckland City,2026-10-31,Agoda,170
2026-09-16 05:30:35,VR Queen Street Auckland,2026-11-01,Super.com,104
2026-09-16 05:30:35,VR Queen Street Auckland,2026-11-01,Official site,139
2026-09-16 05:30:41,VR Auckland City,2026-11-01,Official site,107
2026-09-16 05:30:41,VR Auckland City,2026-11-01,Super.com,126
2026-09-16 05:30:46,VR Queen Street Auckland,2026-11-02,Super.com,103
2026-09-16 05:30:46,VR Queen Street Auckland,2026-11-02,Official site,139
2026-09-16 05:30:52,VR Auckland City,2026-11-02,Official site,107
2026-09-16 05:30:52,VR Auckland City,2026-11-02,Booking.com,154
2026-09-16 05:30:58,VR Queen Street Auckland,2026-11-03,Super.com,103
2026-09-16 05:30:58,VR Queen Street Auckland,2026-11-03,Official site,139
2026-09-16 05:31:04,VR Auckland City,2026-11-03,Official site,107
2026-09-16 05:31:04,VR Auckland City,2026-11-03,Hotels.com,157
2026-09-16 05:31:11,VR Queen Street Auckland,2026-11-04,Super.com,139
2026-09-16 05:31:11,VR Queen Street Auckland,2026-11-04,Official site,161
2026-09-16 05:31:17,VR Auckland City,2026-11-04,Official site,107
2026-09-16 05:31:17,VR Auckland City,2026-11-04,Booking.com,180
2026-09-16 05:31:23,VR Queen Street Auckland,2026-11-05,Super.com,145
2026-09-16 05:31:23,VR Queen Street Auckland,2026-11-05,Official site,178
2026-09-16 05:31:30,VR Auckland City,2026-11-05,Official site,107
2026-09-16 05:31:30,VR Auckland City,2026-11-05,Super.com,118
2026-09-16 05:31:36,VR Queen Street Auckland,2026-11-06,Super.com,147
2026-09-16 05:31:36,VR Queen Street Auckland,2026-11-06,Official site,204
2026-09-16 05:31:42,VR Auckland City,2026-11-06,Official site,125
2026-09-16 05:31:42,VR Auckland City,2026-11-06,Agoda,157
2026-09-16 05:31:49,VR Queen Street Auckland,2026-11-07,Official site,135
2026-09-16 05:31:49,VR Queen Street Auckland,2026-11-07,Super.com,296
2026-09-16 05:31:55,VR Auckland City,2026-11-07,Official site,204
2026-09-16 05:31:55,VR Auckland City,2026-11-07,Hotels.com,359
2026-09-16 05:32:02,VR Queen Street Auckland,2026-11-08,Official site,189
2026-09-16 05:32:02,VR Queen Street Auckland,2026-11-08,Super.com,229
2026-09-16 05:32:09,VR Auckland City,2026-11-08,Official site,193
2026-09-16 05:32:09,VR Auckland City,2026-11-08,Booking.com,316
2026-09-16 05:32:15,VR Queen Street Auckland,2026-11-09,Super.com,167
2026-09-16 05:32:15,VR Queen Street Auckland,2026-11-09,Official site,232
2026-09-16 05:32:20,VR Auckland City,2026-11-09,Official site,107
2026-09-16 05:32:20,VR Auckland City,2026-11-09,Super.com,118
2026-09-16 05:32:26,VR Queen Street Auckland,2026-11-10,Super.com,102
2026-09-16 05:32:26,VR Queen Street Auckland,2026-11-10,Official site,144
2026-09-16 05:32:33,VR Auckland City,2026-11-10,Official site,107
2026-09-16 05:32:33,VR Auckland City,2026-11-10,Super.com,118
2026-09-16 05:32:39,VR Queen Street Auckland,2026-11-11,Super.com,148
2026-09-16 05:32:39,VR Queen Street Auckland,2026-11-11,Official site,209
2026-09-16 05:32:45,VR Auckland City,2026-11-11,Official site,111
2026-09-16 05:32:45,VR Auckland City,2026-11-11,Booking.com,224
2026-09-16 05:32:52,VR Queen Street Auckland,2026-11-12,Official site,105
2026-09-16 05:32:52,VR Queen Street Auckland,2026-11-12,Super.com,148
2026-09-16 05:32:58,VR Auckland City,2026-11-12,Official site,111
2026-09-16 05:32:58,VR Auckland City,2026-11-12,Booking.com,168
2026-09-16 05:33:04,VR Queen Street Auckland,2026-11-13,Super.com,137
2026-09-16 05:33:04,VR Queen Street Auckland,2026-11-13,Official site,147
2026-09-16 05:33:11,VR Auckland City,2026-11-13,Super.com,118
2026-09-16 05:33:11,VR Auckland City,2026-11-13,Official site,125
2026-09-16 05:33:17,VR Queen Street Auckland,2026-11-14,Super.com,138
2026-09-16 05:33:17,VR Queen Street Auckland,2026-11-14,Official site,167
2026-09-16 05:33:23,VR Auckland City,2026-11-14,Official site,125
2026-09-16 05:33:23,VR Auckland City,2026-11-14,Agoda,157
2026-09-16 05:33:30,VR Queen Street Auckland,2026-11-15,Super.com,111
2026-09-16 05:33:30,VR Queen Street Auckland,2026-11-15,Official site,147
2026-09-16 05:33:36,VR Auckland City,2026-11-15,Official site,107
2026-09-16 05:33:36,VR Auckland City,2026-11-15,Super.com,120
2026-09-16 05:33:42,VR Queen Street Auckland,2026-11-16,Super.com,111
2026-09-16 05:33:42,VR Queen Street Auckland,2026-11-16,Official site,143
2026-09-16 05:33:49,VR Auckland City,2026-11-16,Official site,107
2026-09-16 05:33:49,VR Auckland City,2026-11-16,Super.com,119
2026-09-16 05:33:55,VR Queen Street Auckland,2026-11-17,Super.com,106
2026-09-16 05:33:55,VR Queen Street Auckland,2026-11-17,Official site,149
2026-09-16 05:34:02,VR Auckland City,2026-11-17,Official site,111
2026-09-16 05:34:02,VR Auckland City,2026-11-17,Super.com,120
