2026-09-18 11:07:34  ############################################################
2026-09-18 11:07:34  通宵 runner 启动, PID 28656
2026-09-18 11:07:34  每 30 分钟一轮, 最多跑 72 小时
2026-09-18 11:07:34  停止方法: 在 local/data/ 建文件 STOP_OVERNIGHT
2026-09-18 11:07:34  ############################################################
2026-09-18 11:07:34  阶段 0: 等现有 sweep 收工 (CSV 静默 120s 视为结束, 最多等 45 分钟)
2026-09-18 11:07:34  CSV 已静默 202096s, 认定原 sweep 收工
2026-09-18 11:07:34  任务列表: 261 个 (29 天 x 9 家, 按日期交错)
2026-09-18 11:07:34  ===== 第 1 轮开始, 共 261 个目标 =====
2026-09-18 11:07:38  [1/261] 2026-09-18 周五 VR Queen Street Auckland Super.com NZ$131 (4家)  3.9s
2026-09-18 11:07:46  [2/261] 2026-09-18 周五 VR Auckland City         Wotif NZ$79 (3家)  5.6s  ***低价***
2026-09-18 11:07:50  [3/261] 2026-09-18 周五 Shakespeare Hotel Auckla Super.com NZ$77 (4家)  2.5s  ***低价***
2026-09-18 11:07:56  [4/261] 2026-09-18 周五 Auckland City Hotel      Super.com NZ$91 (4家)  3.3s  ***低价***
2026-09-18 11:08:01  [5/261] 2026-09-18 周五 ibis budget Auckland Cen Booking.com NZ$152 (2家)  3.2s
2026-09-18 11:08:06  [6/261] 2026-09-18 周五 The Quadrant Hotel & Sui Super.com NZ$152 (3家)  3.2s
2026-09-18 11:08:14  [7/261] 2026-09-18 周五 Copthorne Hotel Auckland Wotif NZ$132 (5家)  6.0s
2026-09-18 11:08:21  [8/261] 2026-09-18 周五 Albion Hotel Auckland    Wotif NZ$80 (4家)  5.2s  ***低价***
2026-09-18 11:08:29  [9/261] 2026-09-18 周五 Ascotia Off Queen Auckla Wotif NZ$96 (4家)  5.1s  ***低价***
2026-09-18 11:08:33  [10/261] 2026-09-19 周六 VR Queen Street Auckland Super.com NZ$139 (4家)  2.5s
2026-09-18 11:08:38  [11/261] 2026-09-19 周六 VR Auckland City         Super.com NZ$119 (2家)  3.3s
2026-09-18 11:08:45  [12/261] 2026-09-19 周六 Shakespeare Hotel Auckla Official site NZ$78 (4家)  4.8s  ***低价***
2026-09-18 11:08:50  [13/261] 2026-09-19 周六 Auckland City Hotel      Super.com NZ$87 (4家)  2.7s  ***低价***
2026-09-18 11:08:54  [14/261] 2026-09-19 周六 ibis budget Auckland Cen Super.com NZ$95 (3家)  2.6s  ***低价***
2026-09-18 11:09:01  [15/261] 2026-09-19 周六 The Quadrant Hotel & Sui Wotif NZ$112 (5家)  4.2s
2026-09-18 11:09:05  [16/261] 2026-09-19 周六 Copthorne Hotel Auckland Super.com NZ$129 (4家)  2.6s
2026-09-18 11:09:11  [17/261] 2026-09-19 周六 Albion Hotel Auckland    Official site NZ$82 (3家)  4.2s  ***低价***
2026-09-18 11:09:16  [18/261] 2026-09-19 周六 Ascotia Off Queen Auckla Super.com NZ$85 (3家)  2.5s  ***低价***
2026-09-18 11:09:23  [19/261] 2026-09-20 周日 VR Queen Street Auckland Booking.com NZ$82 (3家)  4.8s  ***低价***
2026-09-18 11:09:29  [20/261] 2026-09-20 周日 VR Auckland City         Wotif NZ$85 (4家)  4.6s  ***低价***
2026-09-18 11:09:36  [21/261] 2026-09-20 周日 Shakespeare Hotel Auckla Wotif NZ$80 (5家)  4.8s  ***低价***
2026-09-18 11:09:43  [22/261] 2026-09-20 周日 Auckland City Hotel      Official site NZ$85 (4家)  5.1s  ***低价***
2026-09-18 11:09:50  [23/261] 2026-09-20 周日 ibis budget Auckland Cen Wotif NZ$87 (4家)  4.8s  ***低价***
2026-09-18 11:09:56  [24/261] 2026-09-20 周日 The Quadrant Hotel & Sui Booking.com NZ$142 (4家)  4.5s
2026-09-18 11:10:03  [25/261] 2026-09-20 周日 Copthorne Hotel Auckland Official site NZ$107 (3家)  4.9s
2026-09-18 11:10:10  [26/261] 2026-09-20 周日 Albion Hotel Auckland    Official site NZ$78 (3家)  4.3s  ***低价***
2026-09-18 11:10:16  [27/261] 2026-09-20 周日 Ascotia Off Queen Auckla Booking.com NZ$66 (3家)  4.2s  ***低价***
2026-09-18 11:10:22  [28/261] 2026-09-21 周一 VR Queen Street Auckland Official site NZ$74 (3家)  4.5s  ***低价***
2026-09-18 11:10:29  [29/261] 2026-09-21 周一 VR Auckland City         Wotif NZ$73 (3家)  4.5s  ***低价***
2026-09-18 11:10:35  [30/261] 2026-09-21 周一 Shakespeare Hotel Auckla Official site NZ$75 (4家)  4.3s  ***低价***
2026-09-18 11:10:42  [31/261] 2026-09-21 周一 Auckland City Hotel      Wotif NZ$88 (5家)  5.1s  ***低价***
2026-09-18 11:10:49  [32/261] 2026-09-21 周一 ibis budget Auckland Cen Booking.com NZ$78 (4家)  4.4s  ***低价***
2026-09-18 11:10:55  [33/261] 2026-09-21 周一 The Quadrant Hotel & Sui Wotif NZ$95 (5家)  4.2s  ***低价***
2026-09-18 11:11:01  [34/261] 2026-09-21 周一 Copthorne Hotel Auckland Wotif NZ$105 (4家)  4.3s
2026-09-18 11:11:07  [35/261] 2026-09-21 周一 Albion Hotel Auckland    Official site NZ$78 (4家)  4.2s  ***低价***
2026-09-18 11:11:12  [36/261] 2026-09-21 周一 Ascotia Off Queen Auckla Super.com NZ$64 (3家)  2.7s  ***低价***
2026-09-18 11:11:19  [37/261] 2026-09-22 周二 VR Queen Street Auckland Wotif NZ$80 (5家)  4.9s  ***低价***
2026-09-18 11:11:25  [38/261] 2026-09-22 周二 VR Auckland City         Super.com NZ$91 (2家)  4.4s  ***低价***
2026-09-18 11:11:31  [39/261] 2026-09-22 周二 Shakespeare Hotel Auckla Official site NZ$80 (4家)  4.0s  ***低价***
2026-09-18 11:11:37  [40/261] 2026-09-22 周二 Auckland City Hotel      Wotif NZ$89 (5家)  4.2s  ***低价***
2026-09-18 11:11:44  [41/261] 2026-09-22 周二 ibis budget Auckland Cen Wotif NZ$84 (4家)  4.2s  ***低价***
2026-09-18 11:11:51  [42/261] 2026-09-22 周二 The Quadrant Hotel & Sui Official site NZ$158 (3家)  4.9s
2026-09-18 11:11:57  [43/261] 2026-09-22 周二 Copthorne Hotel Auckland Official site NZ$114 (4家)  4.7s
2026-09-18 11:12:02  [44/261] 2026-09-22 周二 Albion Hotel Auckland    Super.com NZ$81 (3家)  2.5s  ***低价***
2026-09-18 11:12:08  [45/261] 2026-09-22 周二 Ascotia Off Queen Auckla Official site NZ$65 (5家)  4.2s  ***低价***
2026-09-18 11:12:14  [46/261] 2026-09-23 周三 VR Queen Street Auckland Official site NZ$91 (4家)  4.4s  ***低价***
2026-09-18 11:12:21  [47/261] 2026-09-23 周三 VR Auckland City         Booking.com NZ$73 (2家)  4.2s  ***低价***
2026-09-18 11:12:27  [48/261] 2026-09-23 周三 Shakespeare Hotel Auckla Official site NZ$78 (4家)  4.3s  ***低价***
2026-09-18 11:12:33  [49/261] 2026-09-23 周三 Auckland City Hotel      Official site NZ$112 (4家)  4.4s
2026-09-18 11:12:40  [50/261] 2026-09-23 周三 ibis budget Auckland Cen Booking.com NZ$77 (3家)  4.4s  ***低价***
2026-09-18 11:12:44  [51/261] 2026-09-23 周三 The Quadrant Hotel & Sui Super.com NZ$92 (4家)  2.6s  ***低价***
2026-09-18 11:12:51  [52/261] 2026-09-23 周三 Copthorne Hotel Auckland Official site NZ$121 (3家)  4.3s
2026-09-18 11:12:57  [53/261] 2026-09-23 周三 Albion Hotel Auckland    Official site NZ$82 (3家)  4.7s  ***低价***
2026-09-18 11:13:03  [54/261] 2026-09-23 周三 Ascotia Off Queen Auckla Official site NZ$65 (4家)  4.2s  ***低价***
2026-09-18 11:13:10  [55/261] 2026-09-24 周四 VR Queen Street Auckland Wotif NZ$91 (5家)  4.3s  ***低价***
2026-09-18 11:13:14  [56/261] 2026-09-24 周四 VR Auckland City         Super.com NZ$86 (2家)  2.7s  ***低价***
2026-09-18 11:13:21  [57/261] 2026-09-24 周四 Shakespeare Hotel Auckla Wotif NZ$79 (5家)  4.3s  ***低价***
2026-09-18 11:13:27  [58/261] 2026-09-24 周四 Auckland City Hotel      Wotif NZ$90 (5家)  4.4s  ***低价***
2026-09-18 11:13:34  [59/261] 2026-09-24 周四 ibis budget Auckland Cen Official site NZ$80 (3家)  4.5s  ***低价***
2026-09-18 11:13:38  [60/261] 2026-09-24 周四 The Quadrant Hotel & Sui Super.com NZ$89 (4家)  2.7s  ***低价***
2026-09-18 11:13:45  [61/261] 2026-09-24 周四 Copthorne Hotel Auckland Wotif NZ$122 (4家)  4.6s
2026-09-18 11:13:51  [62/261] 2026-09-24 周四 Albion Hotel Auckland    Official site NZ$86 (3家)  4.5s  ***低价***
2026-09-18 11:13:58  [63/261] 2026-09-24 周四 Ascotia Off Queen Auckla Official site NZ$64 (4家)  4.8s  ***低价***
2026-09-18 11:14:05  [64/261] 2026-09-25 周五 VR Queen Street Auckland Booking.com NZ$119 (3家)  4.5s
2026-09-18 11:14:11  [65/261] 2026-09-25 周五 VR Auckland City         Booking.com NZ$88 (2家)  4.5s  ***低价***
2026-09-18 11:14:18  [66/261] 2026-09-25 周五 Shakespeare Hotel Auckla Hotels.com NZ$274 (1家)  4.4s
2026-09-18 11:14:22  [67/261] 2026-09-25 周五 Auckland City Hotel      Official site NZ$206 (3家)  2.6s
2026-09-18 11:14:29  [68/261] 2026-09-25 周五 ibis budget Auckland Cen Official site NZ$101 (4家)  4.7s
2026-09-18 11:14:36  [69/261] 2026-09-25 周五 The Quadrant Hotel & Sui Official site NZ$221 (3家)  4.9s
2026-09-18 11:14:41  [70/261] 2026-09-25 周五 Copthorne Hotel Auckland Super.com NZ$206 (3家)  2.8s
2026-09-18 11:14:47  [71/261] 2026-09-25 周五 Albion Hotel Auckland    Official site NZ$103 (3家)  4.2s
2026-09-18 11:14:51  [72/261] 2026-09-25 周五 Ascotia Off Queen Auckla Super.com NZ$124 (2家)  2.7s
2026-09-18 11:14:58  [73/261] 2026-09-26 周六 VR Queen Street Auckland Wotif NZ$115 (5家)  4.4s
2026-09-18 11:15:04  [74/261] 2026-09-26 周六 VR Auckland City         Super.com NZ$159 (2家)  4.3s
2026-09-18 11:15:10  [75/261] 2026-09-26 周六 Shakespeare Hotel Auckla Official site NZ$73 (4家)  4.3s  ***低价***
2026-09-18 11:15:17  [76/261] 2026-09-26 周六 Auckland City Hotel      Wotif NZ$106 (5家)  4.2s
2026-09-18 11:15:23  [77/261] 2026-09-26 周六 ibis budget Auckland Cen Wotif NZ$101 (5家)  4.4s
2026-09-18 11:15:29  [78/261] 2026-09-26 周六 The Quadrant Hotel & Sui Official site NZ$104 (4家)  4.3s
2026-09-18 11:15:36  [79/261] 2026-09-26 周六 Copthorne Hotel Auckland Booking.com NZ$172 (3家)  4.4s
2026-09-18 11:15:41  [80/261] 2026-09-26 周六 Albion Hotel Auckland    Super.com NZ$99 (3家)  2.9s  ***低价***
2026-09-18 11:15:47  [81/261] 2026-09-26 周六 Ascotia Off Queen Auckla Official site NZ$114 (5家)  4.2s
2026-09-18 11:15:53  [82/261] 2026-09-27 周日 VR Queen Street Auckland Booking.com NZ$90 (4家)  4.7s  ***低价***
2026-09-18 11:16:00  [83/261] 2026-09-27 周日 VR Auckland City         Super.com NZ$114 (3家)  4.4s
2026-09-18 11:16:04  [84/261] 2026-09-27 周日 Shakespeare Hotel Auckla Super.com NZ$77 (4家)  2.5s  ***低价***
2026-09-18 11:16:11  [85/261] 2026-09-27 周日 Auckland City Hotel      Official site NZ$89 (4家)  4.7s  ***低价***
2026-09-18 11:16:17  [86/261] 2026-09-27 周日 ibis budget Auckland Cen Booking.com NZ$78 (4家)  4.3s  ***低价***
2026-09-18 11:16:24  [87/261] 2026-09-27 周日 The Quadrant Hotel & Sui Official site NZ$92 (4家)  4.2s  ***低价***
2026-09-18 11:16:30  [88/261] 2026-09-27 周日 Copthorne Hotel Auckland Official site NZ$130 (3家)  4.3s
2026-09-18 11:16:37  [89/261] 2026-09-27 周日 Albion Hotel Auckland    Booking.com NZ$76 (4家)  4.7s  ***低价***
2026-09-18 11:16:43  [90/261] 2026-09-27 周日 Ascotia Off Queen Auckla Official site NZ$86 (4家)  4.9s  ***低价***
2026-09-18 11:16:50  [91/261] 2026-09-28 周一 VR Queen Street Auckland Official site NZ$90 (4家)  4.7s  ***低价***
2026-09-18 11:16:57  [92/261] 2026-09-28 周一 VR Auckland City         Super.com NZ$83 (2家)  4.8s  ***低价***
2026-09-18 11:17:04  [93/261] 2026-09-28 周一 Shakespeare Hotel Auckla Official site NZ$75 (4家)  4.9s  ***低价***
2026-09-18 11:17:11  [94/261] 2026-09-28 周一 Auckland City Hotel      Booking.com NZ$91 (4家)  5.2s  ***低价***
2026-09-18 11:17:16  [95/261] 2026-09-28 周一 ibis budget Auckland Cen Super.com NZ$79 (3家)  2.5s  ***低价***
2026-09-18 11:17:22  [96/261] 2026-09-28 周一 The Quadrant Hotel & Sui Official site NZ$85 (4家)  4.2s  ***低价***
2026-09-18 11:17:29  [97/261] 2026-09-28 周一 Copthorne Hotel Auckland Official site NZ$111 (3家)  5.0s
2026-09-18 11:17:36  [98/261] 2026-09-28 周一 Albion Hotel Auckland    Wotif NZ$76 (4家)  5.6s  ***低价***
2026-09-18 11:17:43  [99/261] 2026-09-28 周一 Ascotia Off Queen Auckla Official site NZ$64 (4家)  4.3s  ***低价***
2026-09-18 11:17:49  [100/261] 2026-09-29 周二 VR Queen Street Auckland Official site NZ$90 (3家)  4.8s  ***低价***
2026-09-18 11:17:56  [101/261] 2026-09-29 周二 VR Auckland City         Super.com NZ$86 (2家)  4.3s  ***低价***
2026-09-18 11:18:02  [102/261] 2026-09-29 周二 Shakespeare Hotel Auckla Wotif NZ$78 (5家)  4.5s  ***低价***
2026-09-18 11:18:09  [103/261] 2026-09-29 周二 Auckland City Hotel      Official site NZ$91 (4家)  4.9s  ***低价***
2026-09-18 11:18:16  [104/261] 2026-09-29 周二 ibis budget Auckland Cen Booking.com NZ$75 (4家)  4.3s  ***低价***
2026-09-18 11:18:22  [105/261] 2026-09-29 周二 The Quadrant Hotel & Sui Official site NZ$86 (4家)  4.6s  ***低价***
2026-09-18 11:18:28  [106/261] 2026-09-29 周二 Copthorne Hotel Auckland Official site NZ$113 (3家)  4.2s
2026-09-18 11:18:35  [107/261] 2026-09-29 周二 Albion Hotel Auckland    Official site NZ$77 (3家)  4.6s  ***低价***
2026-09-18 11:18:41  [108/261] 2026-09-29 周二 Ascotia Off Queen Auckla Official site NZ$65 (4家)  4.5s  ***低价***
2026-09-18 11:18:46  [109/261] 2026-09-30 周三 VR Queen Street Auckland Super.com NZ$97 (3家)  2.5s  ***低价***
2026-09-18 11:18:53  [110/261] 2026-09-30 周三 VR Auckland City         Booking.com NZ$84 (2家)  5.0s  ***低价***
2026-09-18 11:19:00  [111/261] 2026-09-30 周三 Shakespeare Hotel Auckla Booking.com NZ$78 (4家)  4.8s  ***低价***
2026-09-18 11:19:06  [112/261] 2026-09-30 周三 Auckland City Hotel      Official site NZ$92 (4家)  4.2s  ***低价***
2026-09-18 11:19:12  [113/261] 2026-09-30 周三 ibis budget Auckland Cen Official site NZ$74 (3家)  4.4s  ***低价***
2026-09-18 11:19:19  [114/261] 2026-09-30 周三 The Quadrant Hotel & Sui Official site NZ$87 (4家)  4.3s  ***低价***
2026-09-18 11:19:25  [115/261] 2026-09-30 周三 Copthorne Hotel Auckland Booking.com NZ$115 (3家)  4.4s
2026-09-18 11:19:31  [116/261] 2026-09-30 周三 Albion Hotel Auckland    Official site NZ$77 (3家)  4.5s  ***低价***
2026-09-18 11:19:38  [117/261] 2026-09-30 周三 Ascotia Off Queen Auckla Wotif NZ$65 (5家)  4.6s  ***低价***
2026-09-18 11:19:45  [118/261] 2026-10-01 周四 VR Queen Street Auckland Official site NZ$96 (4家)  4.9s  ***低价***
2026-09-18 11:19:52  [119/261] 2026-10-01 周四 VR Auckland City         Booking.com NZ$84 (2家)  4.6s  ***低价***
2026-09-18 11:19:59  [120/261] 2026-10-01 周四 Shakespeare Hotel Auckla Booking.com NZ$87 (4家)  5.1s  ***低价***
2026-09-18 11:20:05  [121/261] 2026-10-01 周四 Auckland City Hotel      Wotif NZ$96 (5家)  4.6s  ***低价***
2026-09-18 11:20:11  [122/261] 2026-10-01 周四 ibis budget Auckland Cen Official site NZ$90 (3家)  4.2s  ***低价***
2026-09-18 11:20:18  [123/261] 2026-10-01 周四 The Quadrant Hotel & Sui Wotif NZ$109 (5家)  4.3s
2026-09-18 11:20:24  [124/261] 2026-10-01 周四 Copthorne Hotel Auckland Wotif NZ$111 (5家)  4.6s
2026-09-18 11:20:29  [125/261] 2026-10-01 周四 Albion Hotel Auckland    Super.com NZ$95 (3家)  2.6s  ***低价***
2026-09-18 11:20:35  [126/261] 2026-10-01 周四 Ascotia Off Queen Auckla Booking.com NZ$88 (3家)  4.2s  ***低价***
2026-09-18 11:20:42  [127/261] 2026-10-02 周五 VR Queen Street Auckland Booking.com NZ$110 (3家)  4.5s
2026-09-18 11:20:48  [128/261] 2026-10-02 周五 VR Auckland City         Booking.com NZ$112 (2家)  4.3s
2026-09-18 11:20:54  [129/261] 2026-10-02 周五 Shakespeare Hotel Auckla Official site NZ$93 (4家)  4.3s  ***低价***
2026-09-18 11:21:01  [130/261] 2026-10-02 周五 Auckland City Hotel      Official site NZ$96 (4家)  4.7s  ***低价***
2026-09-18 11:21:06  [131/261] 2026-10-02 周五 ibis budget Auckland Cen Super.com NZ$95 (3家)  2.7s  ***低价***
2026-09-18 11:21:10  [132/261] 2026-10-02 周五 The Quadrant Hotel & Sui Super.com NZ$110 (4家)  2.5s
2026-09-18 11:21:16  [133/261] 2026-10-02 周五 Copthorne Hotel Auckland Booking.com NZ$140 (4家)  4.3s
2026-09-18 11:21:23  [134/261] 2026-10-02 周五 Albion Hotel Auckland    Wotif NZ$115 (4家)  4.3s
2026-09-18 11:21:30  [135/261] 2026-10-02 周五 Ascotia Off Queen Auckla Booking.com NZ$99 (3家)  4.8s  ***低价***
2026-09-18 11:21:36  [136/261] 2026-10-03 周六 VR Queen Street Auckland Wotif NZ$123 (4家)  4.4s
2026-09-18 11:21:42  [137/261] 2026-10-03 周六 VR Auckland City         Booking.com NZ$102 (2家)  4.5s
2026-09-18 11:21:49  [138/261] 2026-10-03 周六 Shakespeare Hotel Auckla Wotif NZ$91 (5家)  4.3s  ***低价***
2026-09-18 11:21:55  [139/261] 2026-10-03 周六 Auckland City Hotel      Official site NZ$107 (4家)  4.2s
2026-09-18 11:22:00  [140/261] 2026-10-03 周六 ibis budget Auckland Cen Super.com NZ$103 (3家)  2.8s
2026-09-18 11:22:07  [141/261] 2026-10-03 周六 The Quadrant Hotel & Sui Booking.com NZ$127 (4家)  4.8s
2026-09-18 11:22:13  [142/261] 2026-10-03 周六 Copthorne Hotel Auckland Booking.com NZ$155 (3家)  4.2s
2026-09-18 11:22:19  [143/261] 2026-10-03 周六 Albion Hotel Auckland    Booking.com NZ$114 (4家)  4.2s
2026-09-18 11:22:25  [144/261] 2026-10-03 周六 Ascotia Off Queen Auckla Booking.com NZ$95 (4家)  4.2s  ***低价***
2026-09-18 11:22:32  [145/261] 2026-10-04 周日 VR Queen Street Auckland Wotif NZ$89 (5家)  4.4s  ***低价***
2026-09-18 11:22:39  [146/261] 2026-10-04 周日 VR Auckland City         Booking.com NZ$84 (2家)  4.8s  ***低价***
2026-09-18 11:22:45  [147/261] 2026-10-04 周日 Shakespeare Hotel Auckla Official site NZ$94 (4家)  4.5s  ***低价***
2026-09-18 11:22:51  [148/261] 2026-10-04 周日 Auckland City Hotel      Booking.com NZ$99 (4家)  4.4s  ***低价***
2026-09-18 11:22:58  [149/261] 2026-10-04 周日 ibis budget Auckland Cen Booking.com NZ$86 (3家)  4.2s  ***低价***
2026-09-18 11:23:04  [150/261] 2026-10-04 周日 The Quadrant Hotel & Sui Wotif NZ$95 (4家)  4.3s  ***低价***
2026-09-18 11:23:11  [151/261] 2026-10-04 周日 Copthorne Hotel Auckland Booking.com NZ$112 (4家)  4.7s
2026-09-18 11:23:17  [152/261] 2026-10-04 周日 Albion Hotel Auckland    Official site NZ$77 (3家)  4.4s  ***低价***
2026-09-18 11:23:23  [153/261] 2026-10-04 周日 Ascotia Off Queen Auckla Official site NZ$80 (3家)  4.2s  ***低价***
2026-09-18 11:23:30  [154/261] 2026-10-05 周一 VR Queen Street Auckland Wotif NZ$90 (5家)  4.5s  ***低价***
2026-09-18 11:23:36  [155/261] 2026-10-05 周一 VR Auckland City         Super.com NZ$110 (2家)  4.3s
2026-09-18 11:23:42  [156/261] 2026-10-05 周一 Shakespeare Hotel Auckla Official site NZ$93 (4家)  4.3s  ***低价***
2026-09-18 11:23:47  [157/261] 2026-10-05 周一 Auckland City Hotel      Super.com NZ$96 (4家)  2.5s  ***低价***
2026-09-18 11:23:54  [158/261] 2026-10-05 周一 ibis budget Auckland Cen Official site NZ$78 (4家)  4.9s  ***低价***
2026-09-18 11:24:00  [159/261] 2026-10-05 周一 The Quadrant Hotel & Sui Official site NZ$90 (4家)  4.5s  ***低价***
2026-09-18 11:24:06  [160/261] 2026-10-05 周一 Copthorne Hotel Auckland Official site NZ$110 (3家)  4.3s
2026-09-18 11:24:13  [161/261] 2026-10-05 周一 Albion Hotel Auckland    Official site NZ$77 (3家)  4.2s  ***低价***
2026-09-18 11:24:19  [162/261] 2026-10-05 周一 Ascotia Off Queen Auckla Official site NZ$80 (4家)  4.2s  ***低价***
2026-09-18 11:24:25  [163/261] 2026-10-06 周二 VR Queen Street Auckland Wotif NZ$90 (5家)  4.6s  ***低价***
2026-09-18 11:24:32  [164/261] 2026-10-06 周二 VR Auckland City         Super.com NZ$106 (2家)  4.4s
2026-09-18 11:24:38  [165/261] 2026-10-06 周二 Shakespeare Hotel Auckla Booking.com NZ$91 (4家)  4.4s  ***低价***
2026-09-18 11:24:45  [166/261] 2026-10-06 周二 Auckland City Hotel      Official site NZ$108 (4家)  4.5s
2026-09-18 11:24:52  [167/261] 2026-10-06 周二 ibis budget Auckland Cen Wotif NZ$80 (5家)  4.9s  ***低价***
2026-09-18 11:24:56  [168/261] 2026-10-06 周二 The Quadrant Hotel & Sui Super.com NZ$97 (4家)  2.7s  ***低价***
2026-09-18 11:25:03  [169/261] 2026-10-06 周二 Copthorne Hotel Auckland Official site NZ$111 (3家)  4.4s
2026-09-18 11:25:09  [170/261] 2026-10-06 周二 Albion Hotel Auckland    Official site NZ$76 (3家)  4.1s  ***低价***
2026-09-18 11:25:15  [171/261] 2026-10-06 周二 Ascotia Off Queen Auckla Official site NZ$80 (4家)  4.2s  ***低价***
2026-09-18 11:25:20  [172/261] 2026-10-07 周三 VR Queen Street Auckland Super.com NZ$86 (4家)  2.6s  ***低价***
2026-09-18 11:25:26  [173/261] 2026-10-07 周三 VR Auckland City         Super.com NZ$107 (2家)  4.5s
2026-09-18 11:25:32  [174/261] 2026-10-07 周三 Shakespeare Hotel Auckla Booking.com NZ$95 (4家)  4.2s  ***低价***
2026-09-18 11:25:39  [175/261] 2026-10-07 周三 Auckland City Hotel      Official site NZ$107 (4家)  5.0s
2026-09-18 11:25:46  [176/261] 2026-10-07 周三 ibis budget Auckland Cen Official site NZ$74 (3家)  4.3s  ***低价***
2026-09-18 11:25:52  [177/261] 2026-10-07 周三 The Quadrant Hotel & Sui Official site NZ$95 (4家)  4.5s  ***低价***
2026-09-18 11:25:59  [178/261] 2026-10-07 周三 Copthorne Hotel Auckland Booking.com NZ$112 (4家)  4.4s
2026-09-18 11:26:05  [179/261] 2026-10-07 周三 Albion Hotel Auckland    Official site NZ$77 (3家)  4.4s  ***低价***
2026-09-18 11:26:12  [180/261] 2026-10-07 周三 Ascotia Off Queen Auckla Wotif NZ$97 (4家)  4.7s  ***低价***
2026-09-18 11:26:18  [181/261] 2026-10-08 周四 VR Queen Street Auckland Wotif NZ$114 (5家)  4.2s
2026-09-18 11:26:24  [182/261] 2026-10-08 周四 VR Auckland City         Super.com NZ$142 (2家)  4.1s
2026-09-18 11:26:31  [183/261] 2026-10-08 周四 Shakespeare Hotel Auckla Wotif NZ$88 (5家)  4.6s  ***低价***
2026-09-18 11:26:37  [184/261] 2026-10-08 周四 Auckland City Hotel      Booking.com NZ$107 (4家)  4.7s
2026-09-18 11:26:44  [185/261] 2026-10-08 周四 ibis budget Auckland Cen Wotif NZ$99 (4家)  4.3s  ***低价***
2026-09-18 11:26:49  [186/261] 2026-10-08 周四 The Quadrant Hotel & Sui Super.com NZ$97 (4家)  3.3s  ***低价***
2026-09-18 11:26:55  [187/261] 2026-10-08 周四 Copthorne Hotel Auckland Wotif NZ$117 (5家)  4.4s
2026-09-18 11:27:01  [188/261] 2026-10-08 周四 Albion Hotel Auckland    Booking.com NZ$95 (4家)  4.1s  ***低价***
2026-09-18 11:27:08  [189/261] 2026-10-08 周四 Ascotia Off Queen Auckla Wotif NZ$95 (4家)  4.2s  ***低价***
2026-09-18 11:27:14  [190/261] 2026-10-09 周五 VR Queen Street Auckland Official site NZ$223 (3家)  4.2s
2026-09-18 11:27:21  [191/261] 2026-10-09 周五 VR Auckland City         Booking.com NZ$102 (2家)  5.0s
2026-09-18 11:27:25  [192/261] 2026-10-09 Shakespeare Hotel Auckland: 无报价 (2.3s)
2026-09-18 11:27:28  [193/261] 2026-10-09 周五 Auckland City Hotel      Super.com NZ$160 (4家)  2.5s
2026-09-18 11:27:34  [194/261] 2026-10-09 周五 ibis budget Auckland Cen Official site NZ$183 (3家)  4.7s
2026-09-18 11:27:39  [195/261] 2026-10-09 周五 The Quadrant Hotel & Sui Super.com NZ$226 (3家)  2.7s
2026-09-18 11:27:44  [196/261] 2026-10-09 周五 Copthorne Hotel Auckland Super.com NZ$258 (3家)  2.4s
2026-09-18 11:27:50  [197/261] 2026-10-09 周五 Albion Hotel Auckland    Wotif NZ$139 (5家)  4.9s
2026-09-18 11:27:57  [198/261] 2026-10-09 周五 Ascotia Off Queen Auckla Booking.com NZ$124 (3家)  4.3s
2026-09-18 11:28:03  [199/261] 2026-10-10 周六 VR Queen Street Auckland Official site NZ$228 (4家)  4.4s
2026-09-18 11:28:08  [200/261] 2026-10-10 周六 VR Auckland City         Super.com NZ$454 (2家)  2.9s
2026-09-18 11:28:13  [201/261] 2026-10-10 Shakespeare Hotel Auckland: 无报价 (3.1s)
2026-09-18 11:28:19  [202/261] 2026-10-10 周六 Auckland City Hotel      Official site NZ$222 (4家)  5.4s
2026-09-18 11:28:26  [203/261] 2026-10-10 周六 ibis budget Auckland Cen Official site NZ$237 (3家)  5.1s
2026-09-18 11:28:32  [204/261] 2026-10-10 周六 The Quadrant Hotel & Sui Official site NZ$269 (3家)  4.7s
2026-09-18 11:28:39  [205/261] 2026-10-10 周六 Copthorne Hotel Auckland Booking.com NZ$304 (3家)  4.3s
2026-09-18 11:28:43  [206/261] 2026-10-10 周六 Albion Hotel Auckland    Super.com NZ$196 (3家)  2.8s
2026-09-18 11:28:49  [207/261] 2026-10-10 周六 Ascotia Off Queen Auckla Official site NZ$169 (4家)  4.0s
2026-09-18 11:28:56  [208/261] 2026-10-11 周日 VR Queen Street Auckland Official site NZ$96 (3家)  4.7s  ***低价***
2026-09-18 11:29:01  [209/261] 2026-10-11 周日 VR Auckland City         Super.com NZ$87 (2家)  2.7s  ***低价***
2026-09-18 11:29:07  [210/261] 2026-10-11 周日 Shakespeare Hotel Auckla Hotels.com NZ$99 (4家)  4.5s  ***低价***
2026-09-18 11:29:12  [211/261] 2026-10-11 周日 Auckland City Hotel      Super.com NZ$100 (3家)  2.5s
2026-09-18 11:29:18  [212/261] 2026-10-11 周日 ibis budget Auckland Cen Official site NZ$78 (3家)  4.5s  ***低价***
2026-09-18 11:29:25  [213/261] 2026-10-11 周日 The Quadrant Hotel & Sui Wotif NZ$89 (5家)  4.5s  ***低价***
2026-09-18 11:29:30  [214/261] 2026-10-11 周日 Copthorne Hotel Auckland Super.com NZ$104 (3家)  2.8s
2026-09-18 11:29:36  [215/261] 2026-10-11 周日 Albion Hotel Auckland    Official site NZ$80 (3家)  4.3s  ***低价***
2026-09-18 11:29:42  [216/261] 2026-10-11 周日 Ascotia Off Queen Auckla Official site NZ$88 (3家)  4.3s  ***低价***
2026-09-18 11:29:49  [217/261] 2026-10-12 周一 VR Queen Street Auckland Wotif NZ$95 (5家)  4.8s  ***低价***
2026-09-18 11:29:55  [218/261] 2026-10-12 周一 VR Auckland City         Super.com NZ$102 (2家)  4.3s
2026-09-18 11:30:02  [219/261] 2026-10-12 周一 Shakespeare Hotel Auckla Wotif NZ$89 (5家)  4.3s  ***低价***
2026-09-18 11:30:08  [220/261] 2026-10-12 周一 Auckland City Hotel      Official site NZ$104 (4家)  4.7s
2026-09-18 11:30:13  [221/261] 2026-10-12 周一 ibis budget Auckland Cen Super.com NZ$86 (3家)  2.6s  ***低价***
2026-09-18 11:30:20  [222/261] 2026-10-12 周一 The Quadrant Hotel & Sui Official site NZ$76 (4家)  4.5s  ***低价***
2026-09-18 11:30:26  [223/261] 2026-10-12 周一 Copthorne Hotel Auckland Wotif NZ$101 (4家)  4.4s
2026-09-18 11:30:32  [224/261] 2026-10-12 周一 Albion Hotel Auckland    Official site NZ$77 (3家)  4.2s  ***低价***
2026-09-18 11:30:38  [225/261] 2026-10-12 周一 Ascotia Off Queen Auckla Official site NZ$88 (5家)  4.3s  ***低价***
2026-09-18 11:30:45  [226/261] 2026-10-13 周二 VR Queen Street Auckland Official site NZ$95 (4家)  4.4s  ***低价***
2026-09-18 11:30:51  [227/261] 2026-10-13 周二 VR Auckland City         Booking.com NZ$84 (2家)  4.4s  ***低价***
2026-09-18 11:30:58  [228/261] 2026-10-13 周二 Shakespeare Hotel Auckla Official site NZ$83 (4家)  4.4s  ***低价***
2026-09-18 11:31:04  [229/261] 2026-10-13 周二 Auckland City Hotel      Official site NZ$103 (4家)  4.4s
2026-09-18 11:31:11  [230/261] 2026-10-13 周二 ibis budget Auckland Cen Wotif NZ$86 (4家)  4.5s  ***低价***
2026-09-18 11:31:17  [231/261] 2026-10-13 周二 The Quadrant Hotel & Sui Official site NZ$93 (4家)  4.2s  ***低价***
2026-09-18 11:31:23  [232/261] 2026-10-13 周二 Copthorne Hotel Auckland Official site NZ$121 (3家)  4.5s
2026-09-18 11:31:30  [233/261] 2026-10-13 周二 Albion Hotel Auckland    Official site NZ$76 (3家)  4.4s  ***低价***
2026-09-18 11:31:36  [234/261] 2026-10-13 周二 Ascotia Off Queen Auckla Booking.com NZ$87 (3家)  4.3s  ***低价***
2026-09-18 11:31:43  [235/261] 2026-10-14 周三 VR Queen Street Auckland Official site NZ$96 (3家)  4.5s  ***低价***
2026-09-18 11:31:49  [236/261] 2026-10-14 周三 VR Auckland City         Super.com NZ$92 (2家)  4.6s  ***低价***
2026-09-18 11:31:56  [237/261] 2026-10-14 周三 Shakespeare Hotel Auckla Official site NZ$92 (4家)  4.5s  ***低价***
2026-09-18 11:32:02  [238/261] 2026-10-14 周三 Auckland City Hotel      Official site NZ$101 (4家)  4.4s
2026-09-18 11:32:07  [239/261] 2026-10-14 周三 ibis budget Auckland Cen Super.com NZ$78 (3家)  2.4s  ***低价***
2026-09-18 11:32:13  [240/261] 2026-10-14 周三 The Quadrant Hotel & Sui Official site NZ$90 (4家)  4.4s  ***低价***
2026-09-18 11:32:19  [241/261] 2026-10-14 周三 Copthorne Hotel Auckland Hotels.com NZ$103 (4家)  4.5s
2026-09-18 11:32:26  [242/261] 2026-10-14 周三 Albion Hotel Auckland    Official site NZ$77 (3家)  4.5s  ***低价***
2026-09-18 11:32:33  [243/261] 2026-10-14 周三 Ascotia Off Queen Auckla Booking.com NZ$88 (4家)  4.6s  ***低价***
2026-09-18 11:32:39  [244/261] 2026-10-15 周四 VR Queen Street Auckland Booking.com NZ$95 (4家)  4.5s  ***低价***
2026-09-18 11:32:45  [245/261] 2026-10-15 周四 VR Auckland City         Super.com NZ$98 (2家)  4.4s  ***低价***
2026-09-18 11:32:50  [246/261] 2026-10-15 周四 Shakespeare Hotel Auckla Super.com NZ$87 (4家)  2.6s  ***低价***
2026-09-18 11:32:56  [247/261] 2026-10-15 周四 Auckland City Hotel      Official site NZ$100 (4家)  4.2s
2026-09-18 11:33:03  [248/261] 2026-10-15 周四 ibis budget Auckland Cen Official site NZ$89 (3家)  4.5s  ***低价***
2026-09-18 11:33:10  [249/261] 2026-10-15 周四 The Quadrant Hotel & Sui Booking.com NZ$91 (4家)  5.1s  ***低价***
2026-09-18 11:33:16  [250/261] 2026-10-15 周四 Copthorne Hotel Auckland Official site NZ$107 (4家)  4.5s
2026-09-18 11:33:23  [251/261] 2026-10-15 周四 Albion Hotel Auckland    Official site NZ$97 (3家)  4.2s  ***低价***
2026-09-18 11:33:28  [252/261] 2026-10-15 周四 Ascotia Off Queen Auckla Official site NZ$88 (4家)  3.8s  ***低价***
2026-09-18 11:33:35  [253/261] 2026-10-16 周五 VR Queen Street Auckland Booking.com NZ$132 (4家)  4.4s
2026-09-18 11:33:41  [254/261] 2026-10-16 周五 VR Auckland City         Wotif NZ$102 (3家)  4.6s
2026-09-18 11:33:47  [255/261] 2026-10-16 周五 Shakespeare Hotel Auckla Wotif NZ$86 (5家)  4.1s  ***低价***
2026-09-18 11:33:54  [256/261] 2026-10-16 周五 Auckland City Hotel      Wotif NZ$141 (5家)  4.2s
2026-09-18 11:34:00  [257/261] 2026-10-16 周五 ibis budget Auckland Cen Wotif NZ$131 (4家)  4.2s
2026-09-18 11:34:06  [258/261] 2026-10-16 周五 The Quadrant Hotel & Sui Wotif NZ$148 (5家)  4.1s
2026-09-18 11:34:11  [259/261] 2026-10-16 周五 Copthorne Hotel Auckland Super.com NZ$152 (3家)  2.6s
2026-09-18 11:34:17  [260/261] 2026-10-16 周五 Albion Hotel Auckland    Booking.com NZ$114 (4家)  4.9s
2026-09-18 11:34:24  [261/261] 2026-10-16 周五 Ascotia Off Queen Auckla Wotif NZ$134 (5家)  4.3s
2026-09-18 11:34:26  ===== 第 1 轮结束: 成功 259 / 异常 2, 用时 26.9 分钟, 平均抓取 4.2s =====
2026-09-18 11:34:26  报告已刷新: Y:\12\auckland-hotel-watch\local\data\overnight_report.md
2026-09-18 11:34:27  看板已重建: auckland_rates.html
2026-09-18 11:34:27  休息 3 分钟, 下一轮约 11:37
2026-09-18 11:37:35  ===== 第 2 轮开始, 共 261 个目标 =====
2026-09-18 11:37:38  [1/261] 2026-09-18 周五 VR Queen Street Auckland Super.com NZ$131 (4家)  3.0s
2026-09-18 11:37:43  [2/261] 2026-09-18 周五 VR Auckland City         Super.com NZ$114 (3家)  3.1s
2026-09-18 11:37:48  [3/261] 2026-09-18 周五 Shakespeare Hotel Auckla Super.com NZ$77 (4家)  3.0s  ***低价***
2026-09-18 11:37:53  [4/261] 2026-09-18 周五 Auckland City Hotel      Super.com NZ$91 (4家)  3.1s  ***低价***
2026-09-18 11:37:59  [5/261] 2026-09-18 周五 ibis budget Auckland Cen Official site NZ$119 (2家)  3.6s
2026-09-18 11:38:04  [6/261] 2026-09-18 周五 The Quadrant Hotel & Sui Super.com NZ$152 (4家)  3.0s
2026-09-18 11:38:09  [7/261] 2026-09-18 周五 Copthorne Hotel Auckland Super.com NZ$132 (4家)  2.9s
2026-09-18 11:38:13  [8/261] 2026-09-18 周五 Albion Hotel Auckland    Super.com NZ$80 (3家)  2.5s  ***低价***
2026-09-18 11:38:18  [9/261] 2026-09-18 周五 Ascotia Off Queen Auckla Bluepillow NZ$97 (4家)  3.0s  ***低价***
2026-09-18 11:38:27  [10/261] 2026-09-19 周六 VR Queen Street Auckland Wotif NZ$112 (5家)  6.5s
2026-09-18 11:38:34  [11/261] 2026-09-19 周六 VR Auckland City         Booking.com NZ$79 (2家)  5.5s  ***低价***
2026-09-18 11:38:39  [12/261] 2026-09-19 周六 Shakespeare Hotel Auckla Super.com NZ$78 (4家)  2.7s  ***低价***
2026-09-18 11:38:44  [13/261] 2026-09-19 周六 Auckland City Hotel      Super.com NZ$87 (4家)  2.8s  ***低价***
2026-09-18 11:38:51  [14/261] 2026-09-19 周六 ibis budget Auckland Cen Official site NZ$93 (4家)  5.2s  ***低价***
2026-09-18 11:38:58  [15/261] 2026-09-19 周六 The Quadrant Hotel & Sui Wotif NZ$112 (5家)  4.6s
2026-09-18 11:39:02  [16/261] 2026-09-19 周六 Copthorne Hotel Auckland Super.com NZ$127 (3家)  2.5s
2026-09-18 11:39:07  [17/261] 2026-09-19 周六 Albion Hotel Auckland    Super.com NZ$83 (3家)  2.6s  ***低价***
2026-09-18 11:39:11  [18/261] 2026-09-19 周六 Ascotia Off Queen Auckla Super.com NZ$82 (3家)  2.5s  ***低价***
2026-09-18 11:39:16  [19/261] 2026-09-20 周日 VR Queen Street Auckland Super.com NZ$78 (4家)  2.8s  ***低价***
2026-09-18 11:39:23  [20/261] 2026-09-20 周日 VR Auckland City         Super.com NZ$85 (3家)  5.2s  ***低价***
2026-09-18 11:39:30  [21/261] 2026-09-20 周日 Shakespeare Hotel Auckla Wotif NZ$80 (5家)  4.5s  ***低价***
2026-09-18 11:39:34  [22/261] 2026-09-20 周日 Auckland City Hotel      Super.com NZ$85 (4家)  2.4s  ***低价***
2026-09-18 11:39:39  [23/261] 2026-09-20 周日 ibis budget Auckland Cen Super.com NZ$87 (4家)  2.5s  ***低价***
2026-09-18 11:39:46  [24/261] 2026-09-20 周日 The Quadrant Hotel & Sui Booking.com NZ$142 (4家)  4.8s
2026-09-18 11:39:52  [25/261] 2026-09-20 周日 Copthorne Hotel Auckland Wotif NZ$107 (5家)  4.5s
2026-09-18 11:39:56  [26/261] 2026-09-20 周日 Albion Hotel Auckland    Super.com NZ$78 (3家)  2.5s  ***低价***
2026-09-18 11:40:03  [27/261] 2026-09-20 周日 Ascotia Off Queen Auckla Official site NZ$65 (4家)  4.1s  ***低价***
2026-09-18 11:40:07  [28/261] 2026-09-21 周一 VR Queen Street Auckland Super.com NZ$74 (4家)  2.6s  ***低价***
2026-09-18 11:40:14  [29/261] 2026-09-21 周一 VR Auckland City         Wotif NZ$73 (4家)  4.4s  ***低价***
2026-09-18 11:40:20  [30/261] 2026-09-21 周一 Shakespeare Hotel Auckla Wotif NZ$75 (5家)  4.4s  ***低价***
2026-09-18 11:40:27  [31/261] 2026-09-21 周一 Auckland City Hotel      Official site NZ$88 (4家)  5.0s  ***低价***
2026-09-18 11:40:34  [32/261] 2026-09-21 周一 ibis budget Auckland Cen Official site NZ$78 (4家)  5.0s  ***低价***
2026-09-18 11:40:39  [33/261] 2026-09-21 周一 The Quadrant Hotel & Sui Super.com NZ$95 (4家)  3.1s  ***低价***
2026-09-18 11:40:45  [34/261] 2026-09-21 周一 Copthorne Hotel Auckland Wotif NZ$105 (4家)  4.3s
2026-09-18 11:40:52  [35/261] 2026-09-21 周一 Albion Hotel Auckland    Wotif NZ$78 (4家)  4.8s  ***低价***
2026-09-18 11:40:59  [36/261] 2026-09-21 周一 Ascotia Off Queen Auckla Official site NZ$64 (4家)  4.7s  ***低价***
2026-09-18 11:41:06  [37/261] 2026-09-22 周二 VR Queen Street Auckland Official site NZ$81 (4家)  4.7s  ***低价***
2026-09-18 11:41:12  [38/261] 2026-09-22 周二 VR Auckland City         Booking.com NZ$73 (3家)  4.0s  ***低价***
2026-09-18 11:41:18  [39/261] 2026-09-22 周二 Shakespeare Hotel Auckla Booking.com NZ$79 (4家)  4.5s  ***低价***
2026-09-18 11:41:25  [40/261] 2026-09-22 周二 Auckland City Hotel      Wotif NZ$91 (5家)  4.9s  ***低价***
2026-09-18 11:41:32  [41/261] 2026-09-22 周二 ibis budget Auckland Cen Wotif NZ$84 (4家)  4.5s  ***低价***
2026-09-18 11:41:38  [42/261] 2026-09-22 周二 The Quadrant Hotel & Sui Booking.com NZ$152 (3家)  4.8s
2026-09-18 11:41:45  [43/261] 2026-09-22 周二 Copthorne Hotel Auckland Booking.com NZ$114 (3家)  4.6s
2026-09-18 11:41:52  [44/261] 2026-09-22 周二 Albion Hotel Auckland    Wotif NZ$77 (4家)  4.8s  ***低价***
2026-09-18 11:41:56  [45/261] 2026-09-22 周二 Ascotia Off Queen Auckla Super.com NZ$73 (2家)  2.6s  ***低价***
2026-09-18 11:42:01  [46/261] 2026-09-23 周三 VR Queen Street Auckland Super.com NZ$90 (4家)  2.4s  ***低价***
2026-09-18 11:42:07  [47/261] 2026-09-23 周三 VR Auckland City         Booking.com NZ$73 (2家)  4.8s  ***低价***
2026-09-18 11:42:12  [48/261] 2026-09-23 周三 Shakespeare Hotel Auckla Super.com NZ$77 (4家)  2.5s  ***低价***
2026-09-18 11:42:19  [49/261] 2026-09-23 周三 Auckland City Hotel      Booking.com NZ$112 (4家)  4.5s
2026-09-18 11:42:25  [50/261] 2026-09-23 周三 ibis budget Auckland Cen Booking.com NZ$77 (3家)  4.3s  ***低价***
2026-09-18 11:42:31  [51/261] 2026-09-23 周三 The Quadrant Hotel & Sui Booking.com NZ$93 (4家)  4.5s  ***低价***
2026-09-18 11:42:38  [52/261] 2026-09-23 周三 Copthorne Hotel Auckland Wotif NZ$122 (4家)  4.7s
2026-09-18 11:42:46  [53/261] 2026-09-23 周三 Albion Hotel Auckland    Official site NZ$78 (3家)  6.0s  ***低价***
2026-09-18 11:42:54  [54/261] 2026-09-23 周三 Ascotia Off Queen Auckla Booking.com NZ$67 (2家)  6.4s  ***低价***
2026-09-18 11:43:04  [55/261] 2026-09-24 周四 VR Queen Street Auckland Booking.com NZ$91 (4家)  7.5s  ***低价***
2026-09-18 11:43:11  [56/261] 2026-09-24 周四 VR Auckland City         Wotif NZ$73 (3家)  5.2s  ***低价***
2026-09-18 11:43:17  [57/261] 2026-09-24 周四 Shakespeare Hotel Auckla Super.com NZ$79 (4家)  3.5s  ***低价***
2026-09-18 11:43:27  [58/261] 2026-09-24 周四 Auckland City Hotel      Wotif NZ$90 (5家)  8.0s  ***低价***
2026-09-18 11:43:34  [59/261] 2026-09-24 周四 ibis budget Auckland Cen Official site NZ$80 (3家)  5.3s  ***低价***
2026-09-18 11:43:43  [60/261] 2026-09-24 周四 The Quadrant Hotel & Sui Wotif NZ$89 (5家)  6.7s  ***低价***
2026-09-18 11:43:49  [61/261] 2026-09-24 周四 Copthorne Hotel Auckland Wotif NZ$122 (4家)  4.6s
2026-09-18 11:43:54  [62/261] 2026-09-24 周四 Albion Hotel Auckland    Bluepillow NZ$86 (3家)  3.2s  ***低价***
2026-09-18 11:44:02  [63/261] 2026-09-24 周四 Ascotia Off Queen Auckla Wotif NZ$64 (4家)  5.1s  ***低价***
2026-09-18 11:44:10  [64/261] 2026-09-25 周五 VR Queen Street Auckland Booking.com NZ$119 (4家)  6.0s
2026-09-18 11:44:16  [65/261] 2026-09-25 周五 VR Auckland City         Hotels.com NZ$88 (3家)  4.9s  ***低价***
2026-09-18 11:44:21  [66/261] 2026-09-25 Shakespeare Hotel Auckland: 无报价 (2.6s)
2026-09-18 11:44:26  [67/261] 2026-09-25 周五 Auckland City Hotel      Hotels.com NZ$209 (5家)  5.2s
2026-09-18 11:44:33  [68/261] 2026-09-25 周五 ibis budget Auckland Cen Official site NZ$98 (3家)  4.8s  ***低价***
2026-09-18 11:44:41  [69/261] 2026-09-25 周五 The Quadrant Hotel & Sui Official site NZ$224 (4家)  5.8s
2026-09-18 11:44:49  [70/261] 2026-09-25 周五 Copthorne Hotel Auckland Booking.com NZ$206 (4家)  5.9s
2026-09-18 11:44:56  [71/261] 2026-09-25 周五 Albion Hotel Auckland    Booking.com NZ$101 (4家)  4.6s
2026-09-18 11:45:01  [72/261] 2026-09-25 周五 Ascotia Off Queen Auckla Super.com NZ$124 (3家)  3.2s
2026-09-18 11:45:08  [73/261] 2026-09-26 周六 VR Queen Street Auckland Wotif NZ$117 (4家)  4.9s
2026-09-18 11:45:14  [74/261] 2026-09-26 周六 VR Auckland City         Wotif NZ$88 (3家)  4.6s  ***低价***
2026-09-18 11:45:21  [75/261] 2026-09-26 周六 Shakespeare Hotel Auckla Official site NZ$73 (4家)  5.2s  ***低价***
2026-09-18 11:45:28  [76/261] 2026-09-26 周六 Auckland City Hotel      Wotif NZ$106 (5家)  4.6s
2026-09-18 11:45:37  [77/261] 2026-09-26 周六 ibis budget Auckland Cen Official site NZ$103 (4家)  6.9s
2026-09-18 11:45:44  [78/261] 2026-09-26 周六 The Quadrant Hotel & Sui Official site NZ$107 (4家)  5.1s
2026-09-18 11:45:51  [79/261] 2026-09-26 周六 Copthorne Hotel Auckland Official site NZ$171 (4家)  5.5s
2026-09-18 11:45:59  [80/261] 2026-09-26 周六 Albion Hotel Auckland    Wotif NZ$99 (4家)  5.7s  ***低价***
2026-09-18 11:46:06  [81/261] 2026-09-26 周六 Ascotia Off Queen Auckla Wotif NZ$121 (5家)  4.8s
2026-09-18 11:46:14  [82/261] 2026-09-27 周日 VR Queen Street Auckland Official site NZ$90 (5家)  5.8s  ***低价***
2026-09-18 11:46:19  [83/261] 2026-09-27 周日 VR Auckland City         Super.com NZ$114 (2家)  3.0s
2026-09-18 11:46:25  [84/261] 2026-09-27 周日 Shakespeare Hotel Auckla Booking.com NZ$77 (5家)  4.5s  ***低价***
2026-09-18 11:46:32  [85/261] 2026-09-27 周日 Auckland City Hotel      Official site NZ$89 (5家)  4.8s  ***低价***
2026-09-18 11:46:39  [86/261] 2026-09-27 周日 ibis budget Auckland Cen Official site NZ$78 (4家)  5.2s  ***低价***
2026-09-18 11:46:46  [87/261] 2026-09-27 周日 The Quadrant Hotel & Sui Official site NZ$92 (4家)  4.9s  ***低价***
2026-09-18 11:46:52  [88/261] 2026-09-27 周日 Copthorne Hotel Auckland Official site NZ$130 (4家)  4.3s
2026-09-18 11:46:59  [89/261] 2026-09-27 周日 Albion Hotel Auckland    Official site NZ$77 (5家)  4.5s  ***低价***
2026-09-18 11:47:05  [90/261] 2026-09-27 周日 Ascotia Off Queen Auckla Official site NZ$86 (5家)  4.4s  ***低价***
2026-09-18 11:47:12  [91/261] 2026-09-28 周一 VR Queen Street Auckland Official site NZ$90 (3家)  4.3s  ***低价***
2026-09-18 11:47:18  [92/261] 2026-09-28 周一 VR Auckland City         Booking.com NZ$74 (2家)  4.7s  ***低价***
2026-09-18 11:47:26  [93/261] 2026-09-28 周一 Shakespeare Hotel Auckla Wotif NZ$75 (5家)  5.2s  ***低价***
2026-09-18 11:47:32  [94/261] 2026-09-28 周一 Auckland City Hotel      Official site NZ$91 (4家)  4.3s  ***低价***
2026-09-18 11:47:38  [95/261] 2026-09-28 周一 ibis budget Auckland Cen Official site NZ$75 (3家)  4.5s  ***低价***
2026-09-18 11:47:45  [96/261] 2026-09-28 周一 The Quadrant Hotel & Sui Official site NZ$86 (4家)  5.0s  ***低价***
2026-09-18 11:47:52  [97/261] 2026-09-28 周一 Copthorne Hotel Auckland Booking.com NZ$107 (3家)  4.6s
2026-09-18 11:47:58  [98/261] 2026-09-28 周一 Albion Hotel Auckland    Booking.com NZ$77 (4家)  4.4s  ***低价***
2026-09-18 11:48:05  [99/261] 2026-09-28 周一 Ascotia Off Queen Auckla Official site NZ$65 (5家)  4.5s  ***低价***
2026-09-18 11:48:11  [100/261] 2026-09-29 周二 VR Queen Street Auckland Official site NZ$90 (4家)  4.4s  ***低价***
2026-09-18 11:48:17  [101/261] 2026-09-29 周二 VR Auckland City         Super.com NZ$86 (2家)  4.1s  ***低价***
2026-09-18 11:48:24  [102/261] 2026-09-29 周二 Shakespeare Hotel Auckla Official site NZ$78 (4家)  4.4s  ***低价***
2026-09-18 11:48:30  [103/261] 2026-09-29 周二 Auckland City Hotel      Wotif NZ$91 (5家)  4.2s  ***低价***
2026-09-18 11:48:37  [104/261] 2026-09-29 周二 ibis budget Auckland Cen Official site NZ$84 (3家)  4.5s  ***低价***
2026-09-18 11:48:43  [105/261] 2026-09-29 周二 The Quadrant Hotel & Sui Official site NZ$86 (4家)  4.3s  ***低价***
2026-09-18 11:48:49  [106/261] 2026-09-29 周二 Copthorne Hotel Auckland Official site NZ$113 (4家)  4.4s
2026-09-18 11:48:56  [107/261] 2026-09-29 周二 Albion Hotel Auckland    Official site NZ$77 (3家)  4.5s  ***低价***
2026-09-18 11:49:02  [108/261] 2026-09-29 周二 Ascotia Off Queen Auckla Booking.com NZ$65 (4家)  4.4s  ***低价***
2026-09-18 11:49:09  [109/261] 2026-09-30 周三 VR Queen Street Auckland Official site NZ$97 (3家)  4.4s  ***低价***
2026-09-18 11:49:15  [110/261] 2026-09-30 周三 VR Auckland City         Super.com NZ$87 (2家)  4.6s  ***低价***
2026-09-18 11:49:21  [111/261] 2026-09-30 周三 Shakespeare Hotel Auckla Wotif NZ$78 (5家)  4.2s  ***低价***
2026-09-18 11:49:28  [112/261] 2026-09-30 周三 Auckland City Hotel      Booking.com NZ$92 (4家)  4.3s  ***低价***
2026-09-18 11:49:34  [113/261] 2026-09-30 周三 ibis budget Auckland Cen Official site NZ$74 (3家)  4.4s  ***低价***
2026-09-18 11:49:41  [114/261] 2026-09-30 周三 The Quadrant Hotel & Sui Booking.com NZ$87 (4家)  5.4s  ***低价***
2026-09-18 11:49:48  [115/261] 2026-09-30 周三 Copthorne Hotel Auckland Booking.com NZ$115 (3家)  4.4s
2026-09-18 11:49:54  [116/261] 2026-09-30 周三 Albion Hotel Auckland    Official site NZ$77 (3家)  4.6s  ***低价***
2026-09-18 11:50:01  [117/261] 2026-09-30 周三 Ascotia Off Queen Auckla Wotif NZ$65 (5家)  4.4s  ***低价***
2026-09-18 11:50:07  [118/261] 2026-10-01 周四 VR Queen Street Auckland Official site NZ$96 (4家)  4.5s  ***低价***
2026-09-18 11:50:14  [119/261] 2026-10-01 周四 VR Auckland City         Wotif NZ$84 (3家)  4.7s  ***低价***
2026-09-18 11:50:21  [120/261] 2026-10-01 周四 Shakespeare Hotel Auckla Official site NZ$87 (4家)  4.6s  ***低价***
2026-09-18 11:50:25  [121/261] 2026-10-01 周四 Auckland City Hotel      Super.com NZ$96 (4家)  2.5s  ***低价***
2026-09-18 11:50:31  [122/261] 2026-10-01 周四 ibis budget Auckland Cen Official site NZ$90 (4家)  4.3s  ***低价***
2026-09-18 11:50:38  [123/261] 2026-10-01 周四 The Quadrant Hotel & Sui Official site NZ$109 (4家)  4.7s
2026-09-18 11:50:45  [124/261] 2026-10-01 周四 Copthorne Hotel Auckland Official site NZ$111 (4家)  4.6s
2026-09-18 11:50:51  [125/261] 2026-10-01 周四 Albion Hotel Auckland    Booking.com NZ$95 (4家)  4.7s  ***低价***
2026-09-18 11:50:58  [126/261] 2026-10-01 周四 Ascotia Off Queen Auckla Wotif NZ$88 (4家)  4.5s  ***低价***
2026-09-18 11:51:04  [127/261] 2026-10-02 周五 VR Queen Street Auckland Wotif NZ$110 (4家)  4.3s
2026-09-18 11:51:09  [128/261] 2026-10-02 周五 VR Auckland City         Super.com NZ$112 (2家)  2.6s
2026-09-18 11:51:15  [129/261] 2026-10-02 周五 Shakespeare Hotel Auckla Wotif NZ$93 (5家)  4.5s  ***低价***
2026-09-18 11:51:22  [130/261] 2026-10-02 周五 Auckland City Hotel      Official site NZ$96 (4家)  4.5s  ***低价***
2026-09-18 11:51:28  [131/261] 2026-10-02 周五 ibis budget Auckland Cen Wotif NZ$95 (4家)  4.4s  ***低价***
2026-09-18 11:51:36  [132/261] 2026-10-02 周五 The Quadrant Hotel & Sui Wotif NZ$110 (5家)  5.5s
2026-09-18 11:51:42  [133/261] 2026-10-02 周五 Copthorne Hotel Auckland Official site NZ$140 (3家)  4.3s
2026-09-18 11:51:48  [134/261] 2026-10-02 周五 Albion Hotel Auckland    Wotif NZ$114 (4家)  4.2s
2026-09-18 11:51:55  [135/261] 2026-10-02 周五 Ascotia Off Queen Auckla Wotif NZ$99 (4家)  4.5s  ***低价***
2026-09-18 11:52:01  [136/261] 2026-10-03 周六 VR Queen Street Auckland Wotif NZ$123 (4家)  4.4s
2026-09-18 11:52:08  [137/261] 2026-10-03 周六 VR Auckland City         Wotif NZ$102 (3家)  4.4s
2026-09-18 11:52:14  [138/261] 2026-10-03 周六 Shakespeare Hotel Auckla Booking.com NZ$91 (4家)  4.4s  ***低价***
2026-09-18 11:52:20  [139/261] 2026-10-03 周六 Auckland City Hotel      Wotif NZ$107 (5家)  4.4s
2026-09-18 11:52:27  [140/261] 2026-10-03 周六 ibis budget Auckland Cen Booking.com NZ$103 (4家)  4.3s
2026-09-18 11:52:33  [141/261] 2026-10-03 周六 The Quadrant Hotel & Sui Official site NZ$127 (4家)  4.5s
2026-09-18 11:52:41  [142/261] 2026-10-03 周六 Copthorne Hotel Auckland Official site NZ$155 (3家)  5.5s
2026-09-18 11:52:47  [143/261] 2026-10-03 周六 Albion Hotel Auckland    Booking.com NZ$114 (4家)  4.5s
2026-09-18 11:52:54  [144/261] 2026-10-03 周六 Ascotia Off Queen Auckla Wotif NZ$94 (4家)  4.7s  ***低价***
2026-09-18 11:53:00  [145/261] 2026-10-04 周日 VR Queen Street Auckland Official site NZ$93 (4家)  4.4s  ***低价***
2026-09-18 11:53:06  [146/261] 2026-10-04 周日 VR Auckland City         Super.com NZ$107 (2家)  4.1s
2026-09-18 11:53:12  [147/261] 2026-10-04 周日 Shakespeare Hotel Auckla Booking.com NZ$94 (4家)  4.1s  ***低价***
2026-09-18 11:53:19  [148/261] 2026-10-04 周日 Auckland City Hotel      Official site NZ$103 (4家)  4.6s
2026-09-18 11:53:26  [149/261] 2026-10-04 周日 ibis budget Auckland Cen Booking.com NZ$86 (4家)  4.6s  ***低价***
2026-09-18 11:53:32  [150/261] 2026-10-04 周日 The Quadrant Hotel & Sui Official site NZ$96 (4家)  4.2s  ***低价***
2026-09-18 11:53:38  [151/261] 2026-10-04 周日 Copthorne Hotel Auckland Official site NZ$112 (4家)  4.3s
2026-09-18 11:53:45  [152/261] 2026-10-04 周日 Albion Hotel Auckland    Booking.com NZ$77 (4家)  4.2s  ***低价***
2026-09-18 11:53:51  [153/261] 2026-10-04 周日 Ascotia Off Queen Auckla Official site NZ$80 (3家)  4.4s  ***低价***
2026-09-18 11:53:57  [154/261] 2026-10-05 周一 VR Queen Street Auckland Official site NZ$90 (4家)  4.4s  ***低价***
2026-09-18 11:54:04  [155/261] 2026-10-05 周一 VR Auckland City         Super.com NZ$110 (2家)  4.2s
2026-09-18 11:54:10  [156/261] 2026-10-05 周一 Shakespeare Hotel Auckla Wotif NZ$93 (5家)  4.0s  ***低价***
2026-09-18 11:54:16  [157/261] 2026-10-05 周一 Auckland City Hotel      Wotif NZ$96 (5家)  4.4s  ***低价***
2026-09-18 11:54:22  [158/261] 2026-10-05 周一 ibis budget Auckland Cen Wotif NZ$78 (4家)  4.5s  ***低价***
2026-09-18 11:54:29  [159/261] 2026-10-05 周一 The Quadrant Hotel & Sui Wotif NZ$90 (5家)  4.9s  ***低价***
2026-09-18 11:54:36  [160/261] 2026-10-05 周一 Copthorne Hotel Auckland Wotif NZ$110 (4家)  4.6s
2026-09-18 11:54:42  [161/261] 2026-10-05 周一 Albion Hotel Auckland    Official site NZ$77 (3家)  4.3s  ***低价***
2026-09-18 11:54:49  [162/261] 2026-10-05 周一 Ascotia Off Queen Auckla Wotif NZ$80 (4家)  4.3s  ***低价***
2026-09-18 11:54:55  [163/261] 2026-10-06 周二 VR Queen Street Auckland Official site NZ$90 (3家)  4.6s  ***低价***
2026-09-18 11:55:01  [164/261] 2026-10-06 周二 VR Auckland City         Super.com NZ$106 (2家)  4.2s
2026-09-18 11:55:08  [165/261] 2026-10-06 周二 Shakespeare Hotel Auckla Official site NZ$91 (4家)  4.2s  ***低价***
2026-09-18 11:55:14  [166/261] 2026-10-06 周二 Auckland City Hotel      Booking.com NZ$108 (4家)  4.4s
2026-09-18 11:55:21  [167/261] 2026-10-06 周二 ibis budget Auckland Cen Official site NZ$80 (3家)  4.6s  ***低价***
2026-09-18 11:55:27  [168/261] 2026-10-06 周二 The Quadrant Hotel & Sui Official site NZ$97 (4家)  4.6s  ***低价***
2026-09-18 11:55:34  [169/261] 2026-10-06 周二 Copthorne Hotel Auckland Booking.com NZ$112 (4家)  4.4s
2026-09-18 11:55:38  [170/261] 2026-10-06 周二 Albion Hotel Auckland    Super.com NZ$76 (3家)  2.5s  ***低价***
2026-09-18 11:55:45  [171/261] 2026-10-06 周二 Ascotia Off Queen Auckla Booking.com NZ$80 (4家)  4.4s  ***低价***
2026-09-18 11:55:49  [172/261] 2026-10-07 周三 VR Queen Street Auckland Super.com NZ$86 (4家)  2.4s  ***低价***
2026-09-18 11:55:55  [173/261] 2026-10-07 周三 VR Auckland City         Super.com NZ$107 (2家)  4.3s
2026-09-18 11:56:02  [174/261] 2026-10-07 周三 Shakespeare Hotel Auckla Booking.com NZ$95 (4家)  4.4s  ***低价***
2026-09-18 11:56:08  [175/261] 2026-10-07 周三 Auckland City Hotel      Official site NZ$108 (4家)  4.3s
2026-09-18 11:56:14  [176/261] 2026-10-07 周三 ibis budget Auckland Cen Wotif NZ$70 (3家)  4.3s  ***低价***
2026-09-18 11:56:21  [177/261] 2026-10-07 周三 The Quadrant Hotel & Sui Booking.com NZ$95 (4家)  4.3s  ***低价***
2026-09-18 11:56:27  [178/261] 2026-10-07 周三 Copthorne Hotel Auckland Booking.com NZ$113 (3家)  4.3s
2026-09-18 11:56:33  [179/261] 2026-10-07 周三 Albion Hotel Auckland    Booking.com NZ$77 (4家)  4.6s  ***低价***
2026-09-18 11:56:40  [180/261] 2026-10-07 周三 Ascotia Off Queen Auckla Booking.com NZ$97 (3家)  4.5s  ***低价***
2026-09-18 11:56:46  [181/261] 2026-10-08 周四 VR Queen Street Auckland Wotif NZ$113 (5家)  4.4s
2026-09-18 11:56:53  [182/261] 2026-10-08 周四 VR Auckland City         Booking.com NZ$84 (2家)  4.1s  ***低价***
2026-09-18 11:56:59  [183/261] 2026-10-08 周四 Shakespeare Hotel Auckla Wotif NZ$88 (5家)  4.3s  ***低价***
2026-09-18 11:57:05  [184/261] 2026-10-08 周四 Auckland City Hotel      Booking.com NZ$112 (4家)  4.3s
2026-09-18 11:57:12  [185/261] 2026-10-08 周四 ibis budget Auckland Cen Booking.com NZ$99 (4家)  4.5s  ***低价***
2026-09-18 11:57:18  [186/261] 2026-10-08 周四 The Quadrant Hotel & Sui Wotif NZ$97 (5家)  4.4s  ***低价***
2026-09-18 11:57:25  [187/261] 2026-10-08 周四 Copthorne Hotel Auckland Booking.com NZ$115 (3家)  4.6s
2026-09-18 11:57:31  [188/261] 2026-10-08 周四 Albion Hotel Auckland    Booking.com NZ$95 (4家)  4.2s  ***低价***
2026-09-18 11:57:37  [189/261] 2026-10-08 周四 Ascotia Off Queen Auckla Official site NZ$95 (4家)  4.1s  ***低价***
2026-09-18 11:57:43  [190/261] 2026-10-09 周五 VR Queen Street Auckland Wotif NZ$223 (4家)  4.3s
2026-09-18 11:57:50  [191/261] 2026-10-09 周五 VR Auckland City         Booking.com NZ$102 (2家)  5.2s
2026-09-18 11:57:55  [192/261] 2026-10-09 Shakespeare Hotel Auckland: 无报价 (2.5s)
2026-09-18 11:57:59  [193/261] 2026-10-09 周五 Auckland City Hotel      Booking.com NZ$160 (4家)  4.1s
2026-09-18 11:58:05  [194/261] 2026-10-09 周五 ibis budget Auckland Cen Wotif NZ$183 (4家)  4.4s
2026-09-18 11:58:12  [195/261] 2026-10-09 周五 The Quadrant Hotel & Sui Booking.com NZ$224 (4家)  4.6s
2026-09-18 11:58:17  [196/261] 2026-10-09 周五 Copthorne Hotel Auckland Super.com NZ$266 (3家)  2.8s
2026-09-18 11:58:23  [197/261] 2026-10-09 周五 Albion Hotel Auckland    Official site NZ$139 (4家)  4.4s
2026-09-18 11:58:30  [198/261] 2026-10-09 周五 Ascotia Off Queen Auckla Wotif NZ$124 (4家)  4.3s
2026-09-18 11:58:39  [199/261] 2026-10-10 周六 VR Queen Street Auckland Booking.com NZ$228 (4家)  7.2s
2026-09-18 11:58:47  [200/261] 2026-10-10 周六 VR Auckland City         Wotif NZ$102 (3家)  6.1s
2026-09-18 11:58:54  [201/261] 2026-10-10 Shakespeare Hotel Auckland: 无报价 (5.5s)
2026-09-18 11:58:59  [202/261] 2026-10-10 周六 Auckland City Hotel      Wotif NZ$222 (5家)  5.0s
2026-09-18 11:59:07  [203/261] 2026-10-10 周六 ibis budget Auckland Cen Wotif NZ$237 (4家)  6.0s
2026-09-18 11:59:15  [204/261] 2026-10-10 周六 The Quadrant Hotel & Sui Official site NZ$256 (4家)  5.2s
2026-09-18 11:59:22  [205/261] 2026-10-10 周六 Copthorne Hotel Auckland Booking.com NZ$316 (3家)  5.0s
2026-09-18 11:59:30  [206/261] 2026-10-10 周六 Albion Hotel Auckland    Official site NZ$196 (3家)  6.1s
2026-09-18 11:59:37  [207/261] 2026-10-10 周六 Ascotia Off Queen Auckla Wotif NZ$169 (4家)  4.8s
2026-09-18 11:59:42  [208/261] 2026-10-11 周日 VR Queen Street Auckland Super.com NZ$96 (4家)  3.0s  ***低价***
2026-09-18 11:59:51  [209/261] 2026-10-11 周日 VR Auckland City         Super.com NZ$87 (2家)  7.9s  ***低价***
2026-09-18 11:59:58  [210/261] 2026-10-11 周日 Shakespeare Hotel Auckla Official site NZ$99 (4家)  5.0s  ***低价***
2026-09-18 12:00:05  [211/261] 2026-10-11 周日 Auckland City Hotel      Wotif NZ$104 (5家)  4.9s
2026-09-18 12:00:12  [212/261] 2026-10-11 周日 ibis budget Auckland Cen Wotif NZ$77 (5家)  5.1s  ***低价***
2026-09-18 12:00:20  [213/261] 2026-10-11 周日 The Quadrant Hotel & Sui Wotif NZ$89 (5家)  5.4s  ***低价***
2026-09-18 12:00:27  [214/261] 2026-10-11 周日 Copthorne Hotel Auckland Hotels.com NZ$101 (4家)  5.0s
2026-09-18 12:00:34  [215/261] 2026-10-11 周日 Albion Hotel Auckland    Official site NZ$80 (3家)  5.2s  ***低价***
2026-09-18 12:00:41  [216/261] 2026-10-11 周日 Ascotia Off Queen Auckla Hotels.com NZ$88 (4家)  4.8s  ***低价***
2026-09-18 12:00:48  [217/261] 2026-10-12 周一 VR Queen Street Auckland Wotif NZ$96 (4家)  4.8s  ***低价***
2026-09-18 12:00:55  [218/261] 2026-10-12 周一 VR Auckland City         Super.com NZ$102 (2家)  5.8s
2026-09-18 12:01:02  [219/261] 2026-10-12 周一 Shakespeare Hotel Auckla Wotif NZ$89 (5家)  4.5s  ***低价***
2026-09-18 12:01:09  [220/261] 2026-10-12 周一 Auckland City Hotel      Wotif NZ$100 (5家)  5.0s
2026-09-18 12:01:16  [221/261] 2026-10-12 周一 ibis budget Auckland Cen Hotels.com NZ$86 (4家)  5.0s  ***低价***
2026-09-18 12:01:23  [222/261] 2026-10-12 周一 The Quadrant Hotel & Sui Official site NZ$74 (4家)  5.4s  ***低价***
2026-09-18 12:01:30  [223/261] 2026-10-12 周一 Copthorne Hotel Auckland Hotels.com NZ$104 (4家)  4.5s
2026-09-18 12:01:37  [224/261] 2026-10-12 周一 Albion Hotel Auckland    Hotels.com NZ$77 (4家)  4.7s  ***低价***
2026-09-18 12:01:43  [225/261] 2026-10-12 周一 Ascotia Off Queen Auckla Wotif NZ$88 (5家)  4.9s  ***低价***
2026-09-18 12:01:50  [226/261] 2026-10-13 周二 VR Queen Street Auckland Wotif NZ$96 (4家)  4.3s  ***低价***
2026-09-18 12:01:57  [227/261] 2026-10-13 周二 VR Auckland City         Super.com NZ$92 (3家)  5.0s  ***低价***
2026-09-18 12:02:04  [228/261] 2026-10-13 周二 Shakespeare Hotel Auckla Official site NZ$83 (4家)  5.1s  ***低价***
2026-09-18 12:02:11  [229/261] 2026-10-13 周二 Auckland City Hotel      Wotif NZ$106 (5家)  5.0s
2026-09-18 12:02:18  [230/261] 2026-10-13 周二 ibis budget Auckland Cen Official site NZ$84 (3家)  5.1s  ***低价***
2026-09-18 12:02:25  [231/261] 2026-10-13 周二 The Quadrant Hotel & Sui Wotif NZ$91 (5家)  5.4s  ***低价***
2026-09-18 12:02:32  [232/261] 2026-10-13 周二 Copthorne Hotel Auckland Official site NZ$119 (3家)  4.5s
2026-09-18 12:02:39  [233/261] 2026-10-13 周二 Albion Hotel Auckland    Official site NZ$80 (3家)  4.9s  ***低价***
2026-09-18 12:02:45  [234/261] 2026-10-13 周二 Ascotia Off Queen Auckla Official site NZ$87 (3家)  4.7s  ***低价***
2026-09-18 12:02:52  [235/261] 2026-10-14 周三 VR Queen Street Auckland Wotif NZ$96 (5家)  4.9s  ***低价***
2026-09-18 12:02:59  [236/261] 2026-10-14 周三 VR Auckland City         Super.com NZ$92 (2家)  4.9s  ***低价***
2026-09-18 12:03:06  [237/261] 2026-10-14 周三 Shakespeare Hotel Auckla Wotif NZ$92 (5家)  5.0s  ***低价***
2026-09-18 12:03:13  [238/261] 2026-10-14 周三 Auckland City Hotel      Wotif NZ$101 (5家)  4.7s
2026-09-18 12:03:21  [239/261] 2026-10-14 周三 ibis budget Auckland Cen Booking.com NZ$78 (3家)  6.1s  ***低价***
2026-09-18 12:03:28  [240/261] 2026-10-14 周三 The Quadrant Hotel & Sui Booking.com NZ$90 (4家)  5.5s  ***低价***
2026-09-18 12:03:36  [241/261] 2026-10-14 周三 Copthorne Hotel Auckland Official site NZ$103 (3家)  5.2s
2026-09-18 12:03:42  [242/261] 2026-10-14 周三 Albion Hotel Auckland    Booking.com NZ$77 (4家)  4.6s  ***低价***
2026-09-18 12:03:49  [243/261] 2026-10-14 周三 Ascotia Off Queen Auckla Official site NZ$88 (3家)  5.1s  ***低价***
2026-09-18 12:03:56  [244/261] 2026-10-15 周四 VR Queen Street Auckland Official site NZ$95 (3家)  5.2s  ***低价***
2026-09-18 12:04:03  [245/261] 2026-10-15 周四 VR Auckland City         Super.com NZ$98 (2家)  4.8s  ***低价***
2026-09-18 12:04:10  [246/261] 2026-10-15 周四 Shakespeare Hotel Auckla Official site NZ$87 (4家)  4.6s  ***低价***
2026-09-18 12:04:17  [247/261] 2026-10-15 周四 Auckland City Hotel      Official site NZ$100 (4家)  4.7s
2026-09-18 12:04:23  [248/261] 2026-10-15 周四 ibis budget Auckland Cen Wotif NZ$89 (4家)  4.7s  ***低价***
2026-09-18 12:04:30  [249/261] 2026-10-15 周四 The Quadrant Hotel & Sui Official site NZ$91 (4家)  4.7s  ***低价***
2026-09-18 12:04:37  [250/261] 2026-10-15 周四 Copthorne Hotel Auckland Wotif NZ$107 (5家)  5.0s
2026-09-18 12:04:44  [251/261] 2026-10-15 周四 Albion Hotel Auckland    Official site NZ$97 (3家)  4.8s  ***低价***
2026-09-18 12:04:51  [252/261] 2026-10-15 周四 Ascotia Off Queen Auckla Wotif NZ$88 (5家)  4.8s  ***低价***
2026-09-18 12:04:58  [253/261] 2026-10-16 周五 VR Queen Street Auckland Wotif NZ$132 (5家)  5.1s
2026-09-18 12:05:05  [254/261] 2026-10-16 周五 VR Auckland City         Super.com NZ$143 (2家)  4.8s
2026-09-18 12:05:10  [255/261] 2026-10-16 周五 Shakespeare Hotel Auckla Super.com NZ$86 (4家)  3.0s  ***低价***
2026-09-18 12:05:17  [256/261] 2026-10-16 周五 Auckland City Hotel      Wotif NZ$141 (5家)  5.5s
2026-09-18 12:05:24  [257/261] 2026-10-16 周五 ibis budget Auckland Cen Wotif NZ$131 (4家)  4.7s
2026-09-18 12:05:30  [258/261] 2026-10-16 周五 The Quadrant Hotel & Sui Wotif NZ$148 (5家)  4.7s
2026-09-18 12:05:37  [259/261] 2026-10-16 周五 Copthorne Hotel Auckland Wotif NZ$152 (4家)  5.0s
2026-09-18 12:05:45  [260/261] 2026-10-16 周五 Albion Hotel Auckland    Wotif NZ$114 (4家)  5.6s
2026-09-18 12:05:52  [261/261] 2026-10-16 周五 Ascotia Off Queen Auckla Wotif NZ$134 (4家)  4.9s
2026-09-18 12:05:54  ===== 第 2 轮结束: 成功 258 / 异常 3, 用时 28.3 分钟, 平均抓取 4.5s =====
2026-09-18 12:05:54  报告已刷新: Y:\12\auckland-hotel-watch\local\data\overnight_report.md
2026-09-18 12:05:55  看板已重建: auckland_rates.html
2026-09-18 12:05:55  休息 2 分钟, 下一轮约 12:07
2026-09-18 12:07:36  ===== 第 3 轮开始, 共 261 个目标 =====
2026-09-18 12:07:43  [1/261] 2026-09-18 周五 VR Queen Street Auckland Wotif NZ$131 (2家)  6.8s
2026-09-18 12:07:48  [2/261] 2026-09-18 周五 VR Auckland City         Super.com NZ$114 (1家)  2.8s
2026-09-18 12:07:56  [3/261] 2026-09-18 周五 Shakespeare Hotel Auckla Wotif NZ$77 (5家)  6.0s  ***低价***
2026-09-18 12:08:01  [4/261] 2026-09-18 周五 Auckland City Hotel      Super.com NZ$91 (2家)  2.9s  ***低价***
2026-09-18 12:08:08  [5/261] 2026-09-18 周五 ibis budget Auckland Cen Wotif NZ$119 (3家)  5.6s
2026-09-18 12:08:16  [6/261] 2026-09-18 周五 The Quadrant Hotel & Sui Wotif NZ$155 (4家)  5.7s
2026-09-18 12:08:24  [7/261] 2026-09-18 周五 Copthorne Hotel Auckland Wotif NZ$131 (3家)  5.4s
2026-09-18 12:08:31  [8/261] 2026-09-18 周五 Albion Hotel Auckland    Booking.com NZ$78 (5家)  5.5s  ***低价***
2026-09-18 12:08:39  [9/261] 2026-09-18 周五 Ascotia Off Queen Auckla Wotif NZ$93 (3家)  6.3s  ***低价***
2026-09-18 12:08:44  [10/261] 2026-09-19 周六 VR Queen Street Auckland Official site NZ$150 (1家)  2.8s
2026-09-18 12:08:52  [11/261] 2026-09-19 周六 VR Auckland City         Wotif NZ$79 (3家)  5.8s  ***低价***
2026-09-18 12:08:59  [12/261] 2026-09-19 周六 Shakespeare Hotel Auckla Wotif NZ$77 (5家)  4.5s  ***低价***
2026-09-18 12:09:06  [13/261] 2026-09-19 周六 Auckland City Hotel      Official site NZ$86 (4家)  5.5s  ***低价***
2026-09-18 12:09:13  [14/261] 2026-09-19 周六 ibis budget Auckland Cen Wotif NZ$95 (5家)  4.6s  ***低价***
2026-09-18 12:09:20  [15/261] 2026-09-19 周六 The Quadrant Hotel & Sui Wotif NZ$112 (5家)  5.2s
2026-09-18 12:09:27  [16/261] 2026-09-19 周六 Copthorne Hotel Auckland Official site NZ$112 (4家)  4.8s
2026-09-18 12:09:34  [17/261] 2026-09-19 周六 Albion Hotel Auckland    Wotif NZ$82 (5家)  5.0s  ***低价***
2026-09-18 12:09:42  [18/261] 2026-09-19 周六 Ascotia Off Queen Auckla Booking.com NZ$81 (3家)  5.9s  ***低价***
2026-09-18 12:09:49  [19/261] 2026-09-20 周日 VR Queen Street Auckland Official site NZ$77 (2家)  5.2s  ***低价***
2026-09-18 12:09:54  [20/261] 2026-09-20 周日 VR Auckland City         Super.com NZ$85 (2家)  2.8s  ***低价***
2026-09-18 12:10:01  [21/261] 2026-09-20 周日 Shakespeare Hotel Auckla Wotif NZ$80 (5家)  5.0s  ***低价***
2026-09-18 12:10:08  [22/261] 2026-09-20 周日 Auckland City Hotel      Wotif NZ$87 (5家)  5.0s  ***低价***
2026-09-18 12:10:14  [23/261] 2026-09-20 周日 ibis budget Auckland Cen Official site NZ$85 (3家)  4.8s  ***低价***
2026-09-18 12:10:21  [24/261] 2026-09-20 周日 The Quadrant Hotel & Sui Wotif NZ$138 (4家)  4.6s
2026-09-18 12:10:28  [25/261] 2026-09-20 周日 Copthorne Hotel Auckland Official site NZ$105 (4家)  4.8s
2026-09-18 12:10:35  [26/261] 2026-09-20 周日 Albion Hotel Auckland    Wotif NZ$78 (5家)  4.9s  ***低价***
2026-09-18 12:10:40  [27/261] 2026-09-20 周日 Ascotia Off Queen Auckla Super.com NZ$65 (4家)  3.2s  ***低价***
2026-09-18 12:10:48  [28/261] 2026-09-21 周一 VR Queen Street Auckland Wotif NZ$74 (3家)  5.8s  ***低价***
2026-09-18 12:10:54  [29/261] 2026-09-21 周一 VR Auckland City         Super.com NZ$86 (1家)  4.8s  ***低价***
2026-09-18 12:11:00  [30/261] 2026-09-21 周一 Shakespeare Hotel Auckla Super.com NZ$76 (4家)  3.6s  ***低价***
2026-09-18 12:11:07  [31/261] 2026-09-21 周一 Auckland City Hotel      Wotif NZ$88 (5家)  5.3s  ***低价***
2026-09-18 12:11:16  [32/261] 2026-09-21 周一 ibis budget Auckland Cen Wotif NZ$78 (5家)  6.3s  ***低价***
2026-09-18 12:11:23  [33/261] 2026-09-21 周一 The Quadrant Hotel & Sui Booking.com NZ$96 (4家)  5.4s  ***低价***
2026-09-18 12:11:30  [34/261] 2026-09-21 周一 Copthorne Hotel Auckland Booking.com NZ$105 (5家)  4.5s
2026-09-18 12:11:37  [35/261] 2026-09-21 周一 Albion Hotel Auckland    Official site NZ$78 (4家)  5.2s  ***低价***
2026-09-18 12:11:43  [36/261] 2026-09-21 周一 Ascotia Off Queen Auckla Booking.com NZ$65 (4家)  4.6s  ***低价***
2026-09-18 12:11:51  [37/261] 2026-09-22 周二 VR Queen Street Auckland Booking.com NZ$81 (3家)  5.2s  ***低价***
2026-09-18 12:11:58  [38/261] 2026-09-22 周二 VR Auckland City         Super.com NZ$91 (1家)  5.1s  ***低价***
2026-09-18 12:12:04  [39/261] 2026-09-22 周二 Shakespeare Hotel Auckla Booking.com NZ$79 (5家)  4.8s  ***低价***
2026-09-18 12:12:12  [40/261] 2026-09-22 周二 Auckland City Hotel      Official site NZ$91 (4家)  5.1s  ***低价***
2026-09-18 12:12:16  [41/261] 2026-09-22 周二 ibis budget Auckland Cen Super.com NZ$84 (4家)  2.9s  ***低价***
2026-09-18 12:12:24  [42/261] 2026-09-22 周二 The Quadrant Hotel & Sui Booking.com NZ$152 (3家)  5.1s
2026-09-18 12:12:30  [43/261] 2026-09-22 周二 Copthorne Hotel Auckland Booking.com NZ$114 (5家)  4.9s
2026-09-18 12:12:37  [44/261] 2026-09-22 周二 Albion Hotel Auckland    Official site NZ$77 (4家)  4.8s  ***低价***
2026-09-18 12:12:42  [45/261] 2026-09-22 周二 Ascotia Off Queen Auckla Booking.com NZ$71 (3家)  2.9s  ***低价***
2026-09-18 12:12:49  [46/261] 2026-09-23 周三 VR Queen Street Auckland Official site NZ$90 (2家)  4.8s  ***低价***
2026-09-18 12:12:56  [47/261] 2026-09-23 周三 VR Auckland City         Booking.com NZ$73 (2家)  4.6s  ***低价***
2026-09-18 12:13:02  [48/261] 2026-09-23 周三 Shakespeare Hotel Auckla Official site NZ$77 (4家)  4.5s  ***低价***
2026-09-18 12:13:09  [49/261] 2026-09-23 周三 Auckland City Hotel      Official site NZ$111 (4家)  4.9s
2026-09-18 12:13:16  [50/261] 2026-09-23 周三 ibis budget Auckland Cen Booking.com NZ$86 (4家)  4.7s  ***低价***
2026-09-18 12:13:21  [51/261] 2026-09-23 周三 The Quadrant Hotel & Sui Super.com NZ$93 (4家)  3.4s  ***低价***
2026-09-18 12:13:28  [52/261] 2026-09-23 周三 Copthorne Hotel Auckland Booking.com NZ$122 (4家)  5.3s
2026-09-18 12:13:35  [53/261] 2026-09-23 周三 Albion Hotel Auckland    Booking.com NZ$78 (5家)  4.8s  ***低价***
2026-09-18 12:13:42  [54/261] 2026-09-23 周三 Ascotia Off Queen Auckla Booking.com NZ$67 (3家)  4.5s  ***低价***
2026-09-18 12:13:49  [55/261] 2026-09-24 周四 VR Queen Street Auckland Booking.com NZ$90 (3家)  4.9s  ***低价***
2026-09-18 12:13:56  [56/261] 2026-09-24 周四 VR Auckland City         Booking.com NZ$73 (2家)  5.5s  ***低价***
2026-09-18 12:14:03  [57/261] 2026-09-24 周四 Shakespeare Hotel Auckla Wotif NZ$79 (5家)  5.1s  ***低价***
2026-09-18 12:14:10  [58/261] 2026-09-24 周四 Auckland City Hotel      Booking.com NZ$89 (4家)  4.8s  ***低价***
2026-09-18 12:14:17  [59/261] 2026-09-24 周四 ibis budget Auckland Cen Official site NZ$80 (4家)  4.8s  ***低价***
2026-09-18 12:14:23  [60/261] 2026-09-24 周四 The Quadrant Hotel & Sui Official site NZ$91 (4家)  4.7s  ***低价***
2026-09-18 12:14:30  [61/261] 2026-09-24 周四 Copthorne Hotel Auckland Official site NZ$122 (2家)  4.8s
2026-09-18 12:14:37  [62/261] 2026-09-24 周四 Albion Hotel Auckland    Booking.com NZ$86 (5家)  4.6s  ***低价***
2026-09-18 12:14:44  [63/261] 2026-09-24 周四 Ascotia Off Queen Auckla Wotif NZ$64 (5家)  4.8s  ***低价***
2026-09-18 12:14:51  [64/261] 2026-09-25 周五 VR Queen Street Auckland Wotif NZ$114 (3家)  5.0s
2026-09-18 12:14:58  [65/261] 2026-09-25 周五 VR Auckland City         Wotif NZ$88 (2家)  5.0s  ***低价***
2026-09-18 12:15:03  [66/261] 2026-09-25 Shakespeare Hotel Auckland: 无报价 (3.0s)
2026-09-18 12:15:08  [67/261] 2026-09-25 周五 Auckland City Hotel      Wotif NZ$209 (5家)  4.9s
2026-09-18 12:15:14  [68/261] 2026-09-25 周五 ibis budget Auckland Cen Wotif NZ$98 (4家)  4.8s  ***低价***
2026-09-18 12:15:21  [69/261] 2026-09-25 周五 The Quadrant Hotel & Sui Official site NZ$224 (3家)  4.6s
2026-09-18 12:15:28  [70/261] 2026-09-25 周五 Copthorne Hotel Auckland Wotif NZ$208 (4家)  5.2s
2026-09-18 12:15:35  [71/261] 2026-09-25 周五 Albion Hotel Auckland    Official site NZ$101 (4家)  5.0s
2026-09-18 12:15:42  [72/261] 2026-09-25 周五 Ascotia Off Queen Auckla Wotif NZ$124 (4家)  5.1s
2026-09-18 12:15:47  [73/261] 2026-09-26 周六 VR Queen Street Auckland Super.com NZ$117 (2家)  3.0s
2026-09-18 12:15:54  [74/261] 2026-09-26 周六 VR Auckland City         Super.com NZ$157 (1家)  4.6s
2026-09-18 12:16:01  [75/261] 2026-09-26 周六 Shakespeare Hotel Auckla Wotif NZ$73 (5家)  5.0s  ***低价***
2026-09-18 12:16:08  [76/261] 2026-09-26 周六 Auckland City Hotel      Official site NZ$104 (4家)  4.9s
2026-09-18 12:16:15  [77/261] 2026-09-26 周六 ibis budget Auckland Cen Booking.com NZ$103 (4家)  5.2s
2026-09-18 12:16:22  [78/261] 2026-09-26 周六 The Quadrant Hotel & Sui Booking.com NZ$107 (4家)  5.0s
2026-09-18 12:16:29  [79/261] 2026-09-26 周六 Copthorne Hotel Auckland Booking.com NZ$171 (5家)  4.5s
2026-09-18 12:16:35  [80/261] 2026-09-26 周六 Albion Hotel Auckland    Wotif NZ$99 (5家)  4.8s  ***低价***
2026-09-18 12:16:42  [81/261] 2026-09-26 周六 Ascotia Off Queen Auckla Booking.com NZ$121 (4家)  4.8s
2026-09-18 12:16:49  [82/261] 2026-09-27 周日 VR Queen Street Auckland Official site NZ$91 (2家)  5.1s  ***低价***
2026-09-18 12:16:56  [83/261] 2026-09-27 周日 VR Auckland City         Wotif NZ$74 (2家)  4.9s  ***低价***
2026-09-18 12:17:03  [84/261] 2026-09-27 周日 Shakespeare Hotel Auckla Booking.com NZ$77 (5家)  5.1s  ***低价***
2026-09-18 12:17:10  [85/261] 2026-09-27 周日 Auckland City Hotel      Official site NZ$92 (3家)  4.9s  ***低价***
2026-09-18 12:17:18  [86/261] 2026-09-27 周日 ibis budget Auckland Cen Official site NZ$77 (4家)  5.5s  ***低价***
2026-09-18 12:17:25  [87/261] 2026-09-27 周日 The Quadrant Hotel & Sui Official site NZ$93 (3家)  5.2s  ***低价***
2026-09-18 12:17:32  [88/261] 2026-09-27 周日 Copthorne Hotel Auckland Official site NZ$131 (2家)  4.7s
2026-09-18 12:17:38  [89/261] 2026-09-27 周日 Albion Hotel Auckland    Official site NZ$77 (4家)  4.6s  ***低价***
2026-09-18 12:17:45  [90/261] 2026-09-27 周日 Ascotia Off Queen Auckla Wotif NZ$86 (5家)  4.5s  ***低价***
2026-09-18 12:17:51  [91/261] 2026-09-28 周一 VR Queen Street Auckland Official site NZ$90 (2家)  4.6s  ***低价***
2026-09-18 12:17:58  [92/261] 2026-09-28 周一 VR Auckland City         Super.com NZ$87 (1家)  4.7s  ***低价***
2026-09-18 12:18:05  [93/261] 2026-09-28 周一 Shakespeare Hotel Auckla Official site NZ$75 (4家)  4.7s  ***低价***
2026-09-18 12:18:13  [94/261] 2026-09-28 周一 Auckland City Hotel      Official site NZ$91 (4家)  6.3s  ***低价***
2026-09-18 12:18:20  [95/261] 2026-09-28 周一 ibis budget Auckland Cen Booking.com NZ$75 (4家)  5.0s  ***低价***
2026-09-18 12:18:28  [96/261] 2026-09-28 周一 The Quadrant Hotel & Sui Official site NZ$86 (3家)  5.5s  ***低价***
2026-09-18 12:18:34  [97/261] 2026-09-28 周一 Copthorne Hotel Auckland Official site NZ$107 (3家)  4.8s
2026-09-18 12:18:41  [98/261] 2026-09-28 周一 Albion Hotel Auckland    Official site NZ$77 (2家)  4.7s  ***低价***
2026-09-18 12:18:48  [99/261] 2026-09-28 周一 Ascotia Off Queen Auckla Official site NZ$65 (5家)  4.8s  ***低价***
2026-09-18 12:18:53  [100/261] 2026-09-29 周二 VR Queen Street Auckland Super.com NZ$90 (2家)  3.3s  ***低价***
2026-09-18 12:19:01  [101/261] 2026-09-29 周二 VR Auckland City         Super.com NZ$86 (1家)  5.3s  ***低价***
2026-09-18 12:19:08  [102/261] 2026-09-29 周二 Shakespeare Hotel Auckla Official site NZ$78 (4家)  5.3s  ***低价***
2026-09-18 12:19:15  [103/261] 2026-09-29 周二 Auckland City Hotel      Official site NZ$91 (4家)  5.0s  ***低价***
2026-09-18 12:19:22  [104/261] 2026-09-29 周二 ibis budget Auckland Cen Official site NZ$84 (4家)  4.7s  ***低价***
2026-09-18 12:19:28  [105/261] 2026-09-29 周二 The Quadrant Hotel & Sui Official site NZ$86 (4家)  4.7s  ***低价***
2026-09-18 12:19:36  [106/261] 2026-09-29 周二 Copthorne Hotel Auckland Official site NZ$113 (2家)  5.7s
2026-09-18 12:19:43  [107/261] 2026-09-29 周二 Albion Hotel Auckland    Booking.com NZ$77 (3家)  4.5s  ***低价***
2026-09-18 12:19:50  [108/261] 2026-09-29 周二 Ascotia Off Queen Auckla Booking.com NZ$65 (4家)  5.4s  ***低价***
2026-09-18 12:19:57  [109/261] 2026-09-30 周三 VR Queen Street Auckland Booking.com NZ$97 (3家)  5.0s  ***低价***
2026-09-18 12:20:04  [110/261] 2026-09-30 周三 VR Auckland City         Booking.com NZ$84 (2家)  5.2s  ***低价***
2026-09-18 12:20:11  [111/261] 2026-09-30 周三 Shakespeare Hotel Auckla Official site NZ$78 (4家)  4.8s  ***低价***
2026-09-18 12:20:18  [112/261] 2026-09-30 周三 Auckland City Hotel      Wotif NZ$92 (5家)  4.8s  ***低价***
2026-09-18 12:20:25  [113/261] 2026-09-30 周三 ibis budget Auckland Cen Booking.com NZ$74 (4家)  4.8s  ***低价***
2026-09-18 12:20:31  [114/261] 2026-09-30 周三 The Quadrant Hotel & Sui Official site NZ$87 (4家)  4.8s  ***低价***
2026-09-18 12:20:39  [115/261] 2026-09-30 周三 Copthorne Hotel Auckland Official site NZ$115 (2家)  5.1s
2026-09-18 12:20:45  [116/261] 2026-09-30 周三 Albion Hotel Auckland    Booking.com NZ$77 (5家)  4.6s  ***低价***
2026-09-18 12:20:52  [117/261] 2026-09-30 周三 Ascotia Off Queen Auckla Official site NZ$65 (5家)  4.6s  ***低价***
2026-09-18 12:20:58  [118/261] 2026-10-01 周四 VR Queen Street Auckland Booking.com NZ$95 (3家)  4.7s  ***低价***
2026-09-18 12:21:05  [119/261] 2026-10-01 周四 VR Auckland City         Booking.com NZ$84 (2家)  4.9s  ***低价***
2026-09-18 12:21:12  [120/261] 2026-10-01 周四 Shakespeare Hotel Auckla Wotif NZ$87 (5家)  4.8s  ***低价***
2026-09-18 12:21:19  [121/261] 2026-10-01 周四 Auckland City Hotel      Wotif NZ$96 (5家)  5.0s  ***低价***
2026-09-18 12:21:26  [122/261] 2026-10-01 周四 ibis budget Auckland Cen Wotif NZ$90 (4家)  5.0s  ***低价***
2026-09-18 12:21:34  [123/261] 2026-10-01 周四 The Quadrant Hotel & Sui Booking.com NZ$109 (4家)  5.6s
2026-09-18 12:21:40  [124/261] 2026-10-01 周四 Copthorne Hotel Auckland Wotif NZ$111 (5家)  4.8s
2026-09-18 12:21:47  [125/261] 2026-10-01 周四 Albion Hotel Auckland    Wotif NZ$94 (5家)  4.5s  ***低价***
2026-09-18 12:21:53  [126/261] 2026-10-01 周四 Ascotia Off Queen Auckla Wotif NZ$87 (5家)  4.4s  ***低价***
2026-09-18 12:22:01  [127/261] 2026-10-02 周五 VR Queen Street Auckland Wotif NZ$110 (3家)  5.3s
2026-09-18 12:22:07  [128/261] 2026-10-02 周五 VR Auckland City         Booking.com NZ$112 (2家)  4.5s
2026-09-18 12:22:14  [129/261] 2026-10-02 周五 Shakespeare Hotel Auckla Wotif NZ$93 (5家)  4.9s  ***低价***
2026-09-18 12:22:21  [130/261] 2026-10-02 周五 Auckland City Hotel      Wotif NZ$96 (5家)  5.0s  ***低价***
2026-09-18 12:22:28  [131/261] 2026-10-02 周五 ibis budget Auckland Cen Official site NZ$95 (3家)  4.9s  ***低价***
2026-09-18 12:22:35  [132/261] 2026-10-02 周五 The Quadrant Hotel & Sui Booking.com NZ$110 (4家)  5.2s
2026-09-18 12:22:42  [133/261] 2026-10-02 周五 Copthorne Hotel Auckland Wotif NZ$140 (4家)  4.9s
2026-09-18 12:22:49  [134/261] 2026-10-02 周五 Albion Hotel Auckland    Wotif NZ$114 (5家)  4.9s
2026-09-18 12:22:56  [135/261] 2026-10-02 周五 Ascotia Off Queen Auckla Wotif NZ$97 (5家)  5.0s  ***低价***
2026-09-18 12:23:03  [136/261] 2026-10-03 周六 VR Queen Street Auckland Wotif NZ$121 (3家)  4.9s
2026-09-18 12:23:10  [137/261] 2026-10-03 周六 VR Auckland City         Super.com NZ$126 (1家)  4.9s
2026-09-18 12:23:17  [138/261] 2026-10-03 周六 Shakespeare Hotel Auckla Official site NZ$91 (4家)  4.7s  ***低价***
2026-09-18 12:23:24  [139/261] 2026-10-03 周六 Auckland City Hotel      Wotif NZ$106 (5家)  5.2s
2026-09-18 12:23:30  [140/261] 2026-10-03 周六 ibis budget Auckland Cen Wotif NZ$101 (5家)  4.8s
2026-09-18 12:23:37  [141/261] 2026-10-03 周六 The Quadrant Hotel & Sui Wotif NZ$128 (5家)  5.0s
2026-09-18 12:23:44  [142/261] 2026-10-03 周六 Copthorne Hotel Auckland Wotif NZ$155 (3家)  4.7s
2026-09-18 12:23:51  [143/261] 2026-10-03 周六 Albion Hotel Auckland    Wotif NZ$114 (5家)  4.7s
2026-09-18 12:23:58  [144/261] 2026-10-03 周六 Ascotia Off Queen Auckla Wotif NZ$94 (5家)  4.8s  ***低价***
2026-09-18 12:24:04  [145/261] 2026-10-04 周日 VR Queen Street Auckland Booking.com NZ$93 (3家)  4.5s  ***低价***
2026-09-18 12:24:11  [146/261] 2026-10-04 周日 VR Auckland City         Booking.com NZ$84 (2家)  4.7s  ***低价***
2026-09-18 12:24:18  [147/261] 2026-10-04 周日 Shakespeare Hotel Auckla Official site NZ$94 (4家)  4.8s  ***低价***
2026-09-18 12:24:24  [148/261] 2026-10-04 周日 Auckland City Hotel      Booking.com NZ$103 (4家)  4.8s
2026-09-18 12:24:31  [149/261] 2026-10-04 周日 ibis budget Auckland Cen Official site NZ$86 (2家)  5.0s  ***低价***
2026-09-18 12:24:38  [150/261] 2026-10-04 周日 The Quadrant Hotel & Sui Official site NZ$96 (4家)  5.2s  ***低价***
2026-09-18 12:24:46  [151/261] 2026-10-04 周日 Copthorne Hotel Auckland Booking.com NZ$112 (3家)  5.1s
2026-09-18 12:24:53  [152/261] 2026-10-04 周日 Albion Hotel Auckland    Official site NZ$77 (4家)  5.0s  ***低价***
2026-09-18 12:25:00  [153/261] 2026-10-04 周日 Ascotia Off Queen Auckla Booking.com NZ$80 (3家)  5.2s  ***低价***
2026-09-18 12:25:06  [154/261] 2026-10-05 周一 VR Queen Street Auckland Wotif NZ$89 (3家)  4.6s  ***低价***
2026-09-18 12:25:13  [155/261] 2026-10-05 周一 VR Auckland City         Wotif NZ$84 (2家)  5.1s  ***低价***
2026-09-18 12:25:20  [156/261] 2026-10-05 周一 Shakespeare Hotel Auckla Wotif NZ$93 (5家)  4.8s  ***低价***
2026-09-18 12:25:27  [157/261] 2026-10-05 周一 Auckland City Hotel      Wotif NZ$98 (3家)  4.9s  ***低价***
2026-09-18 12:25:34  [158/261] 2026-10-05 周一 ibis budget Auckland Cen Wotif NZ$78 (5家)  4.5s  ***低价***
2026-09-18 12:25:41  [159/261] 2026-10-05 周一 The Quadrant Hotel & Sui Wotif NZ$92 (5家)  4.9s  ***低价***
2026-09-18 12:25:47  [160/261] 2026-10-05 周一 Copthorne Hotel Auckland Official site NZ$110 (2家)  4.4s
2026-09-18 12:25:54  [161/261] 2026-10-05 周一 Albion Hotel Auckland    Wotif NZ$77 (5家)  4.5s  ***低价***
2026-09-18 12:26:00  [162/261] 2026-10-05 周一 Ascotia Off Queen Auckla Wotif NZ$80 (5家)  4.8s  ***低价***
2026-09-18 12:26:06  [163/261] 2026-10-06 周二 VR Queen Street Auckland Super.com NZ$90 (2家)  3.5s  ***低价***
2026-09-18 12:26:13  [164/261] 2026-10-06 周二 VR Auckland City         Booking.com NZ$84 (2家)  4.9s  ***低价***
2026-09-18 12:26:20  [165/261] 2026-10-06 周二 Shakespeare Hotel Auckla Official site NZ$91 (4家)  4.8s  ***低价***
2026-09-18 12:26:27  [166/261] 2026-10-06 周二 Auckland City Hotel      Wotif NZ$108 (5家)  5.0s
2026-09-18 12:26:33  [167/261] 2026-10-06 周二 ibis budget Auckland Cen Official site NZ$80 (4家)  4.6s  ***低价***
2026-09-18 12:26:40  [168/261] 2026-10-06 周二 The Quadrant Hotel & Sui Wotif NZ$97 (5家)  5.2s  ***低价***
2026-09-18 12:26:48  [169/261] 2026-10-06 周二 Copthorne Hotel Auckland Booking.com NZ$112 (3家)  5.2s
2026-09-18 12:26:54  [170/261] 2026-10-06 周二 Albion Hotel Auckland    Wotif NZ$76 (4家)  4.9s  ***低价***
2026-09-18 12:27:01  [171/261] 2026-10-06 周二 Ascotia Off Queen Auckla Booking.com NZ$80 (5家)  4.4s  ***低价***
2026-09-18 12:27:08  [172/261] 2026-10-07 周三 VR Queen Street Auckland Booking.com NZ$86 (3家)  4.9s  ***低价***
2026-09-18 12:27:13  [173/261] 2026-10-07 周三 VR Auckland City         Super.com NZ$107 (1家)  3.5s
2026-09-18 12:27:20  [174/261] 2026-10-07 周三 Shakespeare Hotel Auckla Booking.com NZ$95 (4家)  5.2s  ***低价***
2026-09-18 12:27:27  [175/261] 2026-10-07 周三 Auckland City Hotel      Wotif NZ$108 (5家)  4.8s
2026-09-18 12:27:34  [176/261] 2026-10-07 周三 ibis budget Auckland Cen Official site NZ$70 (3家)  4.7s  ***低价***
2026-09-18 12:27:40  [177/261] 2026-10-07 周三 The Quadrant Hotel & Sui Booking.com NZ$95 (4家)  4.2s  ***低价***
2026-09-18 12:27:48  [178/261] 2026-10-07 周三 Copthorne Hotel Auckland Booking.com NZ$113 (4家)  5.5s
2026-09-18 12:27:55  [179/261] 2026-10-07 周三 Albion Hotel Auckland    Booking.com NZ$77 (5家)  4.8s  ***低价***
2026-09-18 12:28:01  [180/261] 2026-10-07 周三 Ascotia Off Queen Auckla Official site NZ$97 (4家)  4.9s  ***低价***
2026-09-18 12:28:08  [181/261] 2026-10-08 周四 VR Queen Street Auckland Booking.com NZ$113 (3家)  4.7s
2026-09-18 12:28:15  [182/261] 2026-10-08 周四 VR Auckland City         Booking.com NZ$84 (2家)  4.5s  ***低价***
2026-09-18 12:28:21  [183/261] 2026-10-08 周四 Shakespeare Hotel Auckla Official site NZ$88 (4家)  4.9s  ***低价***
2026-09-18 12:28:28  [184/261] 2026-10-08 周四 Auckland City Hotel      Booking.com NZ$108 (4家)  4.5s
2026-09-18 12:28:35  [185/261] 2026-10-08 周四 ibis budget Auckland Cen Official site NZ$97 (4家)  4.6s  ***低价***
2026-09-18 12:28:41  [186/261] 2026-10-08 周四 The Quadrant Hotel & Sui Official site NZ$98 (4家)  4.9s  ***低价***
2026-09-18 12:28:48  [187/261] 2026-10-08 周四 Copthorne Hotel Auckland Official site NZ$115 (2家)  5.0s
2026-09-18 12:28:55  [188/261] 2026-10-08 周四 Albion Hotel Auckland    Booking.com NZ$95 (5家)  4.8s  ***低价***
2026-09-18 12:29:02  [189/261] 2026-10-08 周四 Ascotia Off Queen Auckla Official site NZ$95 (5家)  4.4s  ***低价***
2026-09-18 12:29:08  [190/261] 2026-10-09 周五 VR Queen Street Auckland Booking.com NZ$223 (3家)  4.8s
2026-09-18 12:29:15  [191/261] 2026-10-09 周五 VR Auckland City         Super.com NZ$253 (2家)  4.8s
2026-09-18 12:29:20  [192/261] 2026-10-09 Shakespeare Hotel Auckland: 无报价 (2.8s)
2026-09-18 12:29:25  [193/261] 2026-10-09 周五 Auckland City Hotel      Official site NZ$160 (3家)  4.9s
2026-09-18 12:29:32  [194/261] 2026-10-09 周五 ibis budget Auckland Cen Booking.com NZ$183 (3家)  4.8s
2026-09-18 12:29:37  [195/261] 2026-10-09 周五 The Quadrant Hotel & Sui Super.com NZ$224 (2家)  3.1s
2026-09-18 12:29:44  [196/261] 2026-10-09 周五 Copthorne Hotel Auckland Official site NZ$266 (3家)  5.2s
2026-09-18 12:29:51  [197/261] 2026-10-09 周五 Albion Hotel Auckland    Booking.com NZ$139 (5家)  4.9s
2026-09-18 12:29:58  [198/261] 2026-10-09 周五 Ascotia Off Queen Auckla Wotif NZ$124 (5家)  5.1s
2026-09-18 12:30:05  [199/261] 2026-10-10 周六 VR Queen Street Auckland Official site NZ$228 (2家)  4.8s
2026-09-18 12:30:11  [200/261] 2026-10-10 周六 VR Auckland City         Super.com NZ$472 (1家)  4.6s
2026-09-18 12:30:16  [201/261] 2026-10-10 Shakespeare Hotel Auckland: 无报价 (2.8s)
2026-09-18 12:30:21  [202/261] 2026-10-10 周六 Auckland City Hotel      Booking.com NZ$222 (4家)  5.0s
2026-09-18 12:30:27  [203/261] 2026-10-10 周六 ibis budget Auckland Cen Super.com NZ$237 (3家)  3.6s
2026-09-18 12:30:35  [204/261] 2026-10-10 周六 The Quadrant Hotel & Sui Booking.com NZ$256 (3家)  5.8s
2026-09-18 12:30:41  [205/261] 2026-10-10 周六 Copthorne Hotel Auckland Booking.com NZ$304 (3家)  4.8s
2026-09-18 12:30:48  [206/261] 2026-10-10 周六 Albion Hotel Auckland    Official site NZ$196 (4家)  4.7s
2026-09-18 12:30:55  [207/261] 2026-10-10 周六 Ascotia Off Queen Auckla Official site NZ$169 (3家)  4.4s
2026-09-18 12:31:01  [208/261] 2026-10-11 周日 VR Queen Street Auckland Official site NZ$96 (2家)  4.8s  ***低价***
2026-09-18 12:31:08  [209/261] 2026-10-11 周日 VR Auckland City         Super.com NZ$87 (1家)  5.0s  ***低价***
2026-09-18 12:31:15  [210/261] 2026-10-11 周日 Shakespeare Hotel Auckla Official site NZ$91 (4家)  4.6s  ***低价***
2026-09-18 12:31:22  [211/261] 2026-10-11 周日 Auckland City Hotel      Hotels.com NZ$102 (3家)  4.8s
2026-09-18 12:31:28  [212/261] 2026-10-11 周日 ibis budget Auckland Cen Wotif NZ$77 (5家)  4.5s  ***低价***
2026-09-18 12:31:35  [213/261] 2026-10-11 周日 The Quadrant Hotel & Sui Official site NZ$87 (2家)  5.0s  ***低价***
2026-09-18 12:31:42  [214/261] 2026-10-11 周日 Copthorne Hotel Auckland Official site NZ$100 (2家)  4.3s
2026-09-18 12:31:48  [215/261] 2026-10-11 周日 Albion Hotel Auckland    Hotels.com NZ$77 (3家)  4.7s  ***低价***
2026-09-18 12:31:53  [216/261] 2026-10-11 周日 Ascotia Off Queen Auckla Super.com NZ$88 (2家)  2.9s  ***低价***
2026-09-18 12:32:00  [217/261] 2026-10-12 周一 VR Queen Street Auckland Official site NZ$96 (2家)  4.9s  ***低价***
2026-09-18 12:32:07  [218/261] 2026-10-12 周一 VR Auckland City         Hotels.com NZ$84 (2家)  4.7s  ***低价***
2026-09-18 12:32:14  [219/261] 2026-10-12 周一 Shakespeare Hotel Auckla Official site NZ$89 (4家)  5.1s  ***低价***
2026-09-18 12:32:21  [220/261] 2026-10-12 周一 Auckland City Hotel      Official site NZ$100 (2家)  5.0s
2026-09-18 12:32:28  [221/261] 2026-10-12 周一 ibis budget Auckland Cen Hotels.com NZ$86 (5家)  4.9s  ***低价***
2026-09-18 12:32:34  [222/261] 2026-10-12 周一 The Quadrant Hotel & Sui Wotif NZ$74 (5家)  4.8s  ***低价***
2026-09-18 12:32:42  [223/261] 2026-10-12 周一 Copthorne Hotel Auckland Hotels.com NZ$102 (3家)  5.2s
2026-09-18 12:32:48  [224/261] 2026-10-12 周一 Albion Hotel Auckland    Official site NZ$79 (4家)  4.6s  ***低价***
2026-09-18 12:32:55  [225/261] 2026-10-12 周一 Ascotia Off Queen Auckla Hotels.com NZ$88 (3家)  4.5s  ***低价***
2026-09-18 12:33:02  [226/261] 2026-10-13 周二 VR Queen Street Auckland Official site NZ$96 (2家)  4.9s  ***低价***
2026-09-18 12:33:09  [227/261] 2026-10-13 周二 VR Auckland City         Super.com NZ$91 (1家)  5.3s  ***低价***
2026-09-18 12:33:16  [228/261] 2026-10-13 周二 Shakespeare Hotel Auckla Official site NZ$83 (3家)  5.0s  ***低价***
2026-09-18 12:33:21  [229/261] 2026-10-13 周二 Auckland City Hotel      Super.com NZ$104 (2家)  3.3s
2026-09-18 12:33:28  [230/261] 2026-10-13 周二 ibis budget Auckland Cen Official site NZ$84 (4家)  5.0s  ***低价***
2026-09-18 12:33:36  [231/261] 2026-10-13 周二 The Quadrant Hotel & Sui Official site NZ$91 (4家)  6.1s  ***低价***
2026-09-18 12:33:43  [232/261] 2026-10-13 周二 Copthorne Hotel Auckland Official site NZ$119 (2家)  4.6s
2026-09-18 12:33:50  [233/261] 2026-10-13 周二 Albion Hotel Auckland    Wotif NZ$80 (5家)  4.9s  ***低价***
2026-09-18 12:33:56  [234/261] 2026-10-13 周二 Ascotia Off Queen Auckla Wotif NZ$88 (3家)  4.5s  ***低价***
2026-09-18 12:34:03  [235/261] 2026-10-14 周三 VR Queen Street Auckland Wotif NZ$96 (3家)  4.6s  ***低价***
2026-09-18 12:34:10  [236/261] 2026-10-14 周三 VR Auckland City         Super.com NZ$91 (1家)  5.3s  ***低价***
2026-09-18 12:34:17  [237/261] 2026-10-14 周三 Shakespeare Hotel Auckla Official site NZ$92 (4家)  4.6s  ***低价***
2026-09-18 12:34:24  [238/261] 2026-10-14 周三 Auckland City Hotel      Official site NZ$99 (4家)  5.0s  ***低价***
2026-09-18 12:34:31  [239/261] 2026-10-14 周三 ibis budget Auckland Cen Wotif NZ$80 (5家)  4.9s  ***低价***
2026-09-18 12:34:37  [240/261] 2026-10-14 周三 The Quadrant Hotel & Sui Booking.com NZ$90 (4家)  4.5s  ***低价***
2026-09-18 12:34:44  [241/261] 2026-10-14 周三 Copthorne Hotel Auckland Booking.com NZ$107 (3家)  4.8s
2026-09-18 12:34:51  [242/261] 2026-10-14 周三 Albion Hotel Auckland    Booking.com NZ$77 (5家)  5.4s  ***低价***
2026-09-18 12:34:58  [243/261] 2026-10-14 周三 Ascotia Off Queen Auckla Booking.com NZ$88 (4家)  4.8s  ***低价***
2026-09-18 12:35:05  [244/261] 2026-10-15 周四 VR Queen Street Auckland Wotif NZ$95 (3家)  4.9s  ***低价***
2026-09-18 12:35:12  [245/261] 2026-10-15 周四 VR Auckland City         Wotif NZ$84 (2家)  4.7s  ***低价***
2026-09-18 12:35:19  [246/261] 2026-10-15 周四 Shakespeare Hotel Auckla Wotif NZ$87 (5家)  4.7s  ***低价***
2026-09-18 12:35:26  [247/261] 2026-10-15 周四 Auckland City Hotel      Wotif NZ$99 (5家)  5.2s  ***低价***
2026-09-18 12:35:32  [248/261] 2026-10-15 周四 ibis budget Auckland Cen Wotif NZ$89 (5家)  4.7s  ***低价***
2026-09-18 12:35:39  [249/261] 2026-10-15 周四 The Quadrant Hotel & Sui Official site NZ$93 (4家)  4.8s  ***低价***
2026-09-18 12:35:46  [250/261] 2026-10-15 周四 Copthorne Hotel Auckland Wotif NZ$107 (3家)  5.0s
2026-09-18 12:35:53  [251/261] 2026-10-15 周四 Albion Hotel Auckland    Booking.com NZ$97 (3家)  4.7s  ***低价***
2026-09-18 12:36:00  [252/261] 2026-10-15 周四 Ascotia Off Queen Auckla Wotif NZ$88 (3家)  5.4s  ***低价***
2026-09-18 12:36:07  [253/261] 2026-10-16 周五 VR Queen Street Auckland Wotif NZ$132 (3家)  5.0s
2026-09-18 12:36:14  [254/261] 2026-10-16 周五 VR Auckland City         Wotif NZ$102 (2家)  4.7s
2026-09-18 12:36:21  [255/261] 2026-10-16 周五 Shakespeare Hotel Auckla Official site NZ$96 (4家)  4.5s  ***低价***
2026-09-18 12:36:27  [256/261] 2026-10-16 周五 Auckland City Hotel      Hotels.com NZ$140 (5家)  4.9s
2026-09-18 12:36:34  [257/261] 2026-10-16 周五 ibis budget Auckland Cen Official site NZ$131 (3家)  4.8s
2026-09-18 12:36:41  [258/261] 2026-10-16 周五 The Quadrant Hotel & Sui Wotif NZ$148 (5家)  4.9s
2026-09-18 12:36:47  [259/261] 2026-10-16 周五 Copthorne Hotel Auckland Wotif NZ$153 (3家)  4.4s
2026-09-18 12:36:55  [260/261] 2026-10-16 周五 Albion Hotel Auckland    Wotif NZ$115 (4家)  5.1s
2026-09-18 12:37:02  [261/261] 2026-10-16 周五 Ascotia Off Queen Auckla Booking.com NZ$134 (3家)  5.5s
2026-09-18 12:37:04  ===== 第 3 轮结束: 成功 258 / 异常 3, 用时 29.5 分钟, 平均抓取 4.8s =====
2026-09-18 12:37:04  报告已刷新: Y:\12\auckland-hotel-watch\local\data\overnight_report.md
2026-09-18 12:37:05  看板已重建: auckland_rates.html
2026-09-18 12:37:05  休息 1 分钟, 下一轮约 12:37
2026-09-18 12:37:37  ===== 第 4 轮开始, 共 261 个目标 =====
2026-09-18 12:37:41  [1/261] 2026-09-18 周五 VR Queen Street Auckland Super.com NZ$144 (1家)  3.5s
2026-09-18 12:37:46  [2/261] 2026-09-18 周五 VR Auckland City         Super.com NZ$114 (1家)  3.5s
2026-09-18 12:37:55  [3/261] 2026-09-18 周五 Shakespeare Hotel Auckla Wotif NZ$77 (4家)  6.6s  ***低价***
2026-09-18 12:38:02  [4/261] 2026-09-18 周五 Auckland City Hotel      Wotif NZ$91 (5家)  5.5s  ***低价***
2026-09-18 12:38:10  [5/261] 2026-09-18 周五 ibis budget Auckland Cen Wotif NZ$126 (3家)  5.6s
2026-09-18 12:38:18  [6/261] 2026-09-18 周五 The Quadrant Hotel & Sui Wotif NZ$152 (3家)  6.0s
2026-09-18 12:38:26  [7/261] 2026-09-18 周五 Copthorne Hotel Auckland Booking.com NZ$130 (3家)  5.7s
2026-09-18 12:38:30  [8/261] 2026-09-18 周五 Albion Hotel Auckland    Super.com NZ$78 (2家)  2.8s  ***低价***
2026-09-18 12:38:36  [9/261] 2026-09-18 Ascotia Off Queen Auckland: 无报价 (3.4s)
2026-09-18 12:38:41  [10/261] 2026-09-19 周六 VR Queen Street Auckland Booking.com NZ$112 (3家)  5.3s
2026-09-18 12:38:48  [11/261] 2026-09-19 周六 VR Auckland City         Super.com NZ$120 (1家)  5.0s
2026-09-18 12:38:55  [12/261] 2026-09-19 周六 Shakespeare Hotel Auckla Wotif NZ$80 (5家)  5.1s  ***低价***
2026-09-18 12:39:02  [13/261] 2026-09-19 周六 Auckland City Hotel      Booking.com NZ$85 (5家)  5.1s  ***低价***
2026-09-18 12:39:09  [14/261] 2026-09-19 周六 ibis budget Auckland Cen Wotif NZ$93 (5家)  4.6s  ***低价***
2026-09-18 12:39:16  [15/261] 2026-09-19 周六 The Quadrant Hotel & Sui Wotif NZ$112 (5家)  5.1s
2026-09-18 12:39:23  [16/261] 2026-09-19 周六 Copthorne Hotel Auckland Wotif NZ$112 (3家)  4.8s
2026-09-18 12:39:29  [17/261] 2026-09-19 周六 Albion Hotel Auckland    Wotif NZ$83 (5家)  4.7s  ***低价***
2026-09-18 12:39:36  [18/261] 2026-09-19 周六 Ascotia Off Queen Auckla Wotif NZ$82 (5家)  4.9s  ***低价***
2026-09-18 12:39:44  [19/261] 2026-09-20 周日 VR Queen Street Auckland Wotif NZ$81 (3家)  5.4s  ***低价***
2026-09-18 12:39:50  [20/261] 2026-09-20 周日 VR Auckland City         Booking.com NZ$85 (3家)  4.6s  ***低价***
2026-09-18 12:39:58  [21/261] 2026-09-20 周日 Shakespeare Hotel Auckla Official site NZ$80 (4家)  5.4s  ***低价***
2026-09-18 12:40:04  [22/261] 2026-09-20 周日 Auckland City Hotel      Official site NZ$87 (4家)  4.6s  ***低价***
2026-09-18 12:40:09  [23/261] 2026-09-20 周日 ibis budget Auckland Cen Super.com NZ$85 (4家)  2.8s  ***低价***
2026-09-18 12:40:16  [24/261] 2026-09-20 周日 The Quadrant Hotel & Sui Booking.com NZ$138 (3家)  5.3s
2026-09-18 12:40:24  [25/261] 2026-09-20 周日 Copthorne Hotel Auckland Official site NZ$105 (2家)  5.2s
2026-09-18 12:40:31  [26/261] 2026-09-20 周日 Albion Hotel Auckland    Official site NZ$78 (4家)  5.0s  ***低价***
2026-09-18 12:40:38  [27/261] 2026-09-20 周日 Ascotia Off Queen Auckla Official site NZ$65 (4家)  4.9s  ***低价***
2026-09-18 12:40:45  [28/261] 2026-09-21 周一 VR Queen Street Auckland Official site NZ$77 (2家)  5.0s  ***低价***
2026-09-18 12:40:51  [29/261] 2026-09-21 周一 VR Auckland City         Wotif NZ$73 (2家)  4.9s  ***低价***
2026-09-18 12:40:58  [30/261] 2026-09-21 周一 Shakespeare Hotel Auckla Wotif NZ$77 (5家)  4.9s  ***低价***
2026-09-18 12:41:05  [31/261] 2026-09-21 周一 Auckland City Hotel      Booking.com NZ$87 (5家)  4.9s  ***低价***
2026-09-18 12:41:12  [32/261] 2026-09-21 周一 ibis budget Auckland Cen Wotif NZ$78 (5家)  4.7s  ***低价***
2026-09-18 12:41:19  [33/261] 2026-09-21 周一 The Quadrant Hotel & Sui Wotif NZ$97 (5家)  5.0s  ***低价***
2026-09-18 12:41:26  [34/261] 2026-09-21 周一 Copthorne Hotel Auckland Wotif NZ$106 (3家)  5.3s
2026-09-18 12:41:33  [35/261] 2026-09-21 周一 Albion Hotel Auckland    Wotif NZ$80 (5家)  4.8s  ***低价***
2026-09-18 12:41:40  [36/261] 2026-09-21 周一 Ascotia Off Queen Auckla Wotif NZ$65 (4家)  4.7s  ***低价***
2026-09-18 12:41:47  [37/261] 2026-09-22 周二 VR Queen Street Auckland Official site NZ$81 (2家)  4.9s  ***低价***
2026-09-18 12:41:53  [38/261] 2026-09-22 周二 VR Auckland City         Booking.com NZ$73 (2家)  4.7s  ***低价***
2026-09-18 12:42:01  [39/261] 2026-09-22 周二 Shakespeare Hotel Auckla Booking.com NZ$79 (5家)  5.2s  ***低价***
2026-09-18 12:42:08  [40/261] 2026-09-22 周二 Auckland City Hotel      Official site NZ$92 (4家)  5.2s  ***低价***
2026-09-18 12:42:15  [41/261] 2026-09-22 周二 ibis budget Auckland Cen Official site NZ$82 (4家)  5.1s  ***低价***
2026-09-18 12:42:22  [42/261] 2026-09-22 周二 The Quadrant Hotel & Sui Official site NZ$148 (3家)  4.8s
2026-09-18 12:42:28  [43/261] 2026-09-22 周二 Copthorne Hotel Auckland Official site NZ$116 (3家)  4.9s
2026-09-18 12:42:35  [44/261] 2026-09-22 周二 Albion Hotel Auckland    Official site NZ$77 (3家)  4.9s  ***低价***
2026-09-18 12:42:44  [45/261] 2026-09-22 周二 Ascotia Off Queen Auckla Booking.com NZ$73 (4家)  6.8s  ***低价***
2026-09-18 12:42:51  [46/261] 2026-09-23 周三 VR Queen Street Auckland Booking.com NZ$90 (3家)  4.5s  ***低价***
2026-09-18 12:42:57  [47/261] 2026-09-23 周三 VR Auckland City         Super.com NZ$88 (1家)  4.5s  ***低价***
2026-09-18 12:43:04  [48/261] 2026-09-23 周三 Shakespeare Hotel Auckla Booking.com NZ$77 (5家)  4.5s  ***低价***
2026-09-18 12:43:10  [49/261] 2026-09-23 周三 Auckland City Hotel      Official site NZ$111 (4家)  4.3s
2026-09-18 12:43:17  [50/261] 2026-09-23 周三 ibis budget Auckland Cen Booking.com NZ$86 (3家)  4.7s  ***低价***
2026-09-18 12:43:23  [51/261] 2026-09-23 周三 The Quadrant Hotel & Sui Booking.com NZ$93 (4家)  4.6s  ***低价***
2026-09-18 12:43:30  [52/261] 2026-09-23 周三 Copthorne Hotel Auckland Booking.com NZ$122 (3家)  4.2s
2026-09-18 12:43:37  [53/261] 2026-09-23 周三 Albion Hotel Auckland    Booking.com NZ$78 (5家)  5.5s  ***低价***
2026-09-18 12:43:44  [54/261] 2026-09-23 周三 Ascotia Off Queen Auckla Booking.com NZ$67 (3家)  4.7s  ***低价***
2026-09-18 12:43:51  [55/261] 2026-09-24 周四 VR Queen Street Auckland Booking.com NZ$91 (3家)  4.8s  ***低价***
2026-09-18 12:43:57  [56/261] 2026-09-24 周四 VR Auckland City         Wotif NZ$73 (2家)  4.6s  ***低价***
2026-09-18 12:44:04  [57/261] 2026-09-24 周四 Shakespeare Hotel Auckla Booking.com NZ$80 (5家)  4.6s  ***低价***
2026-09-18 12:44:10  [58/261] 2026-09-24 周四 Auckland City Hotel      Booking.com NZ$88 (4家)  4.6s  ***低价***
2026-09-18 12:44:18  [59/261] 2026-09-24 周四 ibis budget Auckland Cen Booking.com NZ$78 (4家)  5.1s  ***低价***
2026-09-18 12:44:24  [60/261] 2026-09-24 周四 The Quadrant Hotel & Sui Booking.com NZ$93 (4家)  4.9s  ***低价***
2026-09-18 12:44:32  [61/261] 2026-09-24 周四 Copthorne Hotel Auckland Wotif NZ$123 (3家)  5.4s
2026-09-18 12:44:38  [62/261] 2026-09-24 周四 Albion Hotel Auckland    Booking.com NZ$86 (5家)  4.6s  ***低价***
2026-09-18 12:44:45  [63/261] 2026-09-24 周四 Ascotia Off Queen Auckla Booking.com NZ$64 (4家)  4.8s  ***低价***
2026-09-18 12:44:50  [64/261] 2026-09-25 周五 VR Queen Street Auckland Super.com NZ$114 (2家)  3.1s
2026-09-18 12:44:57  [65/261] 2026-09-25 周五 VR Auckland City         Wotif NZ$88 (2家)  4.9s  ***低价***
2026-09-18 12:45:02  [66/261] 2026-09-25 Shakespeare Hotel Auckland: 无报价 (2.8s)
2026-09-18 12:45:07  [67/261] 2026-09-25 周五 Auckland City Hotel      Wotif NZ$209 (5家)  4.5s
2026-09-18 12:45:13  [68/261] 2026-09-25 周五 ibis budget Auckland Cen Wotif NZ$98 (5家)  4.6s  ***低价***
2026-09-18 12:45:20  [69/261] 2026-09-25 周五 The Quadrant Hotel & Sui Wotif NZ$224 (5家)  5.2s
2026-09-18 12:45:27  [70/261] 2026-09-25 周五 Copthorne Hotel Auckland Official site NZ$216 (2家)  4.6s
2026-09-18 12:45:33  [71/261] 2026-09-25 周五 Albion Hotel Auckland    Hotels.com NZ$101 (4家)  4.2s
2026-09-18 12:45:39  [72/261] 2026-09-25 周五 Ascotia Off Queen Auckla Wotif NZ$125 (3家)  4.5s
2026-09-18 12:45:46  [73/261] 2026-09-26 周六 VR Queen Street Auckland Booking.com NZ$117 (3家)  4.6s
2026-09-18 12:45:52  [74/261] 2026-09-26 周六 VR Auckland City         Wotif NZ$88 (2家)  4.3s  ***低价***
2026-09-18 12:45:59  [75/261] 2026-09-26 周六 Shakespeare Hotel Auckla Booking.com NZ$72 (5家)  4.5s  ***低价***
2026-09-18 12:46:05  [76/261] 2026-09-26 周六 Auckland City Hotel      Wotif NZ$104 (5家)  4.7s
2026-09-18 12:46:12  [77/261] 2026-09-26 周六 ibis budget Auckland Cen Booking.com NZ$103 (4家)  4.7s
2026-09-18 12:46:20  [78/261] 2026-09-26 周六 The Quadrant Hotel & Sui Booking.com NZ$103 (4家)  5.4s
2026-09-18 12:46:26  [79/261] 2026-09-26 周六 Copthorne Hotel Auckland Official site NZ$171 (2家)  4.7s
2026-09-18 12:46:33  [80/261] 2026-09-26 周六 Albion Hotel Auckland    Booking.com NZ$99 (4家)  4.7s  ***低价***
2026-09-18 12:46:40  [81/261] 2026-09-26 周六 Ascotia Off Queen Auckla Wotif NZ$121 (4家)  4.7s
2026-09-18 12:46:46  [82/261] 2026-09-27 周日 VR Queen Street Auckland Official site NZ$91 (2家)  4.8s  ***低价***
2026-09-18 12:46:51  [83/261] 2026-09-27 周日 VR Auckland City         Super.com NZ$108 (1家)  2.9s
2026-09-18 12:46:58  [84/261] 2026-09-27 周日 Shakespeare Hotel Auckla Official site NZ$77 (4家)  4.7s  ***低价***
2026-09-18 12:47:05  [85/261] 2026-09-27 周日 Auckland City Hotel      Booking.com NZ$91 (4家)  4.5s  ***低价***
2026-09-18 12:47:11  [86/261] 2026-09-27 周日 ibis budget Auckland Cen Official site NZ$78 (4家)  4.5s  ***低价***
2026-09-18 12:47:18  [87/261] 2026-09-27 周日 The Quadrant Hotel & Sui Official site NZ$93 (3家)  4.8s  ***低价***
2026-09-18 12:47:25  [88/261] 2026-09-27 周日 Copthorne Hotel Auckland Booking.com NZ$130 (3家)  5.2s
2026-09-18 12:47:32  [89/261] 2026-09-27 周日 Albion Hotel Auckland    Official site NZ$77 (4家)  4.8s  ***低价***
2026-09-18 12:47:39  [90/261] 2026-09-27 周日 Ascotia Off Queen Auckla Official site NZ$86 (2家)  4.6s  ***低价***
2026-09-18 12:47:45  [91/261] 2026-09-28 周一 VR Queen Street Auckland Official site NZ$90 (2家)  4.7s  ***低价***
2026-09-18 12:47:52  [92/261] 2026-09-28 周一 VR Auckland City         Super.com NZ$87 (1家)  4.7s  ***低价***
2026-09-18 12:47:58  [93/261] 2026-09-28 周一 Shakespeare Hotel Auckla Official site NZ$75 (4家)  4.5s  ***低价***
2026-09-18 12:48:03  [94/261] 2026-09-28 周一 Auckland City Hotel      Super.com NZ$92 (4家)  3.1s  ***低价***
2026-09-18 12:48:10  [95/261] 2026-09-28 周一 ibis budget Auckland Cen Official site NZ$74 (4家)  4.6s  ***低价***
2026-09-18 12:48:17  [96/261] 2026-09-28 周一 The Quadrant Hotel & Sui Official site NZ$85 (4家)  4.5s  ***低价***
2026-09-18 12:48:23  [97/261] 2026-09-28 周一 Copthorne Hotel Auckland Official site NZ$107 (2家)  4.6s
2026-09-18 12:48:30  [98/261] 2026-09-28 周一 Albion Hotel Auckland    Booking.com NZ$77 (5家)  4.6s  ***低价***
2026-09-18 12:48:37  [99/261] 2026-09-28 周一 Ascotia Off Queen Auckla Booking.com NZ$65 (3家)  5.0s  ***低价***
2026-09-18 12:48:44  [100/261] 2026-09-29 周二 VR Queen Street Auckland Official site NZ$91 (2家)  4.9s  ***低价***
2026-09-18 12:48:50  [101/261] 2026-09-29 周二 VR Auckland City         Booking.com NZ$74 (2家)  4.7s  ***低价***
2026-09-18 12:48:58  [102/261] 2026-09-29 周二 Shakespeare Hotel Auckla Official site NZ$78 (4家)  5.2s  ***低价***
2026-09-18 12:49:04  [103/261] 2026-09-29 周二 Auckland City Hotel      Booking.com NZ$91 (4家)  4.5s  ***低价***
2026-09-18 12:49:11  [104/261] 2026-09-29 周二 ibis budget Auckland Cen Booking.com NZ$84 (4家)  4.8s  ***低价***
2026-09-18 12:49:18  [105/261] 2026-09-29 周二 The Quadrant Hotel & Sui Booking.com NZ$86 (4家)  4.6s  ***低价***
2026-09-18 12:49:24  [106/261] 2026-09-29 周二 Copthorne Hotel Auckland Booking.com NZ$113 (3家)  5.0s
2026-09-18 12:49:31  [107/261] 2026-09-29 周二 Albion Hotel Auckland    Official site NZ$76 (2家)  4.9s  ***低价***
2026-09-18 12:49:38  [108/261] 2026-09-29 周二 Ascotia Off Queen Auckla Wotif NZ$64 (5家)  4.6s  ***低价***
2026-09-18 12:49:45  [109/261] 2026-09-30 周三 VR Queen Street Auckland Booking.com NZ$97 (3家)  5.0s  ***低价***
2026-09-18 12:49:52  [110/261] 2026-09-30 周三 VR Auckland City         Super.com NZ$87 (1家)  5.0s  ***低价***
2026-09-18 12:49:58  [111/261] 2026-09-30 周三 Shakespeare Hotel Auckla Booking.com NZ$78 (5家)  4.2s  ***低价***
2026-09-18 12:50:05  [112/261] 2026-09-30 周三 Auckland City Hotel      Booking.com NZ$92 (4家)  4.8s  ***低价***
2026-09-18 12:50:12  [113/261] 2026-09-30 周三 ibis budget Auckland Cen Wotif NZ$75 (5家)  4.9s  ***低价***
2026-09-18 12:50:18  [114/261] 2026-09-30 周三 The Quadrant Hotel & Sui Official site NZ$87 (4家)  4.5s  ***低价***
2026-09-18 12:50:25  [115/261] 2026-09-30 周三 Copthorne Hotel Auckland Booking.com NZ$112 (4家)  4.9s
2026-09-18 12:50:32  [116/261] 2026-09-30 周三 Albion Hotel Auckland    Official site NZ$77 (2家)  5.1s  ***低价***
2026-09-18 12:50:39  [117/261] 2026-09-30 周三 Ascotia Off Queen Auckla Official site NZ$65 (5家)  4.5s  ***低价***
2026-09-18 12:50:45  [118/261] 2026-10-01 周四 VR Queen Street Auckland Wotif NZ$95 (3家)  4.5s  ***低价***
2026-09-18 12:50:52  [119/261] 2026-10-01 周四 VR Auckland City         Wotif NZ$84 (2家)  4.6s  ***低价***
2026-09-18 12:50:59  [120/261] 2026-10-01 周四 Shakespeare Hotel Auckla Wotif NZ$88 (5家)  4.7s  ***低价***
2026-09-18 12:51:06  [121/261] 2026-10-01 周四 Auckland City Hotel      Wotif NZ$96 (5家)  5.2s  ***低价***
2026-09-18 12:51:12  [122/261] 2026-10-01 周四 ibis budget Auckland Cen Booking.com NZ$90 (4家)  4.3s  ***低价***
2026-09-18 12:51:19  [123/261] 2026-10-01 周四 The Quadrant Hotel & Sui Wotif NZ$109 (4家)  5.0s
2026-09-18 12:51:26  [124/261] 2026-10-01 周四 Copthorne Hotel Auckland Official site NZ$111 (3家)  4.9s
2026-09-18 12:51:33  [125/261] 2026-10-01 周四 Albion Hotel Auckland    Wotif NZ$94 (3家)  4.6s  ***低价***
2026-09-18 12:51:38  [126/261] 2026-10-01 周四 Ascotia Off Queen Auckla Super.com NZ$87 (4家)  3.0s  ***低价***
2026-09-18 12:51:44  [127/261] 2026-10-02 周五 VR Queen Street Auckland Booking.com NZ$110 (3家)  4.6s
2026-09-18 12:51:51  [128/261] 2026-10-02 周五 VR Auckland City         Wotif NZ$112 (2家)  4.6s
2026-09-18 12:51:58  [129/261] 2026-10-02 周五 Shakespeare Hotel Auckla Booking.com NZ$93 (5家)  4.8s  ***低价***
2026-09-18 12:52:05  [130/261] 2026-10-02 周五 Auckland City Hotel      Hotels.com NZ$96 (5家)  5.5s  ***低价***
2026-09-18 12:52:12  [131/261] 2026-10-02 周五 ibis budget Auckland Cen Wotif NZ$96 (5家)  4.8s  ***低价***
2026-09-18 12:52:19  [132/261] 2026-10-02 周五 The Quadrant Hotel & Sui Wotif NZ$110 (3家)  5.3s
2026-09-18 12:52:27  [133/261] 2026-10-02 周五 Copthorne Hotel Auckland Hotels.com NZ$141 (3家)  5.5s
2026-09-18 12:52:34  [134/261] 2026-10-02 周五 Albion Hotel Auckland    Wotif NZ$114 (3家)  5.0s
2026-09-18 12:52:41  [135/261] 2026-10-02 周五 Ascotia Off Queen Auckla Wotif NZ$97 (3家)  4.8s  ***低价***
2026-09-18 12:52:47  [136/261] 2026-10-03 周六 VR Queen Street Auckland Wotif NZ$122 (3家)  4.7s
2026-09-18 12:52:54  [137/261] 2026-10-03 周六 VR Auckland City         Wotif NZ$102 (2家)  4.8s
2026-09-18 12:53:00  [138/261] 2026-10-03 周六 Shakespeare Hotel Auckla Official site NZ$91 (4家)  4.4s  ***低价***
2026-09-18 12:53:07  [139/261] 2026-10-03 周六 Auckland City Hotel      Official site NZ$106 (4家)  4.6s
2026-09-18 12:53:14  [140/261] 2026-10-03 周六 ibis budget Auckland Cen Wotif NZ$101 (4家)  5.3s
2026-09-18 12:53:22  [141/261] 2026-10-03 周六 The Quadrant Hotel & Sui Official site NZ$128 (4家)  5.7s
2026-09-18 12:53:30  [142/261] 2026-10-03 周六 Copthorne Hotel Auckland Wotif NZ$155 (3家)  5.9s
2026-09-18 12:53:37  [143/261] 2026-10-03 周六 Albion Hotel Auckland    Wotif NZ$114 (5家)  4.7s
2026-09-18 12:53:43  [144/261] 2026-10-03 周六 Ascotia Off Queen Auckla Wotif NZ$94 (5家)  4.5s  ***低价***
2026-09-18 12:53:50  [145/261] 2026-10-04 周日 VR Queen Street Auckland Official site NZ$92 (2家)  4.8s  ***低价***
2026-09-18 12:53:57  [146/261] 2026-10-04 周日 VR Auckland City         Wotif NZ$84 (2家)  5.0s  ***低价***
2026-09-18 12:54:04  [147/261] 2026-10-04 周日 Shakespeare Hotel Auckla Official site NZ$94 (2家)  4.9s  ***低价***
2026-09-18 12:54:11  [148/261] 2026-10-04 周日 Auckland City Hotel      Booking.com NZ$103 (4家)  5.6s
2026-09-18 12:54:18  [149/261] 2026-10-04 周日 ibis budget Auckland Cen Booking.com NZ$88 (3家)  4.9s  ***低价***
2026-09-18 12:54:25  [150/261] 2026-10-04 周日 The Quadrant Hotel & Sui Booking.com NZ$96 (4家)  4.3s  ***低价***
2026-09-18 12:54:31  [151/261] 2026-10-04 周日 Copthorne Hotel Auckland Official site NZ$111 (2家)  4.6s
2026-09-18 12:54:38  [152/261] 2026-10-04 周日 Albion Hotel Auckland    Official site NZ$77 (4家)  4.6s  ***低价***
2026-09-18 12:54:44  [153/261] 2026-10-04 周日 Ascotia Off Queen Auckla Official site NZ$80 (3家)  4.5s  ***低价***
2026-09-18 12:54:51  [154/261] 2026-10-05 周一 VR Queen Street Auckland Wotif NZ$90 (3家)  5.0s  ***低价***
2026-09-18 12:54:58  [155/261] 2026-10-05 周一 VR Auckland City         Wotif NZ$84 (2家)  4.9s  ***低价***
2026-09-18 12:55:05  [156/261] 2026-10-05 周一 Shakespeare Hotel Auckla Official site NZ$93 (4家)  4.9s  ***低价***
2026-09-18 12:55:12  [157/261] 2026-10-05 周一 Auckland City Hotel      Official site NZ$97 (4家)  4.7s  ***低价***
2026-09-18 12:55:19  [158/261] 2026-10-05 周一 ibis budget Auckland Cen Official site NZ$78 (2家)  4.9s  ***低价***
2026-09-18 12:55:26  [159/261] 2026-10-05 周一 The Quadrant Hotel & Sui Official site NZ$92 (2家)  4.9s  ***低价***
2026-09-18 12:55:33  [160/261] 2026-10-05 周一 Copthorne Hotel Auckland Wotif NZ$110 (3家)  4.9s
2026-09-18 12:55:40  [161/261] 2026-10-05 周一 Albion Hotel Auckland    Official site NZ$78 (2家)  5.8s  ***低价***
2026-09-18 12:55:47  [162/261] 2026-10-05 周一 Ascotia Off Queen Auckla Official site NZ$80 (3家)  4.9s  ***低价***
2026-09-18 12:55:54  [163/261] 2026-10-06 周二 VR Queen Street Auckland Official site NZ$90 (2家)  4.6s  ***低价***
2026-09-18 12:56:00  [164/261] 2026-10-06 周二 VR Auckland City         Super.com NZ$106 (1家)  4.6s
2026-09-18 12:56:08  [165/261] 2026-10-06 周二 Shakespeare Hotel Auckla Official site NZ$92 (3家)  5.1s  ***低价***
2026-09-18 12:56:14  [166/261] 2026-10-06 周二 Auckland City Hotel      Official site NZ$107 (2家)  4.9s
2026-09-18 12:56:21  [167/261] 2026-10-06 周二 ibis budget Auckland Cen Official site NZ$80 (4家)  4.7s  ***低价***
2026-09-18 12:56:28  [168/261] 2026-10-06 周二 The Quadrant Hotel & Sui Official site NZ$97 (2家)  4.8s  ***低价***
2026-09-18 12:56:35  [169/261] 2026-10-06 周二 Copthorne Hotel Auckland Official site NZ$111 (2家)  5.2s
2026-09-18 12:56:42  [170/261] 2026-10-06 周二 Albion Hotel Auckland    Official site NZ$76 (2家)  4.8s  ***低价***
2026-09-18 12:56:49  [171/261] 2026-10-06 周二 Ascotia Off Queen Auckla Official site NZ$80 (3家)  4.9s  ***低价***
2026-09-18 12:56:55  [172/261] 2026-10-07 周三 VR Queen Street Auckland Wotif NZ$86 (3家)  4.7s  ***低价***
2026-09-18 12:57:02  [173/261] 2026-10-07 周三 VR Auckland City         Wotif NZ$84 (2家)  4.4s  ***低价***
2026-09-18 12:57:08  [174/261] 2026-10-07 周三 Shakespeare Hotel Auckla Wotif NZ$95 (5家)  4.6s  ***低价***
2026-09-18 12:57:15  [175/261] 2026-10-07 周三 Auckland City Hotel      Official site NZ$108 (2家)  4.7s
2026-09-18 12:57:22  [176/261] 2026-10-07 周三 ibis budget Auckland Cen Official site NZ$70 (3家)  4.6s  ***低价***
2026-09-18 12:57:29  [177/261] 2026-10-07 周三 The Quadrant Hotel & Sui Wotif NZ$95 (4家)  5.1s  ***低价***
2026-09-18 12:57:35  [178/261] 2026-10-07 周三 Copthorne Hotel Auckland Official site NZ$113 (2家)  4.3s
2026-09-18 12:57:42  [179/261] 2026-10-07 周三 Albion Hotel Auckland    Official site NZ$77 (2家)  4.5s  ***低价***
2026-09-18 12:57:48  [180/261] 2026-10-07 周三 Ascotia Off Queen Auckla Official site NZ$96 (2家)  4.5s  ***低价***
2026-09-18 12:57:55  [181/261] 2026-10-08 周四 VR Queen Street Auckland Official site NZ$113 (2家)  4.6s
2026-09-18 12:58:01  [182/261] 2026-10-08 周四 VR Auckland City         Super.com NZ$143 (1家)  4.2s
2026-09-18 12:58:07  [183/261] 2026-10-08 周四 Shakespeare Hotel Auckla Official site NZ$88 (4家)  4.2s  ***低价***
2026-09-18 12:58:13  [184/261] 2026-10-08 周四 Auckland City Hotel      Official site NZ$108 (3家)  4.3s
2026-09-18 12:58:20  [185/261] 2026-10-08 周四 ibis budget Auckland Cen Official site NZ$97 (2家)  5.0s  ***低价***
2026-09-18 12:58:27  [186/261] 2026-10-08 周四 The Quadrant Hotel & Sui Official site NZ$98 (2家)  4.7s  ***低价***
2026-09-18 12:58:34  [187/261] 2026-10-08 周四 Copthorne Hotel Auckland Official site NZ$115 (2家)  4.6s
2026-09-18 12:58:40  [188/261] 2026-10-08 周四 Albion Hotel Auckland    Official site NZ$95 (2家)  4.5s  ***低价***
2026-09-18 12:58:47  [189/261] 2026-10-08 周四 Ascotia Off Queen Auckla Official site NZ$95 (3家)  4.7s  ***低价***
2026-09-18 12:58:53  [190/261] 2026-10-09 周五 VR Queen Street Auckland Wotif NZ$223 (4家)  4.2s
2026-09-18 12:59:00  [191/261] 2026-10-09 周五 VR Auckland City         Super.com NZ$254 (2家)  4.8s
2026-09-18 12:59:06  [192/261] 2026-10-09 周五 Shakespeare Hotel Auckla Booking.com NZ$274 (1家)  4.5s
2026-09-18 12:59:13  [193/261] 2026-10-09 周五 Auckland City Hotel      Official site NZ$160 (4家)  4.8s
2026-09-18 12:59:20  [194/261] 2026-10-09 周五 ibis budget Auckland Cen Official site NZ$183 (3家)  4.8s
2026-09-18 12:59:27  [195/261] 2026-10-09 周五 The Quadrant Hotel & Sui Official site NZ$215 (3家)  4.6s
2026-09-18 12:59:33  [196/261] 2026-10-09 周五 Copthorne Hotel Auckland Official site NZ$266 (3家)  4.5s
2026-09-18 12:59:40  [197/261] 2026-10-09 周五 Albion Hotel Auckland    Official site NZ$139 (4家)  4.7s
2026-09-18 12:59:46  [198/261] 2026-10-09 周五 Ascotia Off Queen Auckla Official site NZ$124 (4家)  4.6s
2026-09-18 12:59:53  [199/261] 2026-10-10 周六 VR Queen Street Auckland Booking.com NZ$228 (3家)  4.7s
2026-09-18 13:00:00  [200/261] 2026-10-10 周六 VR Auckland City         Booking.com NZ$102 (2家)  4.5s
2026-09-18 13:00:06  [201/261] 2026-10-10 Shakespeare Hotel Auckland: 无报价 (4.3s)
2026-09-18 13:00:11  [202/261] 2026-10-10 周六 Auckland City Hotel      Official site NZ$222 (2家)  4.8s
2026-09-18 13:00:19  [203/261] 2026-10-10 周六 ibis budget Auckland Cen Official site NZ$237 (3家)  5.8s
2026-09-18 13:00:25  [204/261] 2026-10-10 周六 The Quadrant Hotel & Sui Official site NZ$256 (2家)  4.4s
2026-09-18 13:00:32  [205/261] 2026-10-10 周六 Copthorne Hotel Auckland Booking.com NZ$304 (3家)  5.0s
2026-09-18 13:00:39  [206/261] 2026-10-10 周六 Albion Hotel Auckland    Booking.com NZ$196 (3家)  4.6s
2026-09-18 13:00:45  [207/261] 2026-10-10 周六 Ascotia Off Queen Auckla Official site NZ$169 (3家)  4.5s
2026-09-18 13:00:52  [208/261] 2026-10-11 周日 VR Queen Street Auckland Official site NZ$96 (2家)  4.7s  ***低价***
2026-09-18 13:00:59  [209/261] 2026-10-11 周日 VR Auckland City         Wotif NZ$84 (2家)  4.6s  ***低价***
2026-09-18 13:01:05  [210/261] 2026-10-11 周日 Shakespeare Hotel Auckla Hotels.com NZ$91 (3家)  4.7s  ***低价***
2026-09-18 13:01:12  [211/261] 2026-10-11 周日 Auckland City Hotel      Official site NZ$99 (2家)  5.0s  ***低价***
2026-09-18 13:01:19  [212/261] 2026-10-11 周日 ibis budget Auckland Cen Official site NZ$77 (2家)  4.4s  ***低价***
2026-09-18 13:01:23  [213/261] 2026-10-11 周日 The Quadrant Hotel & Sui Super.com NZ$87 (2家)  2.6s  ***低价***
2026-09-18 13:01:30  [214/261] 2026-10-11 周日 Copthorne Hotel Auckland Official site NZ$102 (2家)  4.7s
2026-09-18 13:01:36  [215/261] 2026-10-11 周日 Albion Hotel Auckland    Official site NZ$77 (2家)  4.5s  ***低价***
2026-09-18 13:01:43  [216/261] 2026-10-11 周日 Ascotia Off Queen Auckla Official site NZ$88 (2家)  4.8s  ***低价***
2026-09-18 13:01:51  [217/261] 2026-10-12 周一 VR Queen Street Auckland Wotif NZ$97 (3家)  5.6s  ***低价***
2026-09-18 13:01:57  [218/261] 2026-10-12 周一 VR Auckland City         Wotif NZ$84 (2家)  4.6s  ***低价***
2026-09-18 13:02:04  [219/261] 2026-10-12 周一 Shakespeare Hotel Auckla Official site NZ$89 (3家)  5.0s  ***低价***
2026-09-18 13:02:11  [220/261] 2026-10-12 周一 Auckland City Hotel      Official site NZ$101 (2家)  4.8s
2026-09-18 13:02:18  [221/261] 2026-10-12 周一 ibis budget Auckland Cen Official site NZ$86 (2家)  4.7s  ***低价***
2026-09-18 13:02:24  [222/261] 2026-10-12 周一 The Quadrant Hotel & Sui Official site NZ$74 (2家)  4.8s  ***低价***
2026-09-18 13:02:31  [223/261] 2026-10-12 周一 Copthorne Hotel Auckland Official site NZ$102 (2家)  4.7s
2026-09-18 13:02:38  [224/261] 2026-10-12 周一 Albion Hotel Auckland    Wotif NZ$79 (3家)  4.8s  ***低价***
2026-09-18 13:02:45  [225/261] 2026-10-12 周一 Ascotia Off Queen Auckla Wotif NZ$88 (3家)  5.1s  ***低价***
2026-09-18 13:02:52  [226/261] 2026-10-13 周二 VR Queen Street Auckland Wotif NZ$96 (3家)  4.9s  ***低价***
2026-09-18 13:02:57  [227/261] 2026-10-13 周二 VR Auckland City         Super.com NZ$91 (1家)  2.7s  ***低价***
2026-09-18 13:03:03  [228/261] 2026-10-13 周二 Shakespeare Hotel Auckla Wotif NZ$83 (4家)  4.6s  ***低价***
2026-09-18 13:03:10  [229/261] 2026-10-13 周二 Auckland City Hotel      Wotif NZ$104 (3家)  4.8s
2026-09-18 13:03:17  [230/261] 2026-10-13 周二 ibis budget Auckland Cen Official site NZ$84 (3家)  4.5s  ***低价***
2026-09-18 13:03:23  [231/261] 2026-10-13 周二 The Quadrant Hotel & Sui Wotif NZ$91 (4家)  4.8s  ***低价***
2026-09-18 13:03:30  [232/261] 2026-10-13 周二 Copthorne Hotel Auckland Official site NZ$119 (2家)  4.6s
2026-09-18 13:03:37  [233/261] 2026-10-13 周二 Albion Hotel Auckland    Wotif NZ$80 (3家)  4.8s  ***低价***
2026-09-18 13:03:43  [234/261] 2026-10-13 周二 Ascotia Off Queen Auckla Official site NZ$88 (3家)  4.5s  ***低价***
2026-09-18 13:03:50  [235/261] 2026-10-14 周三 VR Queen Street Auckland Official site NZ$97 (2家)  4.8s  ***低价***
2026-09-18 13:03:56  [236/261] 2026-10-14 周三 VR Auckland City         Super.com NZ$91 (1家)  3.9s  ***低价***
2026-09-18 13:04:02  [237/261] 2026-10-14 周三 Shakespeare Hotel Auckla Wotif NZ$92 (5家)  4.5s  ***低价***
2026-09-18 13:04:09  [238/261] 2026-10-14 周三 Auckland City Hotel      Wotif NZ$99 (4家)  4.6s  ***低价***
2026-09-18 13:04:16  [239/261] 2026-10-14 周三 ibis budget Auckland Cen Official site NZ$80 (4家)  4.9s  ***低价***
2026-09-18 13:04:23  [240/261] 2026-10-14 周三 The Quadrant Hotel & Sui Official site NZ$90 (4家)  4.8s  ***低价***
2026-09-18 13:04:30  [241/261] 2026-10-14 周三 Copthorne Hotel Auckland Wotif NZ$107 (3家)  4.8s
2026-09-18 13:04:36  [242/261] 2026-10-14 周三 Albion Hotel Auckland    Wotif NZ$77 (3家)  4.5s  ***低价***
2026-09-18 13:04:43  [243/261] 2026-10-14 周三 Ascotia Off Queen Auckla Official site NZ$88 (3家)  4.7s  ***低价***
2026-09-18 13:04:49  [244/261] 2026-10-15 周四 VR Queen Street Auckland Wotif NZ$96 (3家)  4.2s  ***低价***
2026-09-18 13:04:55  [245/261] 2026-10-15 周四 VR Auckland City         Super.com NZ$96 (1家)  4.5s  ***低价***
2026-09-18 13:05:02  [246/261] 2026-10-15 周四 Shakespeare Hotel Auckla Booking.com NZ$87 (5家)  4.6s  ***低价***
2026-09-18 13:05:09  [247/261] 2026-10-15 周四 Auckland City Hotel      Wotif NZ$100 (4家)  4.6s
2026-09-18 13:05:15  [248/261] 2026-10-15 周四 ibis budget Auckland Cen Booking.com NZ$88 (4家)  4.8s  ***低价***
2026-09-18 13:05:22  [249/261] 2026-10-15 周四 The Quadrant Hotel & Sui Wotif NZ$93 (5家)  4.8s  ***低价***
2026-09-18 13:05:29  [250/261] 2026-10-15 周四 Copthorne Hotel Auckland Wotif NZ$105 (3家)  5.1s
2026-09-18 13:05:36  [251/261] 2026-10-15 周四 Albion Hotel Auckland    Booking.com NZ$97 (3家)  4.5s  ***低价***
2026-09-18 13:05:43  [252/261] 2026-10-15 周四 Ascotia Off Queen Auckla Wotif NZ$88 (3家)  4.8s  ***低价***
2026-09-18 13:05:49  [253/261] 2026-10-16 周五 VR Queen Street Auckland Official site NZ$132 (2家)  4.5s
2026-09-18 13:05:56  [254/261] 2026-10-16 周五 VR Auckland City         Wotif NZ$102 (2家)  4.6s
2026-09-18 13:06:02  [255/261] 2026-10-16 周五 Shakespeare Hotel Auckla Wotif NZ$92 (5家)  4.5s  ***低价***
2026-09-18 13:06:09  [256/261] 2026-10-16 周五 Auckland City Hotel      Wotif NZ$140 (3家)  4.8s
2026-09-18 13:06:16  [257/261] 2026-10-16 周五 ibis budget Auckland Cen Wotif NZ$131 (4家)  4.9s
2026-09-18 13:06:23  [258/261] 2026-10-16 周五 The Quadrant Hotel & Sui Wotif NZ$148 (3家)  4.5s
2026-09-18 13:06:30  [259/261] 2026-10-16 周五 Copthorne Hotel Auckland Official site NZ$153 (2家)  5.0s
2026-09-18 13:06:37  [260/261] 2026-10-16 周五 Albion Hotel Auckland    Wotif NZ$115 (3家)  5.0s
2026-09-18 13:06:43  [261/261] 2026-10-16 周五 Ascotia Off Queen Auckla Wotif NZ$134 (5家)  4.5s
2026-09-18 13:06:45  ===== 第 4 轮结束: 成功 258 / 异常 3, 用时 29.1 分钟, 平均抓取 4.7s =====
2026-09-18 13:06:45  报告已刷新: Y:\12\auckland-hotel-watch\local\data\overnight_report.md
2026-09-18 13:06:46  看板已重建: auckland_rates.html
2026-09-18 13:06:46  休息 1 分钟, 下一轮约 13:07
2026-09-18 13:07:38  ===== 第 5 轮开始, 共 261 个目标 =====
2026-09-18 13:07:41  [1/261] 2026-09-18 周五 VR Queen Street Auckland Super.com NZ$144 (2家)  3.5s
2026-09-18 13:07:46  [2/261] 2026-09-18 周五 VR Auckland City         Super.com NZ$112 (2家)  2.8s
2026-09-18 13:07:51  [3/261] 2026-09-18 周五 Shakespeare Hotel Auckla Super.com NZ$77 (4家)  2.3s  ***低价***
2026-09-18 13:07:56  [4/261] 2026-09-18 周五 Auckland City Hotel      Super.com NZ$90 (4家)  3.4s  ***低价***
2026-09-18 13:08:01  [5/261] 2026-09-18 周五 ibis budget Auckland Cen Super.com NZ$129 (3家)  2.5s
2026-09-18 13:08:08  [6/261] 2026-09-18 周五 The Quadrant Hotel & Sui Wotif NZ$149 (4家)  5.0s
2026-09-18 13:08:12  [7/261] 2026-09-18 周五 Copthorne Hotel Auckland Super.com NZ$130 (4家)  2.5s
2026-09-18 13:08:17  [8/261] 2026-09-18 周五 Albion Hotel Auckland    Super.com NZ$77 (3家)  2.7s  ***低价***
2026-09-18 13:08:21  [9/261] 2026-09-18 周五 Ascotia Off Queen Auckla Vio.com NZ$115 (2家)  2.7s
2026-09-18 13:08:26  [10/261] 2026-09-19 周六 VR Queen Street Auckland Official site NZ$161 (3家)  2.8s
2026-09-18 13:08:33  [11/261] 2026-09-19 周六 VR Auckland City         Wotif NZ$79 (3家)  4.8s  ***低价***
2026-09-18 13:08:37  [12/261] 2026-09-19 周六 Shakespeare Hotel Auckla Super.com NZ$78 (4家)  2.4s  ***低价***
2026-09-18 13:08:44  [13/261] 2026-09-19 周六 Auckland City Hotel      Wotif NZ$89 (5家)  4.6s  ***低价***
2026-09-18 13:08:51  [14/261] 2026-09-19 周六 ibis budget Auckland Cen Wotif NZ$98 (4家)  4.9s  ***低价***
2026-09-18 13:08:58  [15/261] 2026-09-19 周六 The Quadrant Hotel & Sui Wotif NZ$112 (4家)  4.7s
2026-09-18 13:09:04  [16/261] 2026-09-19 周六 Copthorne Hotel Auckland Wotif NZ$112 (5家)  4.6s
2026-09-18 13:09:09  [17/261] 2026-09-19 周六 Albion Hotel Auckland    Super.com NZ$83 (3家)  2.7s  ***低价***
2026-09-18 13:09:13  [18/261] 2026-09-19 周六 Ascotia Off Queen Auckla Super.com NZ$82 (4家)  2.5s  ***低价***
2026-09-18 13:09:18  [19/261] 2026-09-20 周日 VR Queen Street Auckland Super.com NZ$81 (4家)  2.5s  ***低价***
2026-09-18 13:09:24  [20/261] 2026-09-20 周日 VR Auckland City         Super.com NZ$85 (2家)  4.2s  ***低价***
2026-09-18 13:09:29  [21/261] 2026-09-20 周日 Shakespeare Hotel Auckla Super.com NZ$80 (4家)  2.4s  ***低价***
2026-09-18 13:09:33  [22/261] 2026-09-20 周日 Auckland City Hotel      Super.com NZ$87 (4家)  2.8s  ***低价***
2026-09-18 13:09:40  [23/261] 2026-09-20 周日 ibis budget Auckland Cen Official site NZ$85 (3家)  4.3s  ***低价***
2026-09-18 13:09:44  [24/261] 2026-09-20 周日 The Quadrant Hotel & Sui Super.com NZ$138 (4家)  2.6s
2026-09-18 13:09:49  [25/261] 2026-09-20 周日 Copthorne Hotel Auckland Super.com NZ$105 (3家)  2.6s
2026-09-18 13:09:55  [26/261] 2026-09-20 周日 Albion Hotel Auckland    Official site NZ$78 (3家)  4.3s  ***低价***
2026-09-18 13:10:00  [27/261] 2026-09-20 周日 Ascotia Off Queen Auckla Super.com NZ$65 (4家)  2.5s  ***低价***
2026-09-18 13:10:06  [28/261] 2026-09-21 周一 VR Queen Street Auckland Wotif NZ$75 (5家)  4.9s  ***低价***
2026-09-18 13:10:13  [29/261] 2026-09-21 周一 VR Auckland City         Wotif NZ$73 (3家)  4.1s  ***低价***
2026-09-18 13:10:19  [30/261] 2026-09-21 周一 Shakespeare Hotel Auckla Wotif NZ$77 (5家)  4.7s  ***低价***
2026-09-18 13:10:26  [31/261] 2026-09-21 周一 Auckland City Hotel      Booking.com NZ$93 (4家)  4.4s  ***低价***
2026-09-18 13:10:32  [32/261] 2026-09-21 周一 ibis budget Auckland Cen Wotif NZ$73 (4家)  4.5s  ***低价***
2026-09-18 13:10:37  [33/261] 2026-09-21 周一 The Quadrant Hotel & Sui Super.com NZ$97 (4家)  2.6s  ***低价***
2026-09-18 13:10:43  [34/261] 2026-09-21 周一 Copthorne Hotel Auckland Wotif NZ$106 (4家)  4.4s
2026-09-18 13:10:50  [35/261] 2026-09-21 周一 Albion Hotel Auckland    Wotif NZ$80 (4家)  4.8s  ***低价***
2026-09-18 13:10:57  [36/261] 2026-09-21 周一 Ascotia Off Queen Auckla Wotif NZ$65 (4家)  4.5s  ***低价***
2026-09-18 13:11:01  [37/261] 2026-09-22 周二 VR Queen Street Auckland Super.com NZ$82 (4家)  2.6s  ***低价***
2026-09-18 13:11:06  [38/261] 2026-09-22 周二 VR Auckland City         Super.com NZ$87 (2家)  2.6s  ***低价***
2026-09-18 13:11:10  [39/261] 2026-09-22 周二 Shakespeare Hotel Auckla Super.com NZ$80 (4家)  2.4s  ***低价***
2026-09-18 13:11:15  [40/261] 2026-09-22 周二 Auckland City Hotel      Super.com NZ$92 (4家)  2.4s  ***低价***
2026-09-18 13:11:21  [41/261] 2026-09-22 周二 ibis budget Auckland Cen Booking.com NZ$82 (4家)  4.7s  ***低价***
2026-09-18 13:11:27  [42/261] 2026-09-22 周二 The Quadrant Hotel & Sui Booking.com NZ$148 (3家)  4.1s
2026-09-18 13:11:32  [43/261] 2026-09-22 周二 Copthorne Hotel Auckland Super.com NZ$116 (4家)  2.6s
2026-09-18 13:11:39  [44/261] 2026-09-22 周二 Albion Hotel Auckland    Booking.com NZ$77 (4家)  4.5s  ***低价***
2026-09-18 13:11:45  [45/261] 2026-09-22 周二 Ascotia Off Queen Auckla Official site NZ$73 (4家)  4.8s  ***低价***
2026-09-18 13:11:52  [46/261] 2026-09-23 周三 VR Queen Street Auckland Official site NZ$90 (3家)  4.8s  ***低价***
2026-09-18 13:11:59  [47/261] 2026-09-23 周三 VR Auckland City         Booking.com NZ$73 (2家)  4.8s  ***低价***
2026-09-18 13:12:04  [48/261] 2026-09-23 周三 Shakespeare Hotel Auckla Super.com NZ$77 (4家)  2.5s  ***低价***
2026-09-18 13:12:10  [49/261] 2026-09-23 周三 Auckland City Hotel      Booking.com NZ$111 (4家)  4.3s
2026-09-18 13:12:16  [50/261] 2026-09-23 周三 ibis budget Auckland Cen Booking.com NZ$86 (4家)  4.5s  ***低价***
2026-09-18 13:12:23  [51/261] 2026-09-23 周三 The Quadrant Hotel & Sui Booking.com NZ$93 (4家)  4.7s  ***低价***
2026-09-18 13:12:29  [52/261] 2026-09-23 周三 Copthorne Hotel Auckland Booking.com NZ$122 (3家)  4.4s
2026-09-18 13:12:36  [53/261] 2026-09-23 周三 Albion Hotel Auckland    Booking.com NZ$78 (4家)  4.5s  ***低价***
2026-09-18 13:12:42  [54/261] 2026-09-23 周三 Ascotia Off Queen Auckla Booking.com NZ$67 (2家)  4.5s  ***低价***
2026-09-18 13:12:49  [55/261] 2026-09-24 周四 VR Queen Street Auckland Booking.com NZ$93 (4家)  4.8s  ***低价***
2026-09-18 13:12:54  [56/261] 2026-09-24 周四 VR Auckland City         Super.com NZ$86 (2家)  2.5s  ***低价***
2026-09-18 13:13:00  [57/261] 2026-09-24 周四 Shakespeare Hotel Auckla Booking.com NZ$80 (4家)  4.3s  ***低价***
2026-09-18 13:13:07  [58/261] 2026-09-24 周四 Auckland City Hotel      Booking.com NZ$90 (4家)  4.6s  ***低价***
2026-09-18 13:13:13  [59/261] 2026-09-24 周四 ibis budget Auckland Cen Booking.com NZ$78 (3家)  4.8s  ***低价***
2026-09-18 13:13:21  [60/261] 2026-09-24 周四 The Quadrant Hotel & Sui Booking.com NZ$90 (4家)  5.1s  ***低价***
2026-09-18 13:13:26  [61/261] 2026-09-24 周四 Copthorne Hotel Auckland Booking.com NZ$123 (3家)  3.9s
2026-09-18 13:13:33  [62/261] 2026-09-24 周四 Albion Hotel Auckland    Booking.com NZ$81 (5家)  4.6s  ***低价***
2026-09-18 13:13:39  [63/261] 2026-09-24 周四 Ascotia Off Queen Auckla Wotif NZ$65 (4家)  4.2s  ***低价***
2026-09-18 13:13:45  [64/261] 2026-09-25 周五 VR Queen Street Auckland Wotif NZ$114 (5家)  4.1s
2026-09-18 13:13:52  [65/261] 2026-09-25 周五 VR Auckland City         Wotif NZ$88 (3家)  4.3s  ***低价***
2026-09-18 13:13:56  [66/261] 2026-09-25 Shakespeare Hotel Auckland: 无报价 (2.5s)
2026-09-18 13:13:59  [67/261] 2026-09-25 周五 Auckland City Hotel      Super.com NZ$209 (4家)  2.7s
2026-09-18 13:14:03  [68/261] 2026-09-25 周五 ibis budget Auckland Cen Super.com NZ$98 (3家)  2.4s  ***低价***
2026-09-18 13:14:10  [69/261] 2026-09-25 周五 The Quadrant Hotel & Sui Wotif NZ$224 (4家)  4.6s
2026-09-18 13:14:16  [70/261] 2026-09-25 周五 Copthorne Hotel Auckland Wotif NZ$216 (4家)  4.5s
2026-09-18 13:14:23  [71/261] 2026-09-25 周五 Albion Hotel Auckland    Wotif NZ$101 (4家)  4.2s
2026-09-18 13:14:27  [72/261] 2026-09-25 周五 Ascotia Off Queen Auckla Super.com NZ$125 (2家)  2.6s
2026-09-18 13:14:34  [73/261] 2026-09-26 周六 VR Queen Street Auckland Wotif NZ$117 (5家)  5.0s
2026-09-18 13:14:41  [74/261] 2026-09-26 周六 VR Auckland City         Booking.com NZ$88 (2家)  4.3s  ***低价***
2026-09-18 13:14:47  [75/261] 2026-09-26 周六 Shakespeare Hotel Auckla Wotif NZ$72 (5家)  4.2s  ***低价***
2026-09-18 13:14:53  [76/261] 2026-09-26 周六 Auckland City Hotel      Booking.com NZ$104 (4家)  4.3s
2026-09-18 13:14:59  [77/261] 2026-09-26 周六 ibis budget Auckland Cen Wotif NZ$103 (4家)  3.9s
2026-09-18 13:15:05  [78/261] 2026-09-26 周六 The Quadrant Hotel & Sui Wotif NZ$103 (5家)  4.2s
2026-09-18 13:15:12  [79/261] 2026-09-26 周六 Copthorne Hotel Auckland Booking.com NZ$171 (3家)  4.3s
2026-09-18 13:15:18  [80/261] 2026-09-26 周六 Albion Hotel Auckland    Wotif NZ$99 (4家)  4.5s  ***低价***
2026-09-18 13:15:23  [81/261] 2026-09-26 周六 Ascotia Off Queen Auckla Super.com NZ$121 (2家)  2.5s
2026-09-18 13:15:27  [82/261] 2026-09-27 周日 VR Queen Street Auckland Super.com NZ$91 (3家)  2.5s  ***低价***
2026-09-18 13:15:34  [83/261] 2026-09-27 周日 VR Auckland City         Super.com NZ$108 (3家)  4.6s
2026-09-18 13:15:40  [84/261] 2026-09-27 周日 Shakespeare Hotel Auckla Official site NZ$77 (5家)  4.2s  ***低价***
2026-09-18 13:15:46  [85/261] 2026-09-27 周日 Auckland City Hotel      Official site NZ$91 (5家)  4.5s  ***低价***
2026-09-18 13:15:53  [86/261] 2026-09-27 周日 ibis budget Auckland Cen Official site NZ$78 (4家)  4.6s  ***低价***
2026-09-18 13:15:59  [87/261] 2026-09-27 周日 The Quadrant Hotel & Sui Wotif NZ$93 (5家)  4.4s  ***低价***
2026-09-18 13:16:06  [88/261] 2026-09-27 周日 Copthorne Hotel Auckland Official site NZ$130 (5家)  4.2s
2026-09-18 13:16:12  [89/261] 2026-09-27 周日 Albion Hotel Auckland    Official site NZ$77 (4家)  4.3s  ***低价***
2026-09-18 13:16:18  [90/261] 2026-09-27 周日 Ascotia Off Queen Auckla Wotif NZ$86 (5家)  4.6s  ***低价***
2026-09-18 13:16:25  [91/261] 2026-09-28 周一 VR Queen Street Auckland Official site NZ$91 (4家)  4.2s  ***低价***
2026-09-18 13:16:32  [92/261] 2026-09-28 周一 VR Auckland City         Super.com NZ$84 (2家)  5.0s  ***低价***
2026-09-18 13:16:38  [93/261] 2026-09-28 周一 Shakespeare Hotel Auckla Booking.com NZ$74 (4家)  4.5s  ***低价***
2026-09-18 13:16:45  [94/261] 2026-09-28 周一 Auckland City Hotel      Official site NZ$91 (4家)  4.4s  ***低价***
2026-09-18 13:16:51  [95/261] 2026-09-28 周一 ibis budget Auckland Cen Official site NZ$75 (3家)  4.3s  ***低价***
2026-09-18 13:16:57  [96/261] 2026-09-28 周一 The Quadrant Hotel & Sui Official site NZ$86 (4家)  4.2s  ***低价***
2026-09-18 13:17:04  [97/261] 2026-09-28 周一 Copthorne Hotel Auckland Booking.com NZ$107 (3家)  4.8s
2026-09-18 13:17:11  [98/261] 2026-09-28 周一 Albion Hotel Auckland    Official site NZ$77 (3家)  4.5s  ***低价***
2026-09-18 13:17:17  [99/261] 2026-09-28 周一 Ascotia Off Queen Auckla Official site NZ$65 (4家)  4.2s  ***低价***
2026-09-18 13:17:23  [100/261] 2026-09-29 周二 VR Queen Street Auckland Official site NZ$90 (4家)  4.3s  ***低价***
2026-09-18 13:17:30  [101/261] 2026-09-29 周二 VR Auckland City         Super.com NZ$86 (2家)  4.7s  ***低价***
2026-09-18 13:17:36  [102/261] 2026-09-29 周二 Shakespeare Hotel Auckla Official site NZ$78 (4家)  4.3s  ***低价***
2026-09-18 13:17:43  [103/261] 2026-09-29 周二 Auckland City Hotel      Wotif NZ$91 (5家)  4.5s  ***低价***
2026-09-18 13:17:49  [104/261] 2026-09-29 周二 ibis budget Auckland Cen Official site NZ$75 (4家)  4.1s  ***低价***
2026-09-18 13:17:55  [105/261] 2026-09-29 周二 The Quadrant Hotel & Sui Official site NZ$86 (4家)  4.5s  ***低价***
2026-09-18 13:18:02  [106/261] 2026-09-29 周二 Copthorne Hotel Auckland Wotif NZ$113 (4家)  4.4s
2026-09-18 13:18:08  [107/261] 2026-09-29 周二 Albion Hotel Auckland    Official site NZ$76 (3家)  4.5s  ***低价***
2026-09-18 13:18:14  [108/261] 2026-09-29 周二 Ascotia Off Queen Auckla Wotif NZ$64 (4家)  4.3s  ***低价***
2026-09-18 13:18:21  [109/261] 2026-09-30 周三 VR Queen Street Auckland Booking.com NZ$97 (3家)  4.4s  ***低价***
2026-09-18 13:18:29  [110/261] 2026-09-30 周三 VR Auckland City         Super.com NZ$87 (2家)  5.9s  ***低价***
2026-09-18 13:18:35  [111/261] 2026-09-30 周三 Shakespeare Hotel Auckla Official site NZ$78 (4家)  4.3s  ***低价***
2026-09-18 13:18:41  [112/261] 2026-09-30 周三 Auckland City Hotel      Booking.com NZ$92 (4家)  4.4s  ***低价***
2026-09-18 13:18:48  [113/261] 2026-09-30 周三 ibis budget Auckland Cen Official site NZ$75 (3家)  4.2s  ***低价***
2026-09-18 13:18:54  [114/261] 2026-09-30 周三 The Quadrant Hotel & Sui Booking.com NZ$87 (4家)  4.3s  ***低价***
2026-09-18 13:19:01  [115/261] 2026-09-30 周三 Copthorne Hotel Auckland Official site NZ$112 (4家)  4.9s
2026-09-18 13:19:07  [116/261] 2026-09-30 周三 Albion Hotel Auckland    Booking.com NZ$77 (4家)  4.4s  ***低价***
2026-09-18 13:19:14  [117/261] 2026-09-30 周三 Ascotia Off Queen Auckla Official site NZ$67 (3家)  4.3s  ***低价***
2026-09-18 13:19:20  [118/261] 2026-10-01 周四 VR Queen Street Auckland Booking.com NZ$96 (4家)  4.5s  ***低价***
2026-09-18 13:19:26  [119/261] 2026-10-01 周四 VR Auckland City         Booking.com NZ$84 (2家)  4.3s  ***低价***
2026-09-18 13:19:31  [120/261] 2026-10-01 周四 Shakespeare Hotel Auckla Super.com NZ$88 (4家)  3.0s  ***低价***
2026-09-18 13:19:37  [121/261] 2026-10-01 周四 Auckland City Hotel      Wotif NZ$96 (5家)  3.9s  ***低价***
2026-09-18 13:19:43  [122/261] 2026-10-01 周四 ibis budget Auckland Cen Wotif NZ$90 (5家)  4.2s  ***低价***
2026-09-18 13:19:50  [123/261] 2026-10-01 周四 The Quadrant Hotel & Sui Wotif NZ$110 (4家)  4.4s
2026-09-18 13:19:56  [124/261] 2026-10-01 周四 Copthorne Hotel Auckland Wotif NZ$111 (4家)  4.4s
2026-09-18 13:20:01  [125/261] 2026-10-01 周四 Albion Hotel Auckland    Super.com NZ$94 (3家)  2.6s  ***低价***
2026-09-18 13:20:07  [126/261] 2026-10-01 周四 Ascotia Off Queen Auckla Wotif NZ$87 (5家)  4.2s  ***低价***
2026-09-18 13:20:13  [127/261] 2026-10-02 周五 VR Queen Street Auckland Booking.com NZ$110 (3家)  4.4s
2026-09-18 13:20:20  [128/261] 2026-10-02 周五 VR Auckland City         Wotif NZ$116 (3家)  4.7s
2026-09-18 13:20:26  [129/261] 2026-10-02 周五 Shakespeare Hotel Auckla Wotif NZ$94 (5家)  4.2s  ***低价***
2026-09-18 13:20:33  [130/261] 2026-10-02 周五 Auckland City Hotel      Wotif NZ$97 (5家)  4.4s  ***低价***
2026-09-18 13:20:39  [131/261] 2026-10-02 周五 ibis budget Auckland Cen Official site NZ$94 (4家)  4.8s  ***低价***
2026-09-18 13:20:46  [132/261] 2026-10-02 周五 The Quadrant Hotel & Sui Wotif NZ$111 (5家)  4.2s
2026-09-18 13:20:52  [133/261] 2026-10-02 周五 Copthorne Hotel Auckland Wotif NZ$142 (4家)  4.5s
2026-09-18 13:20:59  [134/261] 2026-10-02 周五 Albion Hotel Auckland    Official site NZ$115 (3家)  4.8s
2026-09-18 13:21:05  [135/261] 2026-10-02 周五 Ascotia Off Queen Auckla Wotif NZ$97 (4家)  4.2s  ***低价***
2026-09-18 13:21:12  [136/261] 2026-10-03 周六 VR Queen Street Auckland Wotif NZ$120 (5家)  4.5s
2026-09-18 13:21:18  [137/261] 2026-10-03 周六 VR Auckland City         Wotif NZ$102 (3家)  4.3s
2026-09-18 13:21:24  [138/261] 2026-10-03 周六 Shakespeare Hotel Auckla Wotif NZ$91 (5家)  4.3s  ***低价***
2026-09-18 13:21:31  [139/261] 2026-10-03 周六 Auckland City Hotel      Wotif NZ$107 (5家)  4.4s
2026-09-18 13:21:37  [140/261] 2026-10-03 周六 ibis budget Auckland Cen Wotif NZ$101 (4家)  4.5s
2026-09-18 13:21:44  [141/261] 2026-10-03 周六 The Quadrant Hotel & Sui Wotif NZ$128 (5家)  5.0s
2026-09-18 13:21:50  [142/261] 2026-10-03 周六 Copthorne Hotel Auckland Wotif NZ$155 (5家)  4.5s
2026-09-18 13:21:57  [143/261] 2026-10-03 周六 Albion Hotel Auckland    Wotif NZ$114 (4家)  4.7s
2026-09-18 13:22:04  [144/261] 2026-10-03 周六 Ascotia Off Queen Auckla Wotif NZ$94 (4家)  4.4s  ***低价***
2026-09-18 13:22:10  [145/261] 2026-10-04 周日 VR Queen Street Auckland Booking.com NZ$89 (4家)  4.5s  ***低价***
2026-09-18 13:22:16  [146/261] 2026-10-04 周日 VR Auckland City         Booking.com NZ$84 (2家)  4.4s  ***低价***
2026-09-18 13:22:23  [147/261] 2026-10-04 周日 Shakespeare Hotel Auckla Official site NZ$93 (4家)  4.4s  ***低价***
2026-09-18 13:22:29  [148/261] 2026-10-04 周日 Auckland City Hotel      Booking.com NZ$103 (4家)  4.5s
2026-09-18 13:22:36  [149/261] 2026-10-04 周日 ibis budget Auckland Cen Official site NZ$88 (3家)  4.6s  ***低价***
2026-09-18 13:22:42  [150/261] 2026-10-04 周日 The Quadrant Hotel & Sui Booking.com NZ$96 (4家)  4.4s  ***低价***
2026-09-18 13:22:49  [151/261] 2026-10-04 周日 Copthorne Hotel Auckland Booking.com NZ$111 (4家)  4.4s
2026-09-18 13:22:55  [152/261] 2026-10-04 周日 Albion Hotel Auckland    Booking.com NZ$77 (4家)  4.5s  ***低价***
2026-09-18 13:23:01  [153/261] 2026-10-04 周日 Ascotia Off Queen Auckla Booking.com NZ$80 (3家)  4.2s  ***低价***
2026-09-18 13:23:08  [154/261] 2026-10-05 周一 VR Queen Street Auckland Wotif NZ$90 (5家)  4.6s  ***低价***
2026-09-18 13:23:14  [155/261] 2026-10-05 周一 VR Auckland City         Super.com NZ$110 (2家)  4.5s
2026-09-18 13:23:21  [156/261] 2026-10-05 周一 Shakespeare Hotel Auckla Official site NZ$93 (4家)  4.5s  ***低价***
2026-09-18 13:23:27  [157/261] 2026-10-05 周一 Auckland City Hotel      Official site NZ$97 (4家)  4.5s  ***低价***
2026-09-18 13:23:34  [158/261] 2026-10-05 周一 ibis budget Auckland Cen Wotif NZ$78 (5家)  4.6s  ***低价***
2026-09-18 13:23:40  [159/261] 2026-10-05 周一 The Quadrant Hotel & Sui Official site NZ$92 (4家)  4.3s  ***低价***
2026-09-18 13:23:47  [160/261] 2026-10-05 周一 Copthorne Hotel Auckland Wotif NZ$110 (4家)  4.3s
2026-09-18 13:23:53  [161/261] 2026-10-05 周一 Albion Hotel Auckland    Official site NZ$78 (4家)  4.2s  ***低价***
2026-09-18 13:24:00  [162/261] 2026-10-05 周一 Ascotia Off Queen Auckla Wotif NZ$80 (5家)  4.7s  ***低价***
2026-09-18 13:24:06  [163/261] 2026-10-06 周二 VR Queen Street Auckland Wotif NZ$90 (4家)  4.2s  ***低价***
2026-09-18 13:24:12  [164/261] 2026-10-06 周二 VR Auckland City         Super.com NZ$106 (2家)  4.4s
2026-09-18 13:24:19  [165/261] 2026-10-06 周二 Shakespeare Hotel Auckla Official site NZ$92 (4家)  5.0s  ***低价***
2026-09-18 13:24:26  [166/261] 2026-10-06 周二 Auckland City Hotel      Official site NZ$107 (4家)  4.5s
2026-09-18 13:24:32  [167/261] 2026-10-06 周二 ibis budget Auckland Cen Wotif NZ$80 (4家)  4.4s  ***低价***
2026-09-18 13:24:38  [168/261] 2026-10-06 周二 The Quadrant Hotel & Sui Official site NZ$97 (4家)  4.3s  ***低价***
2026-09-18 13:24:45  [169/261] 2026-10-06 周二 Copthorne Hotel Auckland Official site NZ$111 (3家)  4.7s
2026-09-18 13:24:52  [170/261] 2026-10-06 周二 Albion Hotel Auckland    Official site NZ$76 (3家)  4.6s  ***低价***
2026-09-18 13:24:58  [171/261] 2026-10-06 周二 Ascotia Off Queen Auckla Wotif NZ$80 (5家)  4.3s  ***低价***
2026-09-18 13:25:05  [172/261] 2026-10-07 周三 VR Queen Street Auckland Official site NZ$86 (4家)  5.5s  ***低价***
2026-09-18 13:25:12  [173/261] 2026-10-07 周三 VR Auckland City         Wotif NZ$84 (3家)  5.0s  ***低价***
2026-09-18 13:25:19  [174/261] 2026-10-07 周三 Shakespeare Hotel Auckla Official site NZ$95 (4家)  4.6s  ***低价***
2026-09-18 13:25:26  [175/261] 2026-10-07 周三 Auckland City Hotel      Wotif NZ$108 (5家)  4.8s
2026-09-18 13:25:32  [176/261] 2026-10-07 周三 ibis budget Auckland Cen Wotif NZ$74 (3家)  4.3s  ***低价***
2026-09-18 13:25:38  [177/261] 2026-10-07 周三 The Quadrant Hotel & Sui Wotif NZ$95 (5家)  4.3s  ***低价***
2026-09-18 13:25:45  [178/261] 2026-10-07 周三 Copthorne Hotel Auckland Wotif NZ$113 (5家)  4.4s
2026-09-18 13:25:52  [179/261] 2026-10-07 周三 Albion Hotel Auckland    Official site NZ$77 (3家)  5.1s  ***低价***
2026-09-18 13:25:57  [180/261] 2026-10-07 周三 Ascotia Off Queen Auckla Super.com NZ$96 (3家)  2.8s  ***低价***
2026-09-18 13:26:03  [181/261] 2026-10-08 周四 VR Queen Street Auckland Official site NZ$113 (4家)  4.2s
2026-09-18 13:26:09  [182/261] 2026-10-08 周四 VR Auckland City         Super.com NZ$143 (2家)  4.1s
2026-09-18 13:26:15  [183/261] 2026-10-08 周四 Shakespeare Hotel Auckla Official site NZ$88 (4家)  4.3s  ***低价***
2026-09-18 13:26:20  [184/261] 2026-10-08 周四 Auckland City Hotel      Super.com NZ$107 (4家)  2.8s
2026-09-18 13:26:27  [185/261] 2026-10-08 周四 ibis budget Auckland Cen Official site NZ$99 (4家)  4.5s  ***低价***
2026-09-18 13:26:34  [186/261] 2026-10-08 周四 The Quadrant Hotel & Sui Official site NZ$98 (4家)  5.4s  ***低价***
2026-09-18 13:26:40  [187/261] 2026-10-08 周四 Copthorne Hotel Auckland Official site NZ$118 (3家)  4.2s
2026-09-18 13:26:45  [188/261] 2026-10-08 周四 Albion Hotel Auckland    Super.com NZ$95 (3家)  2.6s  ***低价***
2026-09-18 13:26:51  [189/261] 2026-10-08 周四 Ascotia Off Queen Auckla Official site NZ$95 (5家)  4.1s  ***低价***
2026-09-18 13:26:58  [190/261] 2026-10-09 周五 VR Queen Street Auckland Wotif NZ$224 (5家)  4.9s
2026-09-18 13:27:04  [191/261] 2026-10-09 周五 VR Auckland City         Wotif NZ$102 (3家)  4.4s
2026-09-18 13:27:09  [192/261] 2026-10-09 Shakespeare Hotel Auckland: 无报价 (2.6s)
2026-09-18 13:27:13  [193/261] 2026-10-09 周五 Auckland City Hotel      Official site NZ$161 (4家)  4.6s
2026-09-18 13:27:20  [194/261] 2026-10-09 周五 ibis budget Auckland Cen Wotif NZ$178 (4家)  4.9s
2026-09-18 13:27:28  [195/261] 2026-10-09 周五 The Quadrant Hotel & Sui Official site NZ$215 (3家)  5.8s
2026-09-18 13:27:33  [196/261] 2026-10-09 周五 Copthorne Hotel Auckland Super.com NZ$259 (3家)  2.9s
2026-09-18 13:27:40  [197/261] 2026-10-09 周五 Albion Hotel Auckland    Wotif NZ$139 (5家)  4.8s
2026-09-18 13:27:46  [198/261] 2026-10-09 周五 Ascotia Off Queen Auckla Official site NZ$124 (4家)  4.2s
2026-09-18 13:27:53  [199/261] 2026-10-10 周六 VR Queen Street Auckland Booking.com NZ$228 (3家)  4.6s
2026-09-18 13:27:59  [200/261] 2026-10-10 周六 VR Auckland City         Booking.com NZ$102 (2家)  4.0s
2026-09-18 13:28:05  [201/261] 2026-10-10 Shakespeare Hotel Auckland: 无报价 (4.8s)
2026-09-18 13:28:10  [202/261] 2026-10-10 周六 Auckland City Hotel      Booking.com NZ$222 (4家)  4.5s
2026-09-18 13:28:16  [203/261] 2026-10-10 周六 ibis budget Auckland Cen Booking.com NZ$237 (3家)  4.4s
2026-09-18 13:28:23  [204/261] 2026-10-10 周六 The Quadrant Hotel & Sui Official site NZ$256 (3家)  4.2s
2026-09-18 13:28:29  [205/261] 2026-10-10 周六 Copthorne Hotel Auckland Booking.com NZ$304 (3家)  4.5s
2026-09-18 13:28:35  [206/261] 2026-10-10 周六 Albion Hotel Auckland    Booking.com NZ$196 (4家)  4.2s
2026-09-18 13:28:41  [207/261] 2026-10-10 周六 Ascotia Off Queen Auckla Booking.com NZ$169 (3家)  4.2s
2026-09-18 13:28:48  [208/261] 2026-10-11 周日 VR Queen Street Auckland Official site NZ$97 (3家)  4.5s  ***低价***
2026-09-18 13:28:54  [209/261] 2026-10-11 周日 VR Auckland City         Super.com NZ$87 (2家)  4.2s  ***低价***
2026-09-18 13:29:01  [210/261] 2026-10-11 周日 Shakespeare Hotel Auckla Wotif NZ$91 (5家)  4.4s  ***低价***
2026-09-18 13:29:07  [211/261] 2026-10-11 周日 Auckland City Hotel      Wotif NZ$101 (5家)  4.2s
2026-09-18 13:29:12  [212/261] 2026-10-11 周日 ibis budget Auckland Cen Super.com NZ$77 (4家)  2.7s  ***低价***
2026-09-18 13:29:18  [213/261] 2026-10-11 周日 The Quadrant Hotel & Sui Hotels.com NZ$87 (5家)  4.7s  ***低价***
2026-09-18 13:29:25  [214/261] 2026-10-11 周日 Copthorne Hotel Auckland Wotif NZ$102 (4家)  4.4s
2026-09-18 13:29:31  [215/261] 2026-10-11 周日 Albion Hotel Auckland    Wotif NZ$77 (4家)  4.2s  ***低价***
2026-09-18 13:29:37  [216/261] 2026-10-11 周日 Ascotia Off Queen Auckla Official site NZ$87 (3家)  4.3s  ***低价***
2026-09-18 13:29:44  [217/261] 2026-10-12 周一 VR Queen Street Auckland Wotif NZ$95 (5家)  4.5s  ***低价***
2026-09-18 13:29:49  [218/261] 2026-10-12 周一 VR Auckland City         Wotif NZ$84 (3家)  3.7s  ***低价***
2026-09-18 13:29:56  [219/261] 2026-10-12 周一 Shakespeare Hotel Auckla Official site NZ$89 (4家)  4.4s  ***低价***
2026-09-18 13:30:02  [220/261] 2026-10-12 周一 Auckland City Hotel      Official site NZ$99 (3家)  4.4s  ***低价***
2026-09-18 13:30:08  [221/261] 2026-10-12 周一 ibis budget Auckland Cen Wotif NZ$88 (4家)  4.4s  ***低价***
2026-09-18 13:30:15  [222/261] 2026-10-12 周一 The Quadrant Hotel & Sui Official site NZ$74 (4家)  4.2s  ***低价***
2026-09-18 13:30:21  [223/261] 2026-10-12 周一 Copthorne Hotel Auckland Hotels.com NZ$104 (4家)  4.5s
2026-09-18 13:30:28  [224/261] 2026-10-12 周一 Albion Hotel Auckland    Official site NZ$79 (3家)  4.4s  ***低价***
2026-09-18 13:30:34  [225/261] 2026-10-12 周一 Ascotia Off Queen Auckla Wotif NZ$88 (4家)  4.4s  ***低价***
2026-09-18 13:30:40  [226/261] 2026-10-13 周二 VR Queen Street Auckland Official site NZ$96 (3家)  4.4s  ***低价***
2026-09-18 13:30:47  [227/261] 2026-10-13 周二 VR Auckland City         Wotif NZ$84 (3家)  4.3s  ***低价***
2026-09-18 13:30:53  [228/261] 2026-10-13 周二 Shakespeare Hotel Auckla Wotif NZ$83 (5家)  4.5s  ***低价***
2026-09-18 13:30:59  [229/261] 2026-10-13 周二 Auckland City Hotel      Wotif NZ$100 (5家)  4.4s
2026-09-18 13:31:06  [230/261] 2026-10-13 周二 ibis budget Auckland Cen Wotif NZ$84 (4家)  4.4s  ***低价***
2026-09-18 13:31:13  [231/261] 2026-10-13 周二 The Quadrant Hotel & Sui Official site NZ$91 (4家)  4.7s  ***低价***
2026-09-18 13:31:19  [232/261] 2026-10-13 周二 Copthorne Hotel Auckland Wotif NZ$119 (4家)  4.4s
2026-09-18 13:31:25  [233/261] 2026-10-13 周二 Albion Hotel Auckland    Wotif NZ$80 (4家)  4.4s  ***低价***
2026-09-18 13:31:32  [234/261] 2026-10-13 周二 Ascotia Off Queen Auckla Wotif NZ$88 (4家)  4.5s  ***低价***
2026-09-18 13:31:39  [235/261] 2026-10-14 周三 VR Queen Street Auckland Official site NZ$97 (4家)  4.7s  ***低价***
2026-09-18 13:31:45  [236/261] 2026-10-14 周三 VR Auckland City         Super.com NZ$91 (2家)  4.2s  ***低价***
2026-09-18 13:31:50  [237/261] 2026-10-14 周三 Shakespeare Hotel Auckla Super.com NZ$92 (4家)  2.7s  ***低价***
2026-09-18 13:31:56  [238/261] 2026-10-14 周三 Auckland City Hotel      Wotif NZ$101 (5家)  4.6s
2026-09-18 13:32:03  [239/261] 2026-10-14 周三 ibis budget Auckland Cen Wotif NZ$79 (4家)  4.6s  ***低价***
2026-09-18 13:32:09  [240/261] 2026-10-14 周三 The Quadrant Hotel & Sui Official site NZ$88 (4家)  4.4s  ***低价***
2026-09-18 13:32:16  [241/261] 2026-10-14 周三 Copthorne Hotel Auckland Wotif NZ$105 (4家)  4.5s
2026-09-18 13:32:22  [242/261] 2026-10-14 周三 Albion Hotel Auckland    Wotif NZ$77 (4家)  4.5s  ***低价***
2026-09-18 13:32:28  [243/261] 2026-10-14 周三 Ascotia Off Queen Auckla Official site NZ$88 (4家)  4.2s  ***低价***
2026-09-18 13:32:34  [244/261] 2026-10-15 周四 VR Queen Street Auckland Wotif NZ$96 (4家)  4.2s  ***低价***
2026-09-18 13:32:41  [245/261] 2026-10-15 周四 VR Auckland City         Wotif NZ$84 (3家)  4.3s  ***低价***
2026-09-18 13:32:47  [246/261] 2026-10-15 周四 Shakespeare Hotel Auckla Official site NZ$87 (4家)  4.5s  ***低价***
2026-09-18 13:32:54  [247/261] 2026-10-15 周四 Auckland City Hotel      Wotif NZ$99 (5家)  4.3s  ***低价***
2026-09-18 13:33:00  [248/261] 2026-10-15 周四 ibis budget Auckland Cen Wotif NZ$90 (4家)  4.3s  ***低价***
2026-09-18 13:33:06  [249/261] 2026-10-15 周四 The Quadrant Hotel & Sui Wotif NZ$93 (5家)  4.2s  ***低价***
2026-09-18 13:33:13  [250/261] 2026-10-15 周四 Copthorne Hotel Auckland Wotif NZ$107 (4家)  4.4s
2026-09-18 13:33:19  [251/261] 2026-10-15 周四 Albion Hotel Auckland    Wotif NZ$97 (4家)  4.8s  ***低价***
2026-09-18 13:33:26  [252/261] 2026-10-15 周四 Ascotia Off Queen Auckla Wotif NZ$87 (5家)  4.1s  ***低价***
2026-09-18 13:33:32  [253/261] 2026-10-16 周五 VR Queen Street Auckland Hotels.com NZ$131 (4家)  4.5s
2026-09-18 13:33:38  [254/261] 2026-10-16 周五 VR Auckland City         Wotif NZ$102 (3家)  4.2s
2026-09-18 13:33:45  [255/261] 2026-10-16 周五 Shakespeare Hotel Auckla Wotif NZ$86 (5家)  4.6s  ***低价***
2026-09-18 13:33:51  [256/261] 2026-10-16 周五 Auckland City Hotel      Wotif NZ$139 (5家)  4.6s
2026-09-18 13:33:58  [257/261] 2026-10-16 周五 ibis budget Auckland Cen Hotels.com NZ$134 (4家)  4.8s
2026-09-18 13:34:05  [258/261] 2026-10-16 周五 The Quadrant Hotel & Sui Wotif NZ$148 (5家)  4.2s
2026-09-18 13:34:11  [259/261] 2026-10-16 周五 Copthorne Hotel Auckland Wotif NZ$155 (4家)  4.4s
2026-09-18 13:34:17  [260/261] 2026-10-16 周五 Albion Hotel Auckland    Hotels.com NZ$115 (4家)  4.2s
2026-09-18 13:34:23  [261/261] 2026-10-16 周五 Ascotia Off Queen Auckla Wotif NZ$132 (5家)  4.3s
2026-09-18 13:34:26  ===== 第 5 轮结束: 成功 258 / 异常 3, 用时 26.8 分钟, 平均抓取 4.2s =====
2026-09-18 13:34:26  报告已刷新: Y:\12\auckland-hotel-watch\local\data\overnight_report.md
2026-09-18 13:34:26  看板已重建: auckland_rates.html
2026-09-18 13:34:26  休息 3 分钟, 下一轮约 13:37
2026-09-18 13:37:38  ===== 第 6 轮开始, 共 261 个目标 =====
2026-09-18 13:37:42  [1/261] 2026-09-18 周五 VR Queen Street Auckland Vio.com NZ$156 (1家)  3.1s
2026-09-18 13:37:50  [2/261] 2026-09-18 周五 VR Auckland City         Booking.com NZ$93 (2家)  6.4s  ***低价***
2026-09-18 13:37:56  [3/261] 2026-09-18 周五 Shakespeare Hotel Auckla Super.com NZ$79 (4家)  3.4s  ***低价***
2026-09-18 13:38:04  [4/261] 2026-09-18 周五 Auckland City Hotel      Wotif NZ$91 (5家)  6.3s  ***低价***
2026-09-18 13:38:11  [5/261] 2026-09-18 周五 ibis budget Auckland Cen Wotif NZ$126 (4家)  4.8s
2026-09-18 13:38:18  [6/261] 2026-09-18 周五 The Quadrant Hotel & Sui Booking.com NZ$150 (3家)  5.1s
2026-09-18 13:38:25  [7/261] 2026-09-18 周五 Copthorne Hotel Auckland Wotif NZ$131 (5家)  5.1s
2026-09-18 13:38:32  [8/261] 2026-09-18 周五 Albion Hotel Auckland    Wotif NZ$78 (4家)  5.0s  ***低价***
2026-09-18 13:38:36  [9/261] 2026-09-18 Ascotia Off Queen Auckland: 无报价 (2.6s)
2026-09-18 13:38:41  [10/261] 2026-09-19 周六 VR Queen Street Auckland Booking.com NZ$112 (3家)  4.4s
2026-09-18 13:38:48  [11/261] 2026-09-19 周六 VR Auckland City         Super.com NZ$119 (2家)  4.7s
2026-09-18 13:38:55  [12/261] 2026-09-19 周六 Shakespeare Hotel Auckla Wotif NZ$77 (5家)  5.1s  ***低价***
2026-09-18 13:38:59  [13/261] 2026-09-19 周六 Auckland City Hotel      Super.com NZ$86 (4家)  2.5s  ***低价***
2026-09-18 13:39:05  [14/261] 2026-09-19 周六 ibis budget Auckland Cen Wotif NZ$97 (4家)  4.3s  ***低价***
2026-09-18 13:39:12  [15/261] 2026-09-19 周六 The Quadrant Hotel & Sui Booking.com NZ$112 (3家)  4.3s
2026-09-18 13:39:18  [16/261] 2026-09-19 周六 Copthorne Hotel Auckland Booking.com NZ$112 (3家)  4.6s
2026-09-18 13:39:25  [17/261] 2026-09-19 周六 Albion Hotel Auckland    Booking.com NZ$82 (4家)  4.4s  ***低价***
2026-09-18 13:39:29  [18/261] 2026-09-19 周六 Ascotia Off Queen Auckla Super.com NZ$81 (4家)  2.6s  ***低价***
2026-09-18 13:39:36  [19/261] 2026-09-20 周日 VR Queen Street Auckland Wotif NZ$81 (5家)  4.4s  ***低价***
2026-09-18 13:39:42  [20/261] 2026-09-20 周日 VR Auckland City         Wotif NZ$73 (3家)  4.7s  ***低价***
2026-09-18 13:39:49  [21/261] 2026-09-20 周日 Shakespeare Hotel Auckla Official site NZ$82 (4家)  4.5s  ***低价***
2026-09-18 13:39:56  [22/261] 2026-09-20 周日 Auckland City Hotel      Booking.com NZ$87 (4家)  4.8s  ***低价***
2026-09-18 13:40:02  [23/261] 2026-09-20 周日 ibis budget Auckland Cen Official site NZ$83 (3家)  4.5s  ***低价***
2026-09-18 13:40:09  [24/261] 2026-09-20 周日 The Quadrant Hotel & Sui Booking.com NZ$139 (4家)  4.4s
2026-09-18 13:40:15  [25/261] 2026-09-20 周日 Copthorne Hotel Auckland Booking.com NZ$106 (3家)  4.7s
2026-09-18 13:40:22  [26/261] 2026-09-20 周日 Albion Hotel Auckland    Official site NZ$78 (3家)  4.7s  ***低价***
2026-09-18 13:40:28  [27/261] 2026-09-20 周日 Ascotia Off Queen Auckla Wotif NZ$65 (4家)  4.3s  ***低价***
2026-09-18 13:40:35  [28/261] 2026-09-21 周一 VR Queen Street Auckland Booking.com NZ$75 (4家)  4.5s  ***低价***
2026-09-18 13:40:42  [29/261] 2026-09-21 周一 VR Auckland City         Booking.com NZ$73 (2家)  5.1s  ***低价***
2026-09-18 13:40:50  [30/261] 2026-09-21 周一 Shakespeare Hotel Auckla Booking.com NZ$77 (4家)  5.8s  ***低价***
2026-09-18 13:40:56  [31/261] 2026-09-21 周一 Auckland City Hotel      Wotif NZ$93 (5家)  4.2s  ***低价***
2026-09-18 13:41:02  [32/261] 2026-09-21 周一 ibis budget Auckland Cen Wotif NZ$73 (5家)  4.5s  ***低价***
2026-09-18 13:41:10  [33/261] 2026-09-21 周一 The Quadrant Hotel & Sui Wotif NZ$97 (5家)  5.1s  ***低价***
2026-09-18 13:41:14  [34/261] 2026-09-21 周一 Copthorne Hotel Auckland Super.com NZ$106 (3家)  2.7s
2026-09-18 13:41:21  [35/261] 2026-09-21 周一 Albion Hotel Auckland    Wotif NZ$80 (5家)  4.7s  ***低价***
2026-09-18 13:41:27  [36/261] 2026-09-21 周一 Ascotia Off Queen Auckla Wotif NZ$65 (3家)  4.4s  ***低价***
2026-09-18 13:41:34  [37/261] 2026-09-22 周二 VR Queen Street Auckland Booking.com NZ$81 (4家)  4.4s  ***低价***
2026-09-18 13:41:40  [38/261] 2026-09-22 周二 VR Auckland City         Booking.com NZ$73 (2家)  4.5s  ***低价***
2026-09-18 13:41:47  [39/261] 2026-09-22 周二 Shakespeare Hotel Auckla Booking.com NZ$79 (4家)  4.3s  ***低价***
2026-09-18 13:41:51  [40/261] 2026-09-22 周二 Auckland City Hotel      Super.com NZ$91 (4家)  2.8s  ***低价***
2026-09-18 13:41:58  [41/261] 2026-09-22 周二 ibis budget Auckland Cen Booking.com NZ$86 (4家)  4.8s  ***低价***
2026-09-18 13:42:04  [42/261] 2026-09-22 周二 The Quadrant Hotel & Sui Booking.com NZ$152 (3家)  4.3s
2026-09-18 13:42:11  [43/261] 2026-09-22 周二 Copthorne Hotel Auckland Official site NZ$115 (3家)  4.5s
2026-09-18 13:42:17  [44/261] 2026-09-22 周二 Albion Hotel Auckland    Booking.com NZ$77 (4家)  4.4s  ***低价***
2026-09-18 13:42:23  [45/261] 2026-09-22 周二 Ascotia Off Queen Auckla Booking.com NZ$74 (3家)  4.2s  ***低价***
2026-09-18 13:42:28  [46/261] 2026-09-23 周三 VR Queen Street Auckland Super.com NZ$90 (4家)  2.8s  ***低价***
2026-09-18 13:42:35  [47/261] 2026-09-23 周三 VR Auckland City         Booking.com NZ$73 (2家)  4.4s  ***低价***
2026-09-18 13:42:41  [48/261] 2026-09-23 周三 Shakespeare Hotel Auckla Booking.com NZ$77 (4家)  4.4s  ***低价***
2026-09-18 13:42:47  [49/261] 2026-09-23 周三 Auckland City Hotel      Booking.com NZ$111 (4家)  4.2s
2026-09-18 13:42:54  [50/261] 2026-09-23 周三 ibis budget Auckland Cen Wotif NZ$86 (4家)  4.6s  ***低价***
2026-09-18 13:43:00  [51/261] 2026-09-23 周三 The Quadrant Hotel & Sui Booking.com NZ$93 (4家)  4.5s  ***低价***
2026-09-18 13:43:07  [52/261] 2026-09-23 周三 Copthorne Hotel Auckland Booking.com NZ$122 (3家)  4.3s
2026-09-18 13:43:13  [53/261] 2026-09-23 周三 Albion Hotel Auckland    Booking.com NZ$78 (4家)  4.5s  ***低价***
2026-09-18 13:43:20  [54/261] 2026-09-23 周三 Ascotia Off Queen Auckla Booking.com NZ$67 (2家)  4.3s  ***低价***
2026-09-18 13:43:26  [55/261] 2026-09-24 周四 VR Queen Street Auckland Booking.com NZ$93 (4家)  4.2s  ***低价***
2026-09-18 13:43:32  [56/261] 2026-09-24 周四 VR Auckland City         Super.com NZ$86 (2家)  4.6s  ***低价***
2026-09-18 13:43:39  [57/261] 2026-09-24 周四 Shakespeare Hotel Auckla Booking.com NZ$81 (4家)  4.3s  ***低价***
2026-09-18 13:43:45  [58/261] 2026-09-24 周四 Auckland City Hotel      Wotif NZ$90 (5家)  4.4s  ***低价***
2026-09-18 13:43:51  [59/261] 2026-09-24 周四 ibis budget Auckland Cen Wotif NZ$79 (5家)  4.3s  ***低价***
2026-09-18 13:43:56  [60/261] 2026-09-24 周四 The Quadrant Hotel & Sui Super.com NZ$90 (4家)  2.7s  ***低价***
2026-09-18 13:44:02  [61/261] 2026-09-24 周四 Copthorne Hotel Auckland Official site NZ$123 (3家)  4.4s
2026-09-18 13:44:09  [62/261] 2026-09-24 周四 Albion Hotel Auckland    Wotif NZ$81 (4家)  4.5s  ***低价***
2026-09-18 13:44:14  [63/261] 2026-09-24 周四 Ascotia Off Queen Auckla Super.com NZ$65 (2家)  2.7s  ***低价***
2026-09-18 13:44:20  [64/261] 2026-09-25 周五 VR Queen Street Auckland Wotif NZ$113 (5家)  4.6s
2026-09-18 13:44:27  [65/261] 2026-09-25 周五 VR Auckland City         Hotels.com NZ$88 (3家)  4.5s  ***低价***
2026-09-18 13:44:31  [66/261] 2026-09-25 Shakespeare Hotel Auckland: 无报价 (2.5s)
2026-09-18 13:44:36  [67/261] 2026-09-25 周五 Auckland City Hotel      Wotif NZ$207 (5家)  4.5s
2026-09-18 13:44:42  [68/261] 2026-09-25 周五 ibis budget Auckland Cen Wotif NZ$101 (4家)  4.2s
2026-09-18 13:44:49  [69/261] 2026-09-25 周五 The Quadrant Hotel & Sui Wotif NZ$221 (4家)  4.8s
2026-09-18 13:44:55  [70/261] 2026-09-25 周五 Copthorne Hotel Auckland Wotif NZ$206 (4家)  4.4s
2026-09-18 13:45:01  [71/261] 2026-09-25 周五 Albion Hotel Auckland    Wotif NZ$100 (4家)  4.2s
2026-09-18 13:45:08  [72/261] 2026-09-25 周五 Ascotia Off Queen Auckla Wotif NZ$125 (4家)  4.8s
2026-09-18 13:45:15  [73/261] 2026-09-26 周六 VR Queen Street Auckland Wotif NZ$118 (5家)  4.3s
2026-09-18 13:45:21  [74/261] 2026-09-26 周六 VR Auckland City         Booking.com NZ$88 (2家)  4.2s  ***低价***
2026-09-18 13:45:26  [75/261] 2026-09-26 周六 Shakespeare Hotel Auckla Booking.com NZ$72 (4家)  3.8s  ***低价***
2026-09-18 13:45:33  [76/261] 2026-09-26 周六 Auckland City Hotel      Wotif NZ$106 (5家)  4.3s
2026-09-18 13:45:37  [77/261] 2026-09-26 周六 ibis budget Auckland Cen Super.com NZ$101 (4家)  2.6s
2026-09-18 13:45:42  [78/261] 2026-09-26 周六 The Quadrant Hotel & Sui Super.com NZ$105 (4家)  2.6s
2026-09-18 13:45:49  [79/261] 2026-09-26 周六 Copthorne Hotel Auckland Booking.com NZ$173 (3家)  4.5s
2026-09-18 13:45:55  [80/261] 2026-09-26 周六 Albion Hotel Auckland    Wotif NZ$105 (4家)  4.3s
2026-09-18 13:46:01  [81/261] 2026-09-26 周六 Ascotia Off Queen Auckla Wotif NZ$126 (3家)  4.3s
2026-09-18 13:46:08  [82/261] 2026-09-27 周日 VR Queen Street Auckland Booking.com NZ$92 (3家)  4.8s  ***低价***
2026-09-18 13:46:14  [83/261] 2026-09-27 周日 VR Auckland City         Wotif NZ$74 (3家)  4.3s  ***低价***
2026-09-18 13:46:20  [84/261] 2026-09-27 周日 Shakespeare Hotel Auckla Booking.com NZ$77 (4家)  4.1s  ***低价***
2026-09-18 13:46:27  [85/261] 2026-09-27 周日 Auckland City Hotel      Wotif NZ$90 (5家)  4.6s  ***低价***
2026-09-18 13:46:33  [86/261] 2026-09-27 周日 ibis budget Auckland Cen Official site NZ$77 (4家)  4.3s  ***低价***
2026-09-18 13:46:40  [87/261] 2026-09-27 周日 The Quadrant Hotel & Sui Official site NZ$94 (4家)  4.4s  ***低价***
2026-09-18 13:46:46  [88/261] 2026-09-27 周日 Copthorne Hotel Auckland Wotif NZ$131 (4家)  4.4s
2026-09-18 13:46:53  [89/261] 2026-09-27 周日 Albion Hotel Auckland    Booking.com NZ$78 (4家)  4.4s  ***低价***
2026-09-18 13:46:59  [90/261] 2026-09-27 周日 Ascotia Off Queen Auckla Official site NZ$87 (3家)  4.2s  ***低价***
2026-09-18 13:47:05  [91/261] 2026-09-28 周一 VR Queen Street Auckland Official site NZ$91 (4家)  4.4s  ***低价***
2026-09-18 13:47:12  [92/261] 2026-09-28 周一 VR Auckland City         Super.com NZ$84 (2家)  4.4s  ***低价***
2026-09-18 13:47:18  [93/261] 2026-09-28 周一 Shakespeare Hotel Auckla Official site NZ$74 (4家)  4.2s  ***低价***
2026-09-18 13:47:25  [94/261] 2026-09-28 周一 Auckland City Hotel      Official site NZ$91 (4家)  4.7s  ***低价***
2026-09-18 13:47:31  [95/261] 2026-09-28 周一 ibis budget Auckland Cen Official site NZ$75 (3家)  4.3s  ***低价***
2026-09-18 13:47:37  [96/261] 2026-09-28 周一 The Quadrant Hotel & Sui Booking.com NZ$86 (4家)  4.4s  ***低价***
2026-09-18 13:47:44  [97/261] 2026-09-28 周一 Copthorne Hotel Auckland Booking.com NZ$107 (3家)  5.0s
2026-09-18 13:47:51  [98/261] 2026-09-28 周一 Albion Hotel Auckland    Booking.com NZ$77 (4家)  4.7s  ***低价***
2026-09-18 13:47:57  [99/261] 2026-09-28 周一 Ascotia Off Queen Auckla Official site NZ$65 (4家)  4.3s  ***低价***
2026-09-18 13:48:04  [100/261] 2026-09-29 周二 VR Queen Street Auckland Official site NZ$90 (3家)  4.4s  ***低价***
2026-09-18 13:48:10  [101/261] 2026-09-29 周二 VR Auckland City         Super.com NZ$86 (2家)  4.4s  ***低价***
2026-09-18 13:48:17  [102/261] 2026-09-29 周二 Shakespeare Hotel Auckla Official site NZ$78 (4家)  4.8s  ***低价***
2026-09-18 13:48:24  [103/261] 2026-09-29 周二 Auckland City Hotel      Official site NZ$92 (3家)  5.0s  ***低价***
2026-09-18 13:48:30  [104/261] 2026-09-29 周二 ibis budget Auckland Cen Official site NZ$75 (3家)  4.4s  ***低价***
2026-09-18 13:48:37  [105/261] 2026-09-29 周二 The Quadrant Hotel & Sui Wotif NZ$86 (5家)  4.5s  ***低价***
2026-09-18 13:48:43  [106/261] 2026-09-29 周二 Copthorne Hotel Auckland Booking.com NZ$113 (4家)  4.4s
2026-09-18 13:48:50  [107/261] 2026-09-29 周二 Albion Hotel Auckland    Official site NZ$76 (3家)  4.4s  ***低价***
2026-09-18 13:48:56  [108/261] 2026-09-29 周二 Ascotia Off Queen Auckla Official site NZ$64 (4家)  4.7s  ***低价***
2026-09-18 13:49:03  [109/261] 2026-09-30 周三 VR Queen Street Auckland Booking.com NZ$97 (4家)  4.3s  ***低价***
2026-09-18 13:49:09  [110/261] 2026-09-30 周三 VR Auckland City         Super.com NZ$87 (2家)  4.4s  ***低价***
2026-09-18 13:49:15  [111/261] 2026-09-30 周三 Shakespeare Hotel Auckla Booking.com NZ$78 (4家)  4.3s  ***低价***
2026-09-18 13:49:22  [112/261] 2026-09-30 周三 Auckland City Hotel      Booking.com NZ$91 (4家)  4.4s  ***低价***
2026-09-18 13:49:28  [113/261] 2026-09-30 周三 ibis budget Auckland Cen Wotif NZ$76 (4家)  4.8s  ***低价***
2026-09-18 13:49:35  [114/261] 2026-09-30 周三 The Quadrant Hotel & Sui Booking.com NZ$89 (4家)  4.8s  ***低价***
2026-09-18 13:49:42  [115/261] 2026-09-30 周三 Copthorne Hotel Auckland Official site NZ$114 (3家)  4.2s
2026-09-18 13:49:48  [116/261] 2026-09-30 周三 Albion Hotel Auckland    Booking.com NZ$77 (4家)  4.4s  ***低价***
2026-09-18 13:49:54  [117/261] 2026-09-30 周三 Ascotia Off Queen Auckla Booking.com NZ$67 (4家)  4.0s  ***低价***
2026-09-18 13:50:00  [118/261] 2026-10-01 周四 VR Queen Street Auckland Wotif NZ$96 (5家)  4.2s  ***低价***
2026-09-18 13:50:07  [119/261] 2026-10-01 周四 VR Auckland City         Wotif NZ$84 (3家)  4.3s  ***低价***
2026-09-18 13:50:13  [120/261] 2026-10-01 周四 Shakespeare Hotel Auckla Booking.com NZ$88 (4家)  4.6s  ***低价***
2026-09-18 13:50:20  [121/261] 2026-10-01 周四 Auckland City Hotel      Wotif NZ$96 (4家)  4.8s  ***低价***
2026-09-18 13:50:26  [122/261] 2026-10-01 周四 ibis budget Auckland Cen Wotif NZ$90 (4家)  4.5s  ***低价***
2026-09-18 13:50:33  [123/261] 2026-10-01 周四 The Quadrant Hotel & Sui Booking.com NZ$110 (4家)  4.3s
2026-09-18 13:50:39  [124/261] 2026-10-01 周四 Copthorne Hotel Auckland Wotif NZ$111 (5家)  4.4s
2026-09-18 13:50:46  [125/261] 2026-10-01 周四 Albion Hotel Auckland    Wotif NZ$94 (4家)  4.4s  ***低价***
2026-09-18 13:50:52  [126/261] 2026-10-01 周四 Ascotia Off Queen Auckla Wotif NZ$88 (5家)  4.4s  ***低价***
2026-09-18 13:50:58  [127/261] 2026-10-02 周五 VR Queen Street Auckland Wotif NZ$111 (4家)  4.4s
2026-09-18 13:51:05  [128/261] 2026-10-02 周五 VR Auckland City         Wotif NZ$116 (3家)  4.6s
2026-09-18 13:51:11  [129/261] 2026-10-02 周五 Shakespeare Hotel Auckla Wotif NZ$94 (5家)  4.3s  ***低价***
2026-09-18 13:51:18  [130/261] 2026-10-02 周五 Auckland City Hotel      Official site NZ$97 (4家)  4.3s  ***低价***
2026-09-18 13:51:24  [131/261] 2026-10-02 周五 ibis budget Auckland Cen Booking.com NZ$94 (4家)  4.7s  ***低价***
2026-09-18 13:51:31  [132/261] 2026-10-02 周五 The Quadrant Hotel & Sui Booking.com NZ$111 (4家)  5.1s
2026-09-18 13:51:38  [133/261] 2026-10-02 周五 Copthorne Hotel Auckland Official site NZ$143 (3家)  4.9s
2026-09-18 13:51:45  [134/261] 2026-10-02 周五 Albion Hotel Auckland    Wotif NZ$115 (4家)  4.6s
2026-09-18 13:51:51  [135/261] 2026-10-02 周五 Ascotia Off Queen Auckla Booking.com NZ$94 (3家)  4.4s  ***低价***
2026-09-18 13:51:58  [136/261] 2026-10-03 周六 VR Queen Street Auckland Wotif NZ$120 (5家)  4.4s
2026-09-18 13:52:04  [137/261] 2026-10-03 周六 VR Auckland City         Wotif NZ$102 (3家)  4.3s
2026-09-18 13:52:10  [138/261] 2026-10-03 周六 Shakespeare Hotel Auckla Wotif NZ$91 (5家)  4.2s  ***低价***
2026-09-18 13:52:17  [139/261] 2026-10-03 周六 Auckland City Hotel      Official site NZ$107 (4家)  4.4s
2026-09-18 13:52:23  [140/261] 2026-10-03 周六 ibis budget Auckland Cen Wotif NZ$101 (4家)  4.7s
2026-09-18 13:52:30  [141/261] 2026-10-03 周六 The Quadrant Hotel & Sui Wotif NZ$127 (5家)  4.9s
2026-09-18 13:52:37  [142/261] 2026-10-03 周六 Copthorne Hotel Auckland Official site NZ$155 (3家)  5.1s
2026-09-18 13:52:43  [143/261] 2026-10-03 周六 Albion Hotel Auckland    Official site NZ$114 (3家)  4.2s
2026-09-18 13:52:50  [144/261] 2026-10-03 周六 Ascotia Off Queen Auckla Official site NZ$94 (3家)  4.4s  ***低价***
2026-09-18 13:52:57  [145/261] 2026-10-04 周日 VR Queen Street Auckland Booking.com NZ$89 (4家)  5.0s  ***低价***
2026-09-18 13:53:03  [146/261] 2026-10-04 周日 VR Auckland City         Booking.com NZ$84 (2家)  4.2s  ***低价***
2026-09-18 13:53:09  [147/261] 2026-10-04 周日 Shakespeare Hotel Auckla Hotels.com NZ$93 (4家)  4.2s  ***低价***
2026-09-18 13:53:16  [148/261] 2026-10-04 周日 Auckland City Hotel      Booking.com NZ$103 (4家)  4.4s
2026-09-18 13:53:22  [149/261] 2026-10-04 周日 ibis budget Auckland Cen Official site NZ$88 (3家)  4.4s  ***低价***
2026-09-18 13:53:28  [150/261] 2026-10-04 周日 The Quadrant Hotel & Sui Booking.com NZ$96 (4家)  4.3s  ***低价***
2026-09-18 13:53:35  [151/261] 2026-10-04 周日 Copthorne Hotel Auckland Booking.com NZ$111 (4家)  4.3s
2026-09-18 13:53:41  [152/261] 2026-10-04 周日 Albion Hotel Auckland    Official site NZ$77 (3家)  4.7s  ***低价***
2026-09-18 13:53:48  [153/261] 2026-10-04 周日 Ascotia Off Queen Auckla Official site NZ$80 (4家)  4.4s  ***低价***
2026-09-18 13:53:54  [154/261] 2026-10-05 周一 VR Queen Street Auckland Wotif NZ$90 (5家)  4.4s  ***低价***
2026-09-18 13:54:00  [155/261] 2026-10-05 周一 VR Auckland City         Super.com NZ$110 (2家)  4.4s
2026-09-18 13:54:07  [156/261] 2026-10-05 周一 Shakespeare Hotel Auckla Official site NZ$93 (4家)  4.4s  ***低价***
2026-09-18 13:54:13  [157/261] 2026-10-05 周一 Auckland City Hotel      Wotif NZ$97 (5家)  4.4s  ***低价***
2026-09-18 13:54:20  [158/261] 2026-10-05 周一 ibis budget Auckland Cen Wotif NZ$77 (4家)  4.5s  ***低价***
2026-09-18 13:54:26  [159/261] 2026-10-05 周一 The Quadrant Hotel & Sui Official site NZ$92 (4家)  4.6s  ***低价***
2026-09-18 13:54:33  [160/261] 2026-10-05 周一 Copthorne Hotel Auckland Official site NZ$111 (3家)  4.2s
2026-09-18 13:54:39  [161/261] 2026-10-05 周一 Albion Hotel Auckland    Official site NZ$78 (3家)  4.8s  ***低价***
2026-09-18 13:54:46  [162/261] 2026-10-05 周一 Ascotia Off Queen Auckla Wotif NZ$80 (4家)  4.4s  ***低价***
2026-09-18 13:54:52  [163/261] 2026-10-06 周二 VR Queen Street Auckland Official site NZ$90 (4家)  4.5s  ***低价***
2026-09-18 13:54:58  [164/261] 2026-10-06 周二 VR Auckland City         Super.com NZ$108 (2家)  4.2s
2026-09-18 13:55:05  [165/261] 2026-10-06 周二 Shakespeare Hotel Auckla Official site NZ$92 (4家)  4.4s  ***低价***
2026-09-18 13:55:12  [166/261] 2026-10-06 周二 Auckland City Hotel      Wotif NZ$108 (5家)  5.0s
2026-09-18 13:55:19  [167/261] 2026-10-06 周二 ibis budget Auckland Cen Official site NZ$78 (3家)  4.8s  ***低价***
2026-09-18 13:55:25  [168/261] 2026-10-06 周二 The Quadrant Hotel & Sui Official site NZ$94 (4家)  4.7s  ***低价***
2026-09-18 13:55:32  [169/261] 2026-10-06 周二 Copthorne Hotel Auckland Official site NZ$112 (4家)  4.2s
2026-09-18 13:55:38  [170/261] 2026-10-06 周二 Albion Hotel Auckland    Official site NZ$76 (3家)  4.6s  ***低价***
2026-09-18 13:55:45  [171/261] 2026-10-06 周二 Ascotia Off Queen Auckla Official site NZ$80 (4家)  4.4s  ***低价***
2026-09-18 13:55:51  [172/261] 2026-10-07 周三 VR Queen Street Auckland Wotif NZ$85 (5家)  4.6s  ***低价***
2026-09-18 13:55:58  [173/261] 2026-10-07 周三 VR Auckland City         Wotif NZ$84 (3家)  4.6s  ***低价***
2026-09-18 13:56:04  [174/261] 2026-10-07 周三 Shakespeare Hotel Auckla Wotif NZ$95 (5家)  4.3s  ***低价***
2026-09-18 13:56:11  [175/261] 2026-10-07 周三 Auckland City Hotel      Official site NZ$108 (4家)  4.6s
2026-09-18 13:56:17  [176/261] 2026-10-07 周三 ibis budget Auckland Cen Wotif NZ$74 (3家)  4.4s  ***低价***
2026-09-18 13:56:23  [177/261] 2026-10-07 周三 The Quadrant Hotel & Sui Wotif NZ$95 (5家)  4.4s  ***低价***
2026-09-18 13:56:30  [178/261] 2026-10-07 周三 Copthorne Hotel Auckland Official site NZ$112 (3家)  4.4s
2026-09-18 13:56:36  [179/261] 2026-10-07 周三 Albion Hotel Auckland    Wotif NZ$77 (4家)  4.2s  ***低价***
2026-09-18 13:56:43  [180/261] 2026-10-07 周三 Ascotia Off Queen Auckla Official site NZ$96 (3家)  4.6s  ***低价***
2026-09-18 13:56:49  [181/261] 2026-10-08 周四 VR Queen Street Auckland Official site NZ$113 (4家)  4.5s
2026-09-18 13:56:56  [182/261] 2026-10-08 周四 VR Auckland City         Super.com NZ$143 (2家)  4.7s
2026-09-18 13:57:03  [183/261] 2026-10-08 周四 Shakespeare Hotel Auckla Official site NZ$88 (4家)  4.7s  ***低价***
2026-09-18 13:57:09  [184/261] 2026-10-08 周四 Auckland City Hotel      Official site NZ$113 (4家)  4.4s
2026-09-18 13:57:15  [185/261] 2026-10-08 周四 ibis budget Auckland Cen Official site NZ$97 (3家)  4.5s  ***低价***
2026-09-18 13:57:20  [186/261] 2026-10-08 周四 The Quadrant Hotel & Sui Super.com NZ$98 (4家)  2.6s  ***低价***
2026-09-18 13:57:27  [187/261] 2026-10-08 周四 Copthorne Hotel Auckland Official site NZ$115 (3家)  4.6s
2026-09-18 13:57:33  [188/261] 2026-10-08 周四 Albion Hotel Auckland    Official site NZ$95 (3家)  4.1s  ***低价***
2026-09-18 13:57:39  [189/261] 2026-10-08 周四 Ascotia Off Queen Auckla Official site NZ$96 (4家)  4.2s  ***低价***
2026-09-18 13:57:45  [190/261] 2026-10-09 周五 VR Queen Street Auckland Wotif NZ$224 (5家)  4.4s
2026-09-18 13:57:51  [191/261] 2026-10-09 周五 VR Auckland City         Wotif NZ$102 (3家)  4.2s
2026-09-18 13:57:56  [192/261] 2026-10-09 Shakespeare Hotel Auckland: 无报价 (2.6s)
2026-09-18 13:58:00  [193/261] 2026-10-09 周五 Auckland City Hotel      Official site NZ$161 (4家)  4.2s
2026-09-18 13:58:06  [194/261] 2026-10-09 周五 ibis budget Auckland Cen Official site NZ$178 (3家)  4.2s
2026-09-18 13:58:13  [195/261] 2026-10-09 周五 The Quadrant Hotel & Sui Official site NZ$215 (3家)  4.9s
2026-09-18 13:58:20  [196/261] 2026-10-09 周五 Copthorne Hotel Auckland Official site NZ$259 (3家)  4.2s
2026-09-18 13:58:26  [197/261] 2026-10-09 周五 Albion Hotel Auckland    Official site NZ$139 (4家)  4.3s
2026-09-18 13:58:32  [198/261] 2026-10-09 周五 Ascotia Off Queen Auckla Official site NZ$124 (5家)  4.2s
2026-09-18 13:58:39  [199/261] 2026-10-10 周六 VR Queen Street Auckland Booking.com NZ$237 (4家)  4.6s
2026-09-18 13:58:45  [200/261] 2026-10-10 周六 VR Auckland City         Booking.com NZ$102 (2家)  4.2s
2026-09-18 13:58:51  [201/261] 2026-10-10 Shakespeare Hotel Auckland: 无报价 (4.2s)
2026-09-18 13:58:55  [202/261] 2026-10-10 周六 Auckland City Hotel      Official site NZ$227 (3家)  4.3s
2026-09-18 13:59:00  [203/261] 2026-10-10 周六 ibis budget Auckland Cen Super.com NZ$241 (3家)  2.8s
2026-09-18 13:59:07  [204/261] 2026-10-10 周六 The Quadrant Hotel & Sui Official site NZ$256 (3家)  4.6s
2026-09-18 13:59:11  [205/261] 2026-10-10 周六 Copthorne Hotel Auckland Super.com NZ$304 (3家)  2.5s
2026-09-18 13:59:18  [206/261] 2026-10-10 周六 Albion Hotel Auckland    Booking.com NZ$196 (4家)  4.4s
2026-09-18 13:59:24  [207/261] 2026-10-10 周六 Ascotia Off Queen Auckla Booking.com NZ$163 (2家)  4.3s
2026-09-18 13:59:30  [208/261] 2026-10-11 周日 VR Queen Street Auckland Official site NZ$97 (4家)  4.3s  ***低价***
2026-09-18 13:59:37  [209/261] 2026-10-11 周日 VR Auckland City         Super.com NZ$88 (2家)  4.4s  ***低价***
2026-09-18 13:59:44  [210/261] 2026-10-11 周日 Shakespeare Hotel Auckla Official site NZ$91 (4家)  4.9s  ***低价***
2026-09-18 13:59:50  [211/261] 2026-10-11 周日 Auckland City Hotel      Wotif NZ$101 (5家)  4.4s
2026-09-18 13:59:57  [212/261] 2026-10-11 周日 ibis budget Auckland Cen Official site NZ$77 (3家)  4.4s  ***低价***
2026-09-18 14:00:04  [213/261] 2026-10-11 周日 The Quadrant Hotel & Sui Hotels.com NZ$87 (5家)  5.2s  ***低价***
2026-09-18 14:00:10  [214/261] 2026-10-11 周日 Copthorne Hotel Auckland Hotels.com NZ$102 (4家)  4.3s
2026-09-18 14:00:16  [215/261] 2026-10-11 周日 Albion Hotel Auckland    Official site NZ$77 (3家)  4.4s  ***低价***
2026-09-18 14:00:23  [216/261] 2026-10-11 周日 Ascotia Off Queen Auckla Official site NZ$88 (3家)  4.2s  ***低价***
2026-09-18 14:00:29  [217/261] 2026-10-12 周一 VR Queen Street Auckland Wotif NZ$95 (4家)  4.2s  ***低价***
2026-09-18 14:00:35  [218/261] 2026-10-12 周一 VR Auckland City         Wotif NZ$84 (3家)  4.5s  ***低价***
2026-09-18 14:00:41  [219/261] 2026-10-12 周一 Shakespeare Hotel Auckla Wotif NZ$89 (5家)  4.1s  ***低价***
2026-09-18 14:00:48  [220/261] 2026-10-12 周一 Auckland City Hotel      Official site NZ$99 (4家)  4.4s  ***低价***
2026-09-18 14:00:54  [221/261] 2026-10-12 周一 ibis budget Auckland Cen Wotif NZ$88 (4家)  4.5s  ***低价***
2026-09-18 14:01:01  [222/261] 2026-10-12 周一 The Quadrant Hotel & Sui Wotif NZ$74 (5家)  4.5s  ***低价***
2026-09-18 14:01:07  [223/261] 2026-10-12 周一 Copthorne Hotel Auckland Hotels.com NZ$104 (4家)  4.6s
2026-09-18 14:01:14  [224/261] 2026-10-12 周一 Albion Hotel Auckland    Hotels.com NZ$79 (3家)  4.4s  ***低价***
2026-09-18 14:01:20  [225/261] 2026-10-12 周一 Ascotia Off Queen Auckla Wotif NZ$87 (4家)  4.2s  ***低价***
2026-09-18 14:01:27  [226/261] 2026-10-13 周二 VR Queen Street Auckland Booking.com NZ$96 (4家)  4.6s  ***低价***
2026-09-18 14:01:33  [227/261] 2026-10-13 周二 VR Auckland City         Wotif NZ$84 (3家)  4.2s  ***低价***
2026-09-18 14:01:39  [228/261] 2026-10-13 周二 Shakespeare Hotel Auckla Wotif NZ$83 (5家)  4.5s  ***低价***
2026-09-18 14:01:44  [229/261] 2026-10-13 周二 Auckland City Hotel      Super.com NZ$101 (4家)  2.6s
2026-09-18 14:01:50  [230/261] 2026-10-13 周二 ibis budget Auckland Cen Wotif NZ$86 (5家)  4.5s  ***低价***
2026-09-18 14:01:57  [231/261] 2026-10-13 周二 The Quadrant Hotel & Sui Booking.com NZ$93 (4家)  5.0s  ***低价***
2026-09-18 14:02:04  [232/261] 2026-10-13 周二 Copthorne Hotel Auckland Booking.com NZ$121 (3家)  4.4s
2026-09-18 14:02:08  [233/261] 2026-10-13 周二 Albion Hotel Auckland    Super.com NZ$80 (3家)  2.8s  ***低价***
2026-09-18 14:02:15  [234/261] 2026-10-13 周二 Ascotia Off Queen Auckla Wotif NZ$88 (4家)  4.2s  ***低价***
2026-09-18 14:02:21  [235/261] 2026-10-14 周三 VR Queen Street Auckland Booking.com NZ$97 (4家)  4.5s  ***低价***
2026-09-18 14:02:27  [236/261] 2026-10-14 周三 VR Auckland City         Super.com NZ$91 (2家)  4.2s  ***低价***
2026-09-18 14:02:34  [237/261] 2026-10-14 周三 Shakespeare Hotel Auckla Booking.com NZ$92 (4家)  4.3s  ***低价***
2026-09-18 14:02:40  [238/261] 2026-10-14 周三 Auckland City Hotel      Wotif NZ$101 (5家)  4.3s
2026-09-18 14:02:47  [239/261] 2026-10-14 周三 ibis budget Auckland Cen Wotif NZ$79 (4家)  4.5s  ***低价***
2026-09-18 14:02:54  [240/261] 2026-10-14 周三 The Quadrant Hotel & Sui Wotif NZ$88 (5家)  5.1s  ***低价***
2026-09-18 14:03:00  [241/261] 2026-10-14 周三 Copthorne Hotel Auckland Official site NZ$105 (3家)  4.2s
2026-09-18 14:03:06  [242/261] 2026-10-14 周三 Albion Hotel Auckland    Official site NZ$77 (4家)  4.6s  ***低价***
2026-09-18 14:03:13  [243/261] 2026-10-14 周三 Ascotia Off Queen Auckla Wotif NZ$88 (4家)  4.2s  ***低价***
2026-09-18 14:03:19  [244/261] 2026-10-15 周四 VR Queen Street Auckland Wotif NZ$96 (5家)  4.2s  ***低价***
2026-09-18 14:03:30  [245/261] 2026-10-15 周四 VR Auckland City         Wotif NZ$84 (3家)  9.1s  ***低价***
2026-09-18 14:03:38  [246/261] 2026-10-15 周四 Shakespeare Hotel Auckla Wotif NZ$87 (5家)  5.6s  ***低价***
2026-09-18 14:03:45  [247/261] 2026-10-15 周四 Auckland City Hotel      Wotif NZ$99 (5家)  5.0s  ***低价***
2026-09-18 14:03:52  [248/261] 2026-10-15 周四 ibis budget Auckland Cen Wotif NZ$90 (4家)  5.1s  ***低价***
2026-09-18 14:03:58  [249/261] 2026-10-15 周四 The Quadrant Hotel & Sui Wotif NZ$93 (5家)  4.6s  ***低价***
2026-09-18 14:04:05  [250/261] 2026-10-15 周四 Copthorne Hotel Auckland Wotif NZ$107 (4家)  5.0s
2026-09-18 14:04:13  [251/261] 2026-10-15 周四 Albion Hotel Auckland    Wotif NZ$97 (4家)  5.2s  ***低价***
2026-09-18 14:04:20  [252/261] 2026-10-15 周四 Ascotia Off Queen Auckla Wotif NZ$87 (4家)  5.2s  ***低价***
2026-09-18 14:04:27  [253/261] 2026-10-16 周五 VR Queen Street Auckland Wotif NZ$131 (5家)  5.0s
2026-09-18 14:04:33  [254/261] 2026-10-16 周五 VR Auckland City         Hotels.com NZ$102 (3家)  4.5s
2026-09-18 14:04:40  [255/261] 2026-10-16 周五 Shakespeare Hotel Auckla Wotif NZ$86 (5家)  4.9s  ***低价***
2026-09-18 14:04:47  [256/261] 2026-10-16 周五 Auckland City Hotel      Booking.com NZ$139 (4家)  4.9s
2026-09-18 14:04:54  [257/261] 2026-10-16 周五 ibis budget Auckland Cen Wotif NZ$134 (4家)  4.8s
2026-09-18 14:05:01  [258/261] 2026-10-16 周五 The Quadrant Hotel & Sui Hotels.com NZ$148 (3家)  5.1s
2026-09-18 14:05:08  [259/261] 2026-10-16 周五 Copthorne Hotel Auckland Wotif NZ$155 (4家)  4.8s
2026-09-18 14:05:14  [260/261] 2026-10-16 周五 Albion Hotel Auckland    Wotif NZ$115 (4家)  4.7s
2026-09-18 14:05:21  [261/261] 2026-10-16 周五 Ascotia Off Queen Auckla Wotif NZ$132 (3家)  4.8s
2026-09-18 14:05:23  ===== 第 6 轮结束: 成功 257 / 异常 4, 用时 27.7 分钟, 平均抓取 4.4s =====
2026-09-18 14:05:23  报告已刷新: Y:\12\auckland-hotel-watch\local\data\overnight_report.md
2026-09-18 14:05:24  看板已重建: auckland_rates.html
2026-09-18 14:05:24  休息 2 分钟, 下一轮约 14:07
2026-09-18 14:07:39  ===== 第 7 轮开始, 共 261 个目标 =====
2026-09-18 14:07:43  [1/261] 2026-09-18 VR Queen Street Auckland: 无报价 (3.7s)
2026-09-18 14:07:49  [2/261] 2026-09-18 周五 VR Auckland City         Wotif NZ$93 (3家)  5.3s  ***低价***
2026-09-18 14:07:56  [3/261] 2026-09-18 周五 Shakespeare Hotel Auckla Booking.com NZ$77 (4家)  5.4s  ***低价***
2026-09-18 14:08:04  [4/261] 2026-09-18 周五 Auckland City Hotel      Booking.com NZ$91 (4家)  5.6s  ***低价***
2026-09-18 14:08:11  [5/261] 2026-09-18 周五 ibis budget Auckland Cen Booking.com NZ$126 (3家)  5.0s
2026-09-18 14:08:18  [6/261] 2026-09-18 周五 The Quadrant Hotel & Sui Booking.com NZ$165 (3家)  5.3s
2026-09-18 14:08:25  [7/261] 2026-09-18 周五 Copthorne Hotel Auckland Booking.com NZ$131 (4家)  5.5s
2026-09-18 14:08:33  [8/261] 2026-09-18 周五 Albion Hotel Auckland    Booking.com NZ$78 (5家)  5.4s  ***低价***
2026-09-18 14:08:37  [9/261] 2026-09-18 Ascotia Off Queen Auckland: 无报价 (2.5s)
2026-09-18 14:08:40  [10/261] 2026-09-19 周六 VR Queen Street Auckland Official site NZ$163 (2家)  2.8s
2026-09-18 14:08:47  [11/261] 2026-09-19 周六 VR Auckland City         Booking.com NZ$79 (2家)  4.7s  ***低价***
2026-09-18 14:08:52  [12/261] 2026-09-19 周六 Shakespeare Hotel Auckla Super.com NZ$79 (4家)  2.7s  ***低价***
2026-09-18 14:08:56  [13/261] 2026-09-19 周六 Auckland City Hotel      Super.com NZ$87 (4家)  2.7s  ***低价***
2026-09-18 14:09:03  [14/261] 2026-09-19 周六 ibis budget Auckland Cen Booking.com NZ$92 (3家)  5.1s  ***低价***
2026-09-18 14:09:10  [15/261] 2026-09-19 周六 The Quadrant Hotel & Sui Booking.com NZ$112 (4家)  4.8s
2026-09-18 14:09:17  [16/261] 2026-09-19 周六 Copthorne Hotel Auckland Booking.com NZ$112 (4家)  5.0s
2026-09-18 14:09:24  [17/261] 2026-09-19 周六 Albion Hotel Auckland    Official site NZ$86 (4家)  4.8s  ***低价***
2026-09-18 14:09:31  [18/261] 2026-09-19 周六 Ascotia Off Queen Auckla Booking.com NZ$82 (2家)  4.9s  ***低价***
2026-09-18 14:09:36  [19/261] 2026-09-20 周日 VR Queen Street Auckland Super.com NZ$81 (4家)  3.1s  ***低价***
2026-09-18 14:09:43  [20/261] 2026-09-20 周日 VR Auckland City         Super.com NZ$85 (2家)  4.8s  ***低价***
2026-09-18 14:09:50  [21/261] 2026-09-20 周日 Shakespeare Hotel Auckla Booking.com NZ$80 (4家)  4.8s  ***低价***
2026-09-18 14:09:56  [22/261] 2026-09-20 周日 Auckland City Hotel      Official site NZ$85 (4家)  4.7s  ***低价***
2026-09-18 14:10:03  [23/261] 2026-09-20 周日 ibis budget Auckland Cen Booking.com NZ$85 (3家)  4.6s  ***低价***
2026-09-18 14:10:10  [24/261] 2026-09-20 周日 The Quadrant Hotel & Sui Booking.com NZ$131 (3家)  4.9s
2026-09-18 14:10:16  [25/261] 2026-09-20 周日 Copthorne Hotel Auckland Wotif NZ$106 (5家)  4.8s
2026-09-18 14:10:23  [26/261] 2026-09-20 周日 Albion Hotel Auckland    Official site NZ$78 (4家)  4.5s  ***低价***
2026-09-18 14:10:30  [27/261] 2026-09-20 周日 Ascotia Off Queen Auckla Booking.com NZ$65 (4家)  4.7s  ***低价***
2026-09-18 14:10:37  [28/261] 2026-09-21 周一 VR Queen Street Auckland Official site NZ$75 (4家)  5.0s  ***低价***
2026-09-18 14:10:42  [29/261] 2026-09-21 周一 VR Auckland City         Super.com NZ$86 (2家)  2.9s  ***低价***
2026-09-18 14:10:48  [30/261] 2026-09-21 周一 Shakespeare Hotel Auckla Wotif NZ$77 (5家)  4.7s  ***低价***
2026-09-18 14:10:55  [31/261] 2026-09-21 周一 Auckland City Hotel      Wotif NZ$93 (5家)  4.8s  ***低价***
2026-09-18 14:11:02  [32/261] 2026-09-21 周一 ibis budget Auckland Cen Official site NZ$73 (4家)  4.6s  ***低价***
2026-09-18 14:11:09  [33/261] 2026-09-21 周一 The Quadrant Hotel & Sui Wotif NZ$97 (5家)  5.3s  ***低价***
2026-09-18 14:11:16  [34/261] 2026-09-21 周一 Copthorne Hotel Auckland Official site NZ$106 (3家)  5.3s
2026-09-18 14:11:23  [35/261] 2026-09-21 周一 Albion Hotel Auckland    Wotif NZ$80 (5家)  4.7s  ***低价***
2026-09-18 14:11:30  [36/261] 2026-09-21 周一 Ascotia Off Queen Auckla Official site NZ$65 (5家)  4.9s  ***低价***
2026-09-18 14:11:37  [37/261] 2026-09-22 周二 VR Queen Street Auckland Official site NZ$81 (4家)  4.9s  ***低价***
2026-09-18 14:11:43  [38/261] 2026-09-22 周二 VR Auckland City         Booking.com NZ$73 (2家)  4.6s  ***低价***
2026-09-18 14:11:51  [39/261] 2026-09-22 周二 Shakespeare Hotel Auckla Booking.com NZ$79 (4家)  5.5s  ***低价***
2026-09-18 14:11:58  [40/261] 2026-09-22 周二 Auckland City Hotel      Booking.com NZ$91 (4家)  4.7s  ***低价***
2026-09-18 14:12:04  [41/261] 2026-09-22 周二 ibis budget Auckland Cen Wotif NZ$86 (5家)  4.6s  ***低价***
2026-09-18 14:12:11  [42/261] 2026-09-22 周二 The Quadrant Hotel & Sui Booking.com NZ$152 (4家)  4.8s
2026-09-18 14:12:18  [43/261] 2026-09-22 周二 Copthorne Hotel Auckland Booking.com NZ$115 (3家)  5.1s
2026-09-18 14:12:25  [44/261] 2026-09-22 周二 Albion Hotel Auckland    Booking.com NZ$77 (5家)  5.1s  ***低价***
2026-09-18 14:12:32  [45/261] 2026-09-22 周二 Ascotia Off Queen Auckla Booking.com NZ$69 (2家)  4.8s  ***低价***
2026-09-18 14:12:39  [46/261] 2026-09-23 周三 VR Queen Street Auckland Booking.com NZ$91 (4家)  4.9s  ***低价***
2026-09-18 14:12:45  [47/261] 2026-09-23 周三 VR Auckland City         Wotif NZ$73 (3家)  4.6s  ***低价***
2026-09-18 14:12:52  [48/261] 2026-09-23 周三 Shakespeare Hotel Auckla Booking.com NZ$78 (4家)  5.0s  ***低价***
2026-09-18 14:13:00  [49/261] 2026-09-23 周三 Auckland City Hotel      Booking.com NZ$112 (4家)  5.7s
2026-09-18 14:13:07  [50/261] 2026-09-23 周三 ibis budget Auckland Cen Wotif NZ$87 (4家)  5.1s  ***低价***
2026-09-18 14:13:14  [51/261] 2026-09-23 周三 The Quadrant Hotel & Sui Booking.com NZ$92 (4家)  4.7s  ***低价***
2026-09-18 14:13:21  [52/261] 2026-09-23 周三 Copthorne Hotel Auckland Booking.com NZ$123 (3家)  4.8s
2026-09-18 14:13:28  [53/261] 2026-09-23 周三 Albion Hotel Auckland    Booking.com NZ$77 (4家)  5.1s  ***低价***
2026-09-18 14:13:35  [54/261] 2026-09-23 周三 Ascotia Off Queen Auckla Booking.com NZ$68 (2家)  4.7s  ***低价***
2026-09-18 14:13:42  [55/261] 2026-09-24 周四 VR Queen Street Auckland Booking.com NZ$93 (4家)  5.1s  ***低价***
2026-09-18 14:13:48  [56/261] 2026-09-24 周四 VR Auckland City         Booking.com NZ$73 (2家)  4.6s  ***低价***
2026-09-18 14:13:55  [57/261] 2026-09-24 周四 Shakespeare Hotel Auckla Booking.com NZ$81 (4家)  4.4s  ***低价***
2026-09-18 14:14:02  [58/261] 2026-09-24 周四 Auckland City Hotel      Booking.com NZ$91 (4家)  4.9s  ***低价***
2026-09-18 14:14:09  [59/261] 2026-09-24 周四 ibis budget Auckland Cen Booking.com NZ$80 (4家)  5.1s  ***低价***
2026-09-18 14:14:16  [60/261] 2026-09-24 周四 The Quadrant Hotel & Sui Wotif NZ$89 (5家)  5.2s  ***低价***
2026-09-18 14:14:22  [61/261] 2026-09-24 周四 Copthorne Hotel Auckland Booking.com NZ$121 (4家)  4.6s
2026-09-18 14:14:29  [62/261] 2026-09-24 周四 Albion Hotel Auckland    Booking.com NZ$81 (4家)  4.6s  ***低价***
2026-09-18 14:14:37  [63/261] 2026-09-24 周四 Ascotia Off Queen Auckla Official site NZ$65 (4家)  5.7s  ***低价***
2026-09-18 14:14:43  [64/261] 2026-09-25 周五 VR Queen Street Auckland Wotif NZ$113 (5家)  4.8s
2026-09-18 14:14:50  [65/261] 2026-09-25 周五 VR Auckland City         Wotif NZ$88 (3家)  5.0s  ***低价***
2026-09-18 14:14:55  [66/261] 2026-09-25 Shakespeare Hotel Auckland: 无报价 (2.9s)
2026-09-18 14:15:00  [67/261] 2026-09-25 周五 Auckland City Hotel      Hotels.com NZ$209 (5家)  4.8s
2026-09-18 14:15:07  [68/261] 2026-09-25 周五 ibis budget Auckland Cen Wotif NZ$98 (5家)  4.6s  ***低价***
2026-09-18 14:15:13  [69/261] 2026-09-25 周五 The Quadrant Hotel & Sui Wotif NZ$224 (5家)  4.8s
2026-09-18 14:15:20  [70/261] 2026-09-25 周五 Copthorne Hotel Auckland Wotif NZ$216 (4家)  4.5s
2026-09-18 14:15:27  [71/261] 2026-09-25 周五 Albion Hotel Auckland    Wotif NZ$100 (4家)  4.6s
2026-09-18 14:15:33  [72/261] 2026-09-25 周五 Ascotia Off Queen Auckla Wotif NZ$125 (3家)  4.8s
2026-09-18 14:15:40  [73/261] 2026-09-26 周六 VR Queen Street Auckland Wotif NZ$118 (5家)  4.8s
2026-09-18 14:15:47  [74/261] 2026-09-26 周六 VR Auckland City         Wotif NZ$88 (3家)  4.7s  ***低价***
2026-09-18 14:15:54  [75/261] 2026-09-26 周六 Shakespeare Hotel Auckla Wotif NZ$72 (5家)  5.0s  ***低价***
2026-09-18 14:16:00  [76/261] 2026-09-26 周六 Auckland City Hotel      Booking.com NZ$106 (4家)  4.4s
2026-09-18 14:16:07  [77/261] 2026-09-26 周六 ibis budget Auckland Cen Wotif NZ$101 (4家)  4.8s
2026-09-18 14:16:14  [78/261] 2026-09-26 周六 The Quadrant Hotel & Sui Wotif NZ$104 (5家)  5.1s
2026-09-18 14:16:21  [79/261] 2026-09-26 周六 Copthorne Hotel Auckland Wotif NZ$172 (4家)  4.6s
2026-09-18 14:16:26  [80/261] 2026-09-26 周六 Albion Hotel Auckland    Super.com NZ$105 (3家)  3.0s
2026-09-18 14:16:33  [81/261] 2026-09-26 周六 Ascotia Off Queen Auckla Booking.com NZ$126 (2家)  5.1s
2026-09-18 14:16:39  [82/261] 2026-09-27 周日 VR Queen Street Auckland Booking.com NZ$92 (3家)  4.6s  ***低价***
2026-09-18 14:16:47  [83/261] 2026-09-27 周日 VR Auckland City         Super.com NZ$109 (2家)  5.1s
2026-09-18 14:16:53  [84/261] 2026-09-27 周日 Shakespeare Hotel Auckla Official site NZ$77 (4家)  4.7s  ***低价***
2026-09-18 14:16:58  [85/261] 2026-09-27 周日 Auckland City Hotel      Super.com NZ$96 (4家)  3.1s  ***低价***
2026-09-18 14:17:05  [86/261] 2026-09-27 周日 ibis budget Auckland Cen Booking.com NZ$78 (4家)  4.9s  ***低价***
2026-09-18 14:17:13  [87/261] 2026-09-27 周日 The Quadrant Hotel & Sui Wotif NZ$93 (5家)  5.5s  ***低价***
2026-09-18 14:17:20  [88/261] 2026-09-27 周日 Copthorne Hotel Auckland Booking.com NZ$130 (4家)  4.8s
2026-09-18 14:17:26  [89/261] 2026-09-27 周日 Albion Hotel Auckland    Booking.com NZ$78 (5家)  4.6s  ***低价***
2026-09-18 14:17:33  [90/261] 2026-09-27 周日 Ascotia Off Queen Auckla Wotif NZ$87 (4家)  4.3s  ***低价***
2026-09-18 14:17:40  [91/261] 2026-09-28 周一 VR Queen Street Auckland Official site NZ$91 (4家)  5.1s  ***低价***
2026-09-18 14:17:46  [92/261] 2026-09-28 周一 VR Auckland City         Super.com NZ$84 (2家)  4.7s  ***低价***
2026-09-18 14:17:53  [93/261] 2026-09-28 周一 Shakespeare Hotel Auckla Official site NZ$74 (4家)  4.7s  ***低价***
2026-09-18 14:17:59  [94/261] 2026-09-28 周一 Auckland City Hotel      Official site NZ$91 (4家)  4.4s  ***低价***
2026-09-18 14:18:06  [95/261] 2026-09-28 周一 ibis budget Auckland Cen Official site NZ$75 (3家)  4.6s  ***低价***
2026-09-18 14:18:13  [96/261] 2026-09-28 周一 The Quadrant Hotel & Sui Official site NZ$85 (4家)  4.7s  ***低价***
2026-09-18 14:18:20  [97/261] 2026-09-28 周一 Copthorne Hotel Auckland Official site NZ$107 (3家)  4.8s
2026-09-18 14:18:26  [98/261] 2026-09-28 周一 Albion Hotel Auckland    Official site NZ$77 (3家)  4.7s  ***低价***
2026-09-18 14:18:33  [99/261] 2026-09-28 周一 Ascotia Off Queen Auckla Official site NZ$65 (5家)  4.7s  ***低价***
2026-09-18 14:18:40  [100/261] 2026-09-29 周二 VR Queen Street Auckland Official site NZ$90 (4家)  4.7s  ***低价***
2026-09-18 14:18:46  [101/261] 2026-09-29 周二 VR Auckland City         Super.com NZ$86 (2家)  4.7s  ***低价***
2026-09-18 14:18:53  [102/261] 2026-09-29 周二 Shakespeare Hotel Auckla Official site NZ$78 (4家)  4.9s  ***低价***
2026-09-18 14:19:00  [103/261] 2026-09-29 周二 Auckland City Hotel      Official site NZ$92 (3家)  4.6s  ***低价***
2026-09-18 14:19:07  [104/261] 2026-09-29 周二 ibis budget Auckland Cen Official site NZ$75 (3家)  4.8s  ***低价***
2026-09-18 14:19:14  [105/261] 2026-09-29 周二 The Quadrant Hotel & Sui Official site NZ$86 (4家)  4.9s  ***低价***
2026-09-18 14:19:20  [106/261] 2026-09-29 周二 Copthorne Hotel Auckland Official site NZ$114 (4家)  4.6s
2026-09-18 14:19:27  [107/261] 2026-09-29 周二 Albion Hotel Auckland    Booking.com NZ$76 (5家)  5.0s  ***低价***
2026-09-18 14:19:34  [108/261] 2026-09-29 周二 Ascotia Off Queen Auckla Wotif NZ$64 (5家)  5.0s  ***低价***
2026-09-18 14:19:41  [109/261] 2026-09-30 周三 VR Queen Street Auckland Booking.com NZ$97 (4家)  4.5s  ***低价***
2026-09-18 14:19:47  [110/261] 2026-09-30 周三 VR Auckland City         Booking.com NZ$84 (2家)  4.5s  ***低价***
2026-09-18 14:19:54  [111/261] 2026-09-30 周三 Shakespeare Hotel Auckla Booking.com NZ$78 (4家)  4.7s  ***低价***
2026-09-18 14:20:01  [112/261] 2026-09-30 周三 Auckland City Hotel      Booking.com NZ$91 (4家)  5.2s  ***低价***
2026-09-18 14:20:08  [113/261] 2026-09-30 周三 ibis budget Auckland Cen Booking.com NZ$76 (4家)  4.8s  ***低价***
2026-09-18 14:20:14  [114/261] 2026-09-30 周三 The Quadrant Hotel & Sui Booking.com NZ$89 (4家)  4.5s  ***低价***
2026-09-18 14:20:21  [115/261] 2026-09-30 周三 Copthorne Hotel Auckland Official site NZ$114 (4家)  5.1s
2026-09-18 14:20:28  [116/261] 2026-09-30 周三 Albion Hotel Auckland    Booking.com NZ$77 (4家)  4.9s  ***低价***
2026-09-18 14:20:35  [117/261] 2026-09-30 周三 Ascotia Off Queen Auckla Official site NZ$67 (4家)  5.1s  ***低价***
2026-09-18 14:20:42  [118/261] 2026-10-01 周四 VR Queen Street Auckland Wotif NZ$96 (5家)  4.7s  ***低价***
2026-09-18 14:20:48  [119/261] 2026-10-01 周四 VR Auckland City         Wotif NZ$84 (3家)  4.4s  ***低价***
2026-09-18 14:20:55  [120/261] 2026-10-01 周四 Shakespeare Hotel Auckla Wotif NZ$88 (5家)  4.7s  ***低价***
2026-09-18 14:21:02  [121/261] 2026-10-01 周四 Auckland City Hotel      Wotif NZ$95 (5家)  4.5s  ***低价***
2026-09-18 14:21:08  [122/261] 2026-10-01 周四 ibis budget Auckland Cen Wotif NZ$90 (5家)  4.8s  ***低价***
2026-09-18 14:21:15  [123/261] 2026-10-01 周四 The Quadrant Hotel & Sui Wotif NZ$109 (5家)  4.7s
2026-09-18 14:21:22  [124/261] 2026-10-01 周四 Copthorne Hotel Auckland Wotif NZ$113 (5家)  4.7s
2026-09-18 14:21:29  [125/261] 2026-10-01 周四 Albion Hotel Auckland    Wotif NZ$94 (4家)  4.7s  ***低价***
2026-09-18 14:21:35  [126/261] 2026-10-01 周四 Ascotia Off Queen Auckla Wotif NZ$88 (4家)  4.4s  ***低价***
2026-09-18 14:21:42  [127/261] 2026-10-02 周五 VR Queen Street Auckland Wotif NZ$111 (5家)  5.0s
2026-09-18 14:21:49  [128/261] 2026-10-02 周五 VR Auckland City         Wotif NZ$116 (3家)  5.3s
2026-09-18 14:21:56  [129/261] 2026-10-02 周五 Shakespeare Hotel Auckla Booking.com NZ$94 (4家)  4.5s  ***低价***
2026-09-18 14:22:02  [130/261] 2026-10-02 周五 Auckland City Hotel      Wotif NZ$97 (5家)  4.8s  ***低价***
2026-09-18 14:22:09  [131/261] 2026-10-02 周五 ibis budget Auckland Cen Wotif NZ$94 (4家)  4.8s  ***低价***
2026-09-18 14:22:16  [132/261] 2026-10-02 周五 The Quadrant Hotel & Sui Wotif NZ$111 (5家)  5.2s
2026-09-18 14:22:23  [133/261] 2026-10-02 周五 Copthorne Hotel Auckland Wotif NZ$143 (4家)  4.7s
2026-09-18 14:22:30  [134/261] 2026-10-02 周五 Albion Hotel Auckland    Wotif NZ$115 (4家)  5.0s
2026-09-18 14:22:37  [135/261] 2026-10-02 周五 Ascotia Off Queen Auckla Wotif NZ$94 (5家)  4.5s  ***低价***
2026-09-18 14:22:44  [136/261] 2026-10-03 周六 VR Queen Street Auckland Wotif NZ$120 (5家)  4.8s
2026-09-18 14:22:51  [137/261] 2026-10-03 周六 VR Auckland City         Super.com NZ$122 (2家)  5.0s
2026-09-18 14:22:57  [138/261] 2026-10-03 周六 Shakespeare Hotel Auckla Official site NZ$91 (4家)  4.5s  ***低价***
2026-09-18 14:23:04  [139/261] 2026-10-03 周六 Auckland City Hotel      Wotif NZ$112 (5家)  4.9s
2026-09-18 14:23:11  [140/261] 2026-10-03 周六 ibis budget Auckland Cen Booking.com NZ$101 (3家)  4.8s
2026-09-18 14:23:18  [141/261] 2026-10-03 周六 The Quadrant Hotel & Sui Official site NZ$127 (4家)  5.3s
2026-09-18 14:23:25  [142/261] 2026-10-03 周六 Copthorne Hotel Auckland Wotif NZ$155 (5家)  5.0s
2026-09-18 14:23:32  [143/261] 2026-10-03 周六 Albion Hotel Auckland    Wotif NZ$114 (5家)  4.8s
2026-09-18 14:23:38  [144/261] 2026-10-03 周六 Ascotia Off Queen Auckla Wotif NZ$88 (4家)  4.6s  ***低价***
2026-09-18 14:23:45  [145/261] 2026-10-04 周日 VR Queen Street Auckland Official site NZ$89 (4家)  4.5s  ***低价***
2026-09-18 14:23:51  [146/261] 2026-10-04 周日 VR Auckland City         Booking.com NZ$84 (2家)  4.4s  ***低价***
2026-09-18 14:23:58  [147/261] 2026-10-04 周日 Shakespeare Hotel Auckla Booking.com NZ$93 (4家)  5.0s  ***低价***
2026-09-18 14:24:05  [148/261] 2026-10-04 周日 Auckland City Hotel      Official site NZ$103 (3家)  4.5s
2026-09-18 14:24:12  [149/261] 2026-10-04 周日 ibis budget Auckland Cen Official site NZ$90 (4家)  5.0s  ***低价***
2026-09-18 14:24:19  [150/261] 2026-10-04 周日 The Quadrant Hotel & Sui Booking.com NZ$96 (4家)  4.7s  ***低价***
2026-09-18 14:24:26  [151/261] 2026-10-04 周日 Copthorne Hotel Auckland Booking.com NZ$111 (4家)  5.1s
2026-09-18 14:24:32  [152/261] 2026-10-04 周日 Albion Hotel Auckland    Official site NZ$77 (3家)  4.5s  ***低价***
2026-09-18 14:24:39  [153/261] 2026-10-04 周日 Ascotia Off Queen Auckla Official site NZ$80 (4家)  4.6s  ***低价***
2026-09-18 14:24:45  [154/261] 2026-10-05 周一 VR Queen Street Auckland Official site NZ$90 (4家)  4.6s  ***低价***
2026-09-18 14:24:52  [155/261] 2026-10-05 周一 VR Auckland City         Super.com NZ$110 (2家)  4.6s
2026-09-18 14:24:59  [156/261] 2026-10-05 周一 Shakespeare Hotel Auckla Wotif NZ$93 (5家)  4.7s  ***低价***
2026-09-18 14:25:06  [157/261] 2026-10-05 周一 Auckland City Hotel      Wotif NZ$97 (5家)  5.0s  ***低价***
2026-09-18 14:25:12  [158/261] 2026-10-05 周一 ibis budget Auckland Cen Wotif NZ$77 (4家)  4.7s  ***低价***
2026-09-18 14:25:19  [159/261] 2026-10-05 周一 The Quadrant Hotel & Sui Official site NZ$92 (4家)  4.7s  ***低价***
2026-09-18 14:25:26  [160/261] 2026-10-05 周一 Copthorne Hotel Auckland Official site NZ$111 (3家)  4.6s
2026-09-18 14:25:33  [161/261] 2026-10-05 周一 Albion Hotel Auckland    Wotif NZ$78 (4家)  5.0s  ***低价***
2026-09-18 14:25:39  [162/261] 2026-10-05 周一 Ascotia Off Queen Auckla Wotif NZ$80 (4家)  4.7s  ***低价***
2026-09-18 14:25:46  [163/261] 2026-10-06 周二 VR Queen Street Auckland Official site NZ$89 (4家)  4.5s  ***低价***
2026-09-18 14:25:52  [164/261] 2026-10-06 周二 VR Auckland City         Super.com NZ$108 (2家)  4.4s
2026-09-18 14:25:59  [165/261] 2026-10-06 周二 Shakespeare Hotel Auckla Official site NZ$92 (4家)  4.5s  ***低价***
2026-09-18 14:26:06  [166/261] 2026-10-06 周二 Auckland City Hotel      Official site NZ$106 (4家)  5.1s
2026-09-18 14:26:13  [167/261] 2026-10-06 周二 ibis budget Auckland Cen Official site NZ$80 (3家)  4.6s  ***低价***
2026-09-18 14:26:20  [168/261] 2026-10-06 周二 The Quadrant Hotel & Sui Official site NZ$94 (4家)  5.3s  ***低价***
2026-09-18 14:26:26  [169/261] 2026-10-06 周二 Copthorne Hotel Auckland Official site NZ$111 (4家)  4.7s
2026-09-18 14:26:33  [170/261] 2026-10-06 周二 Albion Hotel Auckland    Official site NZ$76 (4家)  4.6s  ***低价***
2026-09-18 14:26:40  [171/261] 2026-10-06 周二 Ascotia Off Queen Auckla Official site NZ$79 (4家)  4.9s  ***低价***
2026-09-18 14:26:47  [172/261] 2026-10-07 周三 VR Queen Street Auckland Wotif NZ$85 (5家)  5.1s  ***低价***
2026-09-18 14:26:54  [173/261] 2026-10-07 周三 VR Auckland City         Super.com NZ$108 (2家)  5.0s
2026-09-18 14:27:01  [174/261] 2026-10-07 周三 Shakespeare Hotel Auckla Wotif NZ$95 (5家)  4.5s  ***低价***
2026-09-18 14:27:07  [175/261] 2026-10-07 周三 Auckland City Hotel      Wotif NZ$108 (5家)  4.7s
2026-09-18 14:27:14  [176/261] 2026-10-07 周三 ibis budget Auckland Cen Wotif NZ$74 (3家)  4.9s  ***低价***
2026-09-18 14:27:21  [177/261] 2026-10-07 周三 The Quadrant Hotel & Sui Official site NZ$95 (4家)  5.3s  ***低价***
2026-09-18 14:27:26  [178/261] 2026-10-07 周三 Copthorne Hotel Auckland Super.com NZ$112 (3家)  2.7s
2026-09-18 14:27:33  [179/261] 2026-10-07 周三 Albion Hotel Auckland    Official site NZ$77 (3家)  4.9s  ***低价***
2026-09-18 14:27:40  [180/261] 2026-10-07 周三 Ascotia Off Queen Auckla Official site NZ$96 (3家)  4.7s  ***低价***
2026-09-18 14:27:47  [181/261] 2026-10-08 周四 VR Queen Street Auckland Official site NZ$113 (4家)  4.8s
2026-09-18 14:27:53  [182/261] 2026-10-08 周四 VR Auckland City         Super.com NZ$143 (2家)  4.4s
2026-09-18 14:28:00  [183/261] 2026-10-08 周四 Shakespeare Hotel Auckla Official site NZ$88 (4家)  4.6s  ***低价***
2026-09-18 14:28:07  [184/261] 2026-10-08 周四 Auckland City Hotel      Official site NZ$113 (4家)  5.1s
2026-09-18 14:28:14  [185/261] 2026-10-08 周四 ibis budget Auckland Cen Official site NZ$97 (3家)  4.9s  ***低价***
2026-09-18 14:28:20  [186/261] 2026-10-08 周四 The Quadrant Hotel & Sui Official site NZ$98 (4家)  4.5s  ***低价***
2026-09-18 14:28:27  [187/261] 2026-10-08 周四 Copthorne Hotel Auckland Official site NZ$115 (3家)  5.0s
2026-09-18 14:28:34  [188/261] 2026-10-08 周四 Albion Hotel Auckland    Official site NZ$95 (3家)  4.5s  ***低价***
2026-09-18 14:28:40  [189/261] 2026-10-08 周四 Ascotia Off Queen Auckla Official site NZ$96 (4家)  4.5s  ***低价***
2026-09-18 14:28:47  [190/261] 2026-10-09 周五 VR Queen Street Auckland Official site NZ$224 (4家)  4.9s
2026-09-18 14:28:54  [191/261] 2026-10-09 周五 VR Auckland City         Super.com NZ$255 (2家)  4.8s
2026-09-18 14:29:00  [192/261] 2026-10-09 周五 Shakespeare Hotel Auckla Booking.com NZ$275 (1家)  4.5s
2026-09-18 14:29:07  [193/261] 2026-10-09 周五 Auckland City Hotel      Official site NZ$161 (4家)  5.0s
2026-09-18 14:29:12  [194/261] 2026-10-09 周五 ibis budget Auckland Cen Super.com NZ$178 (3家)  3.1s
2026-09-18 14:29:20  [195/261] 2026-10-09 周五 The Quadrant Hotel & Sui Wotif NZ$215 (4家)  5.5s
2026-09-18 14:29:27  [196/261] 2026-10-09 周五 Copthorne Hotel Auckland Official site NZ$259 (3家)  4.7s
2026-09-18 14:29:33  [197/261] 2026-10-09 周五 Albion Hotel Auckland    Official site NZ$139 (4家)  4.8s
2026-09-18 14:29:40  [198/261] 2026-10-09 周五 Ascotia Off Queen Auckla Wotif NZ$124 (3家)  4.8s
2026-09-18 14:29:47  [199/261] 2026-10-10 周六 VR Queen Street Auckland Booking.com NZ$237 (3家)  5.0s
2026-09-18 14:29:54  [200/261] 2026-10-10 周六 VR Auckland City         Wotif NZ$102 (3家)  4.6s
2026-09-18 14:29:59  [201/261] 2026-10-10 Shakespeare Hotel Auckland: 无报价 (2.8s)
2026-09-18 14:30:04  [202/261] 2026-10-10 周六 Auckland City Hotel      Wotif NZ$227 (4家)  5.1s
2026-09-18 14:30:10  [203/261] 2026-10-10 周六 ibis budget Auckland Cen Wotif NZ$232 (4家)  4.7s
2026-09-18 14:30:17  [204/261] 2026-10-10 周六 The Quadrant Hotel & Sui Booking.com NZ$258 (3家)  4.6s
2026-09-18 14:30:24  [205/261] 2026-10-10 周六 Copthorne Hotel Auckland Wotif NZ$298 (3家)  4.7s
2026-09-18 14:30:30  [206/261] 2026-10-10 周六 Albion Hotel Auckland    Booking.com NZ$196 (4家)  4.5s
2026-09-18 14:30:36  [207/261] 2026-10-10 周六 Ascotia Off Queen Auckla Wotif NZ$163 (3家)  4.0s
2026-09-18 14:30:43  [208/261] 2026-10-11 周日 VR Queen Street Auckland Official site NZ$97 (4家)  4.6s  ***低价***
2026-09-18 14:30:49  [209/261] 2026-10-11 周日 VR Auckland City         Hotels.com NZ$84 (3家)  4.5s  ***低价***
2026-09-18 14:30:56  [210/261] 2026-10-11 周日 Shakespeare Hotel Auckla Hotels.com NZ$91 (4家)  4.9s  ***低价***
2026-09-18 14:31:03  [211/261] 2026-10-11 周日 Auckland City Hotel      Official site NZ$101 (4家)  4.9s
2026-09-18 14:31:10  [212/261] 2026-10-11 周日 ibis budget Auckland Cen Official site NZ$77 (3家)  4.6s  ***低价***
2026-09-18 14:31:16  [213/261] 2026-10-11 周日 The Quadrant Hotel & Sui Official site NZ$87 (4家)  4.8s  ***低价***
2026-09-18 14:31:23  [214/261] 2026-10-11 周日 Copthorne Hotel Auckland Official site NZ$102 (3家)  4.7s
2026-09-18 14:31:30  [215/261] 2026-10-11 周日 Albion Hotel Auckland    Wotif NZ$77 (4家)  4.9s  ***低价***
2026-09-18 14:31:37  [216/261] 2026-10-11 周日 Ascotia Off Queen Auckla Official site NZ$88 (4家)  4.5s  ***低价***
2026-09-18 14:31:44  [217/261] 2026-10-12 周一 VR Queen Street Auckland Wotif NZ$95 (4家)  5.0s  ***低价***
2026-09-18 14:31:50  [218/261] 2026-10-12 周一 VR Auckland City         Hotels.com NZ$84 (3家)  4.4s  ***低价***
2026-09-18 14:31:57  [219/261] 2026-10-12 周一 Shakespeare Hotel Auckla Hotels.com NZ$89 (4家)  4.5s  ***低价***
2026-09-18 14:32:03  [220/261] 2026-10-12 周一 Auckland City Hotel      Wotif NZ$99 (4家)  4.9s  ***低价***
2026-09-18 14:32:10  [221/261] 2026-10-12 周一 ibis budget Auckland Cen Hotels.com NZ$88 (4家)  4.4s  ***低价***
2026-09-18 14:32:17  [222/261] 2026-10-12 周一 The Quadrant Hotel & Sui Wotif NZ$74 (5家)  5.5s  ***低价***
2026-09-18 14:32:24  [223/261] 2026-10-12 周一 Copthorne Hotel Auckland Official site NZ$104 (3家)  4.8s
2026-09-18 14:32:31  [224/261] 2026-10-12 周一 Albion Hotel Auckland    Wotif NZ$79 (5家)  4.7s  ***低价***
2026-09-18 14:32:37  [225/261] 2026-10-12 周一 Ascotia Off Queen Auckla Hotels.com NZ$87 (3家)  4.5s  ***低价***
2026-09-18 14:32:44  [226/261] 2026-10-13 周二 VR Queen Street Auckland Booking.com NZ$97 (3家)  4.7s  ***低价***
2026-09-18 14:32:51  [227/261] 2026-10-13 周二 VR Auckland City         Booking.com NZ$84 (2家)  4.6s  ***低价***
2026-09-18 14:32:57  [228/261] 2026-10-13 周二 Shakespeare Hotel Auckla Wotif NZ$83 (5家)  4.6s  ***低价***
2026-09-18 14:33:04  [229/261] 2026-10-13 周二 Auckland City Hotel      Booking.com NZ$101 (3家)  5.0s
2026-09-18 14:33:11  [230/261] 2026-10-13 周二 ibis budget Auckland Cen Official site NZ$84 (3家)  4.8s  ***低价***
2026-09-18 14:33:18  [231/261] 2026-10-13 周二 The Quadrant Hotel & Sui Booking.com NZ$93 (4家)  5.1s  ***低价***
2026-09-18 14:33:25  [232/261] 2026-10-13 周二 Copthorne Hotel Auckland Official site NZ$119 (3家)  4.5s
2026-09-18 14:33:31  [233/261] 2026-10-13 周二 Albion Hotel Auckland    Booking.com NZ$80 (4家)  4.4s  ***低价***
2026-09-18 14:33:38  [234/261] 2026-10-13 周二 Ascotia Off Queen Auckla Wotif NZ$88 (4家)  4.9s  ***低价***
2026-09-18 14:33:45  [235/261] 2026-10-14 周三 VR Queen Street Auckland Official site NZ$97 (4家)  5.0s  ***低价***
2026-09-18 14:33:52  [236/261] 2026-10-14 周三 VR Auckland City         Wotif NZ$84 (3家)  4.7s  ***低价***
2026-09-18 14:33:58  [237/261] 2026-10-14 周三 Shakespeare Hotel Auckla Wotif NZ$92 (5家)  4.6s  ***低价***
2026-09-18 14:34:05  [238/261] 2026-10-14 周三 Auckland City Hotel      Wotif NZ$99 (4家)  4.9s  ***低价***
2026-09-18 14:34:12  [239/261] 2026-10-14 周三 ibis budget Auckland Cen Booking.com NZ$80 (3家)  5.2s  ***低价***
2026-09-18 14:34:19  [240/261] 2026-10-14 周三 The Quadrant Hotel & Sui Wotif NZ$90 (5家)  5.1s  ***低价***
2026-09-18 14:34:26  [241/261] 2026-10-14 周三 Copthorne Hotel Auckland Wotif NZ$108 (4家)  4.5s
2026-09-18 14:34:32  [242/261] 2026-10-14 周三 Albion Hotel Auckland    Booking.com NZ$77 (4家)  4.4s  ***低价***
2026-09-18 14:34:39  [243/261] 2026-10-14 周三 Ascotia Off Queen Auckla Official site NZ$88 (4家)  4.7s  ***低价***
2026-09-18 14:34:46  [244/261] 2026-10-15 周四 VR Queen Street Auckland Wotif NZ$96 (4家)  4.5s  ***低价***
2026-09-18 14:34:52  [245/261] 2026-10-15 周四 VR Auckland City         Wotif NZ$84 (3家)  4.8s  ***低价***
2026-09-18 14:34:59  [246/261] 2026-10-15 周四 Shakespeare Hotel Auckla Wotif NZ$87 (5家)  4.5s  ***低价***
2026-09-18 14:35:06  [247/261] 2026-10-15 周四 Auckland City Hotel      Wotif NZ$99 (5家)  5.3s  ***低价***
2026-09-18 14:35:13  [248/261] 2026-10-15 周四 ibis budget Auckland Cen Wotif NZ$87 (4家)  4.7s  ***低价***
2026-09-18 14:35:19  [249/261] 2026-10-15 周四 The Quadrant Hotel & Sui Wotif NZ$93 (5家)  4.4s  ***低价***
2026-09-18 14:35:26  [250/261] 2026-10-15 周四 Copthorne Hotel Auckland Wotif NZ$105 (3家)  4.6s
2026-09-18 14:35:33  [251/261] 2026-10-15 周四 Albion Hotel Auckland    Wotif NZ$95 (4家)  4.6s  ***低价***
2026-09-18 14:35:39  [252/261] 2026-10-15 周四 Ascotia Off Queen Auckla Wotif NZ$87 (4家)  4.6s  ***低价***
2026-09-18 14:35:46  [253/261] 2026-10-16 周五 VR Queen Street Auckland Wotif NZ$131 (5家)  4.9s
2026-09-18 14:35:53  [254/261] 2026-10-16 周五 VR Auckland City         Wotif NZ$102 (3家)  5.0s
2026-09-18 14:36:00  [255/261] 2026-10-16 周五 Shakespeare Hotel Auckla Wotif NZ$86 (5家)  4.8s  ***低价***
2026-09-18 14:36:07  [256/261] 2026-10-16 周五 Auckland City Hotel      Wotif NZ$137 (5家)  5.1s
2026-09-18 14:36:14  [257/261] 2026-10-16 周五 ibis budget Auckland Cen Wotif NZ$130 (4家)  4.9s
2026-09-18 14:36:21  [258/261] 2026-10-16 周五 The Quadrant Hotel & Sui Wotif NZ$148 (5家)  5.4s
2026-09-18 14:36:28  [259/261] 2026-10-16 周五 Copthorne Hotel Auckland Wotif NZ$154 (4家)  4.5s
2026-09-18 14:36:35  [260/261] 2026-10-16 周五 Albion Hotel Auckland    Wotif NZ$115 (4家)  4.8s
2026-09-18 14:36:42  [261/261] 2026-10-16 周五 Ascotia Off Queen Auckla Wotif NZ$132 (3家)  5.3s
2026-09-18 14:36:44  ===== 第 7 轮结束: 成功 257 / 异常 4, 用时 29.1 分钟, 平均抓取 4.7s =====
2026-09-18 14:36:44  报告已刷新: Y:\12\auckland-hotel-watch\local\data\overnight_report.md
2026-09-18 14:36:45  看板已重建: auckland_rates.html
2026-09-18 14:36:45  休息 1 分钟, 下一轮约 14:37
2026-09-18 14:37:40  ===== 第 8 轮开始, 共 261 个目标 =====
2026-09-18 14:37:44  [1/261] 2026-09-18 VR Queen Street Auckland: 无报价 (3.3s)
2026-09-18 14:37:47  [2/261] 2026-09-18 周五 VR Auckland City         Booking.com NZ$145 (2家)  3.3s
2026-09-18 14:37:52  [3/261] 2026-09-18 周五 Shakespeare Hotel Auckla Super.com NZ$77 (4家)  3.2s  ***低价***
2026-09-18 14:38:00  [4/261] 2026-09-18 周五 Auckland City Hotel      Wotif NZ$91 (5家)  5.9s  ***低价***
2026-09-18 14:38:08  [5/261] 2026-09-18 周五 ibis budget Auckland Cen Booking.com NZ$152 (3家)  5.4s
2026-09-18 14:38:15  [6/261] 2026-09-18 周五 The Quadrant Hotel & Sui Booking.com NZ$167 (3家)  5.6s
2026-09-18 14:38:23  [7/261] 2026-09-18 周五 Copthorne Hotel Auckland Booking.com NZ$131 (4家)  5.4s
2026-09-18 14:38:27  [8/261] 2026-09-18 周五 Albion Hotel Auckland    Super.com NZ$78 (4家)  2.7s  ***低价***
2026-09-18 14:38:33  [9/261] 2026-09-18 Ascotia Off Queen Auckland: 无报价 (3.3s)
2026-09-18 14:38:36  [10/261] 2026-09-19 周六 VR Queen Street Auckland Super.com NZ$160 (4家)  3.3s
2026-09-18 14:38:44  [11/261] 2026-09-19 周六 VR Auckland City         Booking.com NZ$79 (2家)  5.9s  ***低价***
2026-09-18 14:38:51  [12/261] 2026-09-19 周六 Shakespeare Hotel Auckla Booking.com NZ$79 (4家)  4.8s  ***低价***
2026-09-18 14:38:56  [13/261] 2026-09-19 周六 Auckland City Hotel      Super.com NZ$87 (4家)  2.9s  ***低价***
2026-09-18 14:39:00  [14/261] 2026-09-19 周六 ibis budget Auckland Cen Super.com NZ$95 (3家)  2.8s  ***低价***
2026-09-18 14:39:07  [15/261] 2026-09-19 周六 The Quadrant Hotel & Sui Wotif NZ$112 (4家)  4.6s
2026-09-18 14:39:13  [16/261] 2026-09-19 周六 Copthorne Hotel Auckland Official site NZ$112 (4家)  4.5s
2026-09-18 14:39:20  [17/261] 2026-09-19 周六 Albion Hotel Auckland    Booking.com NZ$86 (4家)  4.6s  ***低价***
2026-09-18 14:39:27  [18/261] 2026-09-19 周六 Ascotia Off Queen Auckla Official site NZ$82 (4家)  5.0s  ***低价***
2026-09-18 14:39:34  [19/261] 2026-09-20 周日 VR Queen Street Auckland Wotif NZ$82 (5家)  4.7s  ***低价***
2026-09-18 14:39:41  [20/261] 2026-09-20 周日 VR Auckland City         Wotif NZ$73 (3家)  4.8s  ***低价***
2026-09-18 14:39:47  [21/261] 2026-09-20 周日 Shakespeare Hotel Auckla Official site NZ$80 (4家)  4.5s  ***低价***
2026-09-18 14:39:54  [22/261] 2026-09-20 周日 Auckland City Hotel      Wotif NZ$85 (5家)  4.8s  ***低价***
2026-09-18 14:40:01  [23/261] 2026-09-20 周日 ibis budget Auckland Cen Official site NZ$85 (3家)  5.1s  ***低价***
2026-09-18 14:40:08  [24/261] 2026-09-20 周日 The Quadrant Hotel & Sui Official site NZ$131 (4家)  4.7s
2026-09-18 14:40:15  [25/261] 2026-09-20 周日 Copthorne Hotel Auckland Official site NZ$106 (3家)  5.0s
2026-09-18 14:40:22  [26/261] 2026-09-20 周日 Albion Hotel Auckland    Booking.com NZ$78 (4家)  4.7s  ***低价***
2026-09-18 14:40:28  [27/261] 2026-09-20 周日 Ascotia Off Queen Auckla Official site NZ$65 (4家)  4.8s  ***低价***
2026-09-18 14:40:35  [28/261] 2026-09-21 周一 VR Queen Street Auckland Wotif NZ$75 (5家)  5.0s  ***低价***
2026-09-18 14:40:42  [29/261] 2026-09-21 周一 VR Auckland City         Super.com NZ$86 (2家)  4.9s  ***低价***
2026-09-18 14:40:49  [30/261] 2026-09-21 周一 Shakespeare Hotel Auckla Wotif NZ$76 (5家)  5.1s  ***低价***
2026-09-18 14:40:56  [31/261] 2026-09-21 周一 Auckland City Hotel      Official site NZ$93 (4家)  5.0s  ***低价***
2026-09-18 14:41:03  [32/261] 2026-09-21 周一 ibis budget Auckland Cen Official site NZ$75 (3家)  4.6s  ***低价***
2026-09-18 14:41:10  [33/261] 2026-09-21 周一 The Quadrant Hotel & Sui Wotif NZ$97 (5家)  5.4s  ***低价***
2026-09-18 14:41:17  [34/261] 2026-09-21 周一 Copthorne Hotel Auckland Official site NZ$106 (3家)  4.7s
2026-09-18 14:41:24  [35/261] 2026-09-21 周一 Albion Hotel Auckland    Official site NZ$78 (3家)  4.9s  ***低价***
2026-09-18 14:41:29  [36/261] 2026-09-21 周一 Ascotia Off Queen Auckla Super.com NZ$65 (3家)  2.9s  ***低价***
2026-09-18 14:41:36  [37/261] 2026-09-22 周二 VR Queen Street Auckland Booking.com NZ$82 (4家)  4.8s  ***低价***
2026-09-18 14:41:41  [38/261] 2026-09-22 周二 VR Auckland City         Super.com NZ$87 (3家)  3.0s  ***低价***
2026-09-18 14:41:48  [39/261] 2026-09-22 周二 Shakespeare Hotel Auckla Official site NZ$80 (4家)  5.0s  ***低价***
2026-09-18 14:41:55  [40/261] 2026-09-22 周二 Auckland City Hotel      Booking.com NZ$94 (4家)  5.2s  ***低价***
2026-09-18 14:42:02  [41/261] 2026-09-22 周二 ibis budget Auckland Cen Booking.com NZ$86 (3家)  5.2s  ***低价***
2026-09-18 14:42:09  [42/261] 2026-09-22 周二 The Quadrant Hotel & Sui Official site NZ$148 (3家)  5.1s
2026-09-18 14:42:16  [43/261] 2026-09-22 周二 Copthorne Hotel Auckland Booking.com NZ$116 (4家)  4.8s
2026-09-18 14:42:23  [44/261] 2026-09-22 周二 Albion Hotel Auckland    Booking.com NZ$77 (5家)  4.9s  ***低价***
2026-09-18 14:42:30  [45/261] 2026-09-22 周二 Ascotia Off Queen Auckla Wotif NZ$69 (3家)  5.0s  ***低价***
2026-09-18 14:42:37  [46/261] 2026-09-23 周三 VR Queen Street Auckland Booking.com NZ$91 (4家)  5.2s  ***低价***
2026-09-18 14:42:44  [47/261] 2026-09-23 周三 VR Auckland City         Booking.com NZ$73 (2家)  4.5s  ***低价***
2026-09-18 14:42:51  [48/261] 2026-09-23 周三 Shakespeare Hotel Auckla Wotif NZ$78 (5家)  5.1s  ***低价***
2026-09-18 14:42:57  [49/261] 2026-09-23 周三 Auckland City Hotel      Booking.com NZ$112 (4家)  4.7s
2026-09-18 14:43:04  [50/261] 2026-09-23 周三 ibis budget Auckland Cen Booking.com NZ$87 (4家)  4.9s  ***低价***
2026-09-18 14:43:11  [51/261] 2026-09-23 周三 The Quadrant Hotel & Sui Booking.com NZ$92 (4家)  5.1s  ***低价***
2026-09-18 14:43:18  [52/261] 2026-09-23 周三 Copthorne Hotel Auckland Wotif NZ$123 (4家)  4.7s
2026-09-18 14:43:25  [53/261] 2026-09-23 周三 Albion Hotel Auckland    Booking.com NZ$77 (4家)  4.8s  ***低价***
2026-09-18 14:43:32  [54/261] 2026-09-23 周三 Ascotia Off Queen Auckla Booking.com NZ$68 (3家)  5.0s  ***低价***
2026-09-18 14:43:38  [55/261] 2026-09-24 周四 VR Queen Street Auckland Booking.com NZ$86 (4家)  4.6s  ***低价***
2026-09-18 14:43:45  [56/261] 2026-09-24 周四 VR Auckland City         Super.com NZ$86 (2家)  4.5s  ***低价***
2026-09-18 14:43:52  [57/261] 2026-09-24 周四 Shakespeare Hotel Auckla Official site NZ$81 (4家)  4.9s  ***低价***
2026-09-18 14:43:59  [58/261] 2026-09-24 周四 Auckland City Hotel      Booking.com NZ$91 (4家)  5.1s  ***低价***
2026-09-18 14:44:05  [59/261] 2026-09-24 周四 ibis budget Auckland Cen Booking.com NZ$80 (4家)  4.8s  ***低价***
2026-09-18 14:44:12  [60/261] 2026-09-24 周四 The Quadrant Hotel & Sui Booking.com NZ$89 (4家)  4.7s  ***低价***
2026-09-18 14:44:19  [61/261] 2026-09-24 周四 Copthorne Hotel Auckland Official site NZ$121 (3家)  5.2s
2026-09-18 14:44:24  [62/261] 2026-09-24 周四 Albion Hotel Auckland    Bluepillow NZ$87 (3家)  3.1s  ***低价***
2026-09-18 14:44:31  [63/261] 2026-09-24 周四 Ascotia Off Queen Auckla Booking.com NZ$64 (3家)  5.0s  ***低价***
2026-09-18 14:44:39  [64/261] 2026-09-25 周五 VR Queen Street Auckland Wotif NZ$113 (5家)  5.1s
2026-09-18 14:44:45  [65/261] 2026-09-25 周五 VR Auckland City         Wotif NZ$88 (3家)  4.6s  ***低价***
2026-09-18 14:44:50  [66/261] 2026-09-25 Shakespeare Hotel Auckland: 无报价 (2.9s)
2026-09-18 14:44:54  [67/261] 2026-09-25 周五 Auckland City Hotel      Wotif NZ$209 (5家)  4.4s
2026-09-18 14:45:02  [68/261] 2026-09-25 周五 ibis budget Auckland Cen Wotif NZ$98 (4家)  5.1s  ***低价***
2026-09-18 14:45:08  [69/261] 2026-09-25 周五 The Quadrant Hotel & Sui Wotif NZ$224 (4家)  4.8s
2026-09-18 14:45:15  [70/261] 2026-09-25 周五 Copthorne Hotel Auckland Hotels.com NZ$216 (3家)  5.0s
2026-09-18 14:45:20  [71/261] 2026-09-25 周五 Albion Hotel Auckland    Super.com NZ$100 (3家)  2.8s
2026-09-18 14:45:27  [72/261] 2026-09-25 周五 Ascotia Off Queen Auckla Wotif NZ$125 (3家)  4.7s
2026-09-18 14:45:34  [73/261] 2026-09-26 周六 VR Queen Street Auckland Wotif NZ$118 (4家)  5.0s
2026-09-18 14:45:40  [74/261] 2026-09-26 周六 VR Auckland City         Booking.com NZ$88 (2家)  4.4s  ***低价***
2026-09-18 14:45:48  [75/261] 2026-09-26 周六 Shakespeare Hotel Auckla Booking.com NZ$72 (4家)  5.4s  ***低价***
2026-09-18 14:45:52  [76/261] 2026-09-26 周六 Auckland City Hotel      Super.com NZ$106 (4家)  2.9s
2026-09-18 14:45:59  [77/261] 2026-09-26 周六 ibis budget Auckland Cen Wotif NZ$101 (4家)  4.6s
2026-09-18 14:46:04  [78/261] 2026-09-26 周六 The Quadrant Hotel & Sui Super.com NZ$104 (4家)  3.0s
2026-09-18 14:46:11  [79/261] 2026-09-26 周六 Copthorne Hotel Auckland Booking.com NZ$172 (3家)  4.5s
2026-09-18 14:46:17  [80/261] 2026-09-26 周六 Albion Hotel Auckland    Booking.com NZ$105 (4家)  4.8s
2026-09-18 14:46:24  [81/261] 2026-09-26 周六 Ascotia Off Queen Auckla Wotif NZ$126 (3家)  4.8s
2026-09-18 14:46:31  [82/261] 2026-09-27 周日 VR Queen Street Auckland Booking.com NZ$92 (4家)  4.9s  ***低价***
2026-09-18 14:46:38  [83/261] 2026-09-27 周日 VR Auckland City         Super.com NZ$110 (3家)  5.0s
2026-09-18 14:46:45  [84/261] 2026-09-27 周日 Shakespeare Hotel Auckla Booking.com NZ$77 (5家)  5.3s  ***低价***
2026-09-18 14:46:52  [85/261] 2026-09-27 周日 Auckland City Hotel      Official site NZ$96 (5家)  4.9s  ***低价***
2026-09-18 14:46:57  [86/261] 2026-09-27 周日 ibis budget Auckland Cen Super.com NZ$78 (4家)  3.0s  ***低价***
2026-09-18 14:47:04  [87/261] 2026-09-27 周日 The Quadrant Hotel & Sui Official site NZ$93 (5家)  5.1s  ***低价***
2026-09-18 14:47:11  [88/261] 2026-09-27 周日 Copthorne Hotel Auckland Official site NZ$130 (5家)  4.7s
2026-09-18 14:47:18  [89/261] 2026-09-27 周日 Albion Hotel Auckland    Official site NZ$78 (4家)  4.7s  ***低价***
2026-09-18 14:47:24  [90/261] 2026-09-27 周日 Ascotia Off Queen Auckla Booking.com NZ$87 (4家)  4.9s  ***低价***
2026-09-18 14:47:31  [91/261] 2026-09-28 周一 VR Queen Street Auckland Official site NZ$91 (3家)  4.9s  ***低价***
2026-09-18 14:47:38  [92/261] 2026-09-28 周一 VR Auckland City         Booking.com NZ$74 (2家)  5.0s  ***低价***
2026-09-18 14:47:45  [93/261] 2026-09-28 周一 Shakespeare Hotel Auckla Booking.com NZ$74 (4家)  4.8s  ***低价***
2026-09-18 14:47:52  [94/261] 2026-09-28 周一 Auckland City Hotel      Official site NZ$91 (4家)  4.8s  ***低价***
2026-09-18 14:47:59  [95/261] 2026-09-28 周一 ibis budget Auckland Cen Official site NZ$76 (3家)  4.8s  ***低价***
2026-09-18 14:48:05  [96/261] 2026-09-28 周一 The Quadrant Hotel & Sui Booking.com NZ$85 (4家)  4.7s  ***低价***
2026-09-18 14:48:12  [97/261] 2026-09-28 周一 Copthorne Hotel Auckland Official site NZ$104 (3家)  4.5s
2026-09-18 14:48:19  [98/261] 2026-09-28 周一 Albion Hotel Auckland    Official site NZ$77 (3家)  4.9s  ***低价***
2026-09-18 14:48:25  [99/261] 2026-09-28 周一 Ascotia Off Queen Auckla Official site NZ$65 (4家)  4.6s  ***低价***
2026-09-18 14:48:32  [100/261] 2026-09-29 周二 VR Queen Street Auckland Booking.com NZ$90 (4家)  4.8s  ***低价***
2026-09-18 14:48:39  [101/261] 2026-09-29 周二 VR Auckland City         Super.com NZ$86 (2家)  5.1s  ***低价***
2026-09-18 14:48:47  [102/261] 2026-09-29 周二 Shakespeare Hotel Auckla Official site NZ$79 (4家)  5.4s  ***低价***
2026-09-18 14:48:54  [103/261] 2026-09-29 周二 Auckland City Hotel      Booking.com NZ$92 (4家)  5.1s  ***低价***
2026-09-18 14:49:01  [104/261] 2026-09-29 周二 ibis budget Auckland Cen Official site NZ$75 (4家)  5.0s  ***低价***
2026-09-18 14:49:08  [105/261] 2026-09-29 周二 The Quadrant Hotel & Sui Official site NZ$86 (4家)  5.0s  ***低价***
2026-09-18 14:49:15  [106/261] 2026-09-29 周二 Copthorne Hotel Auckland Official site NZ$114 (4家)  4.9s
2026-09-18 14:49:21  [107/261] 2026-09-29 周二 Albion Hotel Auckland    Official site NZ$76 (3家)  4.7s  ***低价***
2026-09-18 14:49:28  [108/261] 2026-09-29 周二 Ascotia Off Queen Auckla Official site NZ$64 (4家)  4.5s  ***低价***
2026-09-18 14:49:34  [109/261] 2026-09-30 周三 VR Queen Street Auckland Booking.com NZ$97 (4家)  4.5s  ***低价***
2026-09-18 14:49:41  [110/261] 2026-09-30 周三 VR Auckland City         Booking.com NZ$84 (2家)  4.5s  ***低价***
2026-09-18 14:49:48  [111/261] 2026-09-30 周三 Shakespeare Hotel Auckla Official site NZ$78 (4家)  5.0s  ***低价***
2026-09-18 14:49:55  [112/261] 2026-09-30 周三 Auckland City Hotel      Booking.com NZ$91 (4家)  4.8s  ***低价***
2026-09-18 14:50:02  [113/261] 2026-09-30 周三 ibis budget Auckland Cen Wotif NZ$76 (5家)  4.9s  ***低价***
2026-09-18 14:50:08  [114/261] 2026-09-30 周三 The Quadrant Hotel & Sui Wotif NZ$89 (5家)  4.5s  ***低价***
2026-09-18 14:50:15  [115/261] 2026-09-30 周三 Copthorne Hotel Auckland Booking.com NZ$114 (3家)  4.6s
2026-09-18 14:50:21  [116/261] 2026-09-30 周三 Albion Hotel Auckland    Booking.com NZ$77 (4家)  4.5s  ***低价***
2026-09-18 14:50:28  [117/261] 2026-09-30 周三 Ascotia Off Queen Auckla Booking.com NZ$67 (3家)  5.0s  ***低价***
2026-09-18 14:50:35  [118/261] 2026-10-01 周四 VR Queen Street Auckland Wotif NZ$96 (5家)  5.2s  ***低价***
2026-09-18 14:50:43  [119/261] 2026-10-01 周四 VR Auckland City         Wotif NZ$84 (3家)  5.4s  ***低价***
2026-09-18 14:50:50  [120/261] 2026-10-01 周四 Shakespeare Hotel Auckla Wotif NZ$88 (5家)  4.9s  ***低价***
2026-09-18 14:50:57  [121/261] 2026-10-01 周四 Auckland City Hotel      Booking.com NZ$95 (4家)  5.1s  ***低价***
2026-09-18 14:51:04  [122/261] 2026-10-01 周四 ibis budget Auckland Cen Booking.com NZ$90 (3家)  4.7s  ***低价***
2026-09-18 14:51:11  [123/261] 2026-10-01 周四 The Quadrant Hotel & Sui Booking.com NZ$109 (4家)  5.3s
2026-09-18 14:51:17  [124/261] 2026-10-01 周四 Copthorne Hotel Auckland Wotif NZ$113 (5家)  4.5s
2026-09-18 14:51:24  [125/261] 2026-10-01 周四 Albion Hotel Auckland    Wotif NZ$94 (4家)  5.1s  ***低价***
2026-09-18 14:51:31  [126/261] 2026-10-01 周四 Ascotia Off Queen Auckla Wotif NZ$88 (4家)  5.1s  ***低价***
2026-09-18 14:51:38  [127/261] 2026-10-02 周五 VR Queen Street Auckland Official site NZ$116 (4家)  4.7s
2026-09-18 14:51:45  [128/261] 2026-10-02 周五 VR Auckland City         Booking.com NZ$113 (2家)  5.0s
2026-09-18 14:51:52  [129/261] 2026-10-02 周五 Shakespeare Hotel Auckla Official site NZ$94 (4家)  5.2s  ***低价***
2026-09-18 14:51:57  [130/261] 2026-10-02 周五 Auckland City Hotel      Super.com NZ$97 (4家)  2.8s  ***低价***
2026-09-18 14:52:04  [131/261] 2026-10-02 周五 ibis budget Auckland Cen Official site NZ$103 (4家)  4.7s
2026-09-18 14:52:11  [132/261] 2026-10-02 周五 The Quadrant Hotel & Sui Booking.com NZ$111 (3家)  5.0s
2026-09-18 14:52:17  [133/261] 2026-10-02 周五 Copthorne Hotel Auckland Booking.com NZ$142 (4家)  4.7s
2026-09-18 14:52:22  [134/261] 2026-10-02 周五 Albion Hotel Auckland    Super.com NZ$115 (3家)  2.9s
2026-09-18 14:52:29  [135/261] 2026-10-02 周五 Ascotia Off Queen Auckla Booking.com NZ$94 (3家)  4.8s  ***低价***
2026-09-18 14:52:36  [136/261] 2026-10-03 周六 VR Queen Street Auckland Wotif NZ$120 (5家)  4.8s
2026-09-18 14:52:42  [137/261] 2026-10-03 周六 VR Auckland City         Booking.com NZ$102 (2家)  4.5s
2026-09-18 14:52:50  [138/261] 2026-10-03 周六 Shakespeare Hotel Auckla Wotif NZ$91 (5家)  5.3s  ***低价***
2026-09-18 14:52:57  [139/261] 2026-10-03 周六 Auckland City Hotel      Wotif NZ$112 (5家)  5.0s
2026-09-18 14:53:03  [140/261] 2026-10-03 周六 ibis budget Auckland Cen Wotif NZ$101 (4家)  4.6s
2026-09-18 14:53:10  [141/261] 2026-10-03 周六 The Quadrant Hotel & Sui Wotif NZ$127 (5家)  4.6s
2026-09-18 14:53:17  [142/261] 2026-10-03 周六 Copthorne Hotel Auckland Wotif NZ$155 (4家)  4.9s
2026-09-18 14:53:24  [143/261] 2026-10-03 周六 Albion Hotel Auckland    Wotif NZ$114 (4家)  4.8s
2026-09-18 14:53:31  [144/261] 2026-10-03 周六 Ascotia Off Queen Auckla Official site NZ$88 (3家)  5.3s  ***低价***
2026-09-18 14:53:38  [145/261] 2026-10-04 周日 VR Queen Street Auckland Booking.com NZ$90 (4家)  4.7s  ***低价***
2026-09-18 14:53:44  [146/261] 2026-10-04 周日 VR Auckland City         Super.com NZ$106 (2家)  4.7s
2026-09-18 14:53:52  [147/261] 2026-10-04 周日 Shakespeare Hotel Auckla Booking.com NZ$93 (4家)  5.6s  ***低价***
2026-09-18 14:53:59  [148/261] 2026-10-04 周日 Auckland City Hotel      Official site NZ$104 (4家)  5.0s
2026-09-18 14:54:06  [149/261] 2026-10-04 周日 ibis budget Auckland Cen Booking.com NZ$86 (3家)  4.7s  ***低价***
2026-09-18 14:54:13  [150/261] 2026-10-04 周日 The Quadrant Hotel & Sui Official site NZ$96 (4家)  5.3s  ***低价***
2026-09-18 14:54:20  [151/261] 2026-10-04 周日 Copthorne Hotel Auckland Booking.com NZ$112 (4家)  4.9s
2026-09-18 14:54:27  [152/261] 2026-10-04 周日 Albion Hotel Auckland    Official site NZ$77 (4家)  5.7s  ***低价***
2026-09-18 14:54:34  [153/261] 2026-10-04 周日 Ascotia Off Queen Auckla Booking.com NZ$80 (3家)  4.6s  ***低价***
2026-09-18 14:54:41  [154/261] 2026-10-05 周一 VR Queen Street Auckland Official site NZ$90 (4家)  4.6s  ***低价***
2026-09-18 14:54:47  [155/261] 2026-10-05 周一 VR Auckland City         Super.com NZ$110 (2家)  4.5s
2026-09-18 14:54:55  [156/261] 2026-10-05 周一 Shakespeare Hotel Auckla Official site NZ$93 (4家)  6.0s  ***低价***
2026-09-18 14:55:02  [157/261] 2026-10-05 周一 Auckland City Hotel      Official site NZ$97 (4家)  5.3s  ***低价***
2026-09-18 14:55:09  [158/261] 2026-10-05 周一 ibis budget Auckland Cen Official site NZ$77 (3家)  4.7s  ***低价***
2026-09-18 14:55:16  [159/261] 2026-10-05 周一 The Quadrant Hotel & Sui Official site NZ$92 (4家)  4.7s  ***低价***
2026-09-18 14:55:23  [160/261] 2026-10-05 周一 Copthorne Hotel Auckland Official site NZ$111 (3家)  4.9s
2026-09-18 14:55:30  [161/261] 2026-10-05 周一 Albion Hotel Auckland    Wotif NZ$78 (5家)  5.6s  ***低价***
2026-09-18 14:55:37  [162/261] 2026-10-05 周一 Ascotia Off Queen Auckla Wotif NZ$80 (4家)  4.5s  ***低价***
2026-09-18 14:55:44  [163/261] 2026-10-06 周二 VR Queen Street Auckland Official site NZ$89 (4家)  5.2s  ***低价***
2026-09-18 14:55:50  [164/261] 2026-10-06 周二 VR Auckland City         Super.com NZ$107 (2家)  4.3s
2026-09-18 14:55:57  [165/261] 2026-10-06 周二 Shakespeare Hotel Auckla Official site NZ$92 (4家)  4.8s  ***低价***
2026-09-18 14:56:04  [166/261] 2026-10-06 周二 Auckland City Hotel      Official site NZ$106 (4家)  4.6s
2026-09-18 14:56:11  [167/261] 2026-10-06 周二 ibis budget Auckland Cen Official site NZ$80 (3家)  5.2s  ***低价***
2026-09-18 14:56:18  [168/261] 2026-10-06 周二 The Quadrant Hotel & Sui Official site NZ$94 (4家)  4.7s  ***低价***
2026-09-18 14:56:24  [169/261] 2026-10-06 周二 Copthorne Hotel Auckland Official site NZ$111 (3家)  4.5s
2026-09-18 14:56:31  [170/261] 2026-10-06 周二 Albion Hotel Auckland    Official site NZ$76 (3家)  4.9s  ***低价***
2026-09-18 14:56:37  [171/261] 2026-10-06 周二 Ascotia Off Queen Auckla Official site NZ$79 (4家)  4.5s  ***低价***
2026-09-18 14:56:44  [172/261] 2026-10-07 周三 VR Queen Street Auckland Wotif NZ$85 (5家)  4.6s  ***低价***
2026-09-18 14:56:51  [173/261] 2026-10-07 周三 VR Auckland City         Wotif NZ$84 (3家)  4.5s  ***低价***
2026-09-18 14:56:57  [174/261] 2026-10-07 周三 Shakespeare Hotel Auckla Official site NZ$95 (4家)  4.7s  ***低价***
2026-09-18 14:57:04  [175/261] 2026-10-07 周三 Auckland City Hotel      Wotif NZ$108 (5家)  4.6s
2026-09-18 14:57:11  [176/261] 2026-10-07 周三 ibis budget Auckland Cen Wotif NZ$74 (3家)  4.7s  ***低价***
2026-09-18 14:57:17  [177/261] 2026-10-07 周三 The Quadrant Hotel & Sui Official site NZ$95 (4家)  4.7s  ***低价***
2026-09-18 14:57:24  [178/261] 2026-10-07 周三 Copthorne Hotel Auckland Official site NZ$112 (3家)  4.7s
2026-09-18 14:57:32  [179/261] 2026-10-07 周三 Albion Hotel Auckland    Official site NZ$77 (3家)  5.6s  ***低价***
2026-09-18 14:57:38  [180/261] 2026-10-07 周三 Ascotia Off Queen Auckla Official site NZ$96 (3家)  4.7s  ***低价***
2026-09-18 14:57:45  [181/261] 2026-10-08 周四 VR Queen Street Auckland Official site NZ$113 (3家)  4.9s
2026-09-18 14:57:52  [182/261] 2026-10-08 周四 VR Auckland City         Booking.com NZ$84 (2家)  4.8s  ***低价***
2026-09-18 14:57:59  [183/261] 2026-10-08 周四 Shakespeare Hotel Auckla Official site NZ$88 (4家)  4.7s  ***低价***
2026-09-18 14:58:06  [184/261] 2026-10-08 周四 Auckland City Hotel      Booking.com NZ$113 (4家)  5.1s
2026-09-18 14:58:13  [185/261] 2026-10-08 周四 ibis budget Auckland Cen Official site NZ$97 (3家)  4.8s  ***低价***
2026-09-18 14:58:20  [186/261] 2026-10-08 周四 The Quadrant Hotel & Sui Booking.com NZ$98 (3家)  5.7s  ***低价***
2026-09-18 14:58:25  [187/261] 2026-10-08 周四 Copthorne Hotel Auckland Super.com NZ$115 (3家)  3.0s
2026-09-18 14:58:33  [188/261] 2026-10-08 周四 Albion Hotel Auckland    Official site NZ$95 (3家)  5.4s  ***低价***
2026-09-18 14:58:39  [189/261] 2026-10-08 周四 Ascotia Off Queen Auckla Official site NZ$96 (3家)  4.6s  ***低价***
2026-09-18 14:58:46  [190/261] 2026-10-09 周五 VR Queen Street Auckland Official site NZ$223 (4家)  4.7s
2026-09-18 14:58:53  [191/261] 2026-10-09 周五 VR Auckland City         Super.com NZ$255 (2家)  4.5s
2026-09-18 14:58:59  [192/261] 2026-10-09 周五 Shakespeare Hotel Auckla Booking.com NZ$275 (1家)  4.8s
2026-09-18 14:59:06  [193/261] 2026-10-09 周五 Auckland City Hotel      Booking.com NZ$160 (4家)  5.0s
2026-09-18 14:59:13  [194/261] 2026-10-09 周五 ibis budget Auckland Cen Official site NZ$183 (3家)  4.6s
2026-09-18 14:59:20  [195/261] 2026-10-09 周五 The Quadrant Hotel & Sui Official site NZ$215 (3家)  5.0s
2026-09-18 14:59:27  [196/261] 2026-10-09 周五 Copthorne Hotel Auckland Booking.com NZ$275 (3家)  5.0s
2026-09-18 14:59:34  [197/261] 2026-10-09 周五 Albion Hotel Auckland    Official site NZ$138 (4家)  5.3s
2026-09-18 14:59:41  [198/261] 2026-10-09 周五 Ascotia Off Queen Auckla Official site NZ$127 (3家)  4.9s
2026-09-18 14:59:48  [199/261] 2026-10-10 周六 VR Queen Street Auckland Wotif NZ$237 (5家)  5.3s
2026-09-18 14:59:55  [200/261] 2026-10-10 周六 VR Auckland City         Super.com NZ$472 (2家)  4.5s
2026-09-18 15:00:00  [201/261] 2026-10-10 Shakespeare Hotel Auckland: 无报价 (2.8s)
2026-09-18 15:00:05  [202/261] 2026-10-10 周六 Auckland City Hotel      Wotif NZ$227 (4家)  4.9s
2026-09-18 15:00:11  [203/261] 2026-10-10 周六 ibis budget Auckland Cen Wotif NZ$232 (4家)  4.7s
2026-09-18 15:00:18  [204/261] 2026-10-10 周六 The Quadrant Hotel & Sui Booking.com NZ$258 (3家)  4.8s
2026-09-18 15:00:23  [205/261] 2026-10-10 周六 Copthorne Hotel Auckland Super.com NZ$298 (3家)  2.8s
2026-09-18 15:00:31  [206/261] 2026-10-10 周六 Albion Hotel Auckland    Wotif NZ$196 (4家)  5.7s
2026-09-18 15:00:37  [207/261] 2026-10-10 周六 Ascotia Off Queen Auckla Wotif NZ$163 (3家)  4.8s
2026-09-18 15:00:44  [208/261] 2026-10-11 周日 VR Queen Street Auckland Hotels.com NZ$97 (4家)  4.6s  ***低价***
2026-09-18 15:00:51  [209/261] 2026-10-11 周日 VR Auckland City         Hotels.com NZ$84 (3家)  4.5s  ***低价***
2026-09-18 15:00:57  [210/261] 2026-10-11 周日 Shakespeare Hotel Auckla Hotels.com NZ$91 (4家)  5.0s  ***低价***
2026-09-18 15:01:04  [211/261] 2026-10-11 周日 Auckland City Hotel      Hotels.com NZ$101 (5家)  4.9s
2026-09-18 15:01:10  [212/261] 2026-10-11 周日 ibis budget Auckland Cen Official site NZ$77 (3家)  4.0s  ***低价***
2026-09-18 15:01:17  [213/261] 2026-10-11 周日 The Quadrant Hotel & Sui Hotels.com NZ$87 (5家)  4.7s  ***低价***
2026-09-18 15:01:24  [214/261] 2026-10-11 周日 Copthorne Hotel Auckland Hotels.com NZ$102 (4家)  4.8s
2026-09-18 15:01:31  [215/261] 2026-10-11 周日 Albion Hotel Auckland    Official site NZ$77 (3家)  5.7s  ***低价***
2026-09-18 15:01:38  [216/261] 2026-10-11 周日 Ascotia Off Queen Auckla Official site NZ$88 (3家)  4.7s  ***低价***
2026-09-18 15:01:45  [217/261] 2026-10-12 周一 VR Queen Street Auckland Official site NZ$97 (4家)  4.7s  ***低价***
2026-09-18 15:01:51  [218/261] 2026-10-12 周一 VR Auckland City         Wotif NZ$84 (3家)  4.5s  ***低价***
2026-09-18 15:01:58  [219/261] 2026-10-12 周一 Shakespeare Hotel Auckla Wotif NZ$89 (5家)  4.5s  ***低价***
2026-09-18 15:02:05  [220/261] 2026-10-12 周一 Auckland City Hotel      Official site NZ$100 (4家)  4.7s
2026-09-18 15:02:12  [221/261] 2026-10-12 周一 ibis budget Auckland Cen Wotif NZ$86 (4家)  5.1s  ***低价***
2026-09-18 15:02:19  [222/261] 2026-10-12 周一 The Quadrant Hotel & Sui Hotels.com NZ$74 (5家)  5.4s  ***低价***
2026-09-18 15:02:26  [223/261] 2026-10-12 周一 Copthorne Hotel Auckland Hotels.com NZ$102 (4家)  4.8s
2026-09-18 15:02:33  [224/261] 2026-10-12 周一 Albion Hotel Auckland    Hotels.com NZ$79 (4家)  4.7s  ***低价***
2026-09-18 15:02:40  [225/261] 2026-10-12 周一 Ascotia Off Queen Auckla Wotif NZ$87 (4家)  5.0s  ***低价***
2026-09-18 15:02:46  [226/261] 2026-10-13 周二 VR Queen Street Auckland Wotif NZ$97 (5家)  4.8s  ***低价***
2026-09-18 15:02:51  [227/261] 2026-10-13 周二 VR Auckland City         Super.com NZ$92 (2家)  3.0s  ***低价***
2026-09-18 15:02:58  [228/261] 2026-10-13 周二 Shakespeare Hotel Auckla Booking.com NZ$83 (4家)  4.2s  ***低价***
2026-09-18 15:03:04  [229/261] 2026-10-13 周二 Auckland City Hotel      Official site NZ$100 (4家)  4.8s
2026-09-18 15:03:11  [230/261] 2026-10-13 周二 ibis budget Auckland Cen Wotif NZ$84 (4家)  4.6s  ***低价***
2026-09-18 15:03:18  [231/261] 2026-10-13 周二 The Quadrant Hotel & Sui Booking.com NZ$93 (4家)  4.9s  ***低价***
2026-09-18 15:03:25  [232/261] 2026-10-13 周二 Copthorne Hotel Auckland Booking.com NZ$119 (3家)  4.9s
2026-09-18 15:03:31  [233/261] 2026-10-13 周二 Albion Hotel Auckland    Official site NZ$80 (3家)  4.5s  ***低价***
2026-09-18 15:03:38  [234/261] 2026-10-13 周二 Ascotia Off Queen Auckla Booking.com NZ$88 (3家)  4.5s  ***低价***
2026-09-18 15:03:44  [235/261] 2026-10-14 周三 VR Queen Street Auckland Wotif NZ$95 (5家)  4.7s  ***低价***
2026-09-18 15:03:52  [236/261] 2026-10-14 周三 VR Auckland City         Super.com NZ$95 (2家)  5.3s  ***低价***
2026-09-18 15:03:58  [237/261] 2026-10-14 周三 Shakespeare Hotel Auckla Booking.com NZ$98 (4家)  4.7s  ***低价***
2026-09-18 15:04:05  [238/261] 2026-10-14 周三 Auckland City Hotel      Official site NZ$98 (4家)  4.6s  ***低价***
2026-09-18 15:04:12  [239/261] 2026-10-14 周三 ibis budget Auckland Cen Wotif NZ$80 (4家)  4.6s  ***低价***
2026-09-18 15:04:18  [240/261] 2026-10-14 周三 The Quadrant Hotel & Sui Wotif NZ$90 (5家)  4.6s  ***低价***
2026-09-18 15:04:25  [241/261] 2026-10-14 周三 Copthorne Hotel Auckland Official site NZ$107 (3家)  4.7s
2026-09-18 15:04:32  [242/261] 2026-10-14 周三 Albion Hotel Auckland    Wotif NZ$77 (4家)  4.5s  ***低价***
2026-09-18 15:04:38  [243/261] 2026-10-14 周三 Ascotia Off Queen Auckla Wotif NZ$89 (5家)  4.7s  ***低价***
2026-09-18 15:04:45  [244/261] 2026-10-15 周四 VR Queen Street Auckland Wotif NZ$96 (5家)  4.5s  ***低价***
2026-09-18 15:04:52  [245/261] 2026-10-15 周四 VR Auckland City         Super.com NZ$97 (2家)  5.0s  ***低价***
2026-09-18 15:04:58  [246/261] 2026-10-15 周四 Shakespeare Hotel Auckla Wotif NZ$87 (5家)  4.8s  ***低价***
2026-09-18 15:05:05  [247/261] 2026-10-15 周四 Auckland City Hotel      Wotif NZ$99 (5家)  4.9s  ***低价***
2026-09-18 15:05:12  [248/261] 2026-10-15 周四 ibis budget Auckland Cen Wotif NZ$87 (4家)  4.7s  ***低价***
2026-09-18 15:05:19  [249/261] 2026-10-15 周四 The Quadrant Hotel & Sui Wotif NZ$93 (5家)  4.7s  ***低价***
2026-09-18 15:05:25  [250/261] 2026-10-15 周四 Copthorne Hotel Auckland Wotif NZ$105 (4家)  4.7s
2026-09-18 15:05:32  [251/261] 2026-10-15 周四 Albion Hotel Auckland    Wotif NZ$95 (4家)  4.5s  ***低价***
2026-09-18 15:05:39  [252/261] 2026-10-15 周四 Ascotia Off Queen Auckla Wotif NZ$87 (4家)  4.6s  ***低价***
2026-09-18 15:05:46  [253/261] 2026-10-16 周五 VR Queen Street Auckland Hotels.com NZ$136 (4家)  5.1s
2026-09-18 15:05:52  [254/261] 2026-10-16 周五 VR Auckland City         Wotif NZ$102 (3家)  4.6s
2026-09-18 15:05:59  [255/261] 2026-10-16 周五 Shakespeare Hotel Auckla Hotels.com NZ$86 (4家)  4.7s  ***低价***
2026-09-18 15:06:06  [256/261] 2026-10-16 周五 Auckland City Hotel      Hotels.com NZ$138 (5家)  4.8s
2026-09-18 15:06:12  [257/261] 2026-10-16 周五 ibis budget Auckland Cen Booking.com NZ$134 (3家)  4.7s
2026-09-18 15:06:20  [258/261] 2026-10-16 周五 The Quadrant Hotel & Sui Wotif NZ$147 (5家)  5.3s
2026-09-18 15:06:24  [259/261] 2026-10-16 周五 Copthorne Hotel Auckland Super.com NZ$156 (3家)  2.7s
2026-09-18 15:06:31  [260/261] 2026-10-16 周五 Albion Hotel Auckland    Wotif NZ$115 (4家)  4.7s
2026-09-18 15:06:38  [261/261] 2026-10-16 周五 Ascotia Off Queen Auckla Hotels.com NZ$132 (3家)  4.6s
2026-09-18 15:06:40  ===== 第 8 轮结束: 成功 257 / 异常 4, 用时 29.0 分钟, 平均抓取 4.7s =====
2026-09-18 15:06:40  报告已刷新: Y:\12\auckland-hotel-watch\local\data\overnight_report.md
2026-09-18 15:06:41  看板已重建: auckland_rates.html
2026-09-18 15:06:41  休息 1 分钟, 下一轮约 15:07
2026-09-18 15:07:41  ===== 第 9 轮开始, 共 261 个目标 =====
2026-09-18 15:07:45  [1/261] 2026-09-18 VR Queen Street Auckland: 无报价 (3.3s)
2026-09-18 15:07:48  [2/261] 2026-09-18 周五 VR Auckland City         Super.com NZ$117 (1家)  3.1s
2026-09-18 15:07:56  [3/261] 2026-09-18 周五 Shakespeare Hotel Auckla Super.com NZ$77 (4家)  6.2s  ***低价***
2026-09-18 15:08:01  [4/261] 2026-09-18 周五 Auckland City Hotel      Super.com NZ$91 (4家)  2.6s  ***低价***
2026-09-18 15:08:09  [5/261] 2026-09-18 周五 ibis budget Auckland Cen Official site NZ$152 (2家)  5.8s
2026-09-18 15:08:16  [6/261] 2026-09-18 周五 The Quadrant Hotel & Sui Trip.com NZ$167 (3家)  5.3s
2026-09-18 15:08:23  [7/261] 2026-09-18 周五 Copthorne Hotel Auckland Super.com NZ$131 (2家)  5.0s
2026-09-18 15:08:30  [8/261] 2026-09-18 周五 Albion Hotel Auckland    Super.com NZ$78 (4家)  4.8s  ***低价***
2026-09-18 15:08:34  [9/261] 2026-09-18 Ascotia Off Queen Auckland: 无报价 (2.7s)
2026-09-18 15:08:40  [10/261] 2026-09-19 周六 VR Queen Street Auckland Super.com NZ$177 (2家)  5.2s
2026-09-18 15:08:46  [11/261] 2026-09-19 周六 VR Auckland City         Super.com NZ$129 (1家)  4.8s
2026-09-18 15:08:53  [12/261] 2026-09-19 周六 Shakespeare Hotel Auckla Super.com NZ$79 (4家)  4.9s  ***低价***
2026-09-18 15:09:01  [13/261] 2026-09-19 周六 Auckland City Hotel      Super.com NZ$85 (4家)  5.2s  ***低价***
2026-09-18 15:09:07  [14/261] 2026-09-19 周六 ibis budget Auckland Cen Super.com NZ$95 (3家)  4.8s  ***低价***
2026-09-18 15:09:14  [15/261] 2026-09-19 周六 The Quadrant Hotel & Sui Super.com NZ$128 (4家)  4.6s
2026-09-18 15:09:21  [16/261] 2026-09-19 周六 Copthorne Hotel Auckland Super.com NZ$130 (3家)  4.9s
2026-09-18 15:09:28  [17/261] 2026-09-19 周六 Albion Hotel Auckland    Super.com NZ$82 (4家)  4.7s  ***低价***
2026-09-18 15:09:34  [18/261] 2026-09-19 周六 Ascotia Off Queen Auckla Super.com NZ$78 (4家)  4.5s  ***低价***
2026-09-18 15:09:41  [19/261] 2026-09-20 周日 VR Queen Street Auckland Super.com NZ$88 (2家)  4.5s  ***低价***
2026-09-18 15:09:47  [20/261] 2026-09-20 周日 VR Auckland City         Super.com NZ$86 (1家)  4.9s  ***低价***
2026-09-18 15:09:54  [21/261] 2026-09-20 周日 Shakespeare Hotel Auckla Super.com NZ$80 (4家)  4.5s  ***低价***
2026-09-18 15:10:01  [22/261] 2026-09-20 周日 Auckland City Hotel      Super.com NZ$85 (4家)  4.8s  ***低价***
2026-09-18 15:10:08  [23/261] 2026-09-20 周日 ibis budget Auckland Cen Super.com NZ$85 (4家)  4.8s  ***低价***
2026-09-18 15:10:13  [24/261] 2026-09-20 周日 The Quadrant Hotel & Sui Super.com NZ$131 (4家)  3.0s
2026-09-18 15:10:20  [25/261] 2026-09-20 周日 Copthorne Hotel Auckland Super.com NZ$110 (3家)  4.9s
2026-09-18 15:10:27  [26/261] 2026-09-20 周日 Albion Hotel Auckland    Super.com NZ$78 (3家)  5.7s  ***低价***
2026-09-18 15:10:34  [27/261] 2026-09-20 周日 Ascotia Off Queen Auckla Super.com NZ$65 (4家)  4.7s  ***低价***
2026-09-18 15:10:41  [28/261] 2026-09-21 周一 VR Queen Street Auckland Official site NZ$85 (1家)  4.8s  ***低价***
2026-09-18 15:10:47  [29/261] 2026-09-21 周一 VR Auckland City         Super.com NZ$89 (1家)  4.5s  ***低价***
2026-09-18 15:10:54  [30/261] 2026-09-21 周一 Shakespeare Hotel Auckla Super.com NZ$76 (4家)  4.7s  ***低价***
2026-09-18 15:11:01  [31/261] 2026-09-21 周一 Auckland City Hotel      Super.com NZ$90 (4家)  4.6s  ***低价***
2026-09-18 15:11:08  [32/261] 2026-09-21 周一 ibis budget Auckland Cen Super.com NZ$75 (4家)  4.8s  ***低价***
2026-09-18 15:11:15  [33/261] 2026-09-21 周一 The Quadrant Hotel & Sui Super.com NZ$97 (4家)  5.4s  ***低价***
2026-09-18 15:11:22  [34/261] 2026-09-21 周一 Copthorne Hotel Auckland Super.com NZ$106 (3家)  4.7s
2026-09-18 15:11:29  [35/261] 2026-09-21 周一 Albion Hotel Auckland    Super.com NZ$78 (3家)  5.2s  ***低价***
2026-09-18 15:11:36  [36/261] 2026-09-21 周一 Ascotia Off Queen Auckla Super.com NZ$65 (3家)  4.7s  ***低价***
2026-09-18 15:11:40  [37/261] 2026-09-22 周二 VR Queen Street Auckland Super.com NZ$82 (2家)  2.8s  ***低价***
2026-09-18 15:11:47  [38/261] 2026-09-22 周二 VR Auckland City         Super.com NZ$87 (1家)  4.6s  ***低价***
2026-09-18 15:11:54  [39/261] 2026-09-22 周二 Shakespeare Hotel Auckla Super.com NZ$80 (4家)  5.1s  ***低价***
2026-09-18 15:12:01  [40/261] 2026-09-22 周二 Auckland City Hotel      Super.com NZ$94 (4家)  4.5s  ***低价***
2026-09-18 15:12:07  [41/261] 2026-09-22 周二 ibis budget Auckland Cen Super.com NZ$86 (4家)  4.7s  ***低价***
2026-09-18 15:12:14  [42/261] 2026-09-22 周二 The Quadrant Hotel & Sui Super.com NZ$148 (3家)  4.7s
2026-09-18 15:12:21  [43/261] 2026-09-22 周二 Copthorne Hotel Auckland Super.com NZ$116 (3家)  4.6s
2026-09-18 15:12:27  [44/261] 2026-09-22 周二 Albion Hotel Auckland    Super.com NZ$77 (4家)  4.7s  ***低价***
2026-09-18 15:12:34  [45/261] 2026-09-22 周二 Ascotia Off Queen Auckla Super.com NZ$73 (4家)  4.7s  ***低价***
2026-09-18 15:12:39  [46/261] 2026-09-23 周三 VR Queen Street Auckland Super.com NZ$80 (2家)  3.0s  ***低价***
2026-09-18 15:12:46  [47/261] 2026-09-23 周三 VR Auckland City         Super.com NZ$93 (1家)  4.5s  ***低价***
2026-09-18 15:12:52  [48/261] 2026-09-23 周三 Shakespeare Hotel Auckla Super.com NZ$79 (4家)  4.7s  ***低价***
2026-09-18 15:12:59  [49/261] 2026-09-23 周三 Auckland City Hotel      Super.com NZ$112 (4家)  5.1s
2026-09-18 15:13:06  [50/261] 2026-09-23 周三 ibis budget Auckland Cen Super.com NZ$84 (4家)  4.8s  ***低价***
2026-09-18 15:13:13  [51/261] 2026-09-23 周三 The Quadrant Hotel & Sui Super.com NZ$90 (4家)  4.8s  ***低价***
2026-09-18 15:13:20  [52/261] 2026-09-23 周三 Copthorne Hotel Auckland Super.com NZ$123 (3家)  4.7s
2026-09-18 15:13:26  [53/261] 2026-09-23 周三 Albion Hotel Auckland    Super.com NZ$78 (4家)  4.6s  ***低价***
2026-09-18 15:13:33  [54/261] 2026-09-23 周三 Ascotia Off Queen Auckla Super.com NZ$68 (4家)  4.7s  ***低价***
2026-09-18 15:13:40  [55/261] 2026-09-24 周四 VR Queen Street Auckland Super.com NZ$86 (2家)  4.7s  ***低价***
2026-09-18 15:13:46  [56/261] 2026-09-24 周四 VR Auckland City         Super.com NZ$86 (1家)  4.5s  ***低价***
2026-09-18 15:13:53  [57/261] 2026-09-24 周四 Shakespeare Hotel Auckla Super.com NZ$81 (4家)  4.8s  ***低价***
2026-09-18 15:14:00  [58/261] 2026-09-24 周四 Auckland City Hotel      Super.com NZ$91 (4家)  4.9s  ***低价***
2026-09-18 15:14:07  [59/261] 2026-09-24 周四 ibis budget Auckland Cen Super.com NZ$80 (4家)  4.9s  ***低价***
2026-09-18 15:14:14  [60/261] 2026-09-24 周四 The Quadrant Hotel & Sui Super.com NZ$89 (4家)  4.7s  ***低价***
2026-09-18 15:14:20  [61/261] 2026-09-24 周四 Copthorne Hotel Auckland Super.com NZ$121 (3家)  4.6s
2026-09-18 15:14:27  [62/261] 2026-09-24 周四 Albion Hotel Auckland    Bluepillow NZ$87 (4家)  4.5s  ***低价***
2026-09-18 15:14:33  [63/261] 2026-09-24 周四 Ascotia Off Queen Auckla Super.com NZ$64 (4家)  4.7s  ***低价***
2026-09-18 15:14:40  [64/261] 2026-09-25 周五 VR Queen Street Auckland Super.com NZ$114 (2家)  4.5s
2026-09-18 15:14:47  [65/261] 2026-09-25 周五 VR Auckland City         Super.com NZ$139 (1家)  4.9s
2026-09-18 15:14:51  [66/261] 2026-09-25 Shakespeare Hotel Auckland: 无报价 (2.6s)
2026-09-18 15:14:56  [67/261] 2026-09-25 周五 Auckland City Hotel      Super.com NZ$205 (4家)  4.6s
2026-09-18 15:15:03  [68/261] 2026-09-25 周五 ibis budget Auckland Cen Super.com NZ$101 (3家)  4.7s
2026-09-18 15:15:09  [69/261] 2026-09-25 周五 The Quadrant Hotel & Sui Super.com NZ$221 (3家)  4.7s
2026-09-18 15:15:16  [70/261] 2026-09-25 周五 Copthorne Hotel Auckland Super.com NZ$206 (3家)  4.8s
2026-09-18 15:15:23  [71/261] 2026-09-25 周五 Albion Hotel Auckland    Super.com NZ$104 (4家)  4.6s
2026-09-18 15:15:29  [72/261] 2026-09-25 周五 Ascotia Off Queen Auckla Super.com NZ$125 (3家)  4.5s
2026-09-18 15:15:36  [73/261] 2026-09-26 周六 VR Queen Street Auckland Super.com NZ$121 (2家)  4.6s
2026-09-18 15:15:43  [74/261] 2026-09-26 周六 VR Auckland City         Super.com NZ$166 (1家)  4.7s
2026-09-18 15:15:49  [75/261] 2026-09-26 周六 Shakespeare Hotel Auckla Super.com NZ$72 (4家)  4.5s  ***低价***
2026-09-18 15:15:56  [76/261] 2026-09-26 周六 Auckland City Hotel      Super.com NZ$105 (4家)  4.7s
2026-09-18 15:16:03  [77/261] 2026-09-26 周六 ibis budget Auckland Cen Super.com NZ$101 (3家)  4.8s
2026-09-18 15:16:08  [78/261] 2026-09-26 周六 The Quadrant Hotel & Sui Super.com NZ$104 (4家)  3.0s
2026-09-18 15:16:14  [79/261] 2026-09-26 周六 Copthorne Hotel Auckland Super.com NZ$172 (3家)  4.7s
2026-09-18 15:16:21  [80/261] 2026-09-26 周六 Albion Hotel Auckland    Super.com NZ$100 (4家)  4.8s
2026-09-18 15:16:28  [81/261] 2026-09-26 周六 Ascotia Off Queen Auckla Super.com NZ$125 (3家)  4.5s
2026-09-18 15:16:34  [82/261] 2026-09-27 周日 VR Queen Street Auckland Super.com NZ$79 (2家)  4.9s  ***低价***
2026-09-18 15:16:41  [83/261] 2026-09-27 周日 VR Auckland City         Super.com NZ$117 (1家)  4.5s
2026-09-18 15:16:48  [84/261] 2026-09-27 周日 Shakespeare Hotel Auckla Super.com NZ$77 (4家)  4.8s  ***低价***
2026-09-18 15:16:55  [85/261] 2026-09-27 周日 Auckland City Hotel      Super.com NZ$89 (4家)  5.5s  ***低价***
2026-09-18 15:17:02  [86/261] 2026-09-27 周日 ibis budget Auckland Cen Super.com NZ$78 (3家)  4.9s  ***低价***
2026-09-18 15:17:09  [87/261] 2026-09-27 周日 The Quadrant Hotel & Sui Super.com NZ$93 (4家)  4.8s  ***低价***
2026-09-18 15:17:16  [88/261] 2026-09-27 周日 Copthorne Hotel Auckland Super.com NZ$130 (2家)  4.7s
2026-09-18 15:17:22  [89/261] 2026-09-27 周日 Albion Hotel Auckland    Super.com NZ$77 (4家)  4.6s  ***低价***
2026-09-18 15:17:29  [90/261] 2026-09-27 周日 Ascotia Off Queen Auckla Super.com NZ$86 (3家)  5.0s  ***低价***
2026-09-18 15:17:36  [91/261] 2026-09-28 周一 VR Queen Street Auckland Hotels.com NZ$91 (2家)  4.5s  ***低价***
2026-09-18 15:17:42  [92/261] 2026-09-28 周一 VR Auckland City         Super.com NZ$84 (1家)  4.5s  ***低价***
2026-09-18 15:17:49  [93/261] 2026-09-28 周一 Shakespeare Hotel Auckla Super.com NZ$74 (4家)  4.5s  ***低价***
2026-09-18 15:17:54  [94/261] 2026-09-28 周一 Auckland City Hotel      Super.com NZ$91 (4家)  3.0s  ***低价***
2026-09-18 15:18:01  [95/261] 2026-09-28 周一 ibis budget Auckland Cen Super.com NZ$76 (4家)  4.7s  ***低价***
2026-09-18 15:18:07  [96/261] 2026-09-28 周一 The Quadrant Hotel & Sui Super.com NZ$85 (4家)  4.9s  ***低价***
2026-09-18 15:18:12  [97/261] 2026-09-28 周一 Copthorne Hotel Auckland Super.com NZ$104 (3家)  2.8s
2026-09-18 15:18:19  [98/261] 2026-09-28 周一 Albion Hotel Auckland    Super.com NZ$77 (4家)  4.6s  ***低价***
2026-09-18 15:18:26  [99/261] 2026-09-28 周一 Ascotia Off Queen Auckla Super.com NZ$65 (4家)  4.9s  ***低价***
2026-09-18 15:18:32  [100/261] 2026-09-29 周二 VR Queen Street Auckland Super.com NZ$80 (2家)  4.5s  ***低价***
2026-09-18 15:18:39  [101/261] 2026-09-29 周二 VR Auckland City         Super.com NZ$93 (1家)  4.7s  ***低价***
2026-09-18 15:18:45  [102/261] 2026-09-29 周二 Shakespeare Hotel Auckla Bluepillow NZ$80 (4家)  4.4s  ***低价***
2026-09-18 15:18:52  [103/261] 2026-09-29 周二 Auckland City Hotel      Super.com NZ$93 (4家)  4.7s  ***低价***
2026-09-18 15:18:58  [104/261] 2026-09-29 周二 ibis budget Auckland Cen Super.com NZ$73 (4家)  4.4s  ***低价***
2026-09-18 15:19:05  [105/261] 2026-09-29 周二 The Quadrant Hotel & Sui Super.com NZ$86 (4家)  4.5s  ***低价***
2026-09-18 15:19:11  [106/261] 2026-09-29 周二 Copthorne Hotel Auckland Official site NZ$114 (2家)  4.5s
2026-09-18 15:19:18  [107/261] 2026-09-29 周二 Albion Hotel Auckland    Super.com NZ$78 (4家)  4.5s  ***低价***
2026-09-18 15:19:24  [108/261] 2026-09-29 周二 Ascotia Off Queen Auckla Super.com NZ$65 (4家)  4.5s  ***低价***
2026-09-18 15:19:31  [109/261] 2026-09-30 周三 VR Queen Street Auckland Super.com NZ$93 (2家)  4.8s  ***低价***
2026-09-18 15:19:37  [110/261] 2026-09-30 周三 VR Auckland City         Super.com NZ$96 (1家)  4.3s  ***低价***
2026-09-18 15:19:44  [111/261] 2026-09-30 周三 Shakespeare Hotel Auckla Super.com NZ$78 (4家)  4.2s  ***低价***
2026-09-18 15:19:50  [112/261] 2026-09-30 周三 Auckland City Hotel      Super.com NZ$92 (4家)  4.4s  ***低价***
2026-09-18 15:19:56  [113/261] 2026-09-30 周三 ibis budget Auckland Cen Super.com NZ$75 (4家)  4.5s  ***低价***
2026-09-18 15:20:04  [114/261] 2026-09-30 周三 The Quadrant Hotel & Sui Super.com NZ$87 (4家)  5.6s  ***低价***
2026-09-18 15:20:11  [115/261] 2026-09-30 周三 Copthorne Hotel Auckland Super.com NZ$112 (3家)  5.2s
2026-09-18 15:20:17  [116/261] 2026-09-30 周三 Albion Hotel Auckland    Super.com NZ$77 (4家)  4.3s  ***低价***
2026-09-18 15:20:24  [117/261] 2026-09-30 周三 Ascotia Off Queen Auckla Super.com NZ$64 (4家)  4.2s  ***低价***
2026-09-18 15:20:30  [118/261] 2026-10-01 周四 VR Queen Street Auckland Super.com NZ$101 (2家)  4.3s
2026-09-18 15:20:36  [119/261] 2026-10-01 周四 VR Auckland City         Super.com NZ$96 (1家)  4.3s  ***低价***
2026-09-18 15:20:42  [120/261] 2026-10-01 周四 Shakespeare Hotel Auckla Super.com NZ$88 (4家)  4.1s  ***低价***
2026-09-18 15:20:49  [121/261] 2026-10-01 周四 Auckland City Hotel      Super.com NZ$97 (4家)  4.8s  ***低价***
2026-09-18 15:20:56  [122/261] 2026-10-01 周四 ibis budget Auckland Cen Super.com NZ$88 (3家)  4.5s  ***低价***
2026-09-18 15:21:02  [123/261] 2026-10-01 周四 The Quadrant Hotel & Sui Super.com NZ$106 (4家)  4.4s
2026-09-18 15:21:08  [124/261] 2026-10-01 周四 Copthorne Hotel Auckland Super.com NZ$112 (3家)  4.4s
2026-09-18 15:21:15  [125/261] 2026-10-01 周四 Albion Hotel Auckland    Super.com NZ$95 (3家)  4.1s  ***低价***
2026-09-18 15:21:21  [126/261] 2026-10-01 周四 Ascotia Off Queen Auckla Super.com NZ$88 (4家)  4.3s  ***低价***
2026-09-18 15:21:27  [127/261] 2026-10-02 周五 VR Queen Street Auckland Super.com NZ$116 (2家)  4.2s
2026-09-18 15:21:33  [128/261] 2026-10-02 周五 VR Auckland City         Super.com NZ$113 (1家)  4.1s
2026-09-18 15:21:39  [129/261] 2026-10-02 周五 Shakespeare Hotel Auckla Super.com NZ$94 (4家)  4.2s  ***低价***
2026-09-18 15:21:46  [130/261] 2026-10-02 周五 Auckland City Hotel      Super.com NZ$97 (4家)  4.3s  ***低价***
2026-09-18 15:21:52  [131/261] 2026-10-02 周五 ibis budget Auckland Cen Super.com NZ$103 (3家)  4.7s
2026-09-18 15:21:59  [132/261] 2026-10-02 周五 The Quadrant Hotel & Sui Super.com NZ$111 (4家)  4.9s
2026-09-18 15:22:06  [133/261] 2026-10-02 周五 Copthorne Hotel Auckland Super.com NZ$142 (2家)  4.3s
2026-09-18 15:22:12  [134/261] 2026-10-02 周五 Albion Hotel Auckland    Super.com NZ$115 (3家)  4.3s
2026-09-18 15:22:18  [135/261] 2026-10-02 周五 Ascotia Off Queen Auckla Super.com NZ$94 (4家)  4.1s  ***低价***
2026-09-18 15:22:24  [136/261] 2026-10-03 周六 VR Queen Street Auckland Super.com NZ$122 (2家)  4.4s
2026-09-18 15:22:31  [137/261] 2026-10-03 周六 VR Auckland City         Super.com NZ$122 (1家)  4.8s
2026-09-18 15:22:38  [138/261] 2026-10-03 周六 Shakespeare Hotel Auckla Super.com NZ$91 (4家)  4.6s  ***低价***
2026-09-18 15:22:44  [139/261] 2026-10-03 周六 Auckland City Hotel      Super.com NZ$109 (4家)  4.3s
2026-09-18 15:22:51  [140/261] 2026-10-03 周六 ibis budget Auckland Cen Super.com NZ$101 (4家)  4.5s
2026-09-18 15:22:57  [141/261] 2026-10-03 周六 The Quadrant Hotel & Sui Super.com NZ$127 (4家)  4.8s
2026-09-18 15:23:04  [142/261] 2026-10-03 周六 Copthorne Hotel Auckland Super.com NZ$155 (3家)  4.6s
2026-09-18 15:23:10  [143/261] 2026-10-03 周六 Albion Hotel Auckland    Super.com NZ$114 (4家)  4.3s
2026-09-18 15:23:17  [144/261] 2026-10-03 周六 Ascotia Off Queen Auckla Super.com NZ$88 (4家)  4.4s  ***低价***
2026-09-18 15:23:23  [145/261] 2026-10-04 周日 VR Queen Street Auckland Super.com NZ$90 (2家)  4.5s  ***低价***
2026-09-18 15:23:29  [146/261] 2026-10-04 周日 VR Auckland City         Super.com NZ$106 (1家)  4.3s
2026-09-18 15:23:36  [147/261] 2026-10-04 周日 Shakespeare Hotel Auckla Super.com NZ$93 (4家)  4.3s  ***低价***
2026-09-18 15:23:41  [148/261] 2026-10-04 周日 Auckland City Hotel      Super.com NZ$104 (4家)  3.0s
2026-09-18 15:23:47  [149/261] 2026-10-04 周日 ibis budget Auckland Cen Super.com NZ$86 (3家)  4.4s  ***低价***
2026-09-18 15:23:53  [150/261] 2026-10-04 周日 The Quadrant Hotel & Sui Super.com NZ$96 (4家)  4.2s  ***低价***
2026-09-18 15:24:00  [151/261] 2026-10-04 周日 Copthorne Hotel Auckland Super.com NZ$112 (2家)  4.4s
2026-09-18 15:24:06  [152/261] 2026-10-04 周日 Albion Hotel Auckland    Super.com NZ$77 (3家)  4.3s  ***低价***
2026-09-18 15:24:12  [153/261] 2026-10-04 周日 Ascotia Off Queen Auckla Super.com NZ$80 (2家)  4.1s  ***低价***
2026-09-18 15:24:19  [154/261] 2026-10-05 周一 VR Queen Street Auckland Super.com NZ$90 (2家)  4.5s  ***低价***
2026-09-18 15:24:25  [155/261] 2026-10-05 周一 VR Auckland City         Super.com NZ$117 (1家)  4.2s
2026-09-18 15:24:31  [156/261] 2026-10-05 周一 Shakespeare Hotel Auckla Super.com NZ$93 (4家)  4.2s  ***低价***
2026-09-18 15:24:38  [157/261] 2026-10-05 周一 Auckland City Hotel      Super.com NZ$97 (4家)  4.7s  ***低价***
2026-09-18 15:24:44  [158/261] 2026-10-05 周一 ibis budget Auckland Cen Super.com NZ$78 (3家)  4.4s  ***低价***
2026-09-18 15:24:50  [159/261] 2026-10-05 周一 The Quadrant Hotel & Sui Super.com NZ$92 (4家)  4.3s  ***低价***
2026-09-18 15:24:57  [160/261] 2026-10-05 周一 Copthorne Hotel Auckland Super.com NZ$109 (2家)  4.4s
2026-09-18 15:25:03  [161/261] 2026-10-05 周一 Albion Hotel Auckland    Super.com NZ$78 (4家)  4.4s  ***低价***
2026-09-18 15:25:10  [162/261] 2026-10-05 周一 Ascotia Off Queen Auckla Super.com NZ$80 (3家)  4.4s  ***低价***
2026-09-18 15:25:16  [163/261] 2026-10-06 周二 VR Queen Street Auckland Super.com NZ$89 (2家)  4.3s  ***低价***
2026-09-18 15:25:22  [164/261] 2026-10-06 周二 VR Auckland City         Super.com NZ$107 (1家)  4.3s
2026-09-18 15:25:29  [165/261] 2026-10-06 周二 Shakespeare Hotel Auckla Super.com NZ$92 (4家)  4.3s  ***低价***
2026-09-18 15:25:35  [166/261] 2026-10-06 周二 Auckland City Hotel      Super.com NZ$106 (4家)  4.5s
2026-09-18 15:25:42  [167/261] 2026-10-06 周二 ibis budget Auckland Cen Super.com NZ$80 (4家)  4.8s  ***低价***
2026-09-18 15:25:49  [168/261] 2026-10-06 周二 The Quadrant Hotel & Sui Super.com NZ$94 (4家)  5.2s  ***低价***
2026-09-18 15:25:55  [169/261] 2026-10-06 周二 Copthorne Hotel Auckland Super.com NZ$111 (2家)  4.4s
2026-09-18 15:26:02  [170/261] 2026-10-06 周二 Albion Hotel Auckland    Super.com NZ$76 (4家)  4.2s  ***低价***
2026-09-18 15:26:08  [171/261] 2026-10-06 周二 Ascotia Off Queen Auckla Super.com NZ$79 (4家)  4.8s  ***低价***
2026-09-18 15:26:15  [172/261] 2026-10-07 周三 VR Queen Street Auckland Super.com NZ$86 (2家)  4.4s  ***低价***
2026-09-18 15:26:21  [173/261] 2026-10-07 周三 VR Auckland City         Super.com NZ$108 (1家)  4.2s
2026-09-18 15:26:27  [174/261] 2026-10-07 周三 Shakespeare Hotel Auckla Super.com NZ$95 (4家)  4.4s  ***低价***
2026-09-18 15:26:34  [175/261] 2026-10-07 周三 Auckland City Hotel      Super.com NZ$109 (4家)  4.4s
2026-09-18 15:26:40  [176/261] 2026-10-07 周三 ibis budget Auckland Cen Official site NZ$71 (3家)  4.6s  ***低价***
2026-09-18 15:26:47  [177/261] 2026-10-07 周三 The Quadrant Hotel & Sui Super.com NZ$95 (4家)  4.2s  ***低价***
2026-09-18 15:26:53  [178/261] 2026-10-07 周三 Copthorne Hotel Auckland Super.com NZ$113 (2家)  4.6s
2026-09-18 15:27:00  [179/261] 2026-10-07 周三 Albion Hotel Auckland    Super.com NZ$77 (3家)  4.7s  ***低价***
2026-09-18 15:27:06  [180/261] 2026-10-07 周三 Ascotia Off Queen Auckla Super.com NZ$96 (4家)  4.4s  ***低价***
2026-09-18 15:27:13  [181/261] 2026-10-08 周四 VR Queen Street Auckland Super.com NZ$113 (2家)  4.4s
2026-09-18 15:27:17  [182/261] 2026-10-08 周四 VR Auckland City         Super.com NZ$168 (1家)  2.8s
2026-09-18 15:27:24  [183/261] 2026-10-08 周四 Shakespeare Hotel Auckla Super.com NZ$88 (4家)  4.4s  ***低价***
2026-09-18 15:27:30  [184/261] 2026-10-08 周四 Auckland City Hotel      Super.com NZ$107 (4家)  4.5s
2026-09-18 15:27:37  [185/261] 2026-10-08 周四 ibis budget Auckland Cen Super.com NZ$99 (3家)  4.5s  ***低价***
2026-09-18 15:27:43  [186/261] 2026-10-08 周四 The Quadrant Hotel & Sui Super.com NZ$100 (4家)  4.3s
2026-09-18 15:27:49  [187/261] 2026-10-08 周四 Copthorne Hotel Auckland Super.com NZ$117 (2家)  4.3s
2026-09-18 15:27:56  [188/261] 2026-10-08 周四 Albion Hotel Auckland    Super.com NZ$95 (3家)  5.0s  ***低价***
2026-09-18 15:28:03  [189/261] 2026-10-08 周四 Ascotia Off Queen Auckla Super.com NZ$96 (4家)  4.3s  ***低价***
2026-09-18 15:28:09  [190/261] 2026-10-09 周五 VR Queen Street Auckland Super.com NZ$223 (2家)  4.3s
2026-09-18 15:28:15  [191/261] 2026-10-09 周五 VR Auckland City         Super.com NZ$255 (1家)  4.2s
2026-09-18 15:28:22  [192/261] 2026-10-09 Shakespeare Hotel Auckland: 无报价 (4.5s)
2026-09-18 15:28:25  [193/261] 2026-10-09 周五 Auckland City Hotel      Super.com NZ$160 (4家)  2.9s
2026-09-18 15:28:29  [194/261] 2026-10-09 周五 ibis budget Auckland Cen Super.com NZ$183 (3家)  2.8s
2026-09-18 15:28:36  [195/261] 2026-10-09 周五 The Quadrant Hotel & Sui Super.com NZ$215 (3家)  4.2s
2026-09-18 15:28:42  [196/261] 2026-10-09 周五 Copthorne Hotel Auckland Super.com NZ$276 (2家)  4.4s
2026-09-18 15:28:48  [197/261] 2026-10-09 周五 Albion Hotel Auckland    Super.com NZ$138 (3家)  4.4s
2026-09-18 15:28:54  [198/261] 2026-10-09 周五 Ascotia Off Queen Auckla Super.com NZ$127 (3家)  4.1s
2026-09-18 15:29:01  [199/261] 2026-10-10 周六 VR Queen Street Auckland Super.com NZ$228 (2家)  4.3s
2026-09-18 15:29:07  [200/261] 2026-10-10 周六 VR Auckland City         Super.com NZ$502 (1家)  4.2s
2026-09-18 15:29:13  [201/261] 2026-10-10 Shakespeare Hotel Auckland: 无报价 (4.1s)
2026-09-18 15:29:18  [202/261] 2026-10-10 周六 Auckland City Hotel      Official site NZ$227 (3家)  4.4s
2026-09-18 15:29:24  [203/261] 2026-10-10 周六 ibis budget Auckland Cen Super.com NZ$237 (3家)  4.4s
2026-09-18 15:29:31  [204/261] 2026-10-10 周六 The Quadrant Hotel & Sui Super.com NZ$258 (3家)  4.6s
2026-09-18 15:29:37  [205/261] 2026-10-10 周六 Copthorne Hotel Auckland Super.com NZ$304 (2家)  4.5s
2026-09-18 15:29:44  [206/261] 2026-10-10 周六 Albion Hotel Auckland    Super.com NZ$196 (4家)  5.1s
2026-09-18 15:29:50  [207/261] 2026-10-10 周六 Ascotia Off Queen Auckla Expedia NZ$222 (3家)  4.2s
2026-09-18 15:29:57  [208/261] 2026-10-11 周日 VR Queen Street Auckland Super.com NZ$96 (2家)  4.3s  ***低价***
2026-09-18 15:30:03  [209/261] 2026-10-11 周日 VR Auckland City         Super.com NZ$88 (1家)  4.3s  ***低价***
2026-09-18 15:30:10  [210/261] 2026-10-11 周日 Shakespeare Hotel Auckla Super.com NZ$91 (4家)  4.5s  ***低价***
2026-09-18 15:30:16  [211/261] 2026-10-11 周日 Auckland City Hotel      Super.com NZ$99 (4家)  4.5s  ***低价***
2026-09-18 15:30:23  [212/261] 2026-10-11 周日 ibis budget Auckland Cen Super.com NZ$77 (3家)  4.4s  ***低价***
2026-09-18 15:30:30  [213/261] 2026-10-11 周日 The Quadrant Hotel & Sui Super.com NZ$87 (4家)  5.0s  ***低价***
2026-09-18 15:30:36  [214/261] 2026-10-11 周日 Copthorne Hotel Auckland Super.com NZ$102 (2家)  4.2s
2026-09-18 15:30:42  [215/261] 2026-10-11 周日 Albion Hotel Auckland    Super.com NZ$77 (2家)  4.2s  ***低价***
2026-09-18 15:30:48  [216/261] 2026-10-11 周日 Ascotia Off Queen Auckla Super.com NZ$88 (3家)  4.3s  ***低价***
2026-09-18 15:30:55  [217/261] 2026-10-12 周一 VR Queen Street Auckland Super.com NZ$97 (2家)  4.3s  ***低价***
2026-09-18 15:31:01  [218/261] 2026-10-12 周一 VR Auckland City         Super.com NZ$111 (1家)  4.3s
2026-09-18 15:31:07  [219/261] 2026-10-12 周一 Shakespeare Hotel Auckla Super.com NZ$89 (4家)  4.4s  ***低价***
2026-09-18 15:31:14  [220/261] 2026-10-12 周一 Auckland City Hotel      Super.com NZ$100 (4家)  4.4s
2026-09-18 15:31:20  [221/261] 2026-10-12 周一 ibis budget Auckland Cen Super.com NZ$86 (3家)  4.3s  ***低价***
2026-09-18 15:31:27  [222/261] 2026-10-12 周一 The Quadrant Hotel & Sui Super.com NZ$74 (4家)  4.7s  ***低价***
2026-09-18 15:31:33  [223/261] 2026-10-12 周一 Copthorne Hotel Auckland Super.com NZ$102 (2家)  4.5s
2026-09-18 15:31:39  [224/261] 2026-10-12 周一 Albion Hotel Auckland    Super.com NZ$79 (3家)  4.2s  ***低价***
2026-09-18 15:31:46  [225/261] 2026-10-12 周一 Ascotia Off Queen Auckla Super.com NZ$87 (4家)  4.3s  ***低价***
2026-09-18 15:31:52  [226/261] 2026-10-13 周二 VR Queen Street Auckland Super.com NZ$97 (2家)  4.4s  ***低价***
2026-09-18 15:31:59  [227/261] 2026-10-13 周二 VR Auckland City         Super.com NZ$92 (1家)  4.3s  ***低价***
2026-09-18 15:32:05  [228/261] 2026-10-13 周二 Shakespeare Hotel Auckla Super.com NZ$83 (4家)  4.1s  ***低价***
2026-09-18 15:32:11  [229/261] 2026-10-13 周二 Auckland City Hotel      Super.com NZ$100 (4家)  4.5s
2026-09-18 15:32:18  [230/261] 2026-10-13 周二 ibis budget Auckland Cen Super.com NZ$84 (3家)  4.4s  ***低价***
2026-09-18 15:32:25  [231/261] 2026-10-13 周二 The Quadrant Hotel & Sui Super.com NZ$93 (4家)  5.3s  ***低价***
2026-09-18 15:32:31  [232/261] 2026-10-13 周二 Copthorne Hotel Auckland Super.com NZ$119 (2家)  4.5s
2026-09-18 15:32:38  [233/261] 2026-10-13 周二 Albion Hotel Auckland    Super.com NZ$80 (4家)  4.3s  ***低价***
2026-09-18 15:32:44  [234/261] 2026-10-13 周二 Ascotia Off Queen Auckla Super.com NZ$88 (4家)  4.5s  ***低价***
2026-09-18 15:32:51  [235/261] 2026-10-14 周三 VR Queen Street Auckland Super.com NZ$95 (2家)  4.7s  ***低价***
2026-09-18 15:32:57  [236/261] 2026-10-14 周三 VR Auckland City         Super.com NZ$95 (1家)  4.2s  ***低价***
2026-09-18 15:33:03  [237/261] 2026-10-14 周三 Shakespeare Hotel Auckla Trip.com NZ$98 (4家)  4.3s  ***低价***
2026-09-18 15:33:08  [238/261] 2026-10-14 周三 Auckland City Hotel      Super.com NZ$98 (4家)  2.8s  ***低价***
2026-09-18 15:33:15  [239/261] 2026-10-14 周三 ibis budget Auckland Cen Super.com NZ$80 (3家)  4.4s  ***低价***
2026-09-18 15:33:21  [240/261] 2026-10-14 周三 The Quadrant Hotel & Sui Super.com NZ$90 (4家)  4.2s  ***低价***
2026-09-18 15:33:27  [241/261] 2026-10-14 周三 Copthorne Hotel Auckland Super.com NZ$107 (2家)  4.5s
2026-09-18 15:33:34  [242/261] 2026-10-14 周三 Albion Hotel Auckland    Super.com NZ$77 (3家)  4.4s  ***低价***
2026-09-18 15:33:40  [243/261] 2026-10-14 周三 Ascotia Off Queen Auckla Super.com NZ$89 (4家)  4.2s  ***低价***
2026-09-18 15:33:46  [244/261] 2026-10-15 周四 VR Queen Street Auckland Super.com NZ$96 (2家)  4.4s  ***低价***
2026-09-18 15:33:52  [245/261] 2026-10-15 周四 VR Auckland City         Super.com NZ$97 (1家)  4.1s  ***低价***
2026-09-18 15:33:59  [246/261] 2026-10-15 周四 Shakespeare Hotel Auckla Super.com NZ$87 (4家)  4.2s  ***低价***
2026-09-18 15:34:05  [247/261] 2026-10-15 周四 Auckland City Hotel      Super.com NZ$99 (4家)  4.5s  ***低价***
2026-09-18 15:34:12  [248/261] 2026-10-15 周四 ibis budget Auckland Cen Super.com NZ$87 (3家)  4.4s  ***低价***
2026-09-18 15:34:18  [249/261] 2026-10-15 周四 The Quadrant Hotel & Sui Super.com NZ$93 (4家)  4.2s  ***低价***
2026-09-18 15:34:24  [250/261] 2026-10-15 周四 Copthorne Hotel Auckland Super.com NZ$105 (2家)  4.2s
2026-09-18 15:34:30  [251/261] 2026-10-15 周四 Albion Hotel Auckland    Super.com NZ$95 (4家)  4.3s  ***低价***
2026-09-18 15:34:37  [252/261] 2026-10-15 周四 Ascotia Off Queen Auckla Super.com NZ$87 (4家)  4.5s  ***低价***
2026-09-18 15:34:43  [253/261] 2026-10-16 周五 VR Queen Street Auckland Super.com NZ$136 (2家)  4.2s
2026-09-18 15:34:49  [254/261] 2026-10-16 周五 VR Auckland City         Super.com NZ$142 (1家)  4.3s
2026-09-18 15:34:56  [255/261] 2026-10-16 周五 Shakespeare Hotel Auckla Super.com NZ$86 (4家)  4.2s  ***低价***
2026-09-18 15:35:02  [256/261] 2026-10-16 周五 Auckland City Hotel      Super.com NZ$139 (4家)  4.4s
2026-09-18 15:35:09  [257/261] 2026-10-16 周五 ibis budget Auckland Cen Super.com NZ$131 (3家)  4.6s
2026-09-18 15:35:15  [258/261] 2026-10-16 周五 The Quadrant Hotel & Sui Super.com NZ$147 (4家)  4.4s
2026-09-18 15:35:21  [259/261] 2026-10-16 周五 Copthorne Hotel Auckland Super.com NZ$152 (2家)  4.5s
2026-09-18 15:35:28  [260/261] 2026-10-16 周五 Albion Hotel Auckland    Super.com NZ$115 (2家)  4.2s
2026-09-18 15:35:34  [261/261] 2026-10-16 周五 Ascotia Off Queen Auckla Super.com NZ$132 (4家)  4.2s
2026-09-18 15:35:36  ===== 第 9 轮结束: 成功 256 / 异常 5, 用时 27.9 分钟, 平均抓取 4.5s =====
2026-09-18 15:35:36  报告已刷新: Y:\12\auckland-hotel-watch\local\data\overnight_report.md
2026-09-18 15:35:37  看板已重建: auckland_rates.html
2026-09-18 15:35:37  休息 2 分钟, 下一轮约 15:37
2026-09-18 15:37:42  ===== 第 10 轮开始, 共 261 个目标 =====
2026-09-18 15:37:45  [1/261] 2026-09-18 VR Queen Street Auckland: 无报价 (2.9s)
2026-09-18 15:37:48  [2/261] 2026-09-18 周五 VR Auckland City         Trip.com NZ$119 (1家)  3.0s
2026-09-18 15:37:53  [3/261] 2026-09-18 周五 Shakespeare Hotel Auckla Super.com NZ$77 (3家)  3.0s  ***低价***
2026-09-18 15:37:59  [4/261] 2026-09-18 周五 Auckland City Hotel      Super.com NZ$90 (2家)  3.3s  ***低价***
2026-09-18 15:38:05  [5/261] 2026-09-18 周五 ibis budget Auckland Cen Trip.com NZ$152 (1家)  4.0s
2026-09-18 15:38:10  [6/261] 2026-09-18 周五 The Quadrant Hotel & Sui Trip.com NZ$167 (2家)  3.4s
2026-09-18 15:38:15  [7/261] 2026-09-18 周五 Copthorne Hotel Auckland Super.com NZ$130 (2家)  3.3s
2026-09-18 15:38:21  [8/261] 2026-09-18 周五 Albion Hotel Auckland    Super.com NZ$77 (2家)  3.3s  ***低价***
2026-09-18 15:38:26  [9/261] 2026-09-18 Ascotia Off Queen Auckland: 无报价 (3.2s)
2026-09-18 15:38:29  [10/261] 2026-09-19 周六 VR Queen Street Auckland Super.com NZ$178 (2家)  3.0s
2026-09-18 15:38:34  [11/261] 2026-09-19 周六 VR Auckland City         Super.com NZ$128 (1家)  3.3s
2026-09-18 15:38:39  [12/261] 2026-09-19 周六 Shakespeare Hotel Auckla Super.com NZ$80 (4家)  3.2s  ***低价***
2026-09-18 15:38:44  [13/261] 2026-09-19 周六 Auckland City Hotel      Super.com NZ$86 (4家)  2.7s  ***低价***
2026-09-18 15:38:49  [14/261] 2026-09-19 周六 ibis budget Auckland Cen Super.com NZ$92 (4家)  2.8s  ***低价***
2026-09-18 15:38:57  [15/261] 2026-09-19 周六 The Quadrant Hotel & Sui Booking.com NZ$112 (4家)  5.6s
2026-09-18 15:39:01  [16/261] 2026-09-19 周六 Copthorne Hotel Auckland Super.com NZ$131 (2家)  2.6s
2026-09-18 15:39:06  [17/261] 2026-09-19 周六 Albion Hotel Auckland    Super.com NZ$83 (2家)  2.5s  ***低价***
2026-09-18 15:39:13  [18/261] 2026-09-19 周六 Ascotia Off Queen Auckla Official site NZ$79 (4家)  5.0s  ***低价***
2026-09-18 15:39:17  [19/261] 2026-09-20 周日 VR Queen Street Auckland Super.com NZ$88 (2家)  2.6s  ***低价***
2026-09-18 15:39:22  [20/261] 2026-09-20 周日 VR Auckland City         Super.com NZ$89 (1家)  2.7s  ***低价***
2026-09-18 15:39:27  [21/261] 2026-09-20 周日 Shakespeare Hotel Auckla Super.com NZ$80 (4家)  2.7s  ***低价***
2026-09-18 15:39:32  [22/261] 2026-09-20 周日 Auckland City Hotel      Super.com NZ$85 (4家)  3.0s  ***低价***
2026-09-18 15:39:36  [23/261] 2026-09-20 周日 ibis budget Auckland Cen Super.com NZ$83 (4家)  2.5s  ***低价***
2026-09-18 15:39:43  [24/261] 2026-09-20 周日 The Quadrant Hotel & Sui Official site NZ$131 (2家)  4.8s
2026-09-18 15:39:50  [25/261] 2026-09-20 周日 Copthorne Hotel Auckland Official site NZ$106 (2家)  4.8s
2026-09-18 15:39:54  [26/261] 2026-09-20 周日 Albion Hotel Auckland    Super.com NZ$78 (2家)  2.6s  ***低价***
2026-09-18 15:39:59  [27/261] 2026-09-20 周日 Ascotia Off Queen Auckla Super.com NZ$65 (3家)  2.7s  ***低价***
2026-09-18 15:40:06  [28/261] 2026-09-21 周一 VR Queen Street Auckland Wotif NZ$86 (2家)  4.8s  ***低价***
2026-09-18 15:40:10  [29/261] 2026-09-21 周一 VR Auckland City         Super.com NZ$89 (1家)  2.3s  ***低价***
2026-09-18 15:40:15  [30/261] 2026-09-21 周一 Shakespeare Hotel Auckla Super.com NZ$79 (4家)  2.6s  ***低价***
2026-09-18 15:40:22  [31/261] 2026-09-21 周一 Auckland City Hotel      Booking.com NZ$88 (5家)  5.5s  ***低价***
2026-09-18 15:40:29  [32/261] 2026-09-21 周一 ibis budget Auckland Cen Official site NZ$75 (4家)  5.3s  ***低价***
2026-09-18 15:40:36  [33/261] 2026-09-21 周一 The Quadrant Hotel & Sui Wotif NZ$97 (4家)  4.7s  ***低价***
2026-09-18 15:40:43  [34/261] 2026-09-21 周一 Copthorne Hotel Auckland Official site NZ$105 (2家)  4.9s
2026-09-18 15:40:48  [35/261] 2026-09-21 周一 Albion Hotel Auckland    Super.com NZ$78 (2家)  2.5s  ***低价***
2026-09-18 15:40:54  [36/261] 2026-09-21 周一 Ascotia Off Queen Auckla Wotif NZ$65 (4家)  4.7s  ***低价***
2026-09-18 15:40:59  [37/261] 2026-09-22 周二 VR Queen Street Auckland Super.com NZ$85 (2家)  2.7s  ***低价***
2026-09-18 15:41:04  [38/261] 2026-09-22 周二 VR Auckland City         Super.com NZ$96 (1家)  2.8s  ***低价***
2026-09-18 15:41:10  [39/261] 2026-09-22 周二 Shakespeare Hotel Auckla Booking.com NZ$81 (5家)  4.7s  ***低价***
2026-09-18 15:41:15  [40/261] 2026-09-22 周二 Auckland City Hotel      Super.com NZ$90 (4家)  2.6s  ***低价***
2026-09-18 15:41:21  [41/261] 2026-09-22 周二 ibis budget Auckland Cen Official site NZ$82 (4家)  4.4s  ***低价***
2026-09-18 15:41:27  [42/261] 2026-09-22 周二 The Quadrant Hotel & Sui Super.com NZ$148 (3家)  3.3s
2026-09-18 15:41:34  [43/261] 2026-09-22 周二 Copthorne Hotel Auckland Booking.com NZ$119 (3家)  5.0s
2026-09-18 15:41:38  [44/261] 2026-09-22 周二 Albion Hotel Auckland    Super.com NZ$79 (3家)  2.5s  ***低价***
2026-09-18 15:41:45  [45/261] 2026-09-22 周二 Ascotia Off Queen Auckla Booking.com NZ$73 (3家)  5.0s  ***低价***
2026-09-18 15:41:52  [46/261] 2026-09-23 周三 VR Queen Street Auckland Booking.com NZ$80 (3家)  5.1s  ***低价***
2026-09-18 15:41:59  [47/261] 2026-09-23 周三 VR Auckland City         Booking.com NZ$73 (2家)  4.7s  ***低价***
2026-09-18 15:42:05  [48/261] 2026-09-23 周三 Shakespeare Hotel Auckla Booking.com NZ$78 (5家)  4.3s  ***低价***
2026-09-18 15:42:10  [49/261] 2026-09-23 周三 Auckland City Hotel      Super.com NZ$112 (4家)  2.9s
2026-09-18 15:42:15  [50/261] 2026-09-23 周三 ibis budget Auckland Cen Super.com NZ$83 (4家)  2.7s  ***低价***
2026-09-18 15:42:22  [51/261] 2026-09-23 周三 The Quadrant Hotel & Sui Booking.com NZ$90 (4家)  4.6s  ***低价***
2026-09-18 15:42:28  [52/261] 2026-09-23 周三 Copthorne Hotel Auckland Booking.com NZ$123 (3家)  4.8s
2026-09-18 15:42:35  [53/261] 2026-09-23 周三 Albion Hotel Auckland    Booking.com NZ$78 (4家)  4.4s  ***低价***
2026-09-18 15:42:41  [54/261] 2026-09-23 周三 Ascotia Off Queen Auckla Wotif NZ$68 (4家)  4.4s  ***低价***
2026-09-18 15:42:49  [55/261] 2026-09-24 周四 VR Queen Street Auckland Wotif NZ$86 (3家)  5.2s  ***低价***
2026-09-18 15:42:55  [56/261] 2026-09-24 周四 VR Auckland City         Wotif NZ$73 (2家)  4.5s  ***低价***
2026-09-18 15:43:01  [57/261] 2026-09-24 周四 Shakespeare Hotel Auckla Official site NZ$81 (4家)  4.2s  ***低价***
2026-09-18 15:43:08  [58/261] 2026-09-24 周四 Auckland City Hotel      Booking.com NZ$89 (4家)  4.7s  ***低价***
2026-09-18 15:43:14  [59/261] 2026-09-24 周四 ibis budget Auckland Cen Official site NZ$79 (4家)  4.4s  ***低价***
2026-09-18 15:43:21  [60/261] 2026-09-24 周四 The Quadrant Hotel & Sui Booking.com NZ$93 (4家)  4.5s  ***低价***
2026-09-18 15:43:28  [61/261] 2026-09-24 周四 Copthorne Hotel Auckland Booking.com NZ$122 (3家)  4.8s
2026-09-18 15:43:34  [62/261] 2026-09-24 周四 Albion Hotel Auckland    Booking.com NZ$87 (3家)  4.7s  ***低价***
2026-09-18 15:43:41  [63/261] 2026-09-24 周四 Ascotia Off Queen Auckla Booking.com NZ$64 (4家)  4.9s  ***低价***
2026-09-18 15:43:46  [64/261] 2026-09-25 周五 VR Queen Street Auckland Super.com NZ$114 (2家)  2.6s
2026-09-18 15:43:51  [65/261] 2026-09-25 周五 VR Auckland City         Super.com NZ$139 (1家)  2.6s
2026-09-18 15:43:55  [66/261] 2026-09-25 Shakespeare Hotel Auckland: 无报价 (2.6s)
2026-09-18 15:44:00  [67/261] 2026-09-25 周五 Auckland City Hotel      Wotif NZ$209 (3家)  5.3s
2026-09-18 15:44:07  [68/261] 2026-09-25 周五 ibis budget Auckland Cen Wotif NZ$98 (4家)  4.7s  ***低价***
2026-09-18 15:44:15  [69/261] 2026-09-25 周五 The Quadrant Hotel & Sui Official site NZ$250 (2家)  5.5s
2026-09-18 15:44:19  [70/261] 2026-09-25 周五 Copthorne Hotel Auckland Super.com NZ$206 (2家)  2.7s
2026-09-18 15:44:26  [71/261] 2026-09-25 周五 Albion Hotel Auckland    Booking.com NZ$104 (3家)  4.5s
2026-09-18 15:44:32  [72/261] 2026-09-25 周五 Ascotia Off Queen Auckla Official site NZ$125 (2家)  4.7s
2026-09-18 15:44:39  [73/261] 2026-09-26 周六 VR Queen Street Auckland Wotif NZ$121 (3家)  4.8s
2026-09-18 15:44:46  [74/261] 2026-09-26 周六 VR Auckland City         Wotif NZ$88 (2家)  4.8s  ***低价***
2026-09-18 15:44:53  [75/261] 2026-09-26 周六 Shakespeare Hotel Auckla Booking.com NZ$72 (5家)  4.7s  ***低价***
2026-09-18 15:45:00  [76/261] 2026-09-26 周六 Auckland City Hotel      Wotif NZ$105 (5家)  5.3s
2026-09-18 15:45:07  [77/261] 2026-09-26 周六 ibis budget Auckland Cen Wotif NZ$101 (4家)  4.6s
2026-09-18 15:45:13  [78/261] 2026-09-26 周六 The Quadrant Hotel & Sui Wotif NZ$104 (5家)  4.4s
2026-09-18 15:45:19  [79/261] 2026-09-26 周六 Copthorne Hotel Auckland Wotif NZ$172 (3家)  4.4s
2026-09-18 15:45:26  [80/261] 2026-09-26 周六 Albion Hotel Auckland    Official site NZ$100 (2家)  4.3s
2026-09-18 15:45:30  [81/261] 2026-09-26 周六 Ascotia Off Queen Auckla Super.com NZ$125 (3家)  2.6s
2026-09-18 15:45:36  [82/261] 2026-09-27 周日 VR Queen Street Auckland Official site NZ$79 (2家)  4.1s  ***低价***
2026-09-18 15:45:43  [83/261] 2026-09-27 周日 VR Auckland City         Booking.com NZ$74 (2家)  5.0s  ***低价***
2026-09-18 15:45:50  [84/261] 2026-09-27 周日 Shakespeare Hotel Auckla Official site NZ$77 (3家)  4.7s  ***低价***
2026-09-18 15:45:57  [85/261] 2026-09-27 周日 Auckland City Hotel      Official site NZ$89 (3家)  4.8s  ***低价***
2026-09-18 15:46:03  [86/261] 2026-09-27 周日 ibis budget Auckland Cen Booking.com NZ$78 (3家)  4.7s  ***低价***
2026-09-18 15:46:10  [87/261] 2026-09-27 周日 The Quadrant Hotel & Sui Official site NZ$93 (3家)  4.4s  ***低价***
2026-09-18 15:46:16  [88/261] 2026-09-27 周日 Copthorne Hotel Auckland Official site NZ$130 (2家)  4.4s
2026-09-18 15:46:23  [89/261] 2026-09-27 周日 Albion Hotel Auckland    Official site NZ$77 (2家)  4.4s  ***低价***
2026-09-18 15:46:29  [90/261] 2026-09-27 周日 Ascotia Off Queen Auckla Official site NZ$86 (3家)  4.4s  ***低价***
2026-09-18 15:46:34  [91/261] 2026-09-28 周一 VR Queen Street Auckland Super.com NZ$80 (2家)  2.6s  ***低价***
2026-09-18 15:46:38  [92/261] 2026-09-28 周一 VR Auckland City         Super.com NZ$91 (1家)  2.4s  ***低价***
2026-09-18 15:46:44  [93/261] 2026-09-28 周一 Shakespeare Hotel Auckla Booking.com NZ$74 (5家)  4.4s  ***低价***
2026-09-18 15:46:51  [94/261] 2026-09-28 周一 Auckland City Hotel      Booking.com NZ$92 (3家)  4.8s  ***低价***
2026-09-18 15:46:58  [95/261] 2026-09-28 周一 ibis budget Auckland Cen Wotif NZ$73 (3家)  4.9s  ***低价***
2026-09-18 15:47:05  [96/261] 2026-09-28 周一 The Quadrant Hotel & Sui Booking.com NZ$89 (3家)  5.1s  ***低价***
2026-09-18 15:47:10  [97/261] 2026-09-28 周一 Copthorne Hotel Auckland Super.com NZ$106 (2家)  2.6s
2026-09-18 15:47:17  [98/261] 2026-09-28 周一 Albion Hotel Auckland    Booking.com NZ$79 (3家)  5.1s  ***低价***
2026-09-18 15:47:24  [99/261] 2026-09-28 周一 Ascotia Off Queen Auckla Booking.com NZ$65 (3家)  4.8s  ***低价***
2026-09-18 15:47:31  [100/261] 2026-09-29 周二 VR Queen Street Auckland Booking.com NZ$80 (3家)  4.7s  ***低价***
2026-09-18 15:47:37  [101/261] 2026-09-29 周二 VR Auckland City         Booking.com NZ$74 (2家)  4.7s  ***低价***
2026-09-18 15:47:43  [102/261] 2026-09-29 周二 Shakespeare Hotel Auckla Official site NZ$80 (4家)  4.2s  ***低价***
2026-09-18 15:47:50  [103/261] 2026-09-29 周二 Auckland City Hotel      Wotif NZ$93 (3家)  5.0s  ***低价***
2026-09-18 15:47:57  [104/261] 2026-09-29 周二 ibis budget Auckland Cen Wotif NZ$73 (3家)  4.2s  ***低价***
2026-09-18 15:48:04  [105/261] 2026-09-29 周二 The Quadrant Hotel & Sui Wotif NZ$86 (3家)  4.9s  ***低价***
2026-09-18 15:48:10  [106/261] 2026-09-29 周二 Copthorne Hotel Auckland Wotif NZ$115 (3家)  4.4s
2026-09-18 15:48:17  [107/261] 2026-09-29 周二 Albion Hotel Auckland    Booking.com NZ$78 (3家)  4.6s  ***低价***
2026-09-18 15:48:23  [108/261] 2026-09-29 周二 Ascotia Off Queen Auckla Wotif NZ$65 (4家)  4.7s  ***低价***
2026-09-18 15:48:30  [109/261] 2026-09-30 周三 VR Queen Street Auckland Booking.com NZ$93 (3家)  4.4s  ***低价***
2026-09-18 15:48:36  [110/261] 2026-09-30 周三 VR Auckland City         Booking.com NZ$84 (2家)  4.3s  ***低价***
2026-09-18 15:48:43  [111/261] 2026-09-30 周三 Shakespeare Hotel Auckla Official site NZ$78 (4家)  4.9s  ***低价***
2026-09-18 15:48:49  [112/261] 2026-09-30 周三 Auckland City Hotel      Official site NZ$92 (2家)  4.4s  ***低价***
2026-09-18 15:48:55  [113/261] 2026-09-30 周三 ibis budget Auckland Cen Wotif NZ$75 (5家)  4.1s  ***低价***
2026-09-18 15:49:02  [114/261] 2026-09-30 周三 The Quadrant Hotel & Sui Official site NZ$87 (4家)  4.9s  ***低价***
2026-09-18 15:49:09  [115/261] 2026-09-30 周三 Copthorne Hotel Auckland Booking.com NZ$112 (3家)  4.7s
2026-09-18 15:49:16  [116/261] 2026-09-30 周三 Albion Hotel Auckland    Booking.com NZ$77 (3家)  4.7s  ***低价***
2026-09-18 15:49:22  [117/261] 2026-09-30 周三 Ascotia Off Queen Auckla Official site NZ$64 (4家)  4.3s  ***低价***
2026-09-18 15:49:26  [118/261] 2026-10-01 周四 VR Queen Street Auckland Super.com NZ$101 (2家)  2.3s
2026-09-18 15:49:33  [119/261] 2026-10-01 周四 VR Auckland City         Wotif NZ$84 (2家)  4.7s  ***低价***
2026-09-18 15:49:40  [120/261] 2026-10-01 周四 Shakespeare Hotel Auckla Wotif NZ$88 (5家)  5.1s  ***低价***
2026-09-18 15:49:47  [121/261] 2026-10-01 周四 Auckland City Hotel      Wotif NZ$97 (3家)  4.9s  ***低价***
2026-09-18 15:49:54  [122/261] 2026-10-01 周四 ibis budget Auckland Cen Booking.com NZ$88 (4家)  4.8s  ***低价***
2026-09-18 15:50:00  [123/261] 2026-10-01 周四 The Quadrant Hotel & Sui Wotif NZ$106 (3家)  4.3s
2026-09-18 15:50:07  [124/261] 2026-10-01 周四 Copthorne Hotel Auckland Booking.com NZ$112 (3家)  4.8s
2026-09-18 15:50:13  [125/261] 2026-10-01 周四 Albion Hotel Auckland    Booking.com NZ$95 (3家)  4.3s  ***低价***
2026-09-18 15:50:20  [126/261] 2026-10-01 周四 Ascotia Off Queen Auckla Wotif NZ$88 (3家)  4.5s  ***低价***
2026-09-18 15:50:27  [127/261] 2026-10-02 周五 VR Queen Street Auckland Wotif NZ$116 (3家)  4.7s
2026-09-18 15:50:33  [128/261] 2026-10-02 周五 VR Auckland City         Wotif NZ$113 (2家)  4.4s
2026-09-18 15:50:40  [129/261] 2026-10-02 周五 Shakespeare Hotel Auckla Wotif NZ$94 (5家)  5.3s  ***低价***
2026-09-18 15:50:47  [130/261] 2026-10-02 周五 Auckland City Hotel      Wotif NZ$97 (3家)  4.5s  ***低价***
2026-09-18 15:50:53  [131/261] 2026-10-02 周五 ibis budget Auckland Cen Booking.com NZ$103 (4家)  4.4s
2026-09-18 15:51:00  [132/261] 2026-10-02 周五 The Quadrant Hotel & Sui Booking.com NZ$111 (3家)  4.8s
2026-09-18 15:51:07  [133/261] 2026-10-02 周五 Copthorne Hotel Auckland Official site NZ$142 (2家)  4.6s
2026-09-18 15:51:13  [134/261] 2026-10-02 周五 Albion Hotel Auckland    Booking.com NZ$115 (3家)  4.4s
2026-09-18 15:51:19  [135/261] 2026-10-02 周五 Ascotia Off Queen Auckla Wotif NZ$94 (3家)  4.3s  ***低价***
2026-09-18 15:51:26  [136/261] 2026-10-03 周六 VR Queen Street Auckland Wotif NZ$122 (3家)  4.8s
2026-09-18 15:51:33  [137/261] 2026-10-03 周六 VR Auckland City         Wotif NZ$102 (2家)  4.4s
2026-09-18 15:51:40  [138/261] 2026-10-03 周六 Shakespeare Hotel Auckla Wotif NZ$91 (5家)  5.4s  ***低价***
2026-09-18 15:51:45  [139/261] 2026-10-03 周六 Auckland City Hotel      Super.com NZ$109 (2家)  2.6s
2026-09-18 15:51:51  [140/261] 2026-10-03 周六 ibis budget Auckland Cen Wotif NZ$98 (4家)  4.4s  ***低价***
2026-09-18 15:51:59  [141/261] 2026-10-03 周六 The Quadrant Hotel & Sui Booking.com NZ$127 (3家)  5.8s
2026-09-18 15:52:05  [142/261] 2026-10-03 周六 Copthorne Hotel Auckland Wotif NZ$157 (3家)  4.4s
2026-09-18 15:52:12  [143/261] 2026-10-03 周六 Albion Hotel Auckland    Official site NZ$114 (2家)  4.5s
2026-09-18 15:52:18  [144/261] 2026-10-03 周六 Ascotia Off Queen Auckla Wotif NZ$88 (4家)  4.5s  ***低价***
2026-09-18 15:52:25  [145/261] 2026-10-04 周日 VR Queen Street Auckland Official site NZ$90 (2家)  4.6s  ***低价***
2026-09-18 15:52:31  [146/261] 2026-10-04 周日 VR Auckland City         Booking.com NZ$84 (2家)  4.7s  ***低价***
2026-09-18 15:52:36  [147/261] 2026-10-04 周日 Shakespeare Hotel Auckla Super.com NZ$93 (2家)  2.7s  ***低价***
2026-09-18 15:52:43  [148/261] 2026-10-04 周日 Auckland City Hotel      Official site NZ$103 (2家)  4.7s
2026-09-18 15:52:49  [149/261] 2026-10-04 周日 ibis budget Auckland Cen Booking.com NZ$88 (3家)  4.6s  ***低价***
2026-09-18 15:52:56  [150/261] 2026-10-04 周日 The Quadrant Hotel & Sui Booking.com NZ$96 (3家)  5.0s  ***低价***
2026-09-18 15:53:03  [151/261] 2026-10-04 周日 Copthorne Hotel Auckland Booking.com NZ$111 (3家)  4.0s
2026-09-18 15:53:09  [152/261] 2026-10-04 周日 Albion Hotel Auckland    Official site NZ$77 (2家)  4.4s  ***低价***
2026-09-18 15:53:16  [153/261] 2026-10-04 周日 Ascotia Off Queen Auckla Booking.com NZ$80 (3家)  5.3s  ***低价***
2026-09-18 15:53:23  [154/261] 2026-10-05 周一 VR Queen Street Auckland Official site NZ$90 (2家)  4.7s  ***低价***
2026-09-18 15:53:29  [155/261] 2026-10-05 周一 VR Auckland City         Wotif NZ$84 (2家)  4.3s  ***低价***
2026-09-18 15:53:36  [156/261] 2026-10-05 周一 Shakespeare Hotel Auckla Official site NZ$93 (2家)  4.6s  ***低价***
2026-09-18 15:53:42  [157/261] 2026-10-05 周一 Auckland City Hotel      Official site NZ$101 (2家)  4.4s
2026-09-18 15:53:49  [158/261] 2026-10-05 周一 ibis budget Auckland Cen Official site NZ$80 (2家)  4.5s  ***低价***
2026-09-18 15:53:54  [159/261] 2026-10-05 周一 The Quadrant Hotel & Sui Super.com NZ$92 (2家)  3.5s  ***低价***
2026-09-18 15:54:01  [160/261] 2026-10-05 周一 Copthorne Hotel Auckland Official site NZ$111 (2家)  4.4s
2026-09-18 15:54:07  [161/261] 2026-10-05 周一 Albion Hotel Auckland    Official site NZ$78 (2家)  4.5s  ***低价***
2026-09-18 15:54:13  [162/261] 2026-10-05 周一 Ascotia Off Queen Auckla Official site NZ$80 (2家)  4.2s  ***低价***
2026-09-18 15:54:20  [163/261] 2026-10-06 周二 VR Queen Street Auckland Official site NZ$89 (2家)  4.6s  ***低价***
2026-09-18 15:54:26  [164/261] 2026-10-06 周二 VR Auckland City         Super.com NZ$116 (2家)  4.2s
2026-09-18 15:54:31  [165/261] 2026-10-06 周二 Shakespeare Hotel Auckla Super.com NZ$93 (2家)  2.8s  ***低价***
2026-09-18 15:54:37  [166/261] 2026-10-06 周二 Auckland City Hotel      Official site NZ$107 (3家)  4.5s
2026-09-18 15:54:44  [167/261] 2026-10-06 周二 ibis budget Auckland Cen Official site NZ$80 (3家)  4.5s  ***低价***
2026-09-18 15:54:50  [168/261] 2026-10-06 周二 The Quadrant Hotel & Sui Official site NZ$98 (2家)  4.4s  ***低价***
2026-09-18 15:54:57  [169/261] 2026-10-06 周二 Copthorne Hotel Auckland Official site NZ$111 (2家)  4.9s
2026-09-18 15:55:04  [170/261] 2026-10-06 周二 Albion Hotel Auckland    Official site NZ$76 (2家)  4.9s  ***低价***
2026-09-18 15:55:11  [171/261] 2026-10-06 周二 Ascotia Off Queen Auckla Official site NZ$79 (3家)  4.6s  ***低价***
2026-09-18 15:55:17  [172/261] 2026-10-07 周三 VR Queen Street Auckland Wotif NZ$86 (3家)  4.7s  ***低价***
2026-09-18 15:55:24  [173/261] 2026-10-07 周三 VR Auckland City         Super.com NZ$108 (1家)  4.3s
2026-09-18 15:55:30  [174/261] 2026-10-07 周三 Shakespeare Hotel Auckla Official site NZ$95 (2家)  4.1s  ***低价***
2026-09-18 15:55:36  [175/261] 2026-10-07 周三 Auckland City Hotel      Official site NZ$109 (2家)  4.4s
2026-09-18 15:55:43  [176/261] 2026-10-07 周三 ibis budget Auckland Cen Official site NZ$71 (1家)  4.8s  ***低价***
2026-09-18 15:55:49  [177/261] 2026-10-07 周三 The Quadrant Hotel & Sui Official site NZ$95 (2家)  4.2s  ***低价***
2026-09-18 15:55:56  [178/261] 2026-10-07 周三 Copthorne Hotel Auckland Official site NZ$113 (2家)  4.5s
2026-09-18 15:56:00  [179/261] 2026-10-07 周三 Albion Hotel Auckland    Super.com NZ$77 (2家)  2.5s  ***低价***
2026-09-18 15:56:07  [180/261] 2026-10-07 周三 Ascotia Off Queen Auckla Official site NZ$96 (2家)  4.9s  ***低价***
2026-09-18 15:56:14  [181/261] 2026-10-08 周四 VR Queen Street Auckland Official site NZ$113 (2家)  4.4s
2026-09-18 15:56:20  [182/261] 2026-10-08 周四 VR Auckland City         Super.com NZ$168 (1家)  4.3s
2026-09-18 15:56:26  [183/261] 2026-10-08 周四 Shakespeare Hotel Auckla Official site NZ$92 (4家)  4.6s  ***低价***
2026-09-18 15:56:33  [184/261] 2026-10-08 周四 Auckland City Hotel      Official site NZ$108 (2家)  4.7s
2026-09-18 15:56:39  [185/261] 2026-10-08 周四 ibis budget Auckland Cen Official site NZ$100 (2家)  4.2s
2026-09-18 15:56:46  [186/261] 2026-10-08 周四 The Quadrant Hotel & Sui Official site NZ$100 (2家)  4.4s
2026-09-18 15:56:52  [187/261] 2026-10-08 周四 Copthorne Hotel Auckland Official site NZ$118 (2家)  4.5s
2026-09-18 15:56:59  [188/261] 2026-10-08 周四 Albion Hotel Auckland    Official site NZ$95 (2家)  4.5s  ***低价***
2026-09-18 15:57:05  [189/261] 2026-10-08 周四 Ascotia Off Queen Auckla Official site NZ$96 (2家)  4.4s  ***低价***
2026-09-18 15:57:12  [190/261] 2026-10-09 周五 VR Queen Street Auckland Booking.com NZ$223 (3家)  4.8s
2026-09-18 15:57:18  [191/261] 2026-10-09 周五 VR Auckland City         Wotif NZ$102 (3家)  4.3s
2026-09-18 15:57:23  [192/261] 2026-10-09 Shakespeare Hotel Auckland: 无报价 (3.1s)
2026-09-18 15:57:28  [193/261] 2026-10-09 周五 Auckland City Hotel      Official site NZ$161 (3家)  4.9s
2026-09-18 15:57:35  [194/261] 2026-10-09 周五 ibis budget Auckland Cen Official site NZ$179 (3家)  4.9s
2026-09-18 15:57:42  [195/261] 2026-10-09 周五 The Quadrant Hotel & Sui Official site NZ$215 (3家)  4.8s
2026-09-18 15:57:49  [196/261] 2026-10-09 周五 Copthorne Hotel Auckland Official site NZ$261 (3家)  4.8s
2026-09-18 15:57:55  [197/261] 2026-10-09 周五 Albion Hotel Auckland    Official site NZ$138 (3家)  4.6s
2026-09-18 15:58:00  [198/261] 2026-10-09 周五 Ascotia Off Queen Auckla Super.com NZ$127 (2家)  2.6s
2026-09-18 15:58:07  [199/261] 2026-10-10 周六 VR Queen Street Auckland Wotif NZ$228 (3家)  4.8s
2026-09-18 15:58:13  [200/261] 2026-10-10 周六 VR Auckland City         Booking.com NZ$102 (1家)  4.3s
2026-09-18 15:58:18  [201/261] 2026-10-10 Shakespeare Hotel Auckland: 无报价 (2.6s)
2026-09-18 15:58:22  [202/261] 2026-10-10 周六 Auckland City Hotel      Official site NZ$227 (1家)  4.2s
2026-09-18 15:58:28  [203/261] 2026-10-10 周六 ibis budget Auckland Cen Wotif NZ$232 (3家)  4.4s
2026-09-18 15:58:35  [204/261] 2026-10-10 周六 The Quadrant Hotel & Sui Official site NZ$258 (2家)  4.4s
2026-09-18 15:58:41  [205/261] 2026-10-10 周六 Copthorne Hotel Auckland Official site NZ$299 (2家)  4.8s
2026-09-18 15:58:48  [206/261] 2026-10-10 周六 Albion Hotel Auckland    Booking.com NZ$196 (3家)  4.7s
2026-09-18 15:58:54  [207/261] 2026-10-10 周六 Ascotia Off Queen Auckla Booking.com NZ$161 (3家)  4.2s
2026-09-18 15:59:01  [208/261] 2026-10-11 周日 VR Queen Street Auckland Hotels.com NZ$96 (3家)  4.4s  ***低价***
2026-09-18 15:59:07  [209/261] 2026-10-11 周日 VR Auckland City         Hotels.com NZ$84 (2家)  4.5s  ***低价***
2026-09-18 15:59:13  [210/261] 2026-10-11 周日 Shakespeare Hotel Auckla Wotif NZ$92 (3家)  4.2s  ***低价***
2026-09-18 15:59:20  [211/261] 2026-10-11 周日 Auckland City Hotel      Official site NZ$98 (2家)  4.9s  ***低价***
2026-09-18 15:59:27  [212/261] 2026-10-11 周日 ibis budget Auckland Cen Official site NZ$78 (2家)  4.5s  ***低价***
2026-09-18 15:59:34  [213/261] 2026-10-11 周日 The Quadrant Hotel & Sui Official site NZ$87 (2家)  4.9s  ***低价***
2026-09-18 15:59:40  [214/261] 2026-10-11 周日 Copthorne Hotel Auckland Hotels.com NZ$104 (3家)  4.8s
2026-09-18 15:59:47  [215/261] 2026-10-11 周日 Albion Hotel Auckland    Official site NZ$77 (2家)  4.5s  ***低价***
2026-09-18 15:59:54  [216/261] 2026-10-11 周日 Ascotia Off Queen Auckla Hotels.com NZ$88 (3家)  4.6s  ***低价***
2026-09-18 16:00:00  [217/261] 2026-10-12 周一 VR Queen Street Auckland Wotif NZ$97 (3家)  4.5s  ***低价***
2026-09-18 16:00:06  [218/261] 2026-10-12 周一 VR Auckland City         Super.com NZ$111 (1家)  4.1s
2026-09-18 16:00:13  [219/261] 2026-10-12 周一 Shakespeare Hotel Auckla Wotif NZ$89 (3家)  4.4s  ***低价***
2026-09-18 16:00:20  [220/261] 2026-10-12 周一 Auckland City Hotel      Wotif NZ$97 (3家)  5.0s  ***低价***
2026-09-18 16:00:26  [221/261] 2026-10-12 周一 ibis budget Auckland Cen Booking.com NZ$88 (3家)  4.8s  ***低价***
2026-09-18 16:00:33  [222/261] 2026-10-12 周一 The Quadrant Hotel & Sui Wotif NZ$74 (3家)  4.3s  ***低价***
2026-09-18 16:00:39  [223/261] 2026-10-12 周一 Copthorne Hotel Auckland Official site NZ$103 (2家)  4.2s
2026-09-18 16:00:45  [224/261] 2026-10-12 周一 Albion Hotel Auckland    Official site NZ$79 (2家)  4.4s  ***低价***
2026-09-18 16:00:52  [225/261] 2026-10-12 周一 Ascotia Off Queen Auckla Official site NZ$87 (2家)  4.6s  ***低价***
2026-09-18 16:00:58  [226/261] 2026-10-13 周二 VR Queen Street Auckland Wotif NZ$97 (3家)  4.3s  ***低价***
2026-09-18 16:01:05  [227/261] 2026-10-13 周二 VR Auckland City         Super.com NZ$92 (1家)  5.1s  ***低价***
2026-09-18 16:01:12  [228/261] 2026-10-13 周二 Shakespeare Hotel Auckla Booking.com NZ$85 (3家)  4.4s  ***低价***
2026-09-18 16:01:18  [229/261] 2026-10-13 周二 Auckland City Hotel      Wotif NZ$97 (3家)  4.3s  ***低价***
2026-09-18 16:01:23  [230/261] 2026-10-13 周二 ibis budget Auckland Cen Super.com NZ$86 (2家)  2.5s  ***低价***
2026-09-18 16:01:29  [231/261] 2026-10-13 周二 The Quadrant Hotel & Sui Official site NZ$93 (2家)  4.7s  ***低价***
2026-09-18 16:01:36  [232/261] 2026-10-13 周二 Copthorne Hotel Auckland Booking.com NZ$121 (3家)  4.7s
2026-09-18 16:01:42  [233/261] 2026-10-13 周二 Albion Hotel Auckland    Booking.com NZ$80 (3家)  4.5s  ***低价***
2026-09-18 16:01:49  [234/261] 2026-10-13 周二 Ascotia Off Queen Auckla Official site NZ$87 (2家)  5.0s  ***低价***
2026-09-18 16:01:57  [235/261] 2026-10-14 周三 VR Queen Street Auckland Official site NZ$96 (2家)  5.2s  ***低价***
2026-09-18 16:02:03  [236/261] 2026-10-14 周三 VR Auckland City         Super.com NZ$95 (1家)  4.8s  ***低价***
2026-09-18 16:02:08  [237/261] 2026-10-14 周三 Shakespeare Hotel Auckla Trip.com NZ$98 (2家)  2.5s  ***低价***
2026-09-18 16:02:14  [238/261] 2026-10-14 周三 Auckland City Hotel      Official site NZ$99 (2家)  4.4s  ***低价***
2026-09-18 16:02:21  [239/261] 2026-10-14 周三 ibis budget Auckland Cen Official site NZ$80 (2家)  4.9s  ***低价***
2026-09-18 16:02:28  [240/261] 2026-10-14 周三 The Quadrant Hotel & Sui Official site NZ$90 (2家)  4.5s  ***低价***
2026-09-18 16:02:34  [241/261] 2026-10-14 周三 Copthorne Hotel Auckland Official site NZ$108 (2家)  4.2s
2026-09-18 16:02:40  [242/261] 2026-10-14 周三 Albion Hotel Auckland    Official site NZ$77 (2家)  4.2s  ***低价***
2026-09-18 16:02:47  [243/261] 2026-10-14 周三 Ascotia Off Queen Auckla Official site NZ$89 (2家)  4.9s  ***低价***
2026-09-18 16:02:54  [244/261] 2026-10-15 周四 VR Queen Street Auckland Official site NZ$96 (2家)  4.6s  ***低价***
2026-09-18 16:03:00  [245/261] 2026-10-15 周四 VR Auckland City         Booking.com NZ$84 (2家)  4.4s  ***低价***
2026-09-18 16:03:06  [246/261] 2026-10-15 周四 Shakespeare Hotel Auckla Booking.com NZ$90 (4家)  4.0s  ***低价***
2026-09-18 16:03:13  [247/261] 2026-10-15 周四 Auckland City Hotel      Official site NZ$100 (2家)  4.8s
2026-09-18 16:03:20  [248/261] 2026-10-15 周四 ibis budget Auckland Cen Booking.com NZ$90 (3家)  4.6s  ***低价***
2026-09-18 16:03:26  [249/261] 2026-10-15 周四 The Quadrant Hotel & Sui Booking.com NZ$93 (3家)  4.9s  ***低价***
2026-09-18 16:03:34  [250/261] 2026-10-15 周四 Copthorne Hotel Auckland Official site NZ$107 (2家)  5.2s
2026-09-18 16:03:40  [251/261] 2026-10-15 周四 Albion Hotel Auckland    Official site NZ$95 (2家)  4.7s  ***低价***
2026-09-18 16:03:47  [252/261] 2026-10-15 周四 Ascotia Off Queen Auckla Booking.com NZ$87 (3家)  4.6s  ***低价***
2026-09-18 16:03:53  [253/261] 2026-10-16 周五 VR Queen Street Auckland Booking.com NZ$136 (3家)  4.3s
2026-09-18 16:04:00  [254/261] 2026-10-16 周五 VR Auckland City         Wotif NZ$102 (2家)  4.4s
2026-09-18 16:04:06  [255/261] 2026-10-16 周五 Shakespeare Hotel Auckla Official site NZ$86 (4家)  4.7s  ***低价***
2026-09-18 16:04:13  [256/261] 2026-10-16 周五 Auckland City Hotel      Booking.com NZ$139 (3家)  4.2s
2026-09-18 16:04:19  [257/261] 2026-10-16 周五 ibis budget Auckland Cen Booking.com NZ$131 (3家)  4.5s
2026-09-18 16:04:26  [258/261] 2026-10-16 周五 The Quadrant Hotel & Sui Wotif NZ$147 (3家)  4.9s
2026-09-18 16:04:32  [259/261] 2026-10-16 周五 Copthorne Hotel Auckland Booking.com NZ$152 (3家)  4.2s
2026-09-18 16:04:39  [260/261] 2026-10-16 周五 Albion Hotel Auckland    Booking.com NZ$115 (3家)  4.4s
2026-09-18 16:04:45  [261/261] 2026-10-16 周五 Ascotia Off Queen Auckla Booking.com NZ$132 (3家)  4.5s
2026-09-18 16:04:47  ===== 第 10 轮结束: 成功 256 / 异常 5, 用时 27.1 分钟, 平均抓取 4.3s =====
2026-09-18 16:04:47  报告已刷新: Y:\12\auckland-hotel-watch\local\data\overnight_report.md
2026-09-18 16:04:48  看板已重建: auckland_rates.html
2026-09-18 16:04:48  休息 3 分钟, 下一轮约 16:07
2026-09-18 16:07:43  ===== 第 11 轮开始, 共 261 个目标 =====
2026-09-18 16:07:47  [1/261] 2026-09-18 VR Queen Street Auckland: 无报价 (3.5s)
2026-09-18 16:07:50  [2/261] 2026-09-18 周五 VR Auckland City         Trip.com NZ$119 (2家)  3.0s
2026-09-18 16:07:54  [3/261] 2026-09-18 周五 Shakespeare Hotel Auckla Super.com NZ$77 (4家)  2.4s  ***低价***
2026-09-18 16:08:02  [4/261] 2026-09-18 周五 Auckland City Hotel      Wotif NZ$88 (5家)  5.5s  ***低价***
2026-09-18 16:08:07  [5/261] 2026-09-18 周五 ibis budget Auckland Cen Trip.com NZ$152 (1家)  2.7s
2026-09-18 16:08:13  [6/261] 2026-09-18 周五 The Quadrant Hotel & Sui Trip.com NZ$167 (4家)  4.1s
2026-09-18 16:08:18  [7/261] 2026-09-18 周五 Copthorne Hotel Auckland Super.com NZ$130 (4家)  3.1s
2026-09-18 16:08:23  [8/261] 2026-09-18 周五 Albion Hotel Auckland    Super.com NZ$78 (3家)  3.2s  ***低价***
2026-09-18 16:08:28  [9/261] 2026-09-18 Ascotia Off Queen Auckland: 无报价 (3.2s)
2026-09-18 16:08:31  [10/261] 2026-09-19 周六 VR Queen Street Auckland Super.com NZ$176 (3家)  2.7s
2026-09-18 16:08:36  [11/261] 2026-09-19 周六 VR Auckland City         Super.com NZ$127 (2家)  3.0s
2026-09-18 16:08:41  [12/261] 2026-09-19 周六 Shakespeare Hotel Auckla Super.com NZ$78 (4家)  3.2s  ***低价***
2026-09-18 16:08:46  [13/261] 2026-09-19 周六 Auckland City Hotel      Super.com NZ$87 (4家)  3.3s  ***低价***
2026-09-18 16:08:51  [14/261] 2026-09-19 周六 ibis budget Auckland Cen Super.com NZ$95 (3家)  2.7s  ***低价***
2026-09-18 16:08:58  [15/261] 2026-09-19 周六 The Quadrant Hotel & Sui Official site NZ$112 (4家)  4.7s
2026-09-18 16:09:04  [16/261] 2026-09-19 周六 Copthorne Hotel Auckland Official site NZ$112 (3家)  4.7s
2026-09-18 16:09:09  [17/261] 2026-09-19 周六 Albion Hotel Auckland    Super.com NZ$82 (4家)  2.5s  ***低价***
2026-09-18 16:09:14  [18/261] 2026-09-19 周六 Ascotia Off Queen Auckla Super.com NZ$79 (3家)  2.6s  ***低价***
2026-09-18 16:09:18  [19/261] 2026-09-20 周日 VR Queen Street Auckland Super.com NZ$89 (4家)  2.6s  ***低价***
2026-09-18 16:09:25  [20/261] 2026-09-20 周日 VR Auckland City         Wotif NZ$73 (3家)  4.4s  ***低价***
2026-09-18 16:09:29  [21/261] 2026-09-20 周日 Shakespeare Hotel Auckla Super.com NZ$80 (4家)  2.6s  ***低价***
2026-09-18 16:09:36  [22/261] 2026-09-20 周日 Auckland City Hotel      Wotif NZ$85 (5家)  4.6s  ***低价***
2026-09-18 16:09:41  [23/261] 2026-09-20 周日 ibis budget Auckland Cen Super.com NZ$83 (3家)  2.8s  ***低价***
2026-09-18 16:09:47  [24/261] 2026-09-20 周日 The Quadrant Hotel & Sui Wotif NZ$131 (5家)  4.8s
2026-09-18 16:09:54  [25/261] 2026-09-20 周日 Copthorne Hotel Auckland Wotif NZ$106 (4家)  4.4s
2026-09-18 16:09:58  [26/261] 2026-09-20 周日 Albion Hotel Auckland    Super.com NZ$78 (4家)  2.6s  ***低价***
2026-09-18 16:10:05  [27/261] 2026-09-20 周日 Ascotia Off Queen Auckla Wotif NZ$67 (4家)  4.8s  ***低价***
2026-09-18 16:10:13  [28/261] 2026-09-21 周一 VR Queen Street Auckland Official site NZ$86 (3家)  5.5s  ***低价***
2026-09-18 16:10:19  [29/261] 2026-09-21 周一 VR Auckland City         Super.com NZ$89 (2家)  4.7s  ***低价***
2026-09-18 16:10:27  [30/261] 2026-09-21 周一 Shakespeare Hotel Auckla Official site NZ$79 (4家)  5.2s  ***低价***
2026-09-18 16:10:33  [31/261] 2026-09-21 周一 Auckland City Hotel      Official site NZ$88 (4家)  4.9s  ***低价***
2026-09-18 16:10:38  [32/261] 2026-09-21 周一 ibis budget Auckland Cen Super.com NZ$75 (3家)  2.8s  ***低价***
2026-09-18 16:10:45  [33/261] 2026-09-21 周一 The Quadrant Hotel & Sui Official site NZ$97 (4家)  4.5s  ***低价***
2026-09-18 16:10:52  [34/261] 2026-09-21 周一 Copthorne Hotel Auckland Official site NZ$105 (3家)  4.8s
2026-09-18 16:10:59  [35/261] 2026-09-21 周一 Albion Hotel Auckland    Official site NZ$78 (3家)  5.0s  ***低价***
2026-09-18 16:11:05  [36/261] 2026-09-21 周一 Ascotia Off Queen Auckla Official site NZ$65 (4家)  4.3s  ***低价***
2026-09-18 16:11:12  [37/261] 2026-09-22 周二 VR Queen Street Auckland Booking.com NZ$87 (4家)  4.8s  ***低价***
2026-09-18 16:11:19  [38/261] 2026-09-22 周二 VR Auckland City         Booking.com NZ$73 (2家)  4.9s  ***低价***
2026-09-18 16:11:24  [39/261] 2026-09-22 周二 Shakespeare Hotel Auckla Super.com NZ$81 (4家)  3.0s  ***低价***
2026-09-18 16:11:28  [40/261] 2026-09-22 周二 Auckland City Hotel      Super.com NZ$91 (4家)  2.8s  ***低价***
2026-09-18 16:11:35  [41/261] 2026-09-22 周二 ibis budget Auckland Cen Booking.com NZ$82 (3家)  4.5s  ***低价***
2026-09-18 16:11:42  [42/261] 2026-09-22 周二 The Quadrant Hotel & Sui Booking.com NZ$173 (4家)  5.0s
2026-09-18 16:11:47  [43/261] 2026-09-22 周二 Copthorne Hotel Auckland Super.com NZ$115 (4家)  2.8s
2026-09-18 16:11:53  [44/261] 2026-09-22 周二 Albion Hotel Auckland    Booking.com NZ$79 (5家)  4.8s  ***低价***
2026-09-18 16:12:00  [45/261] 2026-09-22 周二 Ascotia Off Queen Auckla Official site NZ$74 (4家)  4.4s  ***低价***
2026-09-18 16:12:06  [46/261] 2026-09-23 周三 VR Queen Street Auckland Booking.com NZ$80 (4家)  4.5s  ***低价***
2026-09-18 16:12:13  [47/261] 2026-09-23 周三 VR Auckland City         Booking.com NZ$73 (2家)  4.9s  ***低价***
2026-09-18 16:12:20  [48/261] 2026-09-23 周三 Shakespeare Hotel Auckla Official site NZ$78 (4家)  4.6s  ***低价***
2026-09-18 16:12:27  [49/261] 2026-09-23 周三 Auckland City Hotel      Wotif NZ$109 (5家)  4.8s
2026-09-18 16:12:32  [50/261] 2026-09-23 周三 ibis budget Auckland Cen Super.com NZ$86 (3家)  2.7s  ***低价***
2026-09-18 16:12:38  [51/261] 2026-09-23 周三 The Quadrant Hotel & Sui Official site NZ$94 (4家)  5.0s  ***低价***
2026-09-18 16:12:45  [52/261] 2026-09-23 周三 Copthorne Hotel Auckland Wotif NZ$122 (4家)  4.4s
2026-09-18 16:12:52  [53/261] 2026-09-23 周三 Albion Hotel Auckland    Booking.com NZ$78 (5家)  5.2s  ***低价***
2026-09-18 16:12:58  [54/261] 2026-09-23 周三 Ascotia Off Queen Auckla Official site NZ$68 (4家)  4.3s  ***低价***
2026-09-18 16:13:03  [55/261] 2026-09-24 周四 VR Queen Street Auckland Super.com NZ$80 (3家)  2.7s  ***低价***
2026-09-18 16:13:10  [56/261] 2026-09-24 周四 VR Auckland City         Booking.com NZ$73 (2家)  5.1s  ***低价***
2026-09-18 16:13:16  [57/261] 2026-09-24 周四 Shakespeare Hotel Auckla Booking.com NZ$81 (4家)  4.4s  ***低价***
2026-09-18 16:13:23  [58/261] 2026-09-24 周四 Auckland City Hotel      Official site NZ$89 (4家)  5.0s  ***低价***
2026-09-18 16:13:30  [59/261] 2026-09-24 周四 ibis budget Auckland Cen Official site NZ$77 (3家)  4.4s  ***低价***
2026-09-18 16:13:37  [60/261] 2026-09-24 周四 The Quadrant Hotel & Sui Booking.com NZ$94 (4家)  4.8s  ***低价***
2026-09-18 16:13:44  [61/261] 2026-09-24 周四 Copthorne Hotel Auckland Official site NZ$122 (3家)  5.0s
2026-09-18 16:13:50  [62/261] 2026-09-24 周四 Albion Hotel Auckland    Official site NZ$91 (3家)  4.4s  ***低价***
2026-09-18 16:13:57  [63/261] 2026-09-24 周四 Ascotia Off Queen Auckla Official site NZ$64 (5家)  4.8s  ***低价***
2026-09-18 16:14:04  [64/261] 2026-09-25 周五 VR Queen Street Auckland Official site NZ$114 (4家)  4.9s
2026-09-18 16:14:10  [65/261] 2026-09-25 周五 VR Auckland City         Booking.com NZ$88 (2家)  4.7s  ***低价***
2026-09-18 16:14:15  [66/261] 2026-09-25 Shakespeare Hotel Auckland: 无报价 (2.6s)
2026-09-18 16:14:20  [67/261] 2026-09-25 周五 Auckland City Hotel      Official site NZ$209 (4家)  4.6s
2026-09-18 16:14:26  [68/261] 2026-09-25 周五 ibis budget Auckland Cen Official site NZ$98 (3家)  4.7s  ***低价***
2026-09-18 16:14:33  [69/261] 2026-09-25 周五 The Quadrant Hotel & Sui Official site NZ$250 (3家)  4.9s
2026-09-18 16:14:40  [70/261] 2026-09-25 周五 Copthorne Hotel Auckland Official site NZ$206 (3家)  4.5s
2026-09-18 16:14:46  [71/261] 2026-09-25 周五 Albion Hotel Auckland    Official site NZ$104 (3家)  4.6s
2026-09-18 16:14:53  [72/261] 2026-09-25 周五 Ascotia Off Queen Auckla Official site NZ$125 (3家)  4.3s
2026-09-18 16:15:00  [73/261] 2026-09-26 周六 VR Queen Street Auckland Booking.com NZ$121 (4家)  4.8s
2026-09-18 16:15:06  [74/261] 2026-09-26 周六 VR Auckland City         Booking.com NZ$88 (2家)  4.2s  ***低价***
2026-09-18 16:15:12  [75/261] 2026-09-26 周六 Shakespeare Hotel Auckla Booking.com NZ$75 (4家)  4.5s  ***低价***
2026-09-18 16:15:19  [76/261] 2026-09-26 周六 Auckland City Hotel      Official site NZ$105 (4家)  4.4s
2026-09-18 16:15:25  [77/261] 2026-09-26 周六 ibis budget Auckland Cen Booking.com NZ$101 (4家)  4.7s
2026-09-18 16:15:32  [78/261] 2026-09-26 周六 The Quadrant Hotel & Sui Booking.com NZ$104 (3家)  4.6s
2026-09-18 16:15:39  [79/261] 2026-09-26 周六 Copthorne Hotel Auckland Booking.com NZ$172 (3家)  5.0s
2026-09-18 16:15:46  [80/261] 2026-09-26 周六 Albion Hotel Auckland    Official site NZ$100 (3家)  5.2s
2026-09-18 16:15:51  [81/261] 2026-09-26 周六 Ascotia Off Queen Auckla Super.com NZ$125 (3家)  2.6s
2026-09-18 16:15:56  [82/261] 2026-09-27 周日 VR Queen Street Auckland Super.com NZ$82 (3家)  2.6s  ***低价***
2026-09-18 16:16:02  [83/261] 2026-09-27 周日 VR Auckland City         Wotif NZ$74 (3家)  4.3s  ***低价***
2026-09-18 16:16:09  [84/261] 2026-09-27 周日 Shakespeare Hotel Auckla Wotif NZ$77 (5家)  4.8s  ***低价***
2026-09-18 16:16:13  [85/261] 2026-09-27 周日 Auckland City Hotel      Super.com NZ$92 (4家)  2.8s  ***低价***
2026-09-18 16:16:20  [86/261] 2026-09-27 周日 ibis budget Auckland Cen Wotif NZ$77 (4家)  4.5s  ***低价***
2026-09-18 16:16:26  [87/261] 2026-09-27 周日 The Quadrant Hotel & Sui Wotif NZ$99 (5家)  4.4s  ***低价***
2026-09-18 16:16:33  [88/261] 2026-09-27 周日 Copthorne Hotel Auckland Official site NZ$131 (3家)  4.5s
2026-09-18 16:16:39  [89/261] 2026-09-27 周日 Albion Hotel Auckland    Wotif NZ$77 (4家)  4.4s  ***低价***
2026-09-18 16:16:45  [90/261] 2026-09-27 周日 Ascotia Off Queen Auckla Official site NZ$86 (5家)  4.0s  ***低价***
2026-09-18 16:16:52  [91/261] 2026-09-28 周一 VR Queen Street Auckland Official site NZ$80 (4家)  4.4s  ***低价***
2026-09-18 16:16:58  [92/261] 2026-09-28 周一 VR Auckland City         Super.com NZ$90 (2家)  4.6s  ***低价***
2026-09-18 16:17:03  [93/261] 2026-09-28 周一 Shakespeare Hotel Auckla Super.com NZ$74 (4家)  3.0s  ***低价***
2026-09-18 16:17:10  [94/261] 2026-09-28 周一 Auckland City Hotel      Wotif NZ$92 (5家)  4.7s  ***低价***
2026-09-18 16:17:16  [95/261] 2026-09-28 周一 ibis budget Auckland Cen Wotif NZ$74 (5家)  4.4s  ***低价***
2026-09-18 16:17:23  [96/261] 2026-09-28 周一 The Quadrant Hotel & Sui Wotif NZ$86 (5家)  4.8s  ***低价***
2026-09-18 16:17:30  [97/261] 2026-09-28 周一 Copthorne Hotel Auckland Official site NZ$105 (3家)  4.4s
2026-09-18 16:17:37  [98/261] 2026-09-28 周一 Albion Hotel Auckland    Booking.com NZ$76 (4家)  5.1s  ***低价***
2026-09-18 16:17:43  [99/261] 2026-09-28 周一 Ascotia Off Queen Auckla Booking.com NZ$64 (4家)  4.7s  ***低价***
2026-09-18 16:17:50  [100/261] 2026-09-29 周二 VR Queen Street Auckland Booking.com NZ$79 (4家)  4.7s  ***低价***
2026-09-18 16:17:57  [101/261] 2026-09-29 周二 VR Auckland City         Booking.com NZ$74 (2家)  4.6s  ***低价***
2026-09-18 16:18:03  [102/261] 2026-09-29 周二 Shakespeare Hotel Auckla Booking.com NZ$80 (4家)  4.4s  ***低价***
2026-09-18 16:18:10  [103/261] 2026-09-29 周二 Auckland City Hotel      Booking.com NZ$92 (4家)  4.5s  ***低价***
2026-09-18 16:18:16  [104/261] 2026-09-29 周二 ibis budget Auckland Cen Booking.com NZ$75 (4家)  4.5s  ***低价***
2026-09-18 16:18:23  [105/261] 2026-09-29 周二 The Quadrant Hotel & Sui Official site NZ$93 (4家)  4.3s  ***低价***
2026-09-18 16:18:30  [106/261] 2026-09-29 周二 Copthorne Hotel Auckland Wotif NZ$113 (4家)  5.1s
2026-09-18 16:18:36  [107/261] 2026-09-29 周二 Albion Hotel Auckland    Booking.com NZ$77 (4家)  4.4s  ***低价***
2026-09-18 16:18:43  [108/261] 2026-09-29 周二 Ascotia Off Queen Auckla Wotif NZ$64 (5家)  4.7s  ***低价***
2026-09-18 16:18:49  [109/261] 2026-09-30 周三 VR Queen Street Auckland Official site NZ$85 (4家)  4.7s  ***低价***
2026-09-18 16:18:56  [110/261] 2026-09-30 周三 VR Auckland City         Super.com NZ$92 (2家)  4.4s  ***低价***
2026-09-18 16:19:02  [111/261] 2026-09-30 周三 Shakespeare Hotel Auckla Official site NZ$78 (4家)  4.3s  ***低价***
2026-09-18 16:19:09  [112/261] 2026-09-30 周三 Auckland City Hotel      Official site NZ$93 (4家)  4.4s  ***低价***
2026-09-18 16:19:15  [113/261] 2026-09-30 周三 ibis budget Auckland Cen Official site NZ$76 (4家)  4.6s  ***低价***
2026-09-18 16:19:22  [114/261] 2026-09-30 周三 The Quadrant Hotel & Sui Booking.com NZ$92 (4家)  4.8s  ***低价***
2026-09-18 16:19:29  [115/261] 2026-09-30 周三 Copthorne Hotel Auckland Official site NZ$114 (3家)  4.9s
2026-09-18 16:19:36  [116/261] 2026-09-30 周三 Albion Hotel Auckland    Official site NZ$76 (3家)  4.7s  ***低价***
2026-09-18 16:19:42  [117/261] 2026-09-30 周三 Ascotia Off Queen Auckla Official site NZ$64 (4家)  4.7s  ***低价***
2026-09-18 16:19:49  [118/261] 2026-10-01 周四 VR Queen Street Auckland Wotif NZ$101 (5家)  4.2s
2026-09-18 16:19:55  [119/261] 2026-10-01 周四 VR Auckland City         Wotif NZ$84 (3家)  4.5s  ***低价***
2026-09-18 16:20:02  [120/261] 2026-10-01 周四 Shakespeare Hotel Auckla Wotif NZ$88 (5家)  4.5s  ***低价***
2026-09-18 16:20:08  [121/261] 2026-10-01 周四 Auckland City Hotel      Official site NZ$97 (4家)  4.2s  ***低价***
2026-09-18 16:20:15  [122/261] 2026-10-01 周四 ibis budget Auckland Cen Wotif NZ$88 (4家)  5.0s  ***低价***
2026-09-18 16:20:21  [123/261] 2026-10-01 周四 The Quadrant Hotel & Sui Booking.com NZ$106 (4家)  4.5s
2026-09-18 16:20:27  [124/261] 2026-10-01 周四 Copthorne Hotel Auckland Super.com NZ$112 (3家)  3.4s
2026-09-18 16:20:33  [125/261] 2026-10-01 周四 Albion Hotel Auckland    Booking.com NZ$95 (5家)  4.4s  ***低价***
2026-09-18 16:20:40  [126/261] 2026-10-01 周四 Ascotia Off Queen Auckla Booking.com NZ$88 (4家)  5.1s  ***低价***
2026-09-18 16:20:47  [127/261] 2026-10-02 周五 VR Queen Street Auckland Booking.com NZ$116 (4家)  4.3s
2026-09-18 16:20:53  [128/261] 2026-10-02 周五 VR Auckland City         Booking.com NZ$113 (2家)  4.4s
2026-09-18 16:21:00  [129/261] 2026-10-02 周五 Shakespeare Hotel Auckla Official site NZ$94 (5家)  5.3s  ***低价***
2026-09-18 16:21:07  [130/261] 2026-10-02 周五 Auckland City Hotel      Booking.com NZ$97 (4家)  4.6s  ***低价***
2026-09-18 16:21:14  [131/261] 2026-10-02 周五 ibis budget Auckland Cen Booking.com NZ$103 (3家)  4.5s
2026-09-18 16:21:20  [132/261] 2026-10-02 周五 The Quadrant Hotel & Sui Booking.com NZ$111 (4家)  4.6s
2026-09-18 16:21:26  [133/261] 2026-10-02 周五 Copthorne Hotel Auckland Wotif NZ$142 (4家)  4.3s
2026-09-18 16:21:33  [134/261] 2026-10-02 周五 Albion Hotel Auckland    Official site NZ$115 (3家)  4.5s
2026-09-18 16:21:39  [135/261] 2026-10-02 周五 Ascotia Off Queen Auckla Booking.com NZ$94 (4家)  4.3s  ***低价***
2026-09-18 16:21:46  [136/261] 2026-10-03 周六 VR Queen Street Auckland Booking.com NZ$122 (4家)  4.6s
2026-09-18 16:21:52  [137/261] 2026-10-03 周六 VR Auckland City         Wotif NZ$102 (3家)  4.1s
2026-09-18 16:21:58  [138/261] 2026-10-03 周六 Shakespeare Hotel Auckla Booking.com NZ$91 (4家)  4.1s  ***低价***
2026-09-18 16:22:05  [139/261] 2026-10-03 周六 Auckland City Hotel      Booking.com NZ$111 (4家)  4.4s
2026-09-18 16:22:11  [140/261] 2026-10-03 周六 ibis budget Auckland Cen Booking.com NZ$98 (3家)  4.8s  ***低价***
2026-09-18 16:22:18  [141/261] 2026-10-03 周六 The Quadrant Hotel & Sui Booking.com NZ$130 (4家)  4.3s
2026-09-18 16:22:24  [142/261] 2026-10-03 周六 Copthorne Hotel Auckland Booking.com NZ$157 (3家)  4.8s
2026-09-18 16:22:31  [143/261] 2026-10-03 周六 Albion Hotel Auckland    Booking.com NZ$114 (4家)  4.4s
2026-09-18 16:22:37  [144/261] 2026-10-03 周六 Ascotia Off Queen Auckla Booking.com NZ$88 (4家)  4.6s  ***低价***
2026-09-18 16:22:44  [145/261] 2026-10-04 周日 VR Queen Street Auckland Booking.com NZ$90 (4家)  4.9s  ***低价***
2026-09-18 16:22:51  [146/261] 2026-10-04 周日 VR Auckland City         Booking.com NZ$84 (2家)  4.4s  ***低价***
2026-09-18 16:22:57  [147/261] 2026-10-04 周日 Shakespeare Hotel Auckla Official site NZ$93 (4家)  4.4s  ***低价***
2026-09-18 16:23:04  [148/261] 2026-10-04 周日 Auckland City Hotel      Booking.com NZ$103 (4家)  5.4s
2026-09-18 16:23:11  [149/261] 2026-10-04 周日 ibis budget Auckland Cen Booking.com NZ$88 (4家)  4.1s  ***低价***
2026-09-18 16:23:18  [150/261] 2026-10-04 周日 The Quadrant Hotel & Sui Official site NZ$96 (4家)  5.1s  ***低价***
2026-09-18 16:23:24  [151/261] 2026-10-04 周日 Copthorne Hotel Auckland Booking.com NZ$111 (3家)  4.5s
2026-09-18 16:23:31  [152/261] 2026-10-04 周日 Albion Hotel Auckland    Booking.com NZ$77 (4家)  4.4s  ***低价***
2026-09-18 16:23:37  [153/261] 2026-10-04 周日 Ascotia Off Queen Auckla Booking.com NZ$80 (4家)  4.6s  ***低价***
2026-09-18 16:23:43  [154/261] 2026-10-05 周一 VR Queen Street Auckland Official site NZ$90 (3家)  4.2s  ***低价***
2026-09-18 16:23:50  [155/261] 2026-10-05 周一 VR Auckland City         Booking.com NZ$84 (2家)  4.2s  ***低价***
2026-09-18 16:23:56  [156/261] 2026-10-05 周一 Shakespeare Hotel Auckla Official site NZ$93 (4家)  4.6s  ***低价***
2026-09-18 16:24:03  [157/261] 2026-10-05 周一 Auckland City Hotel      Official site NZ$99 (3家)  4.3s  ***低价***
2026-09-18 16:24:09  [158/261] 2026-10-05 周一 ibis budget Auckland Cen Official site NZ$80 (3家)  4.6s  ***低价***
2026-09-18 16:24:16  [159/261] 2026-10-05 周一 The Quadrant Hotel & Sui Official site NZ$92 (4家)  4.8s  ***低价***
2026-09-18 16:24:22  [160/261] 2026-10-05 周一 Copthorne Hotel Auckland Official site NZ$111 (3家)  4.5s
2026-09-18 16:24:29  [161/261] 2026-10-05 周一 Albion Hotel Auckland    Official site NZ$78 (3家)  4.7s  ***低价***
2026-09-18 16:24:35  [162/261] 2026-10-05 周一 Ascotia Off Queen Auckla Official site NZ$80 (4家)  4.2s  ***低价***
2026-09-18 16:24:42  [163/261] 2026-10-06 周二 VR Queen Street Auckland Booking.com NZ$94 (4家)  4.6s  ***低价***
2026-09-18 16:24:49  [164/261] 2026-10-06 周二 VR Auckland City         Super.com NZ$116 (2家)  4.8s
2026-09-18 16:24:55  [165/261] 2026-10-06 周二 Shakespeare Hotel Auckla Official site NZ$93 (4家)  4.2s  ***低价***
2026-09-18 16:25:01  [166/261] 2026-10-06 周二 Auckland City Hotel      Official site NZ$109 (4家)  4.6s
2026-09-18 16:25:08  [167/261] 2026-10-06 周二 ibis budget Auckland Cen Official site NZ$81 (4家)  4.9s  ***低价***
2026-09-18 16:25:16  [168/261] 2026-10-06 周二 The Quadrant Hotel & Sui Official site NZ$98 (4家)  5.6s  ***低价***
2026-09-18 16:25:23  [169/261] 2026-10-06 周二 Copthorne Hotel Auckland Booking.com NZ$113 (3家)  4.8s
2026-09-18 16:25:27  [170/261] 2026-10-06 周二 Albion Hotel Auckland    Super.com NZ$76 (3家)  2.6s  ***低价***
2026-09-18 16:25:34  [171/261] 2026-10-06 周二 Ascotia Off Queen Auckla Official site NZ$79 (3家)  4.3s  ***低价***
2026-09-18 16:25:40  [172/261] 2026-10-07 周三 VR Queen Street Auckland Official site NZ$86 (4家)  4.7s  ***低价***
2026-09-18 16:25:47  [173/261] 2026-10-07 周三 VR Auckland City         Booking.com NZ$84 (2家)  4.7s  ***低价***
2026-09-18 16:25:54  [174/261] 2026-10-07 周三 Shakespeare Hotel Auckla Official site NZ$95 (4家)  4.8s  ***低价***
2026-09-18 16:25:59  [175/261] 2026-10-07 周三 Auckland City Hotel      Super.com NZ$108 (4家)  3.1s
2026-09-18 16:26:06  [176/261] 2026-10-07 周三 ibis budget Auckland Cen Official site NZ$71 (2家)  4.8s  ***低价***
2026-09-18 16:26:12  [177/261] 2026-10-07 周三 The Quadrant Hotel & Sui Official site NZ$95 (4家)  4.7s  ***低价***
2026-09-18 16:26:20  [178/261] 2026-10-07 周三 Copthorne Hotel Auckland Official site NZ$112 (3家)  5.0s
2026-09-18 16:26:26  [179/261] 2026-10-07 周三 Albion Hotel Auckland    Booking.com NZ$77 (4家)  4.7s  ***低价***
2026-09-18 16:26:33  [180/261] 2026-10-07 周三 Ascotia Off Queen Auckla Booking.com NZ$96 (3家)  4.4s  ***低价***
2026-09-18 16:26:39  [181/261] 2026-10-08 周四 VR Queen Street Auckland Booking.com NZ$113 (4家)  4.8s
2026-09-18 16:26:46  [182/261] 2026-10-08 周四 VR Auckland City         Booking.com NZ$84 (2家)  4.2s  ***低价***
2026-09-18 16:26:52  [183/261] 2026-10-08 周四 Shakespeare Hotel Auckla Booking.com NZ$92 (5家)  4.7s  ***低价***
2026-09-18 16:26:59  [184/261] 2026-10-08 周四 Auckland City Hotel      Booking.com NZ$107 (4家)  4.5s
2026-09-18 16:27:06  [185/261] 2026-10-08 周四 ibis budget Auckland Cen Official site NZ$99 (3家)  4.9s  ***低价***
2026-09-18 16:27:13  [186/261] 2026-10-08 周四 The Quadrant Hotel & Sui Booking.com NZ$100 (4家)  4.8s
2026-09-18 16:27:19  [187/261] 2026-10-08 周四 Copthorne Hotel Auckland Booking.com NZ$117 (3家)  4.6s
2026-09-18 16:27:26  [188/261] 2026-10-08 周四 Albion Hotel Auckland    Official site NZ$94 (3家)  4.5s  ***低价***
2026-09-18 16:27:33  [189/261] 2026-10-08 周四 Ascotia Off Queen Auckla Booking.com NZ$96 (3家)  5.2s  ***低价***
2026-09-18 16:27:40  [190/261] 2026-10-09 周五 VR Queen Street Auckland Booking.com NZ$228 (4家)  4.5s
2026-09-18 16:27:46  [191/261] 2026-10-09 周五 VR Auckland City         Super.com NZ$303 (2家)  4.5s
2026-09-18 16:27:50  [192/261] 2026-10-09 Shakespeare Hotel Auckland: 无报价 (2.4s)
2026-09-18 16:27:55  [193/261] 2026-10-09 周五 Auckland City Hotel      Booking.com NZ$160 (4家)  4.6s
2026-09-18 16:28:01  [194/261] 2026-10-09 周五 ibis budget Auckland Cen Booking.com NZ$184 (3家)  4.3s
2026-09-18 16:28:06  [195/261] 2026-10-09 周五 The Quadrant Hotel & Sui Super.com NZ$235 (3家)  2.7s
2026-09-18 16:28:13  [196/261] 2026-10-09 周五 Copthorne Hotel Auckland Booking.com NZ$267 (3家)  4.8s
2026-09-18 16:28:19  [197/261] 2026-10-09 周五 Albion Hotel Auckland    Booking.com NZ$138 (4家)  4.5s
2026-09-18 16:28:26  [198/261] 2026-10-09 周五 Ascotia Off Queen Auckla Booking.com NZ$127 (4家)  4.3s
2026-09-18 16:28:32  [199/261] 2026-10-10 周六 VR Queen Street Auckland Official site NZ$228 (4家)  4.7s
2026-09-18 16:28:38  [200/261] 2026-10-10 周六 VR Auckland City         Booking.com NZ$590 (1家)  4.0s
2026-09-18 16:28:43  [201/261] 2026-10-10 Shakespeare Hotel Auckland: 无报价 (2.4s)
2026-09-18 16:28:47  [202/261] 2026-10-10 周六 Auckland City Hotel      Official site NZ$227 (3家)  4.6s
2026-09-18 16:28:52  [203/261] 2026-10-10 周六 ibis budget Auckland Cen Super.com NZ$237 (3家)  2.5s
2026-09-18 16:28:59  [204/261] 2026-10-10 周六 The Quadrant Hotel & Sui Wotif NZ$264 (4家)  5.2s
2026-09-18 16:29:06  [205/261] 2026-10-10 周六 Copthorne Hotel Auckland Official site NZ$304 (3家)  5.0s
2026-09-18 16:29:12  [206/261] 2026-10-10 周六 Albion Hotel Auckland    Booking.com NZ$196 (4家)  4.4s
2026-09-18 16:29:19  [207/261] 2026-10-10 周六 Ascotia Off Queen Auckla Booking.com NZ$161 (3家)  4.3s
2026-09-18 16:29:23  [208/261] 2026-10-11 周日 VR Queen Street Auckland Super.com NZ$96 (4家)  2.5s  ***低价***
2026-09-18 16:29:30  [209/261] 2026-10-11 周日 VR Auckland City         Booking.com NZ$84 (2家)  4.7s  ***低价***
2026-09-18 16:29:37  [210/261] 2026-10-11 周日 Shakespeare Hotel Auckla Wotif NZ$92 (5家)  4.9s  ***低价***
2026-09-18 16:29:43  [211/261] 2026-10-11 周日 Auckland City Hotel      Official site NZ$98 (4家)  4.3s  ***低价***
2026-09-18 16:29:50  [212/261] 2026-10-11 周日 ibis budget Auckland Cen Wotif NZ$78 (5家)  4.9s  ***低价***
2026-09-18 16:29:57  [213/261] 2026-10-11 周日 The Quadrant Hotel & Sui Official site NZ$87 (4家)  5.2s  ***低价***
2026-09-18 16:30:04  [214/261] 2026-10-11 周日 Copthorne Hotel Auckland Wotif NZ$104 (4家)  4.9s
2026-09-18 16:30:10  [215/261] 2026-10-11 周日 Albion Hotel Auckland    Wotif NZ$77 (4家)  4.4s  ***低价***
2026-09-18 16:30:17  [216/261] 2026-10-11 周日 Ascotia Off Queen Auckla Wotif NZ$88 (4家)  4.4s  ***低价***
2026-09-18 16:30:23  [217/261] 2026-10-12 周一 VR Queen Street Auckland Booking.com NZ$95 (4家)  4.4s  ***低价***
2026-09-18 16:30:30  [218/261] 2026-10-12 周一 VR Auckland City         Booking.com NZ$84 (2家)  4.4s  ***低价***
2026-09-18 16:30:36  [219/261] 2026-10-12 周一 Shakespeare Hotel Auckla Official site NZ$89 (4家)  4.2s  ***低价***
2026-09-18 16:30:42  [220/261] 2026-10-12 周一 Auckland City Hotel      Wotif NZ$102 (5家)  4.7s
2026-09-18 16:30:49  [221/261] 2026-10-12 周一 ibis budget Auckland Cen Official site NZ$90 (4家)  4.5s  ***低价***
2026-09-18 16:30:54  [222/261] 2026-10-12 周一 The Quadrant Hotel & Sui Super.com NZ$77 (4家)  2.5s  ***低价***
2026-09-18 16:31:00  [223/261] 2026-10-12 周一 Copthorne Hotel Auckland Wotif NZ$104 (4家)  4.8s
2026-09-18 16:31:07  [224/261] 2026-10-12 周一 Albion Hotel Auckland    Official site NZ$80 (3家)  4.8s  ***低价***
2026-09-18 16:31:13  [225/261] 2026-10-12 周一 Ascotia Off Queen Auckla Official site NZ$87 (3家)  4.4s  ***低价***
2026-09-18 16:31:20  [226/261] 2026-10-13 周二 VR Queen Street Auckland Official site NZ$100 (3家)  4.8s
2026-09-18 16:31:26  [227/261] 2026-10-13 周二 VR Auckland City         Super.com NZ$97 (2家)  4.1s  ***低价***
2026-09-18 16:31:33  [228/261] 2026-10-13 周二 Shakespeare Hotel Auckla Booking.com NZ$85 (4家)  5.1s  ***低价***
2026-09-18 16:31:40  [229/261] 2026-10-13 周二 Auckland City Hotel      Official site NZ$103 (4家)  4.8s
2026-09-18 16:31:47  [230/261] 2026-10-13 周二 ibis budget Auckland Cen Official site NZ$84 (4家)  4.6s  ***低价***
2026-09-18 16:31:54  [231/261] 2026-10-13 周二 The Quadrant Hotel & Sui Official site NZ$91 (4家)  5.0s  ***低价***
2026-09-18 16:32:00  [232/261] 2026-10-13 周二 Copthorne Hotel Auckland Official site NZ$119 (3家)  4.3s
2026-09-18 16:32:07  [233/261] 2026-10-13 周二 Albion Hotel Auckland    Booking.com NZ$77 (4家)  4.8s  ***低价***
2026-09-18 16:32:13  [234/261] 2026-10-13 周二 Ascotia Off Queen Auckla Booking.com NZ$87 (3家)  4.4s  ***低价***
2026-09-18 16:32:20  [235/261] 2026-10-14 周三 VR Queen Street Auckland Official site NZ$96 (4家)  4.4s  ***低价***
2026-09-18 16:32:26  [236/261] 2026-10-14 周三 VR Auckland City         Super.com NZ$95 (2家)  4.8s  ***低价***
2026-09-18 16:32:33  [237/261] 2026-10-14 周三 Shakespeare Hotel Auckla Official site NZ$98 (4家)  4.3s  ***低价***
2026-09-18 16:32:39  [238/261] 2026-10-14 周三 Auckland City Hotel      Official site NZ$99 (3家)  4.5s  ***低价***
2026-09-18 16:32:46  [239/261] 2026-10-14 周三 ibis budget Auckland Cen Official site NZ$80 (3家)  4.8s  ***低价***
2026-09-18 16:32:53  [240/261] 2026-10-14 周三 The Quadrant Hotel & Sui Official site NZ$90 (4家)  5.3s  ***低价***
2026-09-18 16:33:00  [241/261] 2026-10-14 周三 Copthorne Hotel Auckland Official site NZ$108 (3家)  4.3s
2026-09-18 16:33:06  [242/261] 2026-10-14 周三 Albion Hotel Auckland    Wotif NZ$77 (4家)  4.6s  ***低价***
2026-09-18 16:33:13  [243/261] 2026-10-14 周三 Ascotia Off Queen Auckla Official site NZ$94 (3家)  4.7s  ***低价***
2026-09-18 16:33:19  [244/261] 2026-10-15 周四 VR Queen Street Auckland Booking.com NZ$96 (4家)  4.5s  ***低价***
2026-09-18 16:33:26  [245/261] 2026-10-15 周四 VR Auckland City         Super.com NZ$105 (2家)  4.6s
2026-09-18 16:33:32  [246/261] 2026-10-15 周四 Shakespeare Hotel Auckla Booking.com NZ$90 (4家)  4.4s  ***低价***
2026-09-18 16:33:39  [247/261] 2026-10-15 周四 Auckland City Hotel      Booking.com NZ$103 (4家)  4.4s
2026-09-18 16:33:46  [248/261] 2026-10-15 周四 ibis budget Auckland Cen Booking.com NZ$88 (3家)  4.8s  ***低价***
2026-09-18 16:33:52  [249/261] 2026-10-15 周四 The Quadrant Hotel & Sui Official site NZ$93 (4家)  4.8s  ***低价***
2026-09-18 16:33:59  [250/261] 2026-10-15 周四 Copthorne Hotel Auckland Official site NZ$105 (3家)  4.4s
2026-09-18 16:34:04  [251/261] 2026-10-15 周四 Albion Hotel Auckland    Super.com NZ$95 (3家)  2.8s  ***低价***
2026-09-18 16:34:10  [252/261] 2026-10-15 周四 Ascotia Off Queen Auckla Booking.com NZ$87 (3家)  4.6s  ***低价***
2026-09-18 16:34:17  [253/261] 2026-10-16 周五 VR Queen Street Auckland Booking.com NZ$131 (4家)  4.8s
2026-09-18 16:34:24  [254/261] 2026-10-16 周五 VR Auckland City         Wotif NZ$102 (3家)  4.4s
2026-09-18 16:34:28  [255/261] 2026-10-16 周五 Shakespeare Hotel Auckla Super.com NZ$86 (4家)  2.4s  ***低价***
2026-09-18 16:34:35  [256/261] 2026-10-16 周五 Auckland City Hotel      Wotif NZ$139 (5家)  4.8s
2026-09-18 16:34:41  [257/261] 2026-10-16 周五 ibis budget Auckland Cen Booking.com NZ$134 (3家)  4.6s
2026-09-18 16:34:49  [258/261] 2026-10-16 周五 The Quadrant Hotel & Sui Booking.com NZ$147 (4家)  5.5s
2026-09-18 16:34:55  [259/261] 2026-10-16 周五 Copthorne Hotel Auckland Booking.com NZ$156 (3家)  4.3s
2026-09-18 16:35:02  [260/261] 2026-10-16 周五 Albion Hotel Auckland    Booking.com NZ$114 (4家)  4.6s
2026-09-18 16:35:09  [261/261] 2026-10-16 周五 Ascotia Off Queen Auckla Booking.com NZ$132 (4家)  5.0s
2026-09-18 16:35:11  ===== 第 11 轮结束: 成功 256 / 异常 5, 用时 27.5 分钟, 平均抓取 4.3s =====
2026-09-18 16:35:11  报告已刷新: Y:\12\auckland-hotel-watch\local\data\overnight_report.md
2026-09-18 16:35:12  看板已重建: auckland_rates.html
2026-09-18 16:35:12  休息 3 分钟, 下一轮约 16:37
2026-09-18 16:37:44  ===== 第 12 轮开始, 共 261 个目标 =====
2026-09-18 16:37:48  [1/261] 2026-09-18 VR Queen Street Auckland: 无报价 (3.2s)
2026-09-18 16:37:53  [2/261] 2026-09-18 周五 VR Auckland City         Wotif NZ$118 (3家)  5.0s
2026-09-18 16:38:00  [3/261] 2026-09-18 周五 Shakespeare Hotel Auckla Wotif NZ$77 (5家)  5.3s  ***低价***
2026-09-18 16:38:08  [4/261] 2026-09-18 周五 Auckland City Hotel      Wotif NZ$90 (5家)  6.1s  ***低价***
2026-09-18 16:38:12  [5/261] 2026-09-18 周五 ibis budget Auckland Cen Trip.com NZ$152 (1家)  2.5s
2026-09-18 16:38:20  [6/261] 2026-09-18 周五 The Quadrant Hotel & Sui Wotif NZ$240 (4家)  5.8s
2026-09-18 16:38:25  [7/261] 2026-09-18 周五 Copthorne Hotel Auckland Super.com NZ$130 (4家)  2.6s
2026-09-18 16:38:32  [8/261] 2026-09-18 周五 Albion Hotel Auckland    Wotif NZ$77 (5家)  5.5s  ***低价***
2026-09-18 16:38:37  [9/261] 2026-09-18 Ascotia Off Queen Auckland: 无报价 (2.5s)
2026-09-18 16:38:40  [10/261] 2026-09-19 周六 VR Queen Street Auckland Super.com NZ$177 (3家)  2.7s
2026-09-18 16:38:47  [11/261] 2026-09-19 周六 VR Auckland City         Super.com NZ$130 (2家)  5.4s
2026-09-18 16:38:52  [12/261] 2026-09-19 周六 Shakespeare Hotel Auckla Super.com NZ$79 (4家)  2.7s  ***低价***
2026-09-18 16:38:56  [13/261] 2026-09-19 周六 Auckland City Hotel      Super.com NZ$86 (4家)  2.6s  ***低价***
2026-09-18 16:39:01  [14/261] 2026-09-19 周六 ibis budget Auckland Cen Super.com NZ$93 (3家)  3.3s  ***低价***
2026-09-18 16:39:08  [15/261] 2026-09-19 周六 The Quadrant Hotel & Sui Wotif NZ$112 (4家)  4.7s
2026-09-18 16:39:13  [16/261] 2026-09-19 周六 Copthorne Hotel Auckland Super.com NZ$131 (3家)  2.7s
2026-09-18 16:39:19  [17/261] 2026-09-19 周六 Albion Hotel Auckland    Wotif NZ$82 (5家)  4.6s  ***低价***
2026-09-18 16:39:27  [18/261] 2026-09-19 周六 Ascotia Off Queen Auckla Official site NZ$79 (4家)  5.2s  ***低价***
2026-09-18 16:39:31  [19/261] 2026-09-20 周日 VR Queen Street Auckland Official site NZ$92 (3家)  2.7s  ***低价***
2026-09-18 16:39:38  [20/261] 2026-09-20 周日 VR Auckland City         Wotif NZ$73 (4家)  4.8s  ***低价***
2026-09-18 16:39:45  [21/261] 2026-09-20 周日 Shakespeare Hotel Auckla Wotif NZ$80 (5家)  4.7s  ***低价***
2026-09-18 16:39:49  [22/261] 2026-09-20 周日 Auckland City Hotel      Super.com NZ$86 (4家)  2.5s  ***低价***
2026-09-18 16:39:56  [23/261] 2026-09-20 周日 ibis budget Auckland Cen Wotif NZ$81 (5家)  4.6s  ***低价***
2026-09-18 16:40:02  [24/261] 2026-09-20 周日 The Quadrant Hotel & Sui Official site NZ$132 (4家)  4.5s
2026-09-18 16:40:09  [25/261] 2026-09-20 周日 Copthorne Hotel Auckland Wotif NZ$107 (4家)  4.8s
2026-09-18 16:40:16  [26/261] 2026-09-20 周日 Albion Hotel Auckland    Wotif NZ$79 (4家)  4.4s  ***低价***
2026-09-18 16:40:22  [27/261] 2026-09-20 周日 Ascotia Off Queen Auckla Wotif NZ$65 (4家)  4.2s  ***低价***
2026-09-18 16:40:29  [28/261] 2026-09-21 周一 VR Queen Street Auckland Official site NZ$86 (3家)  5.0s  ***低价***
2026-09-18 16:40:36  [29/261] 2026-09-21 周一 VR Auckland City         Super.com NZ$89 (2家)  4.7s  ***低价***
2026-09-18 16:40:42  [30/261] 2026-09-21 周一 Shakespeare Hotel Auckla Official site NZ$76 (4家)  4.7s  ***低价***
2026-09-18 16:40:49  [31/261] 2026-09-21 周一 Auckland City Hotel      Official site NZ$86 (4家)  4.3s  ***低价***
2026-09-18 16:40:55  [32/261] 2026-09-21 周一 ibis budget Auckland Cen Official site NZ$75 (3家)  4.6s  ***低价***
2026-09-18 16:41:02  [33/261] 2026-09-21 周一 The Quadrant Hotel & Sui Official site NZ$93 (4家)  4.7s  ***低价***
2026-09-18 16:41:08  [34/261] 2026-09-21 周一 Copthorne Hotel Auckland Official site NZ$107 (4家)  4.5s
2026-09-18 16:41:13  [35/261] 2026-09-21 周一 Albion Hotel Auckland    Super.com NZ$79 (3家)  2.8s  ***低价***
2026-09-18 16:41:20  [36/261] 2026-09-21 周一 Ascotia Off Queen Auckla Official site NZ$64 (4家)  4.5s  ***低价***
2026-09-18 16:41:24  [37/261] 2026-09-22 周二 VR Queen Street Auckland Super.com NZ$92 (4家)  2.5s  ***低价***
2026-09-18 16:41:31  [38/261] 2026-09-22 周二 VR Auckland City         Booking.com NZ$73 (2家)  4.9s  ***低价***
2026-09-18 16:41:37  [39/261] 2026-09-22 周二 Shakespeare Hotel Auckla Booking.com NZ$79 (4家)  4.2s  ***低价***
2026-09-18 16:41:44  [40/261] 2026-09-22 周二 Auckland City Hotel      Booking.com NZ$91 (4家)  4.4s  ***低价***
2026-09-18 16:41:50  [41/261] 2026-09-22 周二 ibis budget Auckland Cen Official site NZ$83 (3家)  4.5s  ***低价***
2026-09-18 16:41:57  [42/261] 2026-09-22 周二 The Quadrant Hotel & Sui Booking.com NZ$173 (3家)  4.9s
2026-09-18 16:42:04  [43/261] 2026-09-22 周二 Copthorne Hotel Auckland Booking.com NZ$115 (4家)  4.5s
2026-09-18 16:42:10  [44/261] 2026-09-22 周二 Albion Hotel Auckland    Booking.com NZ$82 (5家)  4.3s  ***低价***
2026-09-18 16:42:17  [45/261] 2026-09-22 周二 Ascotia Off Queen Auckla Booking.com NZ$74 (3家)  4.9s  ***低价***
2026-09-18 16:42:21  [46/261] 2026-09-23 周三 VR Queen Street Auckland Super.com NZ$80 (4家)  2.7s  ***低价***
2026-09-18 16:42:28  [47/261] 2026-09-23 周三 VR Auckland City         Booking.com NZ$73 (2家)  4.6s  ***低价***
2026-09-18 16:42:34  [48/261] 2026-09-23 周三 Shakespeare Hotel Auckla Booking.com NZ$78 (4家)  4.4s  ***低价***
2026-09-18 16:42:41  [49/261] 2026-09-23 周三 Auckland City Hotel      Wotif NZ$112 (5家)  4.8s
2026-09-18 16:42:48  [50/261] 2026-09-23 周三 ibis budget Auckland Cen Wotif NZ$84 (5家)  5.0s  ***低价***
2026-09-18 16:42:55  [51/261] 2026-09-23 周三 The Quadrant Hotel & Sui Booking.com NZ$93 (4家)  4.7s  ***低价***
2026-09-18 16:43:01  [52/261] 2026-09-23 周三 Copthorne Hotel Auckland Official site NZ$123 (3家)  4.2s
2026-09-18 16:43:08  [53/261] 2026-09-23 周三 Albion Hotel Auckland    Booking.com NZ$78 (4家)  4.4s  ***低价***
2026-09-18 16:43:15  [54/261] 2026-09-23 周三 Ascotia Off Queen Auckla Booking.com NZ$68 (3家)  4.9s  ***低价***
2026-09-18 16:43:21  [55/261] 2026-09-24 周四 VR Queen Street Auckland Booking.com NZ$80 (4家)  4.8s  ***低价***
2026-09-18 16:43:26  [56/261] 2026-09-24 周四 VR Auckland City         Super.com NZ$93 (2家)  2.6s  ***低价***
2026-09-18 16:43:33  [57/261] 2026-09-24 周四 Shakespeare Hotel Auckla Official site NZ$80 (4家)  4.7s  ***低价***
2026-09-18 16:43:40  [58/261] 2026-09-24 周四 Auckland City Hotel      Official site NZ$90 (4家)  4.9s  ***低价***
2026-09-18 16:43:47  [59/261] 2026-09-24 周四 ibis budget Auckland Cen Official site NZ$76 (3家)  5.2s  ***低价***
2026-09-18 16:43:54  [60/261] 2026-09-24 周四 The Quadrant Hotel & Sui Official site NZ$93 (4家)  5.4s  ***低价***
2026-09-18 16:44:01  [61/261] 2026-09-24 周四 Copthorne Hotel Auckland Official site NZ$122 (3家)  4.4s
2026-09-18 16:44:07  [62/261] 2026-09-24 周四 Albion Hotel Auckland    Official site NZ$86 (4家)  4.5s  ***低价***
2026-09-18 16:44:13  [63/261] 2026-09-24 周四 Ascotia Off Queen Auckla Official site NZ$65 (4家)  4.3s  ***低价***
2026-09-18 16:44:20  [64/261] 2026-09-25 周五 VR Queen Street Auckland Official site NZ$121 (4家)  4.6s
2026-09-18 16:44:26  [65/261] 2026-09-25 周五 VR Auckland City         Booking.com NZ$88 (2家)  4.4s  ***低价***
2026-09-18 16:44:31  [66/261] 2026-09-25 Shakespeare Hotel Auckland: 无报价 (2.7s)
2026-09-18 16:44:35  [67/261] 2026-09-25 周五 Auckland City Hotel      Official site NZ$209 (4家)  4.2s
2026-09-18 16:44:42  [68/261] 2026-09-25 周五 ibis budget Auckland Cen Official site NZ$98 (3家)  4.4s  ***低价***
2026-09-18 16:44:49  [69/261] 2026-09-25 周五 The Quadrant Hotel & Sui Booking.com NZ$250 (3家)  5.1s
2026-09-18 16:44:56  [70/261] 2026-09-25 周五 Copthorne Hotel Auckland Official site NZ$208 (2家)  4.7s
2026-09-18 16:45:02  [71/261] 2026-09-25 周五 Albion Hotel Auckland    Official site NZ$101 (3家)  4.8s
2026-09-18 16:45:09  [72/261] 2026-09-25 周五 Ascotia Off Queen Auckla Booking.com NZ$125 (2家)  4.3s
2026-09-18 16:45:15  [73/261] 2026-09-26 周六 VR Queen Street Auckland Booking.com NZ$123 (4家)  4.6s
2026-09-18 16:45:22  [74/261] 2026-09-26 周六 VR Auckland City         Super.com NZ$167 (2家)  4.7s
2026-09-18 16:45:29  [75/261] 2026-09-26 周六 Shakespeare Hotel Auckla Booking.com NZ$74 (4家)  4.7s  ***低价***
2026-09-18 16:45:35  [76/261] 2026-09-26 周六 Auckland City Hotel      Booking.com NZ$105 (4家)  4.5s
2026-09-18 16:45:42  [77/261] 2026-09-26 周六 ibis budget Auckland Cen Booking.com NZ$103 (3家)  4.8s
2026-09-18 16:45:49  [78/261] 2026-09-26 周六 The Quadrant Hotel & Sui Booking.com NZ$115 (4家)  5.0s
2026-09-18 16:45:55  [79/261] 2026-09-26 周六 Copthorne Hotel Auckland Official site NZ$171 (3家)  4.3s
2026-09-18 16:46:02  [80/261] 2026-09-26 周六 Albion Hotel Auckland    Booking.com NZ$100 (4家)  4.3s
2026-09-18 16:46:08  [81/261] 2026-09-26 周六 Ascotia Off Queen Auckla Official site NZ$124 (5家)  4.1s
2026-09-18 16:46:14  [82/261] 2026-09-27 周日 VR Queen Street Auckland Official site NZ$82 (4家)  4.4s  ***低价***
2026-09-18 16:46:21  [83/261] 2026-09-27 周日 VR Auckland City         Wotif NZ$74 (3家)  4.6s  ***低价***
2026-09-18 16:46:27  [84/261] 2026-09-27 周日 Shakespeare Hotel Auckla Official site NZ$77 (4家)  4.3s  ***低价***
2026-09-18 16:46:33  [85/261] 2026-09-27 周日 Auckland City Hotel      Wotif NZ$92 (5家)  4.5s  ***低价***
2026-09-18 16:46:40  [86/261] 2026-09-27 周日 ibis budget Auckland Cen Wotif NZ$77 (4家)  4.9s  ***低价***
2026-09-18 16:46:47  [87/261] 2026-09-27 周日 The Quadrant Hotel & Sui Wotif NZ$99 (4家)  4.9s  ***低价***
2026-09-18 16:46:54  [88/261] 2026-09-27 周日 Copthorne Hotel Auckland Official site NZ$131 (3家)  4.4s
2026-09-18 16:47:00  [89/261] 2026-09-27 周日 Albion Hotel Auckland    Wotif NZ$77 (5家)  4.8s  ***低价***
2026-09-18 16:47:07  [90/261] 2026-09-27 周日 Ascotia Off Queen Auckla Wotif NZ$86 (4家)  4.4s  ***低价***
2026-09-18 16:47:13  [91/261] 2026-09-28 周一 VR Queen Street Auckland Wotif NZ$78 (5家)  4.7s  ***低价***
2026-09-18 16:47:20  [92/261] 2026-09-28 周一 VR Auckland City         Wotif NZ$74 (3家)  4.8s  ***低价***
2026-09-18 16:47:27  [93/261] 2026-09-28 周一 Shakespeare Hotel Auckla Wotif NZ$74 (5家)  4.5s  ***低价***
2026-09-18 16:47:34  [94/261] 2026-09-28 周一 Auckland City Hotel      Wotif NZ$90 (5家)  4.9s  ***低价***
2026-09-18 16:47:40  [95/261] 2026-09-28 周一 ibis budget Auckland Cen Wotif NZ$74 (4家)  4.4s  ***低价***
2026-09-18 16:47:47  [96/261] 2026-09-28 周一 The Quadrant Hotel & Sui Booking.com NZ$85 (4家)  4.4s  ***低价***
2026-09-18 16:47:53  [97/261] 2026-09-28 周一 Copthorne Hotel Auckland Wotif NZ$104 (4家)  4.5s
2026-09-18 16:47:59  [98/261] 2026-09-28 周一 Albion Hotel Auckland    Booking.com NZ$75 (4家)  4.3s  ***低价***
2026-09-18 16:48:06  [99/261] 2026-09-28 周一 Ascotia Off Queen Auckla Booking.com NZ$63 (2家)  4.6s  ***低价***
2026-09-18 16:48:13  [100/261] 2026-09-29 周二 VR Queen Street Auckland Wotif NZ$79 (5家)  4.9s  ***低价***
2026-09-18 16:48:19  [101/261] 2026-09-29 周二 VR Auckland City         Wotif NZ$74 (3家)  4.2s  ***低价***
2026-09-18 16:48:25  [102/261] 2026-09-29 周二 Shakespeare Hotel Auckla Wotif NZ$80 (5家)  4.4s  ***低价***
2026-09-18 16:48:32  [103/261] 2026-09-29 周二 Auckland City Hotel      Booking.com NZ$91 (3家)  4.3s  ***低价***
2026-09-18 16:48:39  [104/261] 2026-09-29 周二 ibis budget Auckland Cen Official site NZ$75 (3家)  5.2s  ***低价***
2026-09-18 16:48:46  [105/261] 2026-09-29 周二 The Quadrant Hotel & Sui Wotif NZ$96 (5家)  4.9s  ***低价***
2026-09-18 16:48:52  [106/261] 2026-09-29 周二 Copthorne Hotel Auckland Wotif NZ$113 (4家)  4.4s
2026-09-18 16:48:59  [107/261] 2026-09-29 周二 Albion Hotel Auckland    Wotif NZ$77 (5家)  4.3s  ***低价***
2026-09-18 16:49:05  [108/261] 2026-09-29 周二 Ascotia Off Queen Auckla Booking.com NZ$64 (3家)  4.8s  ***低价***
2026-09-18 16:49:12  [109/261] 2026-09-30 周三 VR Queen Street Auckland Official site NZ$85 (4家)  4.9s  ***低价***
2026-09-18 16:49:19  [110/261] 2026-09-30 周三 VR Auckland City         Super.com NZ$92 (2家)  4.9s  ***低价***
2026-09-18 16:49:26  [111/261] 2026-09-30 周三 Shakespeare Hotel Auckla Official site NZ$78 (4家)  4.7s  ***低价***
2026-09-18 16:49:32  [112/261] 2026-09-30 周三 Auckland City Hotel      Official site NZ$93 (4家)  4.3s  ***低价***
2026-09-18 16:49:39  [113/261] 2026-09-30 周三 ibis budget Auckland Cen Official site NZ$76 (4家)  4.8s  ***低价***
2026-09-18 16:49:46  [114/261] 2026-09-30 周三 The Quadrant Hotel & Sui Official site NZ$92 (4家)  4.7s  ***低价***
2026-09-18 16:49:52  [115/261] 2026-09-30 周三 Copthorne Hotel Auckland Official site NZ$114 (3家)  4.5s
2026-09-18 16:49:59  [116/261] 2026-09-30 周三 Albion Hotel Auckland    Official site NZ$76 (3家)  4.8s  ***低价***
2026-09-18 16:50:05  [117/261] 2026-09-30 周三 Ascotia Off Queen Auckla Official site NZ$64 (5家)  4.3s  ***低价***
2026-09-18 16:50:12  [118/261] 2026-10-01 周四 VR Queen Street Auckland Booking.com NZ$110 (4家)  5.0s
2026-09-18 16:50:19  [119/261] 2026-10-01 周四 VR Auckland City         Wotif NZ$84 (3家)  4.6s  ***低价***
2026-09-18 16:50:25  [120/261] 2026-10-01 周四 Shakespeare Hotel Auckla Official site NZ$88 (4家)  4.5s  ***低价***
2026-09-18 16:50:32  [121/261] 2026-10-01 周四 Auckland City Hotel      Booking.com NZ$97 (4家)  4.7s  ***低价***
2026-09-18 16:50:38  [122/261] 2026-10-01 周四 ibis budget Auckland Cen Wotif NZ$88 (4家)  4.3s  ***低价***
2026-09-18 16:50:45  [123/261] 2026-10-01 周四 The Quadrant Hotel & Sui Official site NZ$102 (3家)  4.4s
2026-09-18 16:50:51  [124/261] 2026-10-01 周四 Copthorne Hotel Auckland Official site NZ$111 (3家)  4.6s
2026-09-18 16:50:56  [125/261] 2026-10-01 周四 Albion Hotel Auckland    Super.com NZ$95 (3家)  2.6s  ***低价***
2026-09-18 16:51:03  [126/261] 2026-10-01 周四 Ascotia Off Queen Auckla Booking.com NZ$88 (4家)  4.6s  ***低价***
2026-09-18 16:51:09  [127/261] 2026-10-02 周五 VR Queen Street Auckland Booking.com NZ$114 (4家)  4.4s
2026-09-18 16:51:15  [128/261] 2026-10-02 周五 VR Auckland City         Wotif NZ$116 (3家)  4.3s
2026-09-18 16:51:22  [129/261] 2026-10-02 周五 Shakespeare Hotel Auckla Booking.com NZ$94 (4家)  4.2s  ***低价***
2026-09-18 16:51:28  [130/261] 2026-10-02 周五 Auckland City Hotel      Wotif NZ$97 (5家)  4.8s  ***低价***
2026-09-18 16:51:35  [131/261] 2026-10-02 周五 ibis budget Auckland Cen Wotif NZ$93 (5家)  4.9s  ***低价***
2026-09-18 16:51:43  [132/261] 2026-10-02 周五 The Quadrant Hotel & Sui Wotif NZ$111 (5家)  5.3s
2026-09-18 16:51:49  [133/261] 2026-10-02 周五 Copthorne Hotel Auckland Wotif NZ$142 (4家)  4.4s
2026-09-18 16:51:55  [134/261] 2026-10-02 周五 Albion Hotel Auckland    Booking.com NZ$115 (4家)  4.2s
2026-09-18 16:52:01  [135/261] 2026-10-02 周五 Ascotia Off Queen Auckla Official site NZ$94 (3家)  4.2s  ***低价***
2026-09-18 16:52:08  [136/261] 2026-10-03 周六 VR Queen Street Auckland Booking.com NZ$122 (4家)  4.3s
2026-09-18 16:52:14  [137/261] 2026-10-03 周六 VR Auckland City         Booking.com NZ$102 (2家)  4.7s
2026-09-18 16:52:21  [138/261] 2026-10-03 周六 Shakespeare Hotel Auckla Booking.com NZ$91 (4家)  4.7s  ***低价***
2026-09-18 16:52:28  [139/261] 2026-10-03 周六 Auckland City Hotel      Wotif NZ$111 (5家)  4.9s
2026-09-18 16:52:34  [140/261] 2026-10-03 周六 ibis budget Auckland Cen Wotif NZ$98 (4家)  4.4s  ***低价***
2026-09-18 16:52:39  [141/261] 2026-10-03 周六 The Quadrant Hotel & Sui Super.com NZ$129 (3家)  3.0s
2026-09-18 16:52:44  [142/261] 2026-10-03 周六 Copthorne Hotel Auckland Super.com NZ$157 (3家)  2.6s
2026-09-18 16:52:51  [143/261] 2026-10-03 周六 Albion Hotel Auckland    Booking.com NZ$114 (4家)  4.6s
2026-09-18 16:52:57  [144/261] 2026-10-03 周六 Ascotia Off Queen Auckla Wotif NZ$87 (5家)  4.6s  ***低价***
2026-09-18 16:53:02  [145/261] 2026-10-04 周日 VR Queen Street Auckland Super.com NZ$90 (4家)  2.7s  ***低价***
2026-09-18 16:53:09  [146/261] 2026-10-04 周日 VR Auckland City         Booking.com NZ$139 (1家)  4.8s
2026-09-18 16:53:14  [147/261] 2026-10-04 周日 Shakespeare Hotel Auckla Super.com NZ$93 (4家)  2.8s  ***低价***
2026-09-18 16:53:18  [148/261] 2026-10-04 周日 Auckland City Hotel      Super.com NZ$104 (3家)  2.6s
2026-09-18 16:53:25  [149/261] 2026-10-04 周日 ibis budget Auckland Cen Booking.com NZ$86 (4家)  4.4s  ***低价***
2026-09-18 16:53:31  [150/261] 2026-10-04 周日 The Quadrant Hotel & Sui Booking.com NZ$96 (4家)  4.4s  ***低价***
2026-09-18 16:53:37  [151/261] 2026-10-04 周日 Copthorne Hotel Auckland Official site NZ$112 (3家)  4.5s
2026-09-18 16:53:44  [152/261] 2026-10-04 周日 Albion Hotel Auckland    Wotif NZ$77 (5家)  4.3s  ***低价***
2026-09-18 16:53:50  [153/261] 2026-10-04 周日 Ascotia Off Queen Auckla Official site NZ$80 (3家)  4.4s  ***低价***
2026-09-18 16:53:55  [154/261] 2026-10-05 周一 VR Queen Street Auckland Super.com NZ$90 (4家)  2.8s  ***低价***
2026-09-18 16:54:01  [155/261] 2026-10-05 周一 VR Auckland City         Super.com NZ$116 (2家)  4.4s
2026-09-18 16:54:08  [156/261] 2026-10-05 周一 Shakespeare Hotel Auckla Official site NZ$93 (4家)  4.8s  ***低价***
2026-09-18 16:54:15  [157/261] 2026-10-05 周一 Auckland City Hotel      Booking.com NZ$99 (4家)  4.5s  ***低价***
2026-09-18 16:54:21  [158/261] 2026-10-05 周一 ibis budget Auckland Cen Official site NZ$77 (3家)  4.3s  ***低价***
2026-09-18 16:54:26  [159/261] 2026-10-05 周一 The Quadrant Hotel & Sui Super.com NZ$92 (4家)  2.6s  ***低价***
2026-09-18 16:54:32  [160/261] 2026-10-05 周一 Copthorne Hotel Auckland Official site NZ$111 (3家)  4.5s
2026-09-18 16:54:38  [161/261] 2026-10-05 周一 Albion Hotel Auckland    Official site NZ$78 (3家)  4.4s  ***低价***
2026-09-18 16:54:45  [162/261] 2026-10-05 周一 Ascotia Off Queen Auckla Official site NZ$80 (4家)  4.7s  ***低价***
2026-09-18 16:54:52  [163/261] 2026-10-06 周二 VR Queen Street Auckland Official site NZ$94 (4家)  4.6s  ***低价***
2026-09-18 16:54:56  [164/261] 2026-10-06 周二 VR Auckland City         Super.com NZ$116 (2家)  2.6s
2026-09-18 16:55:03  [165/261] 2026-10-06 周二 Shakespeare Hotel Auckla Official site NZ$93 (4家)  4.3s  ***低价***
2026-09-18 16:55:09  [166/261] 2026-10-06 周二 Auckland City Hotel      Official site NZ$109 (4家)  4.3s
2026-09-18 16:55:16  [167/261] 2026-10-06 周二 ibis budget Auckland Cen Official site NZ$81 (4家)  4.5s  ***低价***
2026-09-18 16:55:22  [168/261] 2026-10-06 周二 The Quadrant Hotel & Sui Official site NZ$98 (4家)  4.2s  ***低价***
2026-09-18 16:55:29  [169/261] 2026-10-06 周二 Copthorne Hotel Auckland Booking.com NZ$112 (3家)  4.8s
2026-09-18 16:55:35  [170/261] 2026-10-06 周二 Albion Hotel Auckland    Booking.com NZ$76 (5家)  4.2s  ***低价***
2026-09-18 16:55:41  [171/261] 2026-10-06 周二 Ascotia Off Queen Auckla Booking.com NZ$79 (4家)  4.7s  ***低价***
2026-09-18 16:55:48  [172/261] 2026-10-07 周三 VR Queen Street Auckland Booking.com NZ$86 (4家)  4.4s  ***低价***
2026-09-18 16:55:56  [173/261] 2026-10-07 周三 VR Auckland City         Super.com NZ$108 (2家)  6.0s
2026-09-18 16:56:03  [174/261] 2026-10-07 周三 Shakespeare Hotel Auckla Official site NZ$95 (4家)  4.8s  ***低价***
2026-09-18 16:56:10  [175/261] 2026-10-07 周三 Auckland City Hotel      Official site NZ$108 (4家)  5.0s
2026-09-18 16:56:16  [176/261] 2026-10-07 周三 ibis budget Auckland Cen Official site NZ$70 (2家)  4.7s  ***低价***
2026-09-18 16:56:23  [177/261] 2026-10-07 周三 The Quadrant Hotel & Sui Booking.com NZ$95 (4家)  4.8s  ***低价***
2026-09-18 16:56:31  [178/261] 2026-10-07 周三 Copthorne Hotel Auckland Booking.com NZ$112 (3家)  5.3s
2026-09-18 16:56:38  [179/261] 2026-10-07 周三 Albion Hotel Auckland    Official site NZ$77 (3家)  5.2s  ***低价***
2026-09-18 16:56:45  [180/261] 2026-10-07 周三 Ascotia Off Queen Auckla Official site NZ$96 (3家)  5.3s  ***低价***
2026-09-18 16:56:52  [181/261] 2026-10-08 周四 VR Queen Street Auckland Booking.com NZ$113 (4家)  5.1s
2026-09-18 16:56:59  [182/261] 2026-10-08 周四 VR Auckland City         Booking.com NZ$84 (2家)  4.9s  ***低价***
2026-09-18 16:57:06  [183/261] 2026-10-08 周四 Shakespeare Hotel Auckla Booking.com NZ$92 (4家)  4.5s  ***低价***
2026-09-18 16:57:12  [184/261] 2026-10-08 周四 Auckland City Hotel      Booking.com NZ$107 (4家)  4.6s
2026-09-18 16:57:19  [185/261] 2026-10-08 周四 ibis budget Auckland Cen Booking.com NZ$99 (3家)  5.4s  ***低价***
2026-09-18 16:57:27  [186/261] 2026-10-08 周四 The Quadrant Hotel & Sui Booking.com NZ$100 (4家)  5.5s
2026-09-18 16:57:33  [187/261] 2026-10-08 周四 Copthorne Hotel Auckland Booking.com NZ$117 (3家)  4.5s
2026-09-18 16:57:40  [188/261] 2026-10-08 周四 Albion Hotel Auckland    Booking.com NZ$94 (4家)  5.0s  ***低价***
2026-09-18 16:57:47  [189/261] 2026-10-08 周四 Ascotia Off Queen Auckla Booking.com NZ$96 (3家)  4.9s  ***低价***
2026-09-18 16:57:54  [190/261] 2026-10-09 周五 VR Queen Street Auckland Booking.com NZ$228 (3家)  4.8s
2026-09-18 16:58:01  [191/261] 2026-10-09 周五 VR Auckland City         Booking.com NZ$102 (2家)  4.7s
2026-09-18 16:58:06  [192/261] 2026-10-09 Shakespeare Hotel Auckland: 无报价 (2.9s)
2026-09-18 16:58:10  [193/261] 2026-10-09 周五 Auckland City Hotel      Booking.com NZ$160 (4家)  4.8s
2026-09-18 16:58:17  [194/261] 2026-10-09 周五 ibis budget Auckland Cen Booking.com NZ$183 (3家)  4.7s
2026-09-18 16:58:24  [195/261] 2026-10-09 周五 The Quadrant Hotel & Sui Booking.com NZ$235 (3家)  5.1s
2026-09-18 16:58:31  [196/261] 2026-10-09 周五 Copthorne Hotel Auckland Booking.com NZ$266 (3家)  5.1s
2026-09-18 16:58:38  [197/261] 2026-10-09 周五 Albion Hotel Auckland    Booking.com NZ$138 (4家)  4.6s
2026-09-18 16:58:44  [198/261] 2026-10-09 周五 Ascotia Off Queen Auckla Booking.com NZ$127 (4家)  4.5s
2026-09-18 16:58:51  [199/261] 2026-10-10 周六 VR Queen Street Auckland Official site NZ$228 (3家)  4.7s
2026-09-18 16:58:58  [200/261] 2026-10-10 周六 VR Auckland City         Booking.com NZ$590 (1家)  4.7s
2026-09-18 16:59:04  [201/261] 2026-10-10 Shakespeare Hotel Auckland: 无报价 (4.6s)
2026-09-18 16:59:09  [202/261] 2026-10-10 周六 Auckland City Hotel      Wotif NZ$226 (4家)  5.0s
2026-09-18 16:59:16  [203/261] 2026-10-10 周六 ibis budget Auckland Cen Wotif NZ$237 (4家)  4.8s
2026-09-18 16:59:23  [204/261] 2026-10-10 周六 The Quadrant Hotel & Sui Official site NZ$264 (3家)  4.8s
2026-09-18 16:59:30  [205/261] 2026-10-10 周六 Copthorne Hotel Auckland Wotif NZ$304 (4家)  5.0s
2026-09-18 16:59:37  [206/261] 2026-10-10 周六 Albion Hotel Auckland    Wotif NZ$196 (4家)  4.8s
2026-09-18 16:59:43  [207/261] 2026-10-10 周六 Ascotia Off Queen Auckla Wotif NZ$160 (4家)  4.4s
2026-09-18 16:59:50  [208/261] 2026-10-11 周日 VR Queen Street Auckland Official site NZ$99 (4家)  5.0s  ***低价***
2026-09-18 16:59:57  [209/261] 2026-10-11 周日 VR Auckland City         Wotif NZ$84 (3家)  4.8s  ***低价***
2026-09-18 17:00:04  [210/261] 2026-10-11 周日 Shakespeare Hotel Auckla Wotif NZ$92 (5家)  5.0s  ***低价***
2026-09-18 17:00:11  [211/261] 2026-10-11 周日 Auckland City Hotel      Wotif NZ$98 (5家)  4.6s  ***低价***
2026-09-18 17:00:17  [212/261] 2026-10-11 周日 ibis budget Auckland Cen Official site NZ$79 (3家)  4.6s  ***低价***
2026-09-18 17:00:24  [213/261] 2026-10-11 周日 The Quadrant Hotel & Sui Wotif NZ$89 (5家)  5.0s  ***低价***
2026-09-18 17:00:31  [214/261] 2026-10-11 周日 Copthorne Hotel Auckland Wotif NZ$104 (5家)  4.7s
2026-09-18 17:00:37  [215/261] 2026-10-11 周日 Albion Hotel Auckland    Wotif NZ$78 (4家)  4.2s  ***低价***
2026-09-18 17:00:44  [216/261] 2026-10-11 周日 Ascotia Off Queen Auckla Wotif NZ$89 (5家)  4.5s  ***低价***
2026-09-18 17:00:51  [217/261] 2026-10-12 周一 VR Queen Street Auckland Booking.com NZ$95 (4家)  4.9s  ***低价***
2026-09-18 17:00:57  [218/261] 2026-10-12 周一 VR Auckland City         Wotif NZ$84 (3家)  4.7s  ***低价***
2026-09-18 17:01:05  [219/261] 2026-10-12 周一 Shakespeare Hotel Auckla Official site NZ$89 (4家)  5.4s  ***低价***
2026-09-18 17:01:12  [220/261] 2026-10-12 周一 Auckland City Hotel      Official site NZ$102 (4家)  4.9s
2026-09-18 17:01:18  [221/261] 2026-10-12 周一 ibis budget Auckland Cen Booking.com NZ$90 (4家)  4.6s  ***低价***
2026-09-18 17:01:26  [222/261] 2026-10-12 周一 The Quadrant Hotel & Sui Official site NZ$76 (4家)  5.5s  ***低价***
2026-09-18 17:01:32  [223/261] 2026-10-12 周一 Copthorne Hotel Auckland Official site NZ$104 (3家)  4.7s
2026-09-18 17:01:39  [224/261] 2026-10-12 周一 Albion Hotel Auckland    Wotif NZ$80 (4家)  4.6s  ***低价***
2026-09-18 17:01:46  [225/261] 2026-10-12 周一 Ascotia Off Queen Auckla Booking.com NZ$87 (3家)  5.0s  ***低价***
2026-09-18 17:01:53  [226/261] 2026-10-13 周二 VR Queen Street Auckland Booking.com NZ$100 (4家)  4.8s
2026-09-18 17:01:59  [227/261] 2026-10-13 周二 VR Auckland City         Super.com NZ$97 (2家)  4.7s  ***低价***
2026-09-18 17:02:06  [228/261] 2026-10-13 周二 Shakespeare Hotel Auckla Booking.com NZ$85 (4家)  4.8s  ***低价***
2026-09-18 17:02:14  [229/261] 2026-10-13 周二 Auckland City Hotel      Official site NZ$103 (4家)  5.3s
2026-09-18 17:02:21  [230/261] 2026-10-13 周二 ibis budget Auckland Cen Booking.com NZ$84 (3家)  5.2s  ***低价***
2026-09-18 17:02:29  [231/261] 2026-10-13 周二 The Quadrant Hotel & Sui Official site NZ$91 (3家)  5.7s  ***低价***
2026-09-18 17:02:36  [232/261] 2026-10-13 周二 Copthorne Hotel Auckland Official site NZ$119 (3家)  5.1s
2026-09-18 17:02:42  [233/261] 2026-10-13 周二 Albion Hotel Auckland    Booking.com NZ$77 (4家)  4.8s  ***低价***
2026-09-18 17:02:49  [234/261] 2026-10-13 周二 Ascotia Off Queen Auckla Official site NZ$87 (4家)  4.8s  ***低价***
2026-09-18 17:02:57  [235/261] 2026-10-14 周三 VR Queen Street Auckland Official site NZ$96 (4家)  5.5s  ***低价***
2026-09-18 17:03:03  [236/261] 2026-10-14 周三 VR Auckland City         Super.com NZ$95 (2家)  4.6s  ***低价***
2026-09-18 17:03:10  [237/261] 2026-10-14 周三 Shakespeare Hotel Auckla Official site NZ$98 (4家)  4.5s  ***低价***
2026-09-18 17:03:17  [238/261] 2026-10-14 周三 Auckland City Hotel      Official site NZ$100 (4家)  5.6s
2026-09-18 17:03:24  [239/261] 2026-10-14 周三 ibis budget Auckland Cen Official site NZ$79 (3家)  5.0s  ***低价***
2026-09-18 17:03:32  [240/261] 2026-10-14 周三 The Quadrant Hotel & Sui Official site NZ$90 (4家)  5.2s  ***低价***
2026-09-18 17:03:38  [241/261] 2026-10-14 周三 Copthorne Hotel Auckland Official site NZ$105 (3家)  4.6s
2026-09-18 17:03:45  [242/261] 2026-10-14 周三 Albion Hotel Auckland    Official site NZ$89 (2家)  4.8s  ***低价***
2026-09-18 17:03:52  [243/261] 2026-10-14 周三 Ascotia Off Queen Auckla Official site NZ$88 (4家)  4.7s  ***低价***
2026-09-18 17:03:59  [244/261] 2026-10-15 周四 VR Queen Street Auckland Official site NZ$96 (4家)  4.8s  ***低价***
2026-09-18 17:04:05  [245/261] 2026-10-15 周四 VR Auckland City         Booking.com NZ$84 (2家)  4.5s  ***低价***
2026-09-18 17:04:12  [246/261] 2026-10-15 周四 Shakespeare Hotel Auckla Booking.com NZ$90 (4家)  4.6s  ***低价***
2026-09-18 17:04:19  [247/261] 2026-10-15 周四 Auckland City Hotel      Booking.com NZ$103 (4家)  4.9s
2026-09-18 17:04:25  [248/261] 2026-10-15 周四 ibis budget Auckland Cen Booking.com NZ$87 (4家)  4.8s  ***低价***
2026-09-18 17:04:32  [249/261] 2026-10-15 周四 The Quadrant Hotel & Sui Wotif NZ$93 (5家)  4.6s  ***低价***
2026-09-18 17:04:39  [250/261] 2026-10-15 周四 Copthorne Hotel Auckland Booking.com NZ$105 (3家)  4.6s
2026-09-18 17:04:46  [251/261] 2026-10-15 周四 Albion Hotel Auckland    Booking.com NZ$95 (4家)  5.0s  ***低价***
2026-09-18 17:04:52  [252/261] 2026-10-15 周四 Ascotia Off Queen Auckla Booking.com NZ$88 (3家)  4.6s  ***低价***
2026-09-18 17:04:59  [253/261] 2026-10-16 周五 VR Queen Street Auckland Booking.com NZ$131 (4家)  4.7s
2026-09-18 17:05:06  [254/261] 2026-10-16 周五 VR Auckland City         Wotif NZ$102 (3家)  4.6s
2026-09-18 17:05:12  [255/261] 2026-10-16 周五 Shakespeare Hotel Auckla Booking.com NZ$86 (4家)  4.8s  ***低价***
2026-09-18 17:05:19  [256/261] 2026-10-16 周五 Auckland City Hotel      Booking.com NZ$142 (4家)  5.0s
2026-09-18 17:05:27  [257/261] 2026-10-16 周五 ibis budget Auckland Cen Booking.com NZ$134 (3家)  5.2s
2026-09-18 17:05:33  [258/261] 2026-10-16 周五 The Quadrant Hotel & Sui Official site NZ$143 (4家)  4.8s
2026-09-18 17:05:40  [259/261] 2026-10-16 周五 Copthorne Hotel Auckland Booking.com NZ$155 (3家)  4.9s
2026-09-18 17:05:47  [260/261] 2026-10-16 周五 Albion Hotel Auckland    Booking.com NZ$114 (4家)  4.6s
2026-09-18 17:05:54  [261/261] 2026-10-16 周五 Ascotia Off Queen Auckla Wotif NZ$132 (4家)  4.9s
2026-09-18 17:05:56  ===== 第 12 轮结束: 成功 256 / 异常 5, 用时 28.2 分钟, 平均抓取 4.5s =====
2026-09-18 17:05:56  报告已刷新: Y:\12\auckland-hotel-watch\local\data\overnight_report.md
2026-09-18 17:05:57  看板已重建: auckland_rates.html
2026-09-18 17:05:57  休息 2 分钟, 下一轮约 17:07
2026-09-18 17:07:45  ===== 第 13 轮开始, 共 261 个目标 =====
2026-09-18 17:07:49  [1/261] 2026-09-18 VR Queen Street Auckland: 无报价 (3.7s)
2026-09-18 17:07:54  [2/261] 2026-09-18 周五 VR Auckland City         Trip.com NZ$118 (3家)  4.7s
2026-09-18 17:08:00  [3/261] 2026-09-18 周五 Shakespeare Hotel Auckla Super.com NZ$77 (4家)  4.7s  ***低价***
2026-09-18 17:08:07  [4/261] 2026-09-18 周五 Auckland City Hotel      Super.com NZ$91 (4家)  4.7s  ***低价***
2026-09-18 17:08:12  [5/261] 2026-09-18 ibis budget Auckland Central: 无报价 (2.5s)
2026-09-18 17:08:16  [6/261] 2026-09-18 周五 The Quadrant Hotel & Sui Super.com NZ$218 (4家)  4.4s
2026-09-18 17:08:22  [7/261] 2026-09-18 周五 Copthorne Hotel Auckland Super.com NZ$131 (4家)  4.4s
2026-09-18 17:08:29  [8/261] 2026-09-18 周五 Albion Hotel Auckland    Super.com NZ$78 (4家)  4.2s  ***低价***
2026-09-18 17:08:33  [9/261] 2026-09-18 Ascotia Off Queen Auckland: 无报价 (2.6s)
2026-09-18 17:08:38  [10/261] 2026-09-19 周六 VR Queen Street Auckland Super.com NZ$178 (3家)  4.3s
2026-09-18 17:08:44  [11/261] 2026-09-19 周六 VR Auckland City         Trip.com NZ$131 (3家)  4.2s
2026-09-18 17:08:50  [12/261] 2026-09-19 周六 Shakespeare Hotel Auckla Super.com NZ$78 (4家)  4.7s  ***低价***
2026-09-18 17:08:57  [13/261] 2026-09-19 周六 Auckland City Hotel      Super.com NZ$87 (4家)  4.8s  ***低价***
2026-09-18 17:09:04  [14/261] 2026-09-19 周六 ibis budget Auckland Cen Super.com NZ$95 (3家)  4.8s  ***低价***
2026-09-18 17:09:11  [15/261] 2026-09-19 周六 The Quadrant Hotel & Sui Super.com NZ$122 (4家)  5.2s
2026-09-18 17:09:18  [16/261] 2026-09-19 周六 Copthorne Hotel Auckland Super.com NZ$133 (3家)  4.9s
2026-09-18 17:09:24  [17/261] 2026-09-19 周六 Albion Hotel Auckland    Super.com NZ$82 (4家)  4.1s  ***低价***
2026-09-18 17:09:31  [18/261] 2026-09-19 周六 Ascotia Off Queen Auckla Super.com NZ$79 (3家)  4.2s  ***低价***
2026-09-18 17:09:37  [19/261] 2026-09-20 周日 VR Queen Street Auckland Official site NZ$92 (3家)  4.6s  ***低价***
2026-09-18 17:09:43  [20/261] 2026-09-20 周日 VR Auckland City         Super.com NZ$88 (3家)  4.3s  ***低价***
2026-09-18 17:09:50  [21/261] 2026-09-20 周日 Shakespeare Hotel Auckla Super.com NZ$80 (4家)  4.8s  ***低价***
2026-09-18 17:09:57  [22/261] 2026-09-20 周日 Auckland City Hotel      Super.com NZ$85 (4家)  4.3s  ***低价***
2026-09-18 17:10:01  [23/261] 2026-09-20 周日 ibis budget Auckland Cen Super.com NZ$81 (3家)  2.6s  ***低价***
2026-09-18 17:10:08  [24/261] 2026-09-20 周日 The Quadrant Hotel & Sui Super.com NZ$132 (4家)  5.0s
2026-09-18 17:10:13  [25/261] 2026-09-20 周日 Copthorne Hotel Auckland Super.com NZ$107 (3家)  2.6s
2026-09-18 17:10:17  [26/261] 2026-09-20 周日 Albion Hotel Auckland    Super.com NZ$79 (3家)  2.6s  ***低价***
2026-09-18 17:10:24  [27/261] 2026-09-20 周日 Ascotia Off Queen Auckla Super.com NZ$65 (3家)  4.5s  ***低价***
2026-09-18 17:10:30  [28/261] 2026-09-21 周一 VR Queen Street Auckland Official site NZ$86 (3家)  4.6s  ***低价***
2026-09-18 17:10:37  [29/261] 2026-09-21 周一 VR Auckland City         Super.com NZ$88 (2家)  4.5s  ***低价***
2026-09-18 17:10:44  [30/261] 2026-09-21 周一 Shakespeare Hotel Auckla Super.com NZ$76 (4家)  4.7s  ***低价***
2026-09-18 17:10:50  [31/261] 2026-09-21 周一 Auckland City Hotel      Super.com NZ$86 (4家)  4.3s  ***低价***
2026-09-18 17:10:56  [32/261] 2026-09-21 周一 ibis budget Auckland Cen Super.com NZ$75 (3家)  4.5s  ***低价***
2026-09-18 17:11:01  [33/261] 2026-09-21 周一 The Quadrant Hotel & Sui Super.com NZ$93 (4家)  2.5s  ***低价***
2026-09-18 17:11:07  [34/261] 2026-09-21 周一 Copthorne Hotel Auckland Super.com NZ$106 (3家)  4.5s
2026-09-18 17:11:14  [35/261] 2026-09-21 周一 Albion Hotel Auckland    Super.com NZ$79 (3家)  4.7s  ***低价***
2026-09-18 17:11:20  [36/261] 2026-09-21 周一 Ascotia Off Queen Auckla Super.com NZ$64 (3家)  4.2s  ***低价***
2026-09-18 17:11:27  [37/261] 2026-09-22 周二 VR Queen Street Auckland Super.com NZ$92 (3家)  4.4s  ***低价***
2026-09-18 17:11:33  [38/261] 2026-09-22 周二 VR Auckland City         Super.com NZ$94 (2家)  4.4s  ***低价***
2026-09-18 17:11:39  [39/261] 2026-09-22 周二 Shakespeare Hotel Auckla Super.com NZ$79 (4家)  4.3s  ***低价***
2026-09-18 17:11:46  [40/261] 2026-09-22 周二 Auckland City Hotel      Super.com NZ$91 (4家)  5.2s  ***低价***
2026-09-18 17:11:53  [41/261] 2026-09-22 周二 ibis budget Auckland Cen Super.com NZ$83 (3家)  4.3s  ***低价***
2026-09-18 17:11:59  [42/261] 2026-09-22 周二 The Quadrant Hotel & Sui Super.com NZ$173 (4家)  4.5s
2026-09-18 17:12:06  [43/261] 2026-09-22 周二 Copthorne Hotel Auckland Super.com NZ$115 (3家)  4.5s
2026-09-18 17:12:13  [44/261] 2026-09-22 周二 Albion Hotel Auckland    Bluepillow NZ$82 (3家)  4.9s  ***低价***
2026-09-18 17:12:19  [45/261] 2026-09-22 周二 Ascotia Off Queen Auckla Super.com NZ$74 (4家)  4.7s  ***低价***
2026-09-18 17:12:26  [46/261] 2026-09-23 周三 VR Queen Street Auckland Super.com NZ$80 (4家)  4.5s  ***低价***
2026-09-18 17:12:32  [47/261] 2026-09-23 周三 VR Auckland City         Super.com NZ$94 (2家)  4.2s  ***低价***
2026-09-18 17:12:39  [48/261] 2026-09-23 周三 Shakespeare Hotel Auckla Super.com NZ$78 (4家)  4.6s  ***低价***
2026-09-18 17:12:45  [49/261] 2026-09-23 周三 Auckland City Hotel      Super.com NZ$110 (4家)  4.4s
2026-09-18 17:12:52  [50/261] 2026-09-23 周三 ibis budget Auckland Cen Super.com NZ$84 (4家)  4.4s  ***低价***
2026-09-18 17:12:59  [51/261] 2026-09-23 周三 The Quadrant Hotel & Sui Super.com NZ$93 (4家)  5.0s  ***低价***
2026-09-18 17:13:05  [52/261] 2026-09-23 周三 Copthorne Hotel Auckland Super.com NZ$123 (3家)  4.3s
2026-09-18 17:13:11  [53/261] 2026-09-23 周三 Albion Hotel Auckland    Super.com NZ$78 (3家)  4.3s  ***低价***
2026-09-18 17:13:18  [54/261] 2026-09-23 周三 Ascotia Off Queen Auckla Super.com NZ$68 (4家)  4.4s  ***低价***
2026-09-18 17:13:24  [55/261] 2026-09-24 周四 VR Queen Street Auckland Super.com NZ$80 (3家)  4.5s  ***低价***
2026-09-18 17:13:31  [56/261] 2026-09-24 周四 VR Auckland City         Super.com NZ$93 (3家)  4.8s  ***低价***
2026-09-18 17:13:37  [57/261] 2026-09-24 周四 Shakespeare Hotel Auckla Super.com NZ$80 (4家)  4.4s  ***低价***
2026-09-18 17:13:44  [58/261] 2026-09-24 周四 Auckland City Hotel      Super.com NZ$90 (4家)  4.3s  ***低价***
2026-09-18 17:13:50  [59/261] 2026-09-24 周四 ibis budget Auckland Cen Super.com NZ$76 (3家)  4.4s  ***低价***
2026-09-18 17:13:56  [60/261] 2026-09-24 周四 The Quadrant Hotel & Sui Super.com NZ$93 (4家)  4.4s  ***低价***
2026-09-18 17:14:03  [61/261] 2026-09-24 周四 Copthorne Hotel Auckland Super.com NZ$123 (2家)  4.3s
2026-09-18 17:14:09  [62/261] 2026-09-24 周四 Albion Hotel Auckland    Super.com NZ$84 (4家)  4.4s  ***低价***
2026-09-18 17:14:16  [63/261] 2026-09-24 周四 Ascotia Off Queen Auckla Super.com NZ$65 (4家)  4.5s  ***低价***
2026-09-18 17:14:22  [64/261] 2026-09-25 周五 VR Queen Street Auckland Super.com NZ$121 (4家)  4.3s
2026-09-18 17:14:28  [65/261] 2026-09-25 周五 VR Auckland City         Super.com NZ$141 (3家)  4.4s
2026-09-18 17:14:33  [66/261] 2026-09-25 Shakespeare Hotel Auckland: 无报价 (2.6s)
2026-09-18 17:14:37  [67/261] 2026-09-25 周五 Auckland City Hotel      Super.com NZ$209 (4家)  4.6s
2026-09-18 17:14:44  [68/261] 2026-09-25 周五 ibis budget Auckland Cen Super.com NZ$98 (3家)  4.3s  ***低价***
2026-09-18 17:14:50  [69/261] 2026-09-25 周五 The Quadrant Hotel & Sui Super.com NZ$250 (4家)  4.4s
2026-09-18 17:14:55  [70/261] 2026-09-25 周五 Copthorne Hotel Auckland Super.com NZ$208 (3家)  2.8s
2026-09-18 17:15:01  [71/261] 2026-09-25 周五 Albion Hotel Auckland    Super.com NZ$101 (3家)  4.3s
2026-09-18 17:15:08  [72/261] 2026-09-25 周五 Ascotia Off Queen Auckla Super.com NZ$125 (2家)  4.3s
2026-09-18 17:15:14  [73/261] 2026-09-26 周六 VR Queen Street Auckland Super.com NZ$123 (4家)  4.4s
2026-09-18 17:15:21  [74/261] 2026-09-26 周六 VR Auckland City         Super.com NZ$167 (2家)  4.5s
2026-09-18 17:15:27  [75/261] 2026-09-26 周六 Shakespeare Hotel Auckla Super.com NZ$74 (4家)  4.5s  ***低价***
2026-09-18 17:15:34  [76/261] 2026-09-26 周六 Auckland City Hotel      Super.com NZ$110 (4家)  4.4s
2026-09-18 17:15:40  [77/261] 2026-09-26 周六 ibis budget Auckland Cen Super.com NZ$98 (3家)  4.8s  ***低价***
2026-09-18 17:15:47  [78/261] 2026-09-26 周六 The Quadrant Hotel & Sui Trip.com NZ$115 (4家)  4.6s
2026-09-18 17:15:53  [79/261] 2026-09-26 周六 Copthorne Hotel Auckland Super.com NZ$172 (3家)  4.5s
2026-09-18 17:16:00  [80/261] 2026-09-26 周六 Albion Hotel Auckland    Super.com NZ$100 (3家)  4.6s
2026-09-18 17:16:06  [81/261] 2026-09-26 周六 Ascotia Off Queen Auckla Super.com NZ$124 (4家)  4.3s
2026-09-18 17:16:13  [82/261] 2026-09-27 周日 VR Queen Street Auckland Super.com NZ$82 (4家)  4.5s  ***低价***
2026-09-18 17:16:17  [83/261] 2026-09-27 周日 VR Auckland City         Super.com NZ$118 (2家)  2.8s
2026-09-18 17:16:24  [84/261] 2026-09-27 周日 Shakespeare Hotel Auckla Super.com NZ$76 (4家)  4.3s  ***低价***
2026-09-18 17:16:30  [85/261] 2026-09-27 周日 Auckland City Hotel      Super.com NZ$92 (4家)  4.5s  ***低价***
2026-09-18 17:16:37  [86/261] 2026-09-27 周日 ibis budget Auckland Cen Super.com NZ$77 (4家)  4.7s  ***低价***
2026-09-18 17:16:43  [87/261] 2026-09-27 周日 The Quadrant Hotel & Sui Official site NZ$103 (3家)  4.4s
2026-09-18 17:16:50  [88/261] 2026-09-27 周日 Copthorne Hotel Auckland Super.com NZ$131 (3家)  4.3s
2026-09-18 17:16:55  [89/261] 2026-09-27 周日 Albion Hotel Auckland    Super.com NZ$77 (3家)  3.0s  ***低价***
2026-09-18 17:17:01  [90/261] 2026-09-27 周日 Ascotia Off Queen Auckla Super.com NZ$86 (3家)  4.3s  ***低价***
2026-09-18 17:17:08  [91/261] 2026-09-28 周一 VR Queen Street Auckland Super.com NZ$78 (4家)  4.7s  ***低价***
2026-09-18 17:17:12  [92/261] 2026-09-28 周一 VR Auckland City         Super.com NZ$89 (2家)  2.5s  ***低价***
2026-09-18 17:17:18  [93/261] 2026-09-28 周一 Shakespeare Hotel Auckla Super.com NZ$71 (4家)  4.3s  ***低价***
2026-09-18 17:17:25  [94/261] 2026-09-28 周一 Auckland City Hotel      Super.com NZ$91 (3家)  4.3s  ***低价***
2026-09-18 17:17:31  [95/261] 2026-09-28 周一 ibis budget Auckland Cen Super.com NZ$73 (3家)  4.4s  ***低价***
2026-09-18 17:17:38  [96/261] 2026-09-28 周一 The Quadrant Hotel & Sui Super.com NZ$92 (4家)  4.5s  ***低价***
2026-09-18 17:17:44  [97/261] 2026-09-28 周一 Copthorne Hotel Auckland Super.com NZ$105 (4家)  4.4s
2026-09-18 17:17:50  [98/261] 2026-09-28 周一 Albion Hotel Auckland    Super.com NZ$75 (3家)  4.4s  ***低价***
2026-09-18 17:17:57  [99/261] 2026-09-28 周一 Ascotia Off Queen Auckla Super.com NZ$63 (3家)  4.6s  ***低价***
2026-09-18 17:18:04  [100/261] 2026-09-29 周二 VR Queen Street Auckland Super.com NZ$79 (3家)  4.6s  ***低价***
2026-09-18 17:18:10  [101/261] 2026-09-29 周二 VR Auckland City         Super.com NZ$92 (3家)  4.3s  ***低价***
2026-09-18 17:18:16  [102/261] 2026-09-29 周二 Shakespeare Hotel Auckla Bluepillow NZ$80 (4家)  4.3s  ***低价***
2026-09-18 17:18:23  [103/261] 2026-09-29 周二 Auckland City Hotel      Super.com NZ$91 (4家)  4.4s  ***低价***
2026-09-18 17:18:29  [104/261] 2026-09-29 周二 ibis budget Auckland Cen Super.com NZ$75 (3家)  4.4s  ***低价***
2026-09-18 17:18:36  [105/261] 2026-09-29 周二 The Quadrant Hotel & Sui Super.com NZ$96 (4家)  4.4s  ***低价***
2026-09-18 17:18:42  [106/261] 2026-09-29 周二 Copthorne Hotel Auckland Super.com NZ$113 (3家)  4.2s
2026-09-18 17:18:48  [107/261] 2026-09-29 周二 Albion Hotel Auckland    Super.com NZ$77 (3家)  4.3s  ***低价***
2026-09-18 17:18:54  [108/261] 2026-09-29 周二 Ascotia Off Queen Auckla Super.com NZ$64 (3家)  4.4s  ***低价***
2026-09-18 17:19:01  [109/261] 2026-09-30 周三 VR Queen Street Auckland Super.com NZ$85 (4家)  4.2s  ***低价***
2026-09-18 17:19:07  [110/261] 2026-09-30 周三 VR Auckland City         Super.com NZ$92 (2家)  4.1s  ***低价***
2026-09-18 17:19:13  [111/261] 2026-09-30 周三 Shakespeare Hotel Auckla Super.com NZ$78 (4家)  4.3s  ***低价***
2026-09-18 17:19:19  [112/261] 2026-09-30 周三 Auckland City Hotel      Super.com NZ$93 (3家)  4.4s  ***低价***
2026-09-18 17:19:26  [113/261] 2026-09-30 周三 ibis budget Auckland Cen Super.com NZ$76 (3家)  4.5s  ***低价***
2026-09-18 17:19:32  [114/261] 2026-09-30 周三 The Quadrant Hotel & Sui Super.com NZ$92 (4家)  4.3s  ***低价***
2026-09-18 17:19:39  [115/261] 2026-09-30 周三 Copthorne Hotel Auckland Super.com NZ$114 (3家)  4.7s
2026-09-18 17:19:46  [116/261] 2026-09-30 周三 Albion Hotel Auckland    Super.com NZ$76 (3家)  4.5s  ***低价***
2026-09-18 17:19:52  [117/261] 2026-09-30 周三 Ascotia Off Queen Auckla Super.com NZ$64 (3家)  4.2s  ***低价***
2026-09-18 17:19:58  [118/261] 2026-10-01 周四 VR Queen Street Auckland Official site NZ$110 (2家)  4.4s
2026-09-18 17:20:05  [119/261] 2026-10-01 周四 VR Auckland City         Super.com NZ$97 (2家)  4.5s  ***低价***
2026-09-18 17:20:11  [120/261] 2026-10-01 周四 Shakespeare Hotel Auckla Super.com NZ$88 (4家)  4.5s  ***低价***
2026-09-18 17:20:18  [121/261] 2026-10-01 周四 Auckland City Hotel      Super.com NZ$97 (4家)  4.5s  ***低价***
2026-09-18 17:20:24  [122/261] 2026-10-01 周四 ibis budget Auckland Cen Super.com NZ$90 (3家)  4.3s  ***低价***
2026-09-18 17:20:30  [123/261] 2026-10-01 周四 The Quadrant Hotel & Sui Super.com NZ$102 (4家)  4.2s
2026-09-18 17:20:36  [124/261] 2026-10-01 周四 Copthorne Hotel Auckland Super.com NZ$111 (3家)  4.2s
2026-09-18 17:20:43  [125/261] 2026-10-01 周四 Albion Hotel Auckland    Super.com NZ$95 (3家)  4.8s  ***低价***
2026-09-18 17:20:50  [126/261] 2026-10-01 周四 Ascotia Off Queen Auckla Super.com NZ$88 (3家)  4.5s  ***低价***
2026-09-18 17:20:56  [127/261] 2026-10-02 周五 VR Queen Street Auckland Super.com NZ$114 (3家)  4.2s
2026-09-18 17:21:02  [128/261] 2026-10-02 周五 VR Auckland City         Super.com NZ$120 (3家)  4.2s
2026-09-18 17:21:08  [129/261] 2026-10-02 周五 Shakespeare Hotel Auckla Super.com NZ$94 (4家)  4.3s  ***低价***
2026-09-18 17:21:15  [130/261] 2026-10-02 周五 Auckland City Hotel      Super.com NZ$97 (4家)  4.3s  ***低价***
2026-09-18 17:21:21  [131/261] 2026-10-02 周五 ibis budget Auckland Cen Super.com NZ$93 (4家)  4.5s  ***低价***
2026-09-18 17:21:29  [132/261] 2026-10-02 周五 The Quadrant Hotel & Sui Super.com NZ$111 (4家)  5.4s
2026-09-18 17:21:35  [133/261] 2026-10-02 周五 Copthorne Hotel Auckland Super.com NZ$141 (3家)  4.3s
2026-09-18 17:21:41  [134/261] 2026-10-02 周五 Albion Hotel Auckland    Super.com NZ$115 (3家)  4.2s
2026-09-18 17:21:48  [135/261] 2026-10-02 周五 Ascotia Off Queen Auckla Super.com NZ$94 (3家)  4.5s  ***低价***
2026-09-18 17:21:54  [136/261] 2026-10-03 周六 VR Queen Street Auckland Super.com NZ$122 (4家)  4.6s
2026-09-18 17:22:01  [137/261] 2026-10-03 周六 VR Auckland City         Super.com NZ$132 (2家)  4.5s
2026-09-18 17:22:07  [138/261] 2026-10-03 周六 Shakespeare Hotel Auckla Super.com NZ$91 (4家)  4.4s  ***低价***
2026-09-18 17:22:13  [139/261] 2026-10-03 周六 Auckland City Hotel      Super.com NZ$108 (4家)  4.4s
2026-09-18 17:22:20  [140/261] 2026-10-03 周六 ibis budget Auckland Cen Super.com NZ$98 (3家)  4.7s  ***低价***
2026-09-18 17:22:26  [141/261] 2026-10-03 周六 The Quadrant Hotel & Sui Super.com NZ$129 (3家)  4.4s
2026-09-18 17:22:33  [142/261] 2026-10-03 周六 Copthorne Hotel Auckland Super.com NZ$155 (3家)  4.1s
2026-09-18 17:22:39  [143/261] 2026-10-03 周六 Albion Hotel Auckland    Super.com NZ$114 (3家)  4.5s
2026-09-18 17:22:46  [144/261] 2026-10-03 周六 Ascotia Off Queen Auckla Bluepillow NZ$94 (3家)  5.1s  ***低价***
2026-09-18 17:22:53  [145/261] 2026-10-04 周日 VR Queen Street Auckland Super.com NZ$90 (4家)  4.5s  ***低价***
2026-09-18 17:22:59  [146/261] 2026-10-04 周日 VR Auckland City         Booking.com NZ$139 (1家)  3.9s
2026-09-18 17:23:05  [147/261] 2026-10-04 周日 Shakespeare Hotel Auckla Super.com NZ$93 (4家)  4.2s  ***低价***
2026-09-18 17:23:12  [148/261] 2026-10-04 周日 Auckland City Hotel      Super.com NZ$104 (3家)  4.9s
2026-09-18 17:23:18  [149/261] 2026-10-04 周日 ibis budget Auckland Cen Super.com NZ$86 (3家)  4.4s  ***低价***
2026-09-18 17:23:25  [150/261] 2026-10-04 周日 The Quadrant Hotel & Sui Super.com NZ$96 (4家)  4.5s  ***低价***
2026-09-18 17:23:31  [151/261] 2026-10-04 周日 Copthorne Hotel Auckland Super.com NZ$112 (3家)  4.5s
2026-09-18 17:23:38  [152/261] 2026-10-04 周日 Albion Hotel Auckland    Super.com NZ$77 (3家)  4.4s  ***低价***
2026-09-18 17:23:44  [153/261] 2026-10-04 周日 Ascotia Off Queen Auckla Super.com NZ$80 (3家)  4.2s  ***低价***
2026-09-18 17:23:50  [154/261] 2026-10-05 周一 VR Queen Street Auckland Super.com NZ$90 (4家)  4.6s  ***低价***
2026-09-18 17:23:57  [155/261] 2026-10-05 周一 VR Auckland City         Super.com NZ$116 (2家)  4.4s
2026-09-18 17:24:03  [156/261] 2026-10-05 周一 Shakespeare Hotel Auckla Super.com NZ$93 (4家)  4.4s  ***低价***
2026-09-18 17:24:08  [157/261] 2026-10-05 周一 Auckland City Hotel      Super.com NZ$99 (3家)  2.9s  ***低价***
2026-09-18 17:24:15  [158/261] 2026-10-05 周一 ibis budget Auckland Cen Super.com NZ$77 (3家)  4.5s  ***低价***
2026-09-18 17:24:19  [159/261] 2026-10-05 周一 The Quadrant Hotel & Sui Super.com NZ$92 (4家)  2.7s  ***低价***
2026-09-18 17:24:26  [160/261] 2026-10-05 周一 Copthorne Hotel Auckland Super.com NZ$111 (3家)  4.8s
2026-09-18 17:24:33  [161/261] 2026-10-05 周一 Albion Hotel Auckland    Super.com NZ$78 (3家)  4.4s  ***低价***
2026-09-18 17:24:39  [162/261] 2026-10-05 周一 Ascotia Off Queen Auckla Super.com NZ$80 (3家)  4.3s  ***低价***
2026-09-18 17:24:45  [163/261] 2026-10-06 周二 VR Queen Street Auckland Super.com NZ$94 (4家)  4.5s  ***低价***
2026-09-18 17:24:50  [164/261] 2026-10-06 周二 VR Auckland City         Super.com NZ$116 (2家)  2.6s
2026-09-18 17:24:56  [165/261] 2026-10-06 周二 Shakespeare Hotel Auckla Super.com NZ$93 (4家)  4.5s  ***低价***
2026-09-18 17:25:03  [166/261] 2026-10-06 周二 Auckland City Hotel      Super.com NZ$109 (4家)  4.4s
2026-09-18 17:25:09  [167/261] 2026-10-06 周二 ibis budget Auckland Cen Super.com NZ$81 (3家)  4.3s  ***低价***
2026-09-18 17:25:16  [168/261] 2026-10-06 周二 The Quadrant Hotel & Sui Super.com NZ$98 (4家)  4.9s  ***低价***
2026-09-18 17:25:23  [169/261] 2026-10-06 周二 Copthorne Hotel Auckland Super.com NZ$112 (3家)  4.6s
2026-09-18 17:25:29  [170/261] 2026-10-06 周二 Albion Hotel Auckland    Super.com NZ$76 (3家)  4.7s  ***低价***
2026-09-18 17:25:36  [171/261] 2026-10-06 周二 Ascotia Off Queen Auckla Super.com NZ$79 (3家)  4.4s  ***低价***
2026-09-18 17:25:42  [172/261] 2026-10-07 周三 VR Queen Street Auckland Super.com NZ$86 (4家)  4.2s  ***低价***
2026-09-18 17:25:48  [173/261] 2026-10-07 周三 VR Auckland City         Booking.com NZ$139 (2家)  4.3s
2026-09-18 17:25:55  [174/261] 2026-10-07 周三 Shakespeare Hotel Auckla Super.com NZ$95 (4家)  4.4s  ***低价***
2026-09-18 17:26:01  [175/261] 2026-10-07 周三 Auckland City Hotel      Super.com NZ$107 (4家)  4.4s
2026-09-18 17:26:07  [176/261] 2026-10-07 周三 ibis budget Auckland Cen Official site NZ$70 (2家)  4.2s  ***低价***
2026-09-18 17:26:14  [177/261] 2026-10-07 周三 The Quadrant Hotel & Sui Super.com NZ$95 (4家)  4.6s  ***低价***
2026-09-18 17:26:21  [178/261] 2026-10-07 周三 Copthorne Hotel Auckland Super.com NZ$116 (3家)  4.6s
2026-09-18 17:26:27  [179/261] 2026-10-07 周三 Albion Hotel Auckland    Super.com NZ$77 (3家)  4.3s  ***低价***
2026-09-18 17:26:33  [180/261] 2026-10-07 周三 Ascotia Off Queen Auckla Super.com NZ$96 (3家)  4.2s  ***低价***
2026-09-18 17:26:40  [181/261] 2026-10-08 周四 VR Queen Street Auckland Super.com NZ$113 (4家)  4.5s
2026-09-18 17:26:46  [182/261] 2026-10-08 周四 VR Auckland City         Super.com NZ$170 (2家)  4.3s
2026-09-18 17:26:52  [183/261] 2026-10-08 周四 Shakespeare Hotel Auckla Super.com NZ$92 (4家)  4.6s  ***低价***
2026-09-18 17:26:59  [184/261] 2026-10-08 周四 Auckland City Hotel      Super.com NZ$108 (4家)  4.3s
2026-09-18 17:27:05  [185/261] 2026-10-08 周四 ibis budget Auckland Cen Super.com NZ$95 (3家)  4.3s  ***低价***
2026-09-18 17:27:11  [186/261] 2026-10-08 周四 The Quadrant Hotel & Sui Super.com NZ$100 (4家)  4.3s
2026-09-18 17:27:18  [187/261] 2026-10-08 周四 Copthorne Hotel Auckland Super.com NZ$120 (3家)  4.2s
2026-09-18 17:27:24  [188/261] 2026-10-08 周四 Albion Hotel Auckland    Super.com NZ$94 (3家)  4.3s  ***低价***
2026-09-18 17:27:29  [189/261] 2026-10-08 周四 Ascotia Off Queen Auckla Super.com NZ$96 (4家)  2.7s  ***低价***
2026-09-18 17:27:35  [190/261] 2026-10-09 周五 VR Queen Street Auckland Super.com NZ$228 (4家)  4.5s
2026-09-18 17:27:41  [191/261] 2026-10-09 周五 VR Auckland City         Super.com NZ$303 (3家)  4.3s
2026-09-18 17:27:46  [192/261] 2026-10-09 Shakespeare Hotel Auckland: 无报价 (2.5s)
2026-09-18 17:27:50  [193/261] 2026-10-09 周五 Auckland City Hotel      Super.com NZ$161 (4家)  4.3s
2026-09-18 17:27:57  [194/261] 2026-10-09 周五 ibis budget Auckland Cen Super.com NZ$179 (3家)  4.3s
2026-09-18 17:28:04  [195/261] 2026-10-09 周五 The Quadrant Hotel & Sui Super.com NZ$235 (4家)  5.4s
2026-09-18 17:28:10  [196/261] 2026-10-09 周五 Copthorne Hotel Auckland Super.com NZ$258 (3家)  4.3s
2026-09-18 17:28:17  [197/261] 2026-10-09 周五 Albion Hotel Auckland    Super.com NZ$138 (3家)  4.4s
2026-09-18 17:28:23  [198/261] 2026-10-09 周五 Ascotia Off Queen Auckla Super.com NZ$127 (4家)  4.4s
2026-09-18 17:28:30  [199/261] 2026-10-10 周六 VR Queen Street Auckland Super.com NZ$228 (4家)  4.5s
2026-09-18 17:28:34  [200/261] 2026-10-10 周六 VR Auckland City         Wotif NZ$464 (2家)  2.6s
2026-09-18 17:28:39  [201/261] 2026-10-10 Shakespeare Hotel Auckland: 无报价 (2.7s)
2026-09-18 17:28:44  [202/261] 2026-10-10 周六 Auckland City Hotel      Official site NZ$226 (2家)  4.8s
2026-09-18 17:28:50  [203/261] 2026-10-10 周六 ibis budget Auckland Cen Super.com NZ$231 (3家)  4.5s
2026-09-18 17:28:57  [204/261] 2026-10-10 周六 The Quadrant Hotel & Sui Super.com NZ$264 (3家)  4.9s
2026-09-18 17:29:03  [205/261] 2026-10-10 周六 Copthorne Hotel Auckland Super.com NZ$304 (2家)  4.4s
2026-09-18 17:29:10  [206/261] 2026-10-10 周六 Albion Hotel Auckland    Super.com NZ$196 (4家)  4.2s
2026-09-18 17:29:16  [207/261] 2026-10-10 周六 Ascotia Off Queen Auckla Super.com NZ$160 (4家)  4.5s
2026-09-18 17:29:23  [208/261] 2026-10-11 周日 VR Queen Street Auckland Super.com NZ$99 (4家)  4.5s  ***低价***
2026-09-18 17:29:29  [209/261] 2026-10-11 周日 VR Auckland City         Super.com NZ$92 (2家)  4.6s  ***低价***
2026-09-18 17:29:36  [210/261] 2026-10-11 周日 Shakespeare Hotel Auckla Super.com NZ$92 (4家)  4.4s  ***低价***
2026-09-18 17:29:42  [211/261] 2026-10-11 周日 Auckland City Hotel      Super.com NZ$98 (4家)  4.4s  ***低价***
2026-09-18 17:29:48  [212/261] 2026-10-11 周日 ibis budget Auckland Cen Super.com NZ$79 (3家)  4.4s  ***低价***
2026-09-18 17:29:56  [213/261] 2026-10-11 周日 The Quadrant Hotel & Sui Super.com NZ$90 (4家)  5.3s  ***低价***
2026-09-18 17:30:02  [214/261] 2026-10-11 周日 Copthorne Hotel Auckland Super.com NZ$104 (3家)  4.4s
2026-09-18 17:30:08  [215/261] 2026-10-11 周日 Albion Hotel Auckland    Super.com NZ$78 (3家)  4.3s  ***低价***
2026-09-18 17:30:15  [216/261] 2026-10-11 周日 Ascotia Off Queen Auckla Super.com NZ$89 (3家)  4.4s  ***低价***
2026-09-18 17:30:21  [217/261] 2026-10-12 周一 VR Queen Street Auckland Super.com NZ$95 (4家)  4.4s  ***低价***
2026-09-18 17:30:28  [218/261] 2026-10-12 周一 VR Auckland City         Super.com NZ$111 (2家)  4.5s
2026-09-18 17:30:34  [219/261] 2026-10-12 周一 Shakespeare Hotel Auckla Super.com NZ$89 (4家)  4.4s  ***低价***
2026-09-18 17:30:41  [220/261] 2026-10-12 周一 Auckland City Hotel      Super.com NZ$102 (4家)  5.0s
2026-09-18 17:30:48  [221/261] 2026-10-12 周一 ibis budget Auckland Cen Super.com NZ$90 (3家)  4.5s  ***低价***
2026-09-18 17:30:54  [222/261] 2026-10-12 周一 The Quadrant Hotel & Sui Super.com NZ$76 (4家)  4.4s  ***低价***
2026-09-18 17:31:01  [223/261] 2026-10-12 周一 Copthorne Hotel Auckland Super.com NZ$104 (3家)  4.7s
2026-09-18 17:31:07  [224/261] 2026-10-12 周一 Albion Hotel Auckland    Super.com NZ$80 (3家)  4.4s  ***低价***
2026-09-18 17:31:14  [225/261] 2026-10-12 周一 Ascotia Off Queen Auckla Super.com NZ$87 (3家)  4.8s  ***低价***
2026-09-18 17:31:21  [226/261] 2026-10-13 周二 VR Queen Street Auckland Super.com NZ$100 (4家)  4.8s
2026-09-18 17:31:27  [227/261] 2026-10-13 周二 VR Auckland City         Super.com NZ$97 (2家)  4.6s  ***低价***
2026-09-18 17:31:34  [228/261] 2026-10-13 周二 Shakespeare Hotel Auckla Super.com NZ$85 (4家)  4.6s  ***低价***
2026-09-18 17:31:40  [229/261] 2026-10-13 周二 Auckland City Hotel      Super.com NZ$103 (3家)  4.2s
2026-09-18 17:31:45  [230/261] 2026-10-13 周二 ibis budget Auckland Cen Super.com NZ$84 (3家)  2.9s  ***低价***
2026-09-18 17:31:50  [231/261] 2026-10-13 周二 The Quadrant Hotel & Sui Super.com NZ$91 (4家)  2.7s  ***低价***
2026-09-18 17:31:56  [232/261] 2026-10-13 周二 Copthorne Hotel Auckland Super.com NZ$119 (3家)  4.5s
2026-09-18 17:32:02  [233/261] 2026-10-13 周二 Albion Hotel Auckland    Super.com NZ$77 (3家)  4.4s  ***低价***
2026-09-18 17:32:09  [234/261] 2026-10-13 周二 Ascotia Off Queen Auckla Super.com NZ$87 (3家)  4.4s  ***低价***
2026-09-18 17:32:15  [235/261] 2026-10-14 周三 VR Queen Street Auckland Super.com NZ$96 (4家)  4.5s  ***低价***
2026-09-18 17:32:22  [236/261] 2026-10-14 周三 VR Auckland City         Super.com NZ$95 (3家)  4.6s  ***低价***
2026-09-18 17:32:28  [237/261] 2026-10-14 周三 Shakespeare Hotel Auckla Trip.com NZ$98 (4家)  4.3s  ***低价***
2026-09-18 17:32:35  [238/261] 2026-10-14 周三 Auckland City Hotel      Super.com NZ$100 (4家)  4.6s
2026-09-18 17:32:41  [239/261] 2026-10-14 周三 ibis budget Auckland Cen Super.com NZ$79 (4家)  4.6s  ***低价***
2026-09-18 17:32:48  [240/261] 2026-10-14 周三 The Quadrant Hotel & Sui Super.com NZ$90 (4家)  4.3s  ***低价***
2026-09-18 17:32:54  [241/261] 2026-10-14 周三 Copthorne Hotel Auckland Super.com NZ$106 (3家)  4.4s
2026-09-18 17:33:01  [242/261] 2026-10-14 周三 Albion Hotel Auckland    Official site NZ$89 (2家)  4.4s  ***低价***
2026-09-18 17:33:07  [243/261] 2026-10-14 周三 Ascotia Off Queen Auckla Super.com NZ$88 (3家)  4.8s  ***低价***
2026-09-18 17:33:14  [244/261] 2026-10-15 周四 VR Queen Street Auckland Super.com NZ$96 (4家)  4.6s  ***低价***
2026-09-18 17:33:20  [245/261] 2026-10-15 周四 VR Auckland City         Super.com NZ$106 (2家)  4.4s
2026-09-18 17:33:25  [246/261] 2026-10-15 周四 Shakespeare Hotel Auckla Super.com NZ$90 (4家)  2.6s  ***低价***
2026-09-18 17:33:32  [247/261] 2026-10-15 周四 Auckland City Hotel      Super.com NZ$103 (4家)  4.7s
2026-09-18 17:33:38  [248/261] 2026-10-15 周四 ibis budget Auckland Cen Super.com NZ$87 (3家)  4.4s  ***低价***
2026-09-18 17:33:45  [249/261] 2026-10-15 周四 The Quadrant Hotel & Sui Super.com NZ$95 (4家)  5.0s  ***低价***
2026-09-18 17:33:51  [250/261] 2026-10-15 周四 Copthorne Hotel Auckland Super.com NZ$105 (3家)  4.4s
2026-09-18 17:33:58  [251/261] 2026-10-15 周四 Albion Hotel Auckland    Super.com NZ$95 (3家)  4.5s  ***低价***
2026-09-18 17:34:04  [252/261] 2026-10-15 周四 Ascotia Off Queen Auckla Super.com NZ$88 (3家)  4.3s  ***低价***
2026-09-18 17:34:11  [253/261] 2026-10-16 周五 VR Queen Street Auckland Super.com NZ$131 (4家)  4.5s
2026-09-18 17:34:18  [254/261] 2026-10-16 周五 VR Auckland City         Super.com NZ$172 (2家)  4.8s
2026-09-18 17:34:25  [255/261] 2026-10-16 周五 Shakespeare Hotel Auckla Super.com NZ$86 (4家)  4.9s  ***低价***
2026-09-18 17:34:31  [256/261] 2026-10-16 周五 Auckland City Hotel      Super.com NZ$142 (4家)  4.4s
2026-09-18 17:34:37  [257/261] 2026-10-16 周五 ibis budget Auckland Cen Super.com NZ$134 (3家)  4.3s
2026-09-18 17:34:44  [258/261] 2026-10-16 周五 The Quadrant Hotel & Sui Super.com NZ$143 (4家)  4.8s
2026-09-18 17:34:51  [259/261] 2026-10-16 周五 Copthorne Hotel Auckland Super.com NZ$155 (3家)  5.1s
2026-09-18 17:34:58  [260/261] 2026-10-16 周五 Albion Hotel Auckland    Super.com NZ$114 (3家)  4.8s
2026-09-18 17:35:04  [261/261] 2026-10-16 周五 Ascotia Off Queen Auckla Super.com NZ$133 (4家)  4.3s
2026-09-18 17:35:06  ===== 第 13 轮结束: 成功 255 / 异常 6, 用时 27.4 分钟, 平均抓取 4.3s =====
2026-09-18 17:35:06  报告已刷新: Y:\12\auckland-hotel-watch\local\data\overnight_report.md
2026-09-18 17:35:07  看板已重建: auckland_rates.html
2026-09-18 17:35:07  休息 3 分钟, 下一轮约 17:37
2026-09-18 17:37:46  ===== 第 14 轮开始, 共 261 个目标 =====
2026-09-18 17:37:49  [1/261] 2026-09-18 VR Queen Street Auckland: 无报价 (3.3s)
2026-09-18 17:37:53  [2/261] 2026-09-18 周五 VR Auckland City         Trip.com NZ$119 (2家)  3.4s
2026-09-18 17:38:00  [3/261] 2026-09-18 周五 Shakespeare Hotel Auckla Wotif NZ$77 (5家)  5.6s  ***低价***
2026-09-18 17:38:07  [4/261] 2026-09-18 周五 Auckland City Hotel      Wotif NZ$91 (5家)  5.0s  ***低价***
2026-09-18 17:38:12  [5/261] 2026-09-18 周五 ibis budget Auckland Cen Booking.com NZ$117 (1家)  2.7s
2026-09-18 17:38:21  [6/261] 2026-09-18 周五 The Quadrant Hotel & Sui Wotif NZ$241 (5家)  6.3s
2026-09-18 17:38:28  [7/261] 2026-09-18 周五 Copthorne Hotel Auckland Official site NZ$131 (4家)  5.5s
2026-09-18 17:38:35  [8/261] 2026-09-18 周五 Albion Hotel Auckland    Wotif NZ$78 (5家)  4.6s  ***低价***
2026-09-18 17:38:39  [9/261] 2026-09-18 Ascotia Off Queen Auckland: 无报价 (2.8s)
2026-09-18 17:38:43  [10/261] 2026-09-19 周六 VR Queen Street Auckland Official site NZ$178 (2家)  3.4s
2026-09-18 17:38:50  [11/261] 2026-09-19 周六 VR Auckland City         Booking.com NZ$112 (2家)  5.6s
2026-09-18 17:38:57  [12/261] 2026-09-19 周六 Shakespeare Hotel Auckla Wotif NZ$79 (5家)  4.2s  ***低价***
2026-09-18 17:39:03  [13/261] 2026-09-19 周六 Auckland City Hotel      Wotif NZ$87 (5家)  4.9s  ***低价***
2026-09-18 17:39:08  [14/261] 2026-09-19 周六 ibis budget Auckland Cen Super.com NZ$95 (4家)  2.6s  ***低价***
2026-09-18 17:39:15  [15/261] 2026-09-19 周六 The Quadrant Hotel & Sui Booking.com NZ$112 (4家)  4.9s
2026-09-18 17:39:22  [16/261] 2026-09-19 周六 Copthorne Hotel Auckland Booking.com NZ$112 (3家)  4.8s
2026-09-18 17:39:28  [17/261] 2026-09-19 周六 Albion Hotel Auckland    Wotif NZ$83 (5家)  4.5s  ***低价***
2026-09-18 17:39:35  [18/261] 2026-09-19 周六 Ascotia Off Queen Auckla Official site NZ$80 (5家)  4.7s  ***低价***
2026-09-18 17:39:41  [19/261] 2026-09-20 周日 VR Queen Street Auckland Official site NZ$92 (2家)  4.4s  ***低价***
2026-09-18 17:39:48  [20/261] 2026-09-20 周日 VR Auckland City         Super.com NZ$89 (3家)  4.5s  ***低价***
2026-09-18 17:39:55  [21/261] 2026-09-20 周日 Shakespeare Hotel Auckla Wotif NZ$80 (5家)  4.6s  ***低价***
2026-09-18 17:40:01  [22/261] 2026-09-20 周日 Auckland City Hotel      Wotif NZ$85 (4家)  4.7s  ***低价***
2026-09-18 17:40:06  [23/261] 2026-09-20 周日 ibis budget Auckland Cen Super.com NZ$81 (3家)  2.9s  ***低价***
2026-09-18 17:40:13  [24/261] 2026-09-20 周日 The Quadrant Hotel & Sui Official site NZ$132 (4家)  5.3s
2026-09-18 17:40:21  [25/261] 2026-09-20 周日 Copthorne Hotel Auckland Wotif NZ$107 (4家)  5.1s
2026-09-18 17:40:27  [26/261] 2026-09-20 周日 Albion Hotel Auckland    Wotif NZ$79 (5家)  4.6s  ***低价***
2026-09-18 17:40:34  [27/261] 2026-09-20 周日 Ascotia Off Queen Auckla Wotif NZ$65 (5家)  4.8s  ***低价***
2026-09-18 17:40:41  [28/261] 2026-09-21 周一 VR Queen Street Auckland Official site NZ$86 (3家)  4.8s  ***低价***
2026-09-18 17:40:46  [29/261] 2026-09-21 周一 VR Auckland City         Super.com NZ$88 (2家)  2.8s  ***低价***
2026-09-18 17:40:50  [30/261] 2026-09-21 周一 Shakespeare Hotel Auckla Super.com NZ$76 (4家)  2.8s  ***低价***
2026-09-18 17:40:57  [31/261] 2026-09-21 周一 Auckland City Hotel      Booking.com NZ$86 (4家)  4.8s  ***低价***
2026-09-18 17:41:04  [32/261] 2026-09-21 周一 ibis budget Auckland Cen Official site NZ$75 (3家)  4.6s  ***低价***
2026-09-18 17:41:11  [33/261] 2026-09-21 周一 The Quadrant Hotel & Sui Booking.com NZ$94 (4家)  5.0s  ***低价***
2026-09-18 17:41:17  [34/261] 2026-09-21 周一 Copthorne Hotel Auckland Official site NZ$106 (3家)  4.7s
2026-09-18 17:41:25  [35/261] 2026-09-21 周一 Albion Hotel Auckland    Wotif NZ$79 (5家)  5.1s  ***低价***
2026-09-18 17:41:31  [36/261] 2026-09-21 周一 Ascotia Off Queen Auckla Official site NZ$65 (3家)  4.8s  ***低价***
2026-09-18 17:41:38  [37/261] 2026-09-22 周二 VR Queen Street Auckland Booking.com NZ$92 (4家)  4.6s  ***低价***
2026-09-18 17:41:45  [38/261] 2026-09-22 周二 VR Auckland City         Booking.com NZ$73 (2家)  4.6s  ***低价***
2026-09-18 17:41:49  [39/261] 2026-09-22 周二 Shakespeare Hotel Auckla Super.com NZ$79 (4家)  2.7s  ***低价***
2026-09-18 17:41:56  [40/261] 2026-09-22 周二 Auckland City Hotel      Wotif NZ$91 (5家)  4.5s  ***低价***
2026-09-18 17:42:02  [41/261] 2026-09-22 周二 ibis budget Auckland Cen Booking.com NZ$82 (4家)  4.4s  ***低价***
2026-09-18 17:42:09  [42/261] 2026-09-22 周二 The Quadrant Hotel & Sui Booking.com NZ$176 (4家)  4.4s
2026-09-18 17:42:15  [43/261] 2026-09-22 周二 Copthorne Hotel Auckland Wotif NZ$115 (4家)  4.7s
2026-09-18 17:42:21  [44/261] 2026-09-22 周二 Albion Hotel Auckland    Booking.com NZ$83 (4家)  4.2s  ***低价***
2026-09-18 17:42:24  [45/261] 2026-09-22 Ascotia Off Queen Auckland: 失败 Exception
2026-09-18 17:42:24  [46/261] 2026-09-23 VR Queen Street Auckland: 失败 Exception
2026-09-18 17:42:24  [47/261] 2026-09-23 VR Auckland City: 失败 Exception
2026-09-18 17:42:24  [48/261] 2026-09-23 Shakespeare Hotel Auckland: 失败 Exception
2026-09-18 17:42:24  [49/261] 2026-09-23 Auckland City Hotel: 失败 Exception
2026-09-18 17:42:24  [50/261] 2026-09-23 ibis budget Auckland Central: 失败 Exception
2026-09-18 17:42:24  [51/261] 2026-09-23 The Quadrant Hotel & Suites Auckland: 失败 Exception
2026-09-18 17:42:24  [52/261] 2026-09-23 Copthorne Hotel Auckland City: 失败 Exception
2026-09-18 17:42:24  [53/261] 2026-09-23 Albion Hotel Auckland: 失败 Exception
2026-09-18 17:42:24  [54/261] 2026-09-23 Ascotia Off Queen Auckland: 失败 Exception
2026-09-18 17:42:24  [55/261] 2026-09-24 VR Queen Street Auckland: 失败 Exception
2026-09-18 17:42:24  [56/261] 2026-09-24 VR Auckland City: 失败 Exception
2026-09-18 17:42:24  [57/261] 2026-09-24 Shakespeare Hotel Auckland: 失败 Exception
2026-09-18 17:42:24  [58/261] 2026-09-24 Auckland City Hotel: 失败 Exception
2026-09-18 17:42:24  [59/261] 2026-09-24 ibis budget Auckland Central: 失败 Exception
2026-09-18 17:42:24  [60/261] 2026-09-24 The Quadrant Hotel & Suites Auckland: 失败 Exception
2026-09-18 17:42:24  [61/261] 2026-09-24 Copthorne Hotel Auckland City: 失败 Exception
2026-09-18 17:42:24  [62/261] 2026-09-24 Albion Hotel Auckland: 失败 Exception
2026-09-18 17:42:24  [63/261] 2026-09-24 Ascotia Off Queen Auckland: 失败 Exception
2026-09-18 17:42:24  [64/261] 2026-09-25 VR Queen Street Auckland: 失败 Exception
2026-09-18 17:42:24  [65/261] 2026-09-25 VR Auckland City: 失败 Exception
2026-09-18 17:42:24  [66/261] 2026-09-25 Shakespeare Hotel Auckland: 失败 Exception
2026-09-18 17:42:24  [67/261] 2026-09-25 Auckland City Hotel: 失败 Exception
2026-09-18 17:42:24  [68/261] 2026-09-25 ibis budget Auckland Central: 失败 Exception
2026-09-18 17:42:24  [69/261] 2026-09-25 The Quadrant Hotel & Suites Auckland: 失败 Exception
2026-09-18 17:42:24  [70/261] 2026-09-25 Copthorne Hotel Auckland City: 失败 Exception
2026-09-18 17:42:24  [71/261] 2026-09-25 Albion Hotel Auckland: 失败 Exception
2026-09-18 17:42:24  [72/261] 2026-09-25 Ascotia Off Queen Auckland: 失败 Exception
2026-09-18 17:42:24  [73/261] 2026-09-26 VR Queen Street Auckland: 失败 Exception
2026-09-18 17:42:24  [74/261] 2026-09-26 VR Auckland City: 失败 Exception
2026-09-18 17:42:24  [75/261] 2026-09-26 Shakespeare Hotel Auckland: 失败 Exception
2026-09-18 17:42:24  [76/261] 2026-09-26 Auckland City Hotel: 失败 Exception
2026-09-18 17:42:24  [77/261] 2026-09-26 ibis budget Auckland Central: 失败 Exception
2026-09-18 17:42:24  [78/261] 2026-09-26 The Quadrant Hotel & Suites Auckland: 失败 Exception
2026-09-18 17:42:24  [79/261] 2026-09-26 Copthorne Hotel Auckland City: 失败 Exception
2026-09-18 17:42:24  [80/261] 2026-09-26 Albion Hotel Auckland: 失败 Exception
2026-09-18 17:42:24  [81/261] 2026-09-26 Ascotia Off Queen Auckland: 失败 Exception
2026-09-18 17:42:24  [82/261] 2026-09-27 VR Queen Street Auckland: 失败 Exception
2026-09-18 17:42:24  [83/261] 2026-09-27 VR Auckland City: 失败 Exception
2026-09-18 17:42:24  [84/261] 2026-09-27 Shakespeare Hotel Auckland: 失败 Exception
2026-09-18 17:42:24  [85/261] 2026-09-27 Auckland City Hotel: 失败 Exception
2026-09-18 17:42:24  [86/261] 2026-09-27 ibis budget Auckland Central: 失败 Exception
2026-09-18 17:42:24  [87/261] 2026-09-27 The Quadrant Hotel & Suites Auckland: 失败 Exception
2026-09-18 17:42:24  [88/261] 2026-09-27 Copthorne Hotel Auckland City: 失败 Exception
2026-09-18 17:42:24  [89/261] 2026-09-27 Albion Hotel Auckland: 失败 Exception
2026-09-18 17:42:24  [90/261] 2026-09-27 Ascotia Off Queen Auckland: 失败 Exception
2026-09-18 17:42:24  [91/261] 2026-09-28 VR Queen Street Auckland: 失败 Exception
2026-09-18 17:42:24  [92/261] 2026-09-28 VR Auckland City: 失败 Exception
2026-09-18 17:42:24  [93/261] 2026-09-28 Shakespeare Hotel Auckland: 失败 Exception
2026-09-18 17:42:24  [94/261] 2026-09-28 Auckland City Hotel: 失败 Exception
2026-09-18 17:42:24  [95/261] 2026-09-28 ibis budget Auckland Central: 失败 Exception
2026-09-18 17:42:24  [96/261] 2026-09-28 The Quadrant Hotel & Suites Auckland: 失败 Exception
2026-09-18 17:42:24  [97/261] 2026-09-28 Copthorne Hotel Auckland City: 失败 Exception
2026-09-18 17:42:24  [98/261] 2026-09-28 Albion Hotel Auckland: 失败 Exception
2026-09-18 17:42:24  [99/261] 2026-09-28 Ascotia Off Queen Auckland: 失败 Exception
2026-09-18 17:42:24  [100/261] 2026-09-29 VR Queen Street Auckland: 失败 Exception
2026-09-18 17:42:24  [101/261] 2026-09-29 VR Auckland City: 失败 Exception
2026-09-18 17:42:24  [102/261] 2026-09-29 Shakespeare Hotel Auckland: 失败 Exception
2026-09-18 17:42:24  [103/261] 2026-09-29 Auckland City Hotel: 失败 Exception
2026-09-18 17:42:24  [104/261] 2026-09-29 ibis budget Auckland Central: 失败 Exception
2026-09-18 17:42:24  [105/261] 2026-09-29 The Quadrant Hotel & Suites Auckland: 失败 Exception
