timestamp,hotel,checkin,provider,price_nzd,room_type,source
2026-09-16 02:28:36,VR Auckland City,2026-10-24,Expedia,311,,已验证·初代
2026-09-16 02:34:34,VR Queen Street Auckland,2026-09-18,Hotels.com,144,,已验证·初代
2026-09-16 02:42:12,VR Queen Street Auckland,2026-10-25,Official site,278,,已验证·初代
2026-09-16 02:48:34,VR Auckland City,2026-09-24,Expedia,112,,已验证·初代
2026-09-16 02:57:29,VR Auckland City,2026-11-08,Expedia,316,,已验证·初代
2026-09-16 03:01:52,VR Queen Street Auckland,2026-09-18,Hotels.com,144,,已验证·fast
2026-09-16 03:03:03,VR Queen Street Auckland,2026-09-25,Booking.com,134,,已验证·fast
2026-09-16 03:05:22,VR Auckland City,2026-10-09,Booking.com,102,,已验证·fast
2026-09-16 03:10:10,VR Auckland City,2026-11-08,Expedia,316,,已验证·fast
2026-09-16 03:11:20,VR Auckland City,2026-11-15,Booking.com,200,,已验证·fast
2026-09-16 05:44:38,VR Auckland City,2026-11-08,Expedia,316,Classic One Bedroom Apartment,已验证·v2
2026-09-16 05:45:05,VR Queen Street Auckland,2026-09-17,Hotels.com,126,,已验证·v2
2026-09-16 05:45:17,VR Queen Street Auckland,2026-09-18,Hotels.com,144,Standard King Room,已验证·v2
2026-09-16 05:45:35,VR Auckland City,2026-09-19,Booking.com,135,Studio Apartment,已验证·v2
2026-09-16 05:46:25,VR Auckland City,2026-09-23,Super.com,87,,已验证·v2
2026-09-16 05:52:51,VR Auckland City,2026-10-25,Super.com,96,,已验证·v2
2026-09-16 05:55:10,VR Auckland City,2026-11-05,Booking.com,272,Studio Apartment,已验证·v2
2026-09-16 05:55:47,VR Auckland City,2026-11-08,Expedia,316,,已验证·v2
2026-09-16 05:57:15,VR Auckland City,2026-11-15,Booking.com,200,,已验证·v2
2026-09-16 06:15:03,VR Queen Street Auckland,2026-09-17,Hotels.com,126,Suite · Suite,已验证·v2
2026-09-16 06:15:15,VR Queen Street Auckland,2026-09-18,Hotels.com,144,Standard King Room,已验证·v2
2026-09-16 06:15:33,VR Auckland City,2026-09-19,Booking.com,135,Studio Apartment,已验证·v2
2026-09-16 06:16:12,VR Auckland City,2026-09-23,Super.com,87,,已验证·v2
2026-09-16 06:16:23,VR Auckland City,2026-09-24,Expedia,112,Studio Apartment,已验证·v2
2026-09-16 06:22:26,VR Auckland City,2026-10-24,Expedia,311,,已验证·v2
2026-09-16 06:22:38,VR Auckland City,2026-10-25,Super.com,96,,已验证·v2
2026-09-16 06:24:56,VR Auckland City,2026-11-05,Booking.com,272,Studio Apartment,已验证·v2
2026-09-16 06:25:33,VR Auckland City,2026-11-08,Expedia,316,,已验证·v2
2026-09-16 06:27:00,VR Auckland City,2026-11-15,Booking.com,200,Studio Apartment,已验证·v2
2026-09-16 06:45:02,VR Queen Street Auckland,2026-09-17,Hotels.com,126,Suite · Suite,已验证·v2
2026-09-16 06:45:12,VR Queen Street Auckland,2026-09-18,Hotels.com,144,,已验证·v2
2026-09-16 06:45:28,VR Auckland City,2026-09-19,Booking.com,135,,已验证·v2
2026-09-16 06:46:07,VR Auckland City,2026-09-23,Super.com,87,,已验证·v2
2026-09-16 06:46:18,VR Auckland City,2026-09-24,Expedia,112,Studio Apartment,已验证·v2
2026-09-16 06:52:33,VR Auckland City,2026-10-25,Super.com,96,,已验证·v2
2026-09-16 06:54:47,VR Auckland City,2026-11-05,Booking.com,272,Studio Apartment,已验证·v2
2026-09-16 06:55:23,VR Auckland City,2026-11-08,Expedia,316,,已验证·v2
2026-09-16 06:56:51,VR Auckland City,2026-11-15,Booking.com,200,Studio Apartment,已验证·v2
2026-09-16 07:15:07,VR Queen Street Auckland,2026-09-17,Hotels.com,126,,已验证·v2
2026-09-16 07:15:18,VR Queen Street Auckland,2026-09-18,Hotels.com,144,,已验证·v2
2026-09-16 07:15:40,VR Auckland City,2026-09-19,Booking.com,135,Studio Apartment,已验证·v2
2026-09-16 07:16:28,VR Auckland City,2026-09-23,Super.com,87,,已验证·v2
2026-09-16 07:22:56,VR Auckland City,2026-10-25,Super.com,96,,已验证·v2
2026-09-16 07:25:12,VR Auckland City,2026-11-05,Booking.com,272,,已验证·v2
2026-09-16 07:25:49,VR Auckland City,2026-11-08,Expedia,316,,已验证·v2
2026-09-16 07:27:16,VR Auckland City,2026-11-15,Booking.com,200,Studio Apartment,已验证·v2
2026-09-16 07:45:06,VR Queen Street Auckland,2026-09-17,Hotels.com,126,Suite · Suite,已验证·v2
2026-09-16 07:45:20,VR Queen Street Auckland,2026-09-18,Hotels.com,144,,已验证·v2
2026-09-16 07:45:38,VR Auckland City,2026-09-19,Booking.com,135,Studio Apartment,已验证·v2
2026-09-16 07:46:29,VR Auckland City,2026-09-23,Super.com,87,,已验证·v2
2026-09-16 07:52:45,VR Auckland City,2026-10-25,Super.com,96,,已验证·v2
2026-09-16 07:54:38,VR Auckland City,2026-11-03,Super.com,118,,已验证·v2
2026-09-16 07:55:03,VR Auckland City,2026-11-05,Booking.com,272,,已验证·v2
2026-09-16 07:55:40,VR Auckland City,2026-11-08,Expedia,316,,已验证·v2
2026-09-16 07:57:06,VR Auckland City,2026-11-15,Booking.com,200,Studio Apartment,已验证·v2
2026-09-16 08:15:41,VR Auckland City,2026-09-19,Booking.com,135,Studio Apartment,已验证·v2
2026-09-16 08:16:27,VR Auckland City,2026-09-23,Super.com,87,,已验证·v2
2026-09-16 08:16:38,VR Auckland City,2026-09-24,Expedia,112,,已验证·v2
2026-09-16 08:22:43,VR Auckland City,2026-10-24,Expedia,311,,已验证·v2
2026-09-16 08:22:56,VR Auckland City,2026-10-25,Super.com,96,,已验证·v2
2026-09-16 08:24:48,VR Auckland City,2026-11-03,Super.com,118,,已验证·v2
2026-09-16 08:25:12,VR Auckland City,2026-11-05,Booking.com,272,Studio Apartment,已验证·v2
2026-09-16 08:27:17,VR Auckland City,2026-11-15,Booking.com,200,Studio Apartment,已验证·v2
2026-09-16 08:45:32,VR Auckland City,2026-09-19,Booking.com,135,,已验证·v2
2026-09-16 08:46:23,VR Auckland City,2026-09-23,Super.com,87,,已验证·v2
2026-09-16 08:46:34,VR Auckland City,2026-09-24,Expedia,112,,已验证·v2
2026-09-16 08:52:33,VR Auckland City,2026-10-24,Expedia,311,,已验证·v2
2026-09-16 08:52:45,VR Auckland City,2026-10-25,Super.com,96,,已验证·v2
2026-09-16 08:54:39,VR Auckland City,2026-11-03,Super.com,118,,已验证·v2
2026-09-16 08:55:04,VR Auckland City,2026-11-05,Booking.com,272,,已验证·v2
2026-09-16 08:55:40,VR Auckland City,2026-11-08,Expedia,316,,已验证·v2
2026-09-16 09:15:02,VR Queen Street Auckland,2026-09-17,Hotels.com,126,Suite · Suite,已验证·v2
2026-09-16 09:15:29,VR Auckland City,2026-09-19,Booking.com,135,Studio Apartment,已验证·v2
2026-09-16 09:16:10,VR Auckland City,2026-09-23,Super.com,87,,已验证·v2
2026-09-16 09:16:19,VR Auckland City,2026-09-24,Expedia,112,Studio Apartment,已验证·v2
2026-09-16 09:22:14,VR Auckland City,2026-10-24,Expedia,311,,已验证·v2
2026-09-16 09:22:26,VR Auckland City,2026-10-25,Super.com,96,,已验证·v2
2026-09-16 09:24:14,VR Auckland City,2026-11-03,Super.com,118,,已验证·v2
2026-09-16 09:24:40,VR Auckland City,2026-11-05,Booking.com,272,,已验证·v2
2026-09-16 09:25:18,VR Auckland City,2026-11-08,Expedia,316,,已验证·v2
2026-09-16 09:26:43,VR Auckland City,2026-11-15,Booking.com,200,Studio Apartment,已验证·v2
2026-09-16 09:45:40,VR Auckland City,2026-09-19,Booking.com,135,Studio Apartment,已验证·v2
2026-09-16 09:46:34,VR Auckland City,2026-09-23,Super.com,87,,已验证·v2
2026-09-16 09:46:45,VR Auckland City,2026-09-24,Expedia,112,,已验证·v2
2026-09-16 10:45:03,VR Queen Street Auckland,2026-09-17,Hotels.com,126,Suite · Suite,已验证·v2
2026-09-16 10:45:32,VR Auckland City,2026-09-19,Booking.com,135,Studio Apartment,已验证·v2
2026-09-16 10:46:22,VR Auckland City,2026-09-23,Super.com,87,,已验证·v2
2026-09-16 10:46:33,VR Auckland City,2026-09-24,Expedia,112,,已验证·v2
2026-09-16 10:52:51,VR Auckland City,2026-10-25,Super.com,96,,已验证·v2
2026-09-16 10:54:45,VR Auckland City,2026-11-03,Super.com,118,,已验证·v2
2026-09-16 10:55:10,VR Auckland City,2026-11-05,Booking.com,272,,已验证·v2
2026-09-16 10:55:48,VR Auckland City,2026-11-08,Expedia,316,,已验证·v2
2026-09-16 10:57:15,VR Auckland City,2026-11-15,Booking.com,200,Studio Apartment,已验证·v2
2026-09-16 11:15:03,VR Queen Street Auckland,2026-09-17,Hotels.com,126,,已验证·v2
2026-09-16 11:15:16,VR Queen Street Auckland,2026-09-18,Hotels.com,144,Standard King Room,已验证·v2
2026-09-16 11:15:34,VR Auckland City,2026-09-19,Booking.com,135,Studio Apartment,已验证·v2
2026-09-16 11:16:23,VR Auckland City,2026-09-23,Super.com,87,,已验证·v2
2026-09-16 11:16:34,VR Auckland City,2026-09-24,Expedia,112,,已验证·v2
2026-09-16 11:23:00,VR Auckland City,2026-10-25,Super.com,96,,已验证·v2
2026-09-16 11:24:52,VR Auckland City,2026-11-03,Super.com,118,,已验证·v2
2026-09-16 11:25:17,VR Auckland City,2026-11-05,Booking.com,272,,已验证·v2
2026-09-16 11:27:26,VR Auckland City,2026-11-15,Booking.com,200,Studio Apartment,已验证·v2
2026-09-16 11:45:12,VR Queen Street Auckland,2026-09-18,Hotels.com,144,Standard King Room,已验证·v2
2026-09-16 11:45:30,VR Auckland City,2026-09-19,Booking.com,135,,已验证·v2
2026-09-16 11:46:24,VR Auckland City,2026-09-24,Expedia,112,,已验证·v2
2026-09-16 11:52:34,VR Auckland City,2026-10-25,Super.com,96,,已验证·v2
2026-09-16 11:54:22,VR Auckland City,2026-11-03,Super.com,118,,已验证·v2
2026-09-16 11:54:45,VR Auckland City,2026-11-05,Booking.com,272,Studio Apartment,已验证·v2
2026-09-16 11:56:39,VR Auckland City,2026-11-15,Booking.com,200,,已验证·v2
2026-09-16 12:15:39,VR Auckland City,2026-09-19,Booking.com,135,,已验证·v2
2026-09-16 12:23:47,VR Auckland City,2026-10-25,Super.com,96,,已验证·v2
2026-09-16 12:25:49,VR Auckland City,2026-11-03,Super.com,118,,已验证·v2
2026-09-16 12:26:17,VR Auckland City,2026-11-05,Booking.com,272,Studio Apartment,已验证·v2
2026-09-16 12:27:36,VR Auckland City,2026-11-08,Expedia,316,,已验证·v2
2026-09-16 12:29:52,VR Auckland City,2026-11-15,Booking.com,200,,已验证·v2
2026-09-16 12:45:04,VR Queen Street Auckland,2026-09-17,Hotels.com,126,,已验证·v2
2026-09-16 12:45:15,VR Queen Street Auckland,2026-09-18,Hotels.com,144,,已验证·v2
2026-09-16 12:45:33,VR Auckland City,2026-09-19,Booking.com,135,Studio Apartment,已验证·v2
2026-09-16 12:46:23,VR Auckland City,2026-09-23,Super.com,87,,已验证·v2
2026-09-16 12:46:36,VR Auckland City,2026-09-24,Expedia,112,,已验证·v2
2026-09-16 12:53:05,VR Auckland City,2026-10-25,Super.com,96,,已验证·v2
2026-09-16 12:55:01,VR Auckland City,2026-11-03,Super.com,118,,已验证·v2
2026-09-16 12:55:27,VR Auckland City,2026-11-05,Booking.com,272,Studio Apartment,已验证·v2
2026-09-16 12:57:32,VR Auckland City,2026-11-15,Booking.com,200,Studio Apartment,已验证·v2
2026-09-16 13:15:03,VR Queen Street Auckland,2026-09-17,Hotels.com,126,Suite · Suite,已验证·v2
2026-09-16 13:15:14,VR Queen Street Auckland,2026-09-18,Hotels.com,144,Standard King Room,已验证·v2
2026-09-16 13:15:30,VR Auckland City,2026-09-19,Booking.com,135,Studio Apartment,已验证·v2
2026-09-16 13:16:16,VR Auckland City,2026-09-23,Super.com,87,,已验证·v2
2026-09-16 13:16:30,VR Auckland City,2026-09-24,Expedia,112,,已验证·v2
2026-09-16 13:23:18,VR Auckland City,2026-10-24,Expedia,311,,已验证·v2
2026-09-16 13:23:27,VR Auckland City,2026-10-25,Super.com,96,,已验证·v2
2026-09-16 13:25:19,VR Auckland City,2026-11-03,Super.com,118,,已验证·v2
2026-09-16 13:25:45,VR Auckland City,2026-11-05,Booking.com,272,Studio Apartment,已验证·v2
2026-09-16 13:26:09,VR Auckland City,2026-11-07,Super.com,485,,已验证·v2
2026-09-16 13:26:22,VR Auckland City,2026-11-08,Expedia,316,,已验证·v2
2026-09-16 13:27:50,VR Auckland City,2026-11-15,Booking.com,200,,已验证·v2
2026-09-16 13:46:17,VR Auckland City,2026-09-23,Super.com,87,,已验证·v2
2026-09-16 13:46:31,VR Auckland City,2026-09-24,Expedia,112,,已验证·v2
2026-09-16 13:50:56,VR Queen Street Auckland,2026-09-16,Official site,156,,v3
2026-09-16 13:50:56,VR Queen Street Auckland,2026-09-16,Super.com,131,,v3
2026-09-16 13:51:02,VR Auckland City,2026-09-16,Trip.com,119,,v3
2026-09-16 13:51:06,VR Queen Street Auckland,2026-09-17,Hotels.com,126,Suite · Suite,v3
2026-09-16 13:51:06,VR Queen Street Auckland,2026-09-17,Official site,145,,v3
2026-09-16 13:51:06,VR Queen Street Auckland,2026-09-17,Super.com,111,,v3
2026-09-16 13:51:11,VR Auckland City,2026-09-17,Super.com,104,,v3
2026-09-16 13:51:16,VR Queen Street Auckland,2026-09-18,Hotels.com,144,Standard King Room,v3
2026-09-16 13:51:16,VR Queen Street Auckland,2026-09-18,Official site,167,,v3
2026-09-16 13:51:16,VR Queen Street Auckland,2026-09-18,Super.com,127,,v3
2026-09-16 13:51:21,VR Auckland City,2026-09-18,Super.com,102,,v3
2026-09-16 13:51:27,VR Queen Street Auckland,2026-09-19,Official site,175,,v3
2026-09-16 13:51:27,VR Queen Street Auckland,2026-09-19,Super.com,135,,v3
2026-09-16 13:51:32,VR Auckland City,2026-09-19,Booking.com,135,,v3
2026-09-16 13:51:32,VR Auckland City,2026-09-19,Hotels.com,145,Studio Apartment,v3
2026-09-16 13:51:32,VR Auckland City,2026-09-19,Super.com,116,,v3
2026-09-16 13:51:37,VR Queen Street Auckland,2026-09-20,Official site,102,,v3
2026-09-16 13:51:37,VR Queen Street Auckland,2026-09-20,Super.com,79,,v3
2026-09-16 13:51:42,VR Auckland City,2026-09-20,Super.com,85,,v3
2026-09-16 13:51:42,VR Auckland City,2026-09-20,Wotif,74,Parkside Hotel & Apartments,v3
2026-09-16 13:51:50,VR Queen Street Auckland,2026-09-21,Official site,78,Open VR Queen Street - Hotel & Suites in a new tab.,v3
2026-09-16 13:51:50,VR Queen Street Auckland,2026-09-21,Super.com,78,,v3
2026-09-16 13:51:58,VR Auckland City,2026-09-21,Super.com,85,,v3
2026-09-16 13:52:03,VR Queen Street Auckland,2026-09-22,Official site,80,Open VR Queen Street - Hotel & Suites in a new tab.,v3
2026-09-16 13:52:03,VR Queen Street Auckland,2026-09-22,Super.com,80,,v3
2026-09-16 13:52:09,VR Auckland City,2026-09-22,Super.com,85,,v3
2026-09-16 13:52:14,VR Queen Street Auckland,2026-09-23,Official site,101,,v3
2026-09-16 13:52:14,VR Queen Street Auckland,2026-09-23,Super.com,77,,v3
2026-09-16 13:52:18,VR Auckland City,2026-09-23,Hotels.com,112,Studio Apartment,v3
2026-09-16 13:52:18,VR Auckland City,2026-09-23,Super.com,87,,v3
2026-09-16 13:52:23,VR Queen Street Auckland,2026-09-24,Official site,77,Open VR Queen Street - Hotel & Suites in a new tab.,v3
2026-09-16 13:52:23,VR Queen Street Auckland,2026-09-24,Super.com,77,,v3
2026-09-16 13:52:30,VR Auckland City,2026-09-24,Expedia,112,,v3
2026-09-16 13:52:30,VR Auckland City,2026-09-24,Super.com,86,,v3
2026-09-16 13:52:34,VR Queen Street Auckland,2026-09-25,Booking.com,134,Standard King Room,v3
2026-09-16 13:52:34,VR Queen Street Auckland,2026-09-25,Official site,149,,v3
2026-09-16 13:52:34,VR Queen Street Auckland,2026-09-25,Super.com,113,,v3
2026-09-16 13:52:39,VR Auckland City,2026-09-25,Booking.com,114,Penthouse - One-Bedroom Apartment,v3
2026-09-16 13:52:39,VR Auckland City,2026-09-25,Super.com,114,,v3
2026-09-16 13:52:46,VR Queen Street Auckland,2026-09-26,Booking.com,117,Open VR Queen Street - Hotel & Suites in a new tab.,v3
2026-09-16 13:52:46,VR Queen Street Auckland,2026-09-26,Official site,153,,v3
2026-09-16 13:52:46,VR Queen Street Auckland,2026-09-26,Super.com,117,,v3
2026-09-16 13:52:53,VR Auckland City,2026-09-26,Booking.com,97,Mercure Auckland Queen Street,v3
2026-09-16 13:52:53,VR Auckland City,2026-09-26,Super.com,161,,v3
2026-09-16 13:52:59,VR Queen Street Auckland,2026-09-27,Official site,80,Open VR Queen Street - Hotel & Suites in a new tab.,v3
2026-09-16 13:52:59,VR Queen Street Auckland,2026-09-27,Super.com,80,,v3
2026-09-16 13:53:06,VR Auckland City,2026-09-27,Super.com,109,,v3
2026-09-16 13:53:11,VR Queen Street Auckland,2026-09-28,Official site,104,,v3
2026-09-16 13:53:11,VR Queen Street Auckland,2026-09-28,Super.com,80,,v3
2026-09-16 13:53:16,VR Auckland City,2026-09-28,Super.com,84,,v3
2026-09-16 13:53:22,VR Queen Street Auckland,2026-09-29,Official site,104,,v3
2026-09-16 13:53:22,VR Queen Street Auckland,2026-09-29,Super.com,79,,v3
2026-09-16 13:53:22,VR Queen Street Auckland,2026-09-29,Wotif,79,Open VR Queen Street - Hotel & Suites in a new tab.,v3
2026-09-16 13:53:30,VR Auckland City,2026-09-29,Super.com,87,,v3
2026-09-16 13:53:36,VR Queen Street Auckland,2026-09-30,Official site,111,,v3
2026-09-16 13:53:36,VR Queen Street Auckland,2026-09-30,Super.com,86,,v3
2026-09-16 13:53:41,VR Auckland City,2026-09-30,Super.com,87,,v3
2026-09-16 13:53:45,VR Queen Street Auckland,2026-10-01,Official site,95,Open VR Queen Street - Hotel & Suites in a new tab.,v3
2026-09-16 13:53:45,VR Queen Street Auckland,2026-10-01,Super.com,95,,v3
2026-09-16 13:53:52,VR Auckland City,2026-10-01,Super.com,90,,v3
2026-09-16 13:53:57,VR Queen Street Auckland,2026-10-02,Official site,111,Open VR Queen Street - Hotel & Suites in a new tab.,v3
2026-09-16 13:53:57,VR Queen Street Auckland,2026-10-02,Super.com,111,,v3
2026-09-16 13:54:04,VR Auckland City,2026-10-02,Super.com,113,,v3
2026-09-16 13:54:08,VR Queen Street Auckland,2026-10-03,Booking.com,120,Open VR Queen Street - Hotel & Suites in a new tab.,v3
2026-09-16 13:54:08,VR Queen Street Auckland,2026-10-03,Official site,158,,v3
2026-09-16 13:54:08,VR Queen Street Auckland,2026-10-03,Super.com,120,,v3
2026-09-16 13:54:15,VR Auckland City,2026-10-03,Super.com,128,,v3
2026-09-16 13:54:19,VR Queen Street Auckland,2026-10-04,Official site,117,,v3
2026-09-16 13:54:19,VR Queen Street Auckland,2026-10-04,Super.com,93,,v3
2026-09-16 13:54:24,VR Auckland City,2026-10-04,Super.com,108,,v3
2026-09-16 13:54:29,VR Queen Street Auckland,2026-10-05,Official site,117,,v3
2026-09-16 13:54:29,VR Queen Street Auckland,2026-10-05,Super.com,89,,v3
2026-09-16 13:54:33,VR Auckland City,2026-10-05,Booking.com,139,,v3
2026-09-16 13:54:39,VR Queen Street Auckland,2026-10-06,Official site,93,Open VR Queen Street - Hotel & Suites in a new tab.,v3
2026-09-16 13:54:39,VR Queen Street Auckland,2026-10-06,Super.com,93,,v3
2026-09-16 13:54:46,VR Auckland City,2026-10-06,Booking.com,139,,v3
2026-09-16 13:54:51,VR Queen Street Auckland,2026-10-07,Official site,86,Open VR Queen Street - Hotel & Suites in a new tab.,v3
2026-09-16 13:54:51,VR Queen Street Auckland,2026-10-07,Super.com,86,,v3
2026-09-16 13:54:57,VR Auckland City,2026-10-07,Super.com,108,,v3
2026-09-16 13:55:05,VR Queen Street Auckland,2026-10-08,Booking.com,113,Open VR Queen Street - Hotel & Suites in a new tab.,v3
2026-09-16 13:55:05,VR Queen Street Auckland,2026-10-08,Official site,149,,v3
2026-09-16 13:55:05,VR Queen Street Auckland,2026-10-08,Super.com,113,,v3
2026-09-16 13:55:12,VR Auckland City,2026-10-08,Super.com,143,,v3
2026-09-16 13:55:18,VR Queen Street Auckland,2026-10-09,Official site,234,Open VR Queen Street - Hotel & Suites in a new tab.,v3
2026-09-16 13:55:18,VR Queen Street Auckland,2026-10-09,Super.com,234,,v3
2026-09-16 13:55:25,VR Auckland City,2026-10-09,Booking.com,102,,v3
2026-09-16 13:55:25,VR Auckland City,2026-10-09,Super.com,256,,v3
2026-09-16 13:55:31,VR Queen Street Auckland,2026-10-10,Official site,299,,v3
2026-09-16 13:55:31,VR Queen Street Auckland,2026-10-10,Super.com,235,,v3
2026-09-16 13:55:36,VR Auckland City,2026-10-10,Booking.com,102,Nice City Studio with Ponsonby View,v3
2026-09-16 13:55:36,VR Auckland City,2026-10-10,Super.com,459,,v3
2026-09-16 13:55:43,VR Queen Street Auckland,2026-10-11,Official site,97,Open VR Queen Street - Hotel & Suites in a new tab.,v3
2026-09-16 13:55:43,VR Queen Street Auckland,2026-10-11,Super.com,97,,v3
2026-09-16 13:55:50,VR Auckland City,2026-10-11,Super.com,88,,v3
2026-09-16 13:55:57,VR Queen Street Auckland,2026-10-12,Official site,125,,v3
2026-09-16 13:55:57,VR Queen Street Auckland,2026-10-12,Super.com,96,,v3
2026-09-16 13:56:02,VR Auckland City,2026-10-12,Booking.com,84,,v3
2026-09-16 13:56:02,VR Auckland City,2026-10-12,Super.com,102,,v3
2026-09-16 13:56:08,VR Queen Street Auckland,2026-10-13,Official site,97,Open VR Queen Street - Hotel & Suites in a new tab.,v3
2026-09-16 13:56:08,VR Queen Street Auckland,2026-10-13,Super.com,97,,v3
2026-09-16 13:56:14,VR Auckland City,2026-10-13,Super.com,91,,v3
2026-09-16 13:56:21,VR Queen Street Auckland,2026-10-14,Official site,96,Open VR Queen Street - Hotel & Suites in a new tab.,v3
2026-09-16 13:56:21,VR Queen Street Auckland,2026-10-14,Super.com,96,,v3
2026-09-16 13:56:27,VR Auckland City,2026-10-14,Super.com,91,,v3
2026-09-16 13:56:33,VR Queen Street Auckland,2026-10-15,Booking.com,96,Open VR Queen Street - Hotel & Suites in a new tab.,v3
2026-09-16 13:56:33,VR Queen Street Auckland,2026-10-15,Official site,125,,v3
2026-09-16 13:56:33,VR Queen Street Auckland,2026-10-15,Super.com,96,,v3
2026-09-16 13:56:40,VR Auckland City,2026-10-15,Booking.com,84,Sky tower just next DOOR FREE parking,v3
2026-09-16 13:56:46,VR Queen Street Auckland,2026-10-16,Official site,131,Open VR Queen Street - Hotel & Suites in a new tab.,v3
2026-09-16 13:56:46,VR Queen Street Auckland,2026-10-16,Super.com,131,,v3
2026-09-16 13:56:53,VR Auckland City,2026-10-16,Booking.com,102,Studio Steps from Sky City,v3
2026-09-16 13:56:59,VR Queen Street Auckland,2026-10-17,Booking.com,220,Open VR Queen Street - Hotel & Suites in a new tab.,v3
2026-09-16 13:56:59,VR Queen Street Auckland,2026-10-17,Official site,278,,v3
2026-09-16 13:56:59,VR Queen Street Auckland,2026-10-17,Super.com,220,,v3
2026-09-16 13:57:05,VR Auckland City,2026-10-17,Booking.com,639,,v3
2026-09-16 13:57:12,VR Queen Street Auckland,2026-10-18,Booking.com,106,Open VR Queen Street - Hotel & Suites in a new tab.,v3
2026-09-16 13:57:12,VR Queen Street Auckland,2026-10-18,Official site,135,,v3
2026-09-16 13:57:12,VR Queen Street Auckland,2026-10-18,Super.com,106,,v3
2026-09-16 13:57:19,VR Auckland City,2026-10-18,Booking.com,84,Parkside Hotel & Apartments Auckland,v3
2026-09-16 13:57:25,VR Queen Street Auckland,2026-10-19,Official site,104,Open VR Queen Street - Hotel & Suites in a new tab.,v3
2026-09-16 13:57:25,VR Queen Street Auckland,2026-10-19,Super.com,104,,v3
2026-09-16 13:57:31,VR Auckland City,2026-10-19,Super.com,144,,v3
2026-09-16 13:57:36,VR Queen Street Auckland,2026-10-20,Official site,156,Open VR Queen Street - Hotel & Suites in a new tab.,v3
2026-09-16 13:57:36,VR Queen Street Auckland,2026-10-20,Super.com,156,,v3
2026-09-16 13:57:42,VR Auckland City,2026-10-20,Super.com,153,,v3
2026-09-16 13:57:49,VR Queen Street Auckland,2026-10-21,Official site,157,Open VR Queen Street - Hotel & Suites in a new tab.,v3
2026-09-16 13:57:49,VR Queen Street Auckland,2026-10-21,Super.com,157,,v3
2026-09-16 13:57:55,VR Auckland City,2026-10-21,Booking.com,129,Princes Wharf Boutique Apartments,v3
2026-09-16 13:57:55,VR Auckland City,2026-10-21,Super.com,129,,v3
2026-09-16 13:58:02,VR Queen Street Auckland,2026-10-22,Official site,167,,v3
2026-09-16 13:58:02,VR Queen Street Auckland,2026-10-22,Super.com,128,,v3
2026-09-16 13:58:07,VR Auckland City,2026-10-22,Booking.com,84,Auckland Harbour Suites,v3
2026-09-16 13:58:13,VR Queen Street Auckland,2026-10-23,Official site,237,,v3
2026-09-16 13:58:13,VR Queen Street Auckland,2026-10-23,Super.com,181,,v3
2026-09-16 13:58:18,VR Auckland City,2026-10-23,Booking.com,273,Penthouse - One-Bedroom Apartment,v3
2026-09-16 13:58:18,VR Auckland City,2026-10-23,Trip.com,414,,v3
2026-09-16 13:58:24,VR Queen Street Auckland,2026-10-24,Booking.com,273,Penthouse - One-Bedroom Apartment,v3
2026-09-16 13:58:24,VR Queen Street Auckland,2026-10-24,Official site,197,Open VR Queen Street - Hotel & Suites in a new tab.,v3
2026-09-16 13:58:24,VR Queen Street Auckland,2026-10-24,Super.com,197,,v3
2026-09-16 13:58:31,VR Auckland City,2026-10-24,Expedia,311,,v3
2026-09-16 13:58:35,VR Queen Street Auckland,2026-10-25,Booking.com,233,Open VR Queen Street - Hotel & Suites in a new tab.,v3
2026-09-16 13:58:35,VR Queen Street Auckland,2026-10-25,Official site,278,,v3
2026-09-16 13:58:35,VR Queen Street Auckland,2026-10-25,Super.com,233,,v3
2026-09-16 13:58:42,VR Auckland City,2026-10-25,Super.com,96,,v3
2026-09-16 13:58:46,VR Queen Street Auckland,2026-10-26,Booking.com,96,Open VR Queen Street - Hotel & Suites in a new tab.,v3
2026-09-16 13:58:46,VR Queen Street Auckland,2026-10-26,Official site,125,,v3
2026-09-16 13:58:46,VR Queen Street Auckland,2026-10-26,Super.com,96,,v3
2026-09-16 13:58:53,VR Auckland City,2026-10-26,Super.com,91,,v3
2026-09-16 13:58:57,VR Queen Street Auckland,2026-10-27,Official site,125,,v3
2026-09-16 13:58:57,VR Queen Street Auckland,2026-10-27,Super.com,97,,v3
2026-09-16 13:59:02,VR Auckland City,2026-10-27,Super.com,90,,v3
2026-09-16 13:59:09,VR Queen Street Auckland,2026-10-28,Official site,96,Open VR Queen Street - Hotel & Suites in a new tab.,v3
2026-09-16 13:59:09,VR Queen Street Auckland,2026-10-28,Super.com,96,,v3
2026-09-16 13:59:15,VR Auckland City,2026-10-28,Booking.com,119,,v3
2026-09-16 13:59:21,VR Queen Street Auckland,2026-10-29,Official site,125,,v3
2026-09-16 13:59:21,VR Queen Street Auckland,2026-10-29,Super.com,96,,v3
2026-09-16 13:59:26,VR Auckland City,2026-10-29,Super.com,90,,v3
2026-09-16 13:59:32,VR Queen Street Auckland,2026-10-30,Booking.com,129,Open VR Queen Street - Hotel & Suites in a new tab.,v3
2026-09-16 13:59:32,VR Queen Street Auckland,2026-10-30,Official site,167,,v3
2026-09-16 13:59:32,VR Queen Street Auckland,2026-10-30,Super.com,129,,v3
2026-09-16 13:59:39,VR Auckland City,2026-10-30,Super.com,108,,v3
2026-09-16 13:59:45,VR Queen Street Auckland,2026-10-31,Official site,118,Open VR Queen Street - Hotel & Suites in a new tab.,v3
2026-09-16 13:59:45,VR Queen Street Auckland,2026-10-31,Super.com,118,,v3
2026-09-16 13:59:52,VR Auckland City,2026-10-31,Booking.com,170,,v3
2026-09-16 13:59:59,VR Queen Street Auckland,2026-11-01,Official site,101,Open VR Queen Street - Hotel & Suites in a new tab.,v3
2026-09-16 13:59:59,VR Queen Street Auckland,2026-11-01,Super.com,101,,v3
2026-09-16 14:00:06,VR Auckland City,2026-11-01,Super.com,120,,v3
2026-09-16 14:00:10,VR Queen Street Auckland,2026-11-02,Booking.com,99,Open VR Queen Street - Hotel & Suites in a new tab.,v3
2026-09-16 14:00:10,VR Queen Street Auckland,2026-11-02,Official site,139,,v3
2026-09-16 14:00:10,VR Queen Street Auckland,2026-11-02,Super.com,99,,v3
2026-09-16 14:00:17,VR Auckland City,2026-11-02,Super.com,119,,v3
2026-09-16 14:00:24,VR Queen Street Auckland,2026-11-03,Official site,139,,v3
2026-09-16 14:00:24,VR Queen Street Auckland,2026-11-03,Super.com,101,,v3
2026-09-16 14:00:29,VR Auckland City,2026-11-03,Booking.com,107,,v3
2026-09-16 14:00:29,VR Auckland City,2026-11-03,Super.com,118,,v3
2026-09-16 14:00:36,VR Queen Street Auckland,2026-11-04,Booking.com,131,Open VR Queen Street - Hotel & Suites in a new tab.,v3
2026-09-16 14:00:36,VR Queen Street Auckland,2026-11-04,Official site,186,,v3
2026-09-16 14:00:36,VR Queen Street Auckland,2026-11-04,Super.com,131,,v3
2026-09-16 14:00:42,VR Auckland City,2026-11-04,Booking.com,273,Penthouse - One-Bedroom Apartment,v3
2026-09-16 14:00:42,VR Auckland City,2026-11-04,Super.com,137,,v3
2026-09-16 14:00:49,VR Queen Street Auckland,2026-11-05,Official site,145,Open VR Queen Street - Hotel & Suites in a new tab.,v3
2026-09-16 14:00:49,VR Queen Street Auckland,2026-11-05,Super.com,145,,v3
2026-09-16 14:00:56,VR Auckland City,2026-11-05,Booking.com,272,,v3
2026-09-16 14:01:02,VR Queen Street Auckland,2026-11-06,Official site,145,Open VR Queen Street - Hotel & Suites in a new tab.,v3
2026-09-16 14:01:02,VR Queen Street Auckland,2026-11-06,Super.com,145,,v3
2026-09-16 14:01:08,VR Auckland City,2026-11-06,Booking.com,383,,v3
2026-09-16 14:01:15,VR Queen Street Auckland,2026-11-07,Official site,282,Open VR Queen Street - Hotel & Suites in a new tab.,v3
2026-09-16 14:01:15,VR Queen Street Auckland,2026-11-07,Super.com,282,,v3
2026-09-16 14:01:22,VR Auckland City,2026-11-07,Super.com,485,,v3
2026-09-16 14:01:26,VR Queen Street Auckland,2026-11-08,Official site,325,,v3
2026-09-16 14:01:26,VR Queen Street Auckland,2026-11-08,Super.com,235,,v3
2026-09-16 14:01:31,VR Auckland City,2026-11-08,Booking.com,316,,v3
2026-09-16 14:01:31,VR Auckland City,2026-11-08,Expedia,316,,v3
2026-09-16 14:01:35,VR Queen Street Auckland,2026-11-09,Official site,169,Open VR Queen Street - Hotel & Suites in a new tab.,v3
2026-09-16 14:01:35,VR Queen Street Auckland,2026-11-09,Super.com,169,,v3
2026-09-16 14:01:42,VR Auckland City,2026-11-09,Super.com,117,,v3
2026-09-16 14:01:48,VR Queen Street Auckland,2026-11-10,Official site,144,,v3
2026-09-16 14:01:48,VR Queen Street Auckland,2026-11-10,Super.com,105,,v3
2026-09-16 14:01:53,VR Auckland City,2026-11-10,Super.com,119,,v3
2026-09-16 14:01:59,VR Queen Street Auckland,2026-11-11,Official site,151,Open VR Queen Street - Hotel & Suites in a new tab.,v3
2026-09-16 14:01:59,VR Queen Street Auckland,2026-11-11,Super.com,151,,v3
2026-09-16 14:02:06,VR Auckland City,2026-11-11,Expedia,157,,v3
2026-09-16 14:02:10,VR Queen Street Auckland,2026-11-12,Booking.com,148,Open VR Queen Street - Hotel & Suites in a new tab.,v3
2026-09-16 14:02:10,VR Queen Street Auckland,2026-11-12,Official site,209,,v3
2026-09-16 14:02:10,VR Queen Street Auckland,2026-11-12,Super.com,148,,v3
2026-09-16 14:02:16,VR Auckland City,2026-11-12,Booking.com,111,Auckland Harbour Suites,v3
2026-09-16 14:02:16,VR Auckland City,2026-11-12,Super.com,118,,v3
2026-09-16 14:02:23,VR Queen Street Auckland,2026-11-13,Official site,131,Open VR Queen Street - Hotel & Suites in a new tab.,v3
2026-09-16 14:02:23,VR Queen Street Auckland,2026-11-13,Super.com,131,,v3
2026-09-16 14:02:30,VR Auckland City,2026-11-13,Super.com,117,,v3
2026-09-16 14:02:36,VR Queen Street Auckland,2026-11-14,Official site,185,,v3
2026-09-16 14:02:36,VR Queen Street Auckland,2026-11-14,Super.com,131,,v3
2026-09-16 14:02:41,VR Auckland City,2026-11-14,Booking.com,295,,v3
2026-09-16 14:02:48,VR Queen Street Auckland,2026-11-15,Official site,149,,v3
2026-09-16 14:02:48,VR Queen Street Auckland,2026-11-15,Super.com,107,,v3
2026-09-16 14:02:52,VR Auckland City,2026-11-15,Booking.com,200,,v3
2026-09-16 14:02:57,VR Queen Street Auckland,2026-11-16,Booking.com,108,Open VR Queen Street - Hotel & Suites in a new tab.,v3
2026-09-16 14:02:57,VR Queen Street Auckland,2026-11-16,Official site,149,,v3
2026-09-16 14:02:57,VR Queen Street Auckland,2026-11-16,Super.com,108,,v3
2026-09-16 14:03:04,VR Auckland City,2026-11-16,Super.com,120,,v3
2026-09-16 14:03:08,VR Queen Street Auckland,2026-11-17,Booking.com,108,Open VR Queen Street - Hotel & Suites in a new tab.,v3
2026-09-16 14:03:08,VR Queen Street Auckland,2026-11-17,Official site,149,,v3
2026-09-16 14:03:08,VR Queen Street Auckland,2026-11-17,Super.com,108,,v3
2026-09-16 14:03:15,VR Auckland City,2026-11-17,Super.com,119,,v3
2026-09-16 14:08:00,VR Queen Street Auckland,2026-09-16,Hotels.com,131,,v3
2026-09-16 14:08:00,VR Queen Street Auckland,2026-09-16,Official site,156,,v3
2026-09-16 14:08:05,VR Auckland City,2026-09-16,Trip.com,119,,v3
2026-09-16 14:08:13,VR Queen Street Auckland,2026-09-17,Booking.com,112,Open VR Queen Street - Hotel & Suites in a new tab.,v3
2026-09-16 14:08:13,VR Queen Street Auckland,2026-09-17,Official site,129,,v3
2026-09-16 14:08:13,VR Queen Street Auckland,2026-09-17,Super.com,112,,v3
2026-09-16 14:08:20,VR Auckland City,2026-09-17,Super.com,104,,v3
2026-09-16 14:08:25,VR Queen Street Auckland,2026-09-18,Official site,167,,v3
2026-09-16 14:08:25,VR Queen Street Auckland,2026-09-18,Super.com,127,,v3
2026-09-16 14:08:25,VR Queen Street Auckland,2026-09-18,Wotif,127,Open VR Queen Street - Hotel & Suites in a new tab.,v3
2026-09-16 14:08:32,VR Auckland City,2026-09-18,Super.com,102,,v3
2026-09-16 14:08:37,VR Queen Street Auckland,2026-09-19,Official site,134,Open VR Queen Street - Hotel & Suites in a new tab.,v3
2026-09-16 14:08:37,VR Queen Street Auckland,2026-09-19,Super.com,134,,v3
2026-09-16 14:08:44,VR Auckland City,2026-09-19,Super.com,113,,v3
2026-09-16 14:08:44,VR Auckland City,2026-09-19,Wotif,88,Ramada Suites By Wyndham Victoria Street West,v3
2026-09-16 14:08:51,VR Queen Street Auckland,2026-09-20,Official site,102,,v3
2026-09-16 14:08:51,VR Queen Street Auckland,2026-09-20,Super.com,78,,v3
2026-09-16 14:08:56,VR Auckland City,2026-09-20,Booking.com,74,,v3
2026-09-16 14:08:56,VR Auckland City,2026-09-20,Super.com,85,,v3
2026-09-16 14:09:04,VR Queen Street Auckland,2026-09-21,Booking.com,78,Open VR Queen Street - Hotel & Suites in a new tab.,v3
2026-09-16 14:09:04,VR Queen Street Auckland,2026-09-21,Official site,102,,v3
2026-09-16 14:09:04,VR Queen Street Auckland,2026-09-21,Super.com,78,,v3
2026-09-16 14:09:11,VR Auckland City,2026-09-21,Super.com,85,,v3
2026-09-16 14:09:17,VR Queen Street Auckland,2026-09-22,Official site,80,Open VR Queen Street - Hotel & Suites in a new tab.,v3
2026-09-16 14:09:17,VR Queen Street Auckland,2026-09-22,Super.com,80,,v3
2026-09-16 14:09:24,VR Auckland City,2026-09-22,Super.com,85,,v3
2026-09-16 14:09:29,VR Queen Street Auckland,2026-09-23,Official site,77,Open VR Queen Street - Hotel & Suites in a new tab.,v3
2026-09-16 14:09:29,VR Queen Street Auckland,2026-09-23,Super.com,77,,v3
2026-09-16 14:09:35,VR Auckland City,2026-09-23,Super.com,87,,v3
2026-09-16 14:09:40,VR Queen Street Auckland,2026-09-24,Official site,77,Open VR Queen Street - Hotel & Suites in a new tab.,v3
2026-09-16 14:09:40,VR Queen Street Auckland,2026-09-24,Super.com,77,,v3
2026-09-16 14:09:46,VR Auckland City,2026-09-24,Expedia,112,,v3
2026-09-16 14:09:46,VR Auckland City,2026-09-24,Super.com,86,,v3
2026-09-16 14:09:46,VR Auckland City,2026-09-24,Wotif,86,ibis budget Auckland Central - Double Studio,v3
2026-09-16 14:09:53,VR Queen Street Auckland,2026-09-25,Official site,113,Open VR Queen Street - Hotel & Suites in a new tab.,v3
2026-09-16 14:09:53,VR Queen Street Auckland,2026-09-25,Super.com,113,,v3
2026-09-16 14:09:59,VR Auckland City,2026-09-25,Booking.com,139,,v3
2026-09-16 14:09:59,VR Auckland City,2026-09-25,Super.com,114,,v3
2026-09-16 14:10:06,VR Queen Street Auckland,2026-09-26,Official site,117,Open VR Queen Street - Hotel & Suites in a new tab.,v3
2026-09-16 14:10:06,VR Queen Street Auckland,2026-09-26,Super.com,117,,v3
2026-09-16 14:10:13,VR Auckland City,2026-09-26,Booking.com,97,Penthouse - One-Bedroom Apartment,v3
2026-09-16 14:10:13,VR Auckland City,2026-09-26,Super.com,161,,v3
2026-09-16 14:10:19,VR Queen Street Auckland,2026-09-27,Official site,80,Open VR Queen Street - Hotel & Suites in a new tab.,v3
2026-09-16 14:10:19,VR Queen Street Auckland,2026-09-27,Super.com,80,,v3
2026-09-16 14:10:26,VR Auckland City,2026-09-27,Super.com,109,,v3
2026-09-16 14:10:32,VR Queen Street Auckland,2026-09-28,Official site,80,Open VR Queen Street - Hotel & Suites in a new tab.,v3
2026-09-16 14:10:32,VR Queen Street Auckland,2026-09-28,Super.com,80,,v3
2026-09-16 14:10:38,VR Auckland City,2026-09-28,Booking.com,74,ibis budget Auckland Central - Double Studio,v3
2026-09-16 14:10:38,VR Auckland City,2026-09-28,Super.com,84,,v3
2026-09-16 14:10:44,VR Queen Street Auckland,2026-09-29,Official site,79,Open VR Queen Street - Hotel & Suites in a new tab.,v3
2026-09-16 14:10:44,VR Queen Street Auckland,2026-09-29,Super.com,79,,v3
2026-09-16 14:10:51,VR Auckland City,2026-09-29,Super.com,87,,v3
2026-09-16 14:10:51,VR Auckland City,2026-09-29,Wotif,74,Princes Wharf Boutique Apartment,v3
2026-09-16 14:10:58,VR Queen Street Auckland,2026-09-30,Official site,111,,v3
2026-09-16 14:10:58,VR Queen Street Auckland,2026-09-30,Super.com,86,,v3
2026-09-16 14:10:58,VR Queen Street Auckland,2026-09-30,Wotif,86,Open VR Queen Street - Hotel & Suites in a new tab.,v3
2026-09-16 14:11:04,VR Auckland City,2026-09-30,Super.com,87,,v3
2026-09-16 14:11:11,VR Queen Street Auckland,2026-10-01,Official site,95,Open VR Queen Street - Hotel & Suites in a new tab.,v3
2026-09-16 14:11:11,VR Queen Street Auckland,2026-10-01,Super.com,95,,v3
2026-09-16 14:11:17,VR Auckland City,2026-10-01,Super.com,90,,v3
2026-09-16 14:11:24,VR Queen Street Auckland,2026-10-02,Official site,111,Open VR Queen Street - Hotel & Suites in a new tab.,v3
2026-09-16 14:11:24,VR Queen Street Auckland,2026-10-02,Super.com,111,,v3
2026-09-16 14:11:30,VR Auckland City,2026-10-02,Super.com,113,,v3
2026-09-16 14:11:37,VR Queen Street Auckland,2026-10-03,Booking.com,119,Open VR Queen Street - Hotel & Suites in a new tab.,v3
2026-09-16 14:11:37,VR Queen Street Auckland,2026-10-03,Official site,158,,v3
2026-09-16 14:11:37,VR Queen Street Auckland,2026-10-03,Super.com,119,,v3
2026-09-16 14:11:43,VR Auckland City,2026-10-03,Super.com,128,,v3
2026-09-16 14:11:49,VR Queen Street Auckland,2026-10-04,Official site,93,Open VR Queen Street - Hotel & Suites in a new tab.,v3
2026-09-16 14:11:49,VR Queen Street Auckland,2026-10-04,Super.com,93,,v3
2026-09-16 14:11:56,VR Auckland City,2026-10-04,Super.com,108,,v3
2026-09-16 14:12:03,VR Queen Street Auckland,2026-10-05,Official site,89,Open VR Queen Street - Hotel & Suites in a new tab.,v3
2026-09-16 14:12:03,VR Queen Street Auckland,2026-10-05,Super.com,89,,v3
2026-09-16 14:12:09,VR Auckland City,2026-10-05,Booking.com,139,,v3
2026-09-16 14:12:16,VR Queen Street Auckland,2026-10-06,Booking.com,93,Open VR Queen Street - Hotel & Suites in a new tab.,v3
2026-09-16 14:12:16,VR Queen Street Auckland,2026-10-06,Official site,117,,v3
2026-09-16 14:12:16,VR Queen Street Auckland,2026-10-06,Super.com,93,,v3
2026-09-16 14:12:22,VR Auckland City,2026-10-06,Booking.com,84,The Quadrant Hotel & Suites,v3
2026-09-16 14:12:29,VR Queen Street Auckland,2026-10-07,Official site,86,Open VR Queen Street - Hotel & Suites in a new tab.,v3
2026-09-16 14:12:29,VR Queen Street Auckland,2026-10-07,Super.com,86,,v3
2026-09-16 14:12:35,VR Auckland City,2026-10-07,Super.com,108,,v3
2026-09-16 14:12:42,VR Queen Street Auckland,2026-10-08,Booking.com,113,Open VR Queen Street - Hotel & Suites in a new tab.,v3
2026-09-16 14:12:42,VR Queen Street Auckland,2026-10-08,Official site,149,,v3
2026-09-16 14:12:42,VR Queen Street Auckland,2026-10-08,Super.com,113,,v3
2026-09-16 14:12:48,VR Auckland City,2026-10-08,Super.com,143,,v3
2026-09-16 14:12:54,VR Queen Street Auckland,2026-10-09,Booking.com,234,Open VR Queen Street - Hotel & Suites in a new tab.,v3
2026-09-16 14:12:54,VR Queen Street Auckland,2026-10-09,Official site,292,,v3
2026-09-16 14:12:54,VR Queen Street Auckland,2026-10-09,Super.com,234,,v3
2026-09-16 14:13:01,VR Auckland City,2026-10-09,Super.com,256,,v3
2026-09-16 14:13:01,VR Auckland City,2026-10-09,Wotif,102,Entire Apartment 21st Floor Queen Street with Free Parking,v3
2026-09-16 14:13:07,VR Queen Street Auckland,2026-10-10,Official site,235,Open VR Queen Street - Hotel & Suites in a new tab.,v3
2026-09-16 14:13:07,VR Queen Street Auckland,2026-10-10,Super.com,235,,v3
2026-09-16 14:13:14,VR Auckland City,2026-10-10,Super.com,459,,v3
2026-09-16 14:13:20,VR Queen Street Auckland,2026-10-11,Booking.com,97,Open VR Queen Street - Hotel & Suites in a new tab.,v3
2026-09-16 14:13:20,VR Queen Street Auckland,2026-10-11,Official site,125,,v3
2026-09-16 14:13:20,VR Queen Street Auckland,2026-10-11,Super.com,97,,v3
2026-09-16 14:13:27,VR Auckland City,2026-10-11,Super.com,88,,v3
2026-09-16 14:13:33,VR Queen Street Auckland,2026-10-12,Official site,96,Open VR Queen Street - Hotel & Suites in a new tab.,v3
2026-09-16 14:13:33,VR Queen Street Auckland,2026-10-12,Super.com,96,,v3
2026-09-16 14:13:40,VR Auckland City,2026-10-12,Booking.com,84,ibis budget Auckland Central - Double Studio,v3
2026-09-16 14:13:40,VR Auckland City,2026-10-12,Super.com,102,,v3
2026-09-16 14:13:46,VR Queen Street Auckland,2026-10-13,Booking.com,97,Open VR Queen Street - Hotel & Suites in a new tab.,v3
2026-09-16 14:13:46,VR Queen Street Auckland,2026-10-13,Official site,125,,v3
2026-09-16 14:13:46,VR Queen Street Auckland,2026-10-13,Super.com,97,,v3
2026-09-16 14:13:53,VR Auckland City,2026-10-13,Booking.com,84,Ramada Suites By Wyndham Victoria Street West,v3
2026-09-16 14:13:53,VR Auckland City,2026-10-13,Super.com,91,,v3
2026-09-16 14:14:00,VR Queen Street Auckland,2026-10-14,Official site,96,Open VR Queen Street - Hotel & Suites in a new tab.,v3
2026-09-16 14:14:00,VR Queen Street Auckland,2026-10-14,Super.com,96,,v3
2026-09-16 14:14:06,VR Auckland City,2026-10-14,Super.com,91,,v3
2026-09-16 14:14:12,VR Queen Street Auckland,2026-10-15,Booking.com,96,Open VR Queen Street - Hotel & Suites in a new tab.,v3
2026-09-16 14:14:12,VR Queen Street Auckland,2026-10-15,Official site,125,,v3
2026-09-16 14:14:12,VR Queen Street Auckland,2026-10-15,Super.com,96,,v3
2026-09-16 14:14:19,VR Auckland City,2026-10-15,Booking.com,84,Parkside Hotel & Apartments Auckland,v3
2026-09-16 14:14:25,VR Queen Street Auckland,2026-10-16,Booking.com,273,Penthouse - One-Bedroom Apartment,v3
2026-09-16 14:14:25,VR Queen Street Auckland,2026-10-16,Official site,131,Open VR Queen Street - Hotel & Suites in a new tab.,v3
2026-09-16 14:14:25,VR Queen Street Auckland,2026-10-16,Super.com,131,,v3
2026-09-16 14:14:32,VR Auckland City,2026-10-16,Booking.com,185,,v3
2026-09-16 14:14:38,VR Queen Street Auckland,2026-10-17,Official site,220,Open VR Queen Street - Hotel & Suites in a new tab.,v3
2026-09-16 14:14:38,VR Queen Street Auckland,2026-10-17,Super.com,220,,v3
2026-09-16 14:14:44,VR Auckland City,2026-10-17,Super.com,532,,v3
2026-09-16 14:14:51,VR Queen Street Auckland,2026-10-18,Official site,106,Open VR Queen Street - Hotel & Suites in a new tab.,v3
2026-09-16 14:14:51,VR Queen Street Auckland,2026-10-18,Super.com,106,,v3
2026-09-16 14:14:57,VR Auckland City,2026-10-18,Booking.com,149,,v3
2026-09-16 14:15:04,VR Queen Street Auckland,2026-10-19,Official site,104,Open VR Queen Street - Hotel & Suites in a new tab.,v3
2026-09-16 14:15:04,VR Queen Street Auckland,2026-10-19,Super.com,104,,v3
2026-09-16 14:15:11,VR Auckland City,2026-10-19,Super.com,144,,v3
2026-09-16 14:15:17,VR Queen Street Auckland,2026-10-20,Official site,204,,v3
2026-09-16 14:15:17,VR Queen Street Auckland,2026-10-20,Super.com,156,,v3
2026-09-16 14:15:17,VR Queen Street Auckland,2026-10-20,Wotif,156,Open VR Queen Street - Hotel & Suites in a new tab.,v3
2026-09-16 14:15:23,VR Auckland City,2026-10-20,Super.com,153,,v3
2026-09-16 14:15:30,VR Queen Street Auckland,2026-10-21,Booking.com,157,Open VR Queen Street - Hotel & Suites in a new tab.,v3
2026-09-16 14:15:30,VR Queen Street Auckland,2026-10-21,Official site,204,,v3
2026-09-16 14:15:30,VR Queen Street Auckland,2026-10-21,Super.com,157,,v3
2026-09-16 14:15:36,VR Auckland City,2026-10-21,Super.com,129,,v3
2026-09-16 14:15:41,VR Queen Street Auckland,2026-10-22,Booking.com,128,Open VR Queen Street - Hotel & Suites in a new tab.,v3
2026-09-16 14:15:41,VR Queen Street Auckland,2026-10-22,Official site,167,,v3
2026-09-16 14:15:41,VR Queen Street Auckland,2026-10-22,Super.com,128,,v3
2026-09-16 14:15:48,VR Auckland City,2026-10-22,Booking.com,157,,v3
2026-09-16 14:16:00,VR Queen Street Auckland,2026-10-23,Official site,237,,v3
2026-09-16 14:16:00,VR Queen Street Auckland,2026-10-23,Super.com,181,,v3
2026-09-16 14:16:14,VR Auckland City,2026-10-23,Booking.com,102,Lovely apartment with WiFi in vibrant central Auckland,v3
2026-09-16 14:16:14,VR Auckland City,2026-10-23,trivago,347,,v3
2026-09-16 14:16:20,VR Queen Street Auckland,2026-10-24,Booking.com,273,Penthouse - One-Bedroom Apartment,v3
2026-09-16 14:16:20,VR Queen Street Auckland,2026-10-24,Official site,197,Open VR Queen Street - Hotel & Suites in a new tab.,v3
2026-09-16 14:16:20,VR Queen Street Auckland,2026-10-24,Super.com,197,,v3
2026-09-16 14:16:27,VR Auckland City,2026-10-24,Booking.com,157,,v3
2026-09-16 14:16:31,VR Queen Street Auckland,2026-10-25,Booking.com,233,Open VR Queen Street - Hotel & Suites in a new tab.,v3
2026-09-16 14:16:31,VR Queen Street Auckland,2026-10-25,Official site,278,,v3
2026-09-16 14:16:31,VR Queen Street Auckland,2026-10-25,Super.com,233,,v3
2026-09-16 14:16:37,VR Auckland City,2026-10-25,Super.com,96,,v3
2026-09-16 14:16:42,VR Queen Street Auckland,2026-10-26,Official site,97,Open VR Queen Street - Hotel & Suites in a new tab.,v3
2026-09-16 14:16:42,VR Queen Street Auckland,2026-10-26,Super.com,97,,v3
2026-09-16 14:16:48,VR Auckland City,2026-10-26,Super.com,91,,v3
2026-09-16 14:16:54,VR Queen Street Auckland,2026-10-27,Booking.com,108,Open VR Queen Street - Hotel & Suites in a new tab.,v3
2026-09-16 14:16:54,VR Queen Street Auckland,2026-10-27,Hotels.com,108,,v3
2026-09-16 14:16:54,VR Queen Street Auckland,2026-10-27,Official site,125,,v3
2026-09-16 14:17:01,VR Auckland City,2026-10-27,Super.com,90,,v3
2026-09-16 14:17:07,VR Queen Street Auckland,2026-10-28,Booking.com,96,Open VR Queen Street - Hotel & Suites in a new tab.,v3
2026-09-16 14:17:07,VR Queen Street Auckland,2026-10-28,Official site,125,,v3
2026-09-16 14:17:07,VR Queen Street Auckland,2026-10-28,Super.com,96,,v3
2026-09-16 14:17:14,VR Auckland City,2026-10-28,Booking.com,140,,v3
2026-09-16 14:17:20,VR Queen Street Auckland,2026-10-29,Official site,96,Open VR Queen Street - Hotel & Suites in a new tab.,v3
2026-09-16 14:17:20,VR Queen Street Auckland,2026-10-29,Super.com,96,,v3
2026-09-16 14:17:28,VR Auckland City,2026-10-29,Super.com,90,,v3
2026-09-16 14:17:40,VR Queen Street Auckland,2026-10-30,Booking.com,129,Open VR Queen Street - Hotel & Suites in a new tab.,v3
2026-09-16 14:17:40,VR Queen Street Auckland,2026-10-30,Official site,167,,v3
2026-09-16 14:17:40,VR Queen Street Auckland,2026-10-30,Super.com,129,,v3
2026-09-16 14:17:53,VR Auckland City,2026-10-30,Booking.com,102,ibis budget Auckland Central - Double Studio,v3
2026-09-16 14:17:53,VR Auckland City,2026-10-30,Super.com,108,,v3
2026-09-16 14:17:59,VR Queen Street Auckland,2026-10-31,Booking.com,118,Open VR Queen Street - Hotel & Suites in a new tab.,v3
2026-09-16 14:17:59,VR Queen Street Auckland,2026-10-31,Official site,167,,v3
2026-09-16 14:17:59,VR Queen Street Auckland,2026-10-31,Super.com,118,,v3
2026-09-16 14:18:05,VR Auckland City,2026-10-31,Booking.com,102,Parkside Hotel & Apartments,v3
2026-09-16 14:18:05,VR Auckland City,2026-10-31,Super.com,128,,v3
2026-09-16 14:18:11,VR Queen Street Auckland,2026-11-01,Booking.com,273,Penthouse - One-Bedroom Apartment,v3
2026-09-16 14:18:11,VR Queen Street Auckland,2026-11-01,Official site,101,Open VR Queen Street - Hotel & Suites in a new tab.,v3
2026-09-16 14:18:11,VR Queen Street Auckland,2026-11-01,Super.com,101,,v3
2026-09-16 14:18:18,VR Auckland City,2026-11-01,Booking.com,107,,v3
2026-09-16 14:18:18,VR Auckland City,2026-11-01,Super.com,120,,v3
2026-09-16 14:18:25,VR Queen Street Auckland,2026-11-02,Booking.com,99,Open VR Queen Street - Hotel & Suites in a new tab.,v3
2026-09-16 14:18:25,VR Queen Street Auckland,2026-11-02,Official site,139,,v3
2026-09-16 14:18:25,VR Queen Street Auckland,2026-11-02,Super.com,99,,v3
2026-09-16 14:18:31,VR Auckland City,2026-11-02,Super.com,119,,v3
2026-09-16 14:18:38,VR Queen Street Auckland,2026-11-03,Booking.com,101,Open VR Queen Street - Hotel & Suites in a new tab.,v3
2026-09-16 14:18:38,VR Queen Street Auckland,2026-11-03,Official site,139,,v3
2026-09-16 14:18:38,VR Queen Street Auckland,2026-11-03,Super.com,101,,v3
2026-09-16 14:18:44,VR Auckland City,2026-11-03,Booking.com,107,"Swiss-Belsuites Victoria Park, Auckland",v3
2026-09-16 14:18:44,VR Auckland City,2026-11-03,Super.com,118,,v3
2026-09-16 14:18:50,VR Queen Street Auckland,2026-11-04,Booking.com,131,Open VR Queen Street - Hotel & Suites in a new tab.,v3
2026-09-16 14:18:50,VR Queen Street Auckland,2026-11-04,Official site,186,,v3
2026-09-16 14:18:50,VR Queen Street Auckland,2026-11-04,Super.com,131,,v3
2026-09-16 14:18:57,VR Auckland City,2026-11-04,Booking.com,273,Penthouse - One-Bedroom Apartment,v3
2026-09-16 14:18:57,VR Auckland City,2026-11-04,Super.com,137,,v3
2026-09-16 14:19:03,VR Queen Street Auckland,2026-11-05,Official site,145,Open VR Queen Street - Hotel & Suites in a new tab.,v3
2026-09-16 14:19:03,VR Queen Street Auckland,2026-11-05,Super.com,145,,v3
2026-09-16 14:19:09,VR Auckland City,2026-11-05,Booking.com,272,,v3
2026-09-16 14:19:16,VR Queen Street Auckland,2026-11-06,Official site,145,Open VR Queen Street - Hotel & Suites in a new tab.,v3
2026-09-16 14:19:16,VR Queen Street Auckland,2026-11-06,Super.com,145,,v3
2026-09-16 14:19:22,VR Auckland City,2026-11-06,Trip.com,425,,v3
2026-09-16 14:19:28,VR Queen Street Auckland,2026-11-07,Booking.com,282,Open VR Queen Street - Hotel & Suites in a new tab.,v3
2026-09-16 14:19:28,VR Queen Street Auckland,2026-11-07,Official site,399,,v3
2026-09-16 14:19:28,VR Queen Street Auckland,2026-11-07,Super.com,282,,v3
2026-09-16 14:19:35,VR Auckland City,2026-11-07,Super.com,485,,v3
2026-09-16 14:19:48,VR Queen Street Auckland,2026-11-08,Official site,325,,v3
2026-09-16 14:19:48,VR Queen Street Auckland,2026-11-08,Super.com,235,,v3
2026-09-16 14:20:00,VR Auckland City,2026-11-08,Booking.com,316,,v3
2026-09-16 14:20:06,VR Queen Street Auckland,2026-11-09,Booking.com,169,Open VR Queen Street - Hotel & Suites in a new tab.,v3
2026-09-16 14:20:06,VR Queen Street Auckland,2026-11-09,Official site,232,,v3
2026-09-16 14:20:06,VR Queen Street Auckland,2026-11-09,Super.com,169,,v3
2026-09-16 14:20:13,VR Auckland City,2026-11-09,Booking.com,107,ibis budget Auckland Central - Double Studio,v3
2026-09-16 14:20:13,VR Auckland City,2026-11-09,Super.com,117,,v3
2026-09-16 14:20:19,VR Queen Street Auckland,2026-11-10,Booking.com,105,Open VR Queen Street - Hotel & Suites in a new tab.,v3
2026-09-16 14:20:19,VR Queen Street Auckland,2026-11-10,Official site,144,,v3
2026-09-16 14:20:19,VR Queen Street Auckland,2026-11-10,Super.com,105,,v3
2026-09-16 14:20:25,VR Auckland City,2026-11-10,Super.com,119,,v3
2026-09-16 14:20:31,VR Queen Street Auckland,2026-11-11,Booking.com,151,Open VR Queen Street - Hotel & Suites in a new tab.,v3
2026-09-16 14:20:31,VR Queen Street Auckland,2026-11-11,Official site,209,,v3
2026-09-16 14:20:31,VR Queen Street Auckland,2026-11-11,Super.com,151,,v3
2026-09-16 14:20:38,VR Auckland City,2026-11-11,Expedia,157,,v3
2026-09-16 14:20:44,VR Queen Street Auckland,2026-11-12,Booking.com,273,Penthouse - One-Bedroom Apartment,v3
2026-09-16 14:20:44,VR Queen Street Auckland,2026-11-12,Official site,148,Open VR Queen Street - Hotel & Suites in a new tab.,v3
2026-09-16 14:20:44,VR Queen Street Auckland,2026-11-12,Super.com,148,,v3
2026-09-16 14:20:50,VR Auckland City,2026-11-12,Super.com,118,,v3
2026-09-16 14:20:55,VR Queen Street Auckland,2026-11-13,Booking.com,131,Open VR Queen Street - Hotel & Suites in a new tab.,v3
2026-09-16 14:20:55,VR Queen Street Auckland,2026-11-13,Official site,185,,v3
2026-09-16 14:20:55,VR Queen Street Auckland,2026-11-13,Super.com,131,,v3
2026-09-16 14:21:01,VR Auckland City,2026-11-13,Booking.com,117,Parkside Hotel & Apartments Auckland,v3
2026-09-16 14:21:01,VR Auckland City,2026-11-13,Super.com,117,,v3
2026-09-16 14:21:08,VR Queen Street Auckland,2026-11-14,Official site,131,Open VR Queen Street - Hotel & Suites in a new tab.,v3
2026-09-16 14:21:08,VR Queen Street Auckland,2026-11-14,Super.com,131,,v3
2026-09-16 14:21:14,VR Auckland City,2026-11-14,Booking.com,295,,v3
2026-09-16 14:21:21,VR Queen Street Auckland,2026-11-15,Booking.com,107,Open VR Queen Street - Hotel & Suites in a new tab.,v3
2026-09-16 14:21:21,VR Queen Street Auckland,2026-11-15,Official site,149,,v3
2026-09-16 14:21:21,VR Queen Street Auckland,2026-11-15,Super.com,107,,v3
2026-09-16 14:21:27,VR Auckland City,2026-11-15,Booking.com,107,Pullman Auckland Hotel & Apartments,v3
2026-09-16 14:21:33,VR Queen Street Auckland,2026-11-16,Official site,108,Open VR Queen Street - Hotel & Suites in a new tab.,v3
2026-09-16 14:21:33,VR Queen Street Auckland,2026-11-16,Super.com,108,,v3
2026-09-16 14:21:40,VR Auckland City,2026-11-16,Booking.com,107,,v3
2026-09-16 14:21:40,VR Auckland City,2026-11-16,Super.com,120,,v3
2026-09-16 14:21:46,VR Queen Street Auckland,2026-11-17,Official site,110,Open VR Queen Street - Hotel & Suites in a new tab.,v3
2026-09-16 14:21:46,VR Queen Street Auckland,2026-11-17,Super.com,110,,v3
2026-09-16 14:21:53,VR Auckland City,2026-11-17,Super.com,119,,v3
2026-09-16 14:38:01,VR Queen Street Auckland,2026-09-16,Booking.com,123,One-Bedroom Suite,v3
2026-09-16 14:38:01,VR Queen Street Auckland,2026-09-16,Official site,136,,v3
2026-09-16 14:38:01,VR Queen Street Auckland,2026-09-16,Super.com,115,,v3
2026-09-16 14:38:07,VR Auckland City,2026-09-16,Booking.com,119,Lovely apartment with WiFi in vibrant central Auckland,v3
2026-09-16 14:38:07,VR Auckland City,2026-09-16,Trip.com,119,,v3
2026-09-16 14:38:14,VR Queen Street Auckland,2026-09-17,Booking.com,116,Standard King Room,v3
2026-09-16 14:38:14,VR Queen Street Auckland,2026-09-17,Official site,107,Open VR Queen Street - Hotel & Suites in a new tab.,v3
2026-09-16 14:38:14,VR Queen Street Auckland,2026-09-17,Super.com,107,,v3
2026-09-16 14:38:22,VR Auckland City,2026-09-17,Booking.com,122,Studio Apartment,v3
2026-09-16 14:38:22,VR Auckland City,2026-09-17,Super.com,103,,v3
2026-09-16 14:38:29,VR Queen Street Auckland,2026-09-18,Booking.com,129,Open VR Queen Street - Hotel & Suites in a new tab.,v3
2026-09-16 14:38:29,VR Queen Street Auckland,2026-09-18,Official site,167,,v3
2026-09-16 14:38:29,VR Queen Street Auckland,2026-09-18,Super.com,129,,v3
2026-09-16 14:38:36,VR Auckland City,2026-09-18,Booking.com,122,Studio Apartment,v3
2026-09-16 14:38:36,VR Auckland City,2026-09-18,Hotels.com,88,,v3
2026-09-16 14:38:36,VR Auckland City,2026-09-18,Super.com,103,,v3
2026-09-16 14:38:44,VR Queen Street Auckland,2026-09-19,Booking.com,157,Standard King Room,v3
2026-09-16 14:38:44,VR Queen Street Auckland,2026-09-19,Official site,134,Open VR Queen Street - Hotel & Suites in a new tab.,v3
2026-09-16 14:38:44,VR Queen Street Auckland,2026-09-19,Super.com,134,,v3
2026-09-16 14:38:51,VR Auckland City,2026-09-19,Booking.com,135,Studio Apartment,v3
2026-09-16 14:38:51,VR Auckland City,2026-09-19,Super.com,113,,v3
2026-09-16 14:38:55,VR Queen Street Auckland,2026-09-20,Booking.com,92,Standard King Room,v3
2026-09-16 14:38:55,VR Queen Street Auckland,2026-09-20,Official site,102,,v3
2026-09-16 14:38:55,VR Queen Street Auckland,2026-09-20,Super.com,78,,v3
2026-09-16 14:39:00,VR Auckland City,2026-09-20,Booking.com,108,Studio Apartment,v3
2026-09-16 14:39:00,VR Auckland City,2026-09-20,Super.com,85,,v3
2026-09-16 14:39:06,VR Queen Street Auckland,2026-09-21,Booking.com,79,Open VR Queen Street - Hotel & Suites in a new tab.,v3
2026-09-16 14:39:06,VR Queen Street Auckland,2026-09-21,Hotels.com,88,,v3
2026-09-16 14:39:06,VR Queen Street Auckland,2026-09-21,Official site,102,,v3
2026-09-16 14:39:06,VR Queen Street Auckland,2026-09-21,Super.com,79,,v3
2026-09-16 14:39:13,VR Auckland City,2026-09-21,Booking.com,100,Studio Apartment,v3
2026-09-16 14:39:13,VR Auckland City,2026-09-21,Super.com,85,,v3
2026-09-16 14:39:18,VR Queen Street Auckland,2026-09-22,Booking.com,95,Standard King Room,v3
2026-09-16 14:39:18,VR Queen Street Auckland,2026-09-22,Official site,105,,v3
2026-09-16 14:39:18,VR Queen Street Auckland,2026-09-22,Super.com,80,,v3
2026-09-16 14:39:23,VR Auckland City,2026-09-22,Booking.com,74,,v3
2026-09-16 14:39:23,VR Auckland City,2026-09-22,Super.com,85,,v3
2026-09-16 14:39:29,VR Queen Street Auckland,2026-09-23,Booking.com,91,,v3
2026-09-16 14:39:29,VR Queen Street Auckland,2026-09-23,Hotels.com,98,Standard King Room,v3
2026-09-16 14:39:29,VR Queen Street Auckland,2026-09-23,Official site,77,Open VR Queen Street - Hotel & Suites in a new tab.,v3
2026-09-16 14:39:29,VR Queen Street Auckland,2026-09-23,Super.com,77,,v3
2026-09-16 14:39:36,VR Auckland City,2026-09-23,Booking.com,74,Chic Princes Wharf Studio | City View | Parking,v3
2026-09-16 14:39:36,VR Auckland City,2026-09-23,Super.com,87,,v3
2026-09-16 14:39:43,VR Queen Street Auckland,2026-09-24,Booking.com,91,Standard King Room,v3
2026-09-16 14:39:43,VR Queen Street Auckland,2026-09-24,Official site,77,Open VR Queen Street - Hotel & Suites in a new tab.,v3
2026-09-16 14:39:43,VR Queen Street Auckland,2026-09-24,Super.com,77,,v3
2026-09-16 14:39:49,VR Auckland City,2026-09-24,Agoda,112,,v3
2026-09-16 14:39:49,VR Auckland City,2026-09-24,Booking.com,86,Parkside Hotel & Apartments,v3
2026-09-16 14:39:49,VR Auckland City,2026-09-24,Super.com,86,,v3
2026-09-16 14:39:56,VR Queen Street Auckland,2026-09-25,Booking.com,134,Standard King Room,v3
2026-09-16 14:39:56,VR Queen Street Auckland,2026-09-25,Official site,113,Open VR Queen Street - Hotel & Suites in a new tab.,v3
2026-09-16 14:39:56,VR Queen Street Auckland,2026-09-25,Super.com,113,,v3
2026-09-16 14:40:03,VR Auckland City,2026-09-25,Booking.com,139,Studio Apartment,v3
2026-09-16 14:40:03,VR Auckland City,2026-09-25,Expedia,149,,v3
2026-09-16 14:40:03,VR Auckland City,2026-09-25,Super.com,114,,v3
2026-09-16 14:40:10,VR Queen Street Auckland,2026-09-26,Booking.com,138,Standard King Room,v3
2026-09-16 14:40:10,VR Queen Street Auckland,2026-09-26,Official site,117,Open VR Queen Street - Hotel & Suites in a new tab.,v3
2026-09-16 14:40:10,VR Queen Street Auckland,2026-09-26,Super.com,117,,v3
2026-09-16 14:40:16,VR Auckland City,2026-09-26,Booking.com,194,Studio Apartment,v3
2026-09-16 14:40:16,VR Auckland City,2026-09-26,Super.com,161,,v3
2026-09-16 14:40:23,VR Queen Street Auckland,2026-09-27,Booking.com,94,Standard King Room,v3
2026-09-16 14:40:23,VR Queen Street Auckland,2026-09-27,Official site,80,Open VR Queen Street - Hotel & Suites in a new tab.,v3
2026-09-16 14:40:23,VR Queen Street Auckland,2026-09-27,Super.com,80,,v3
2026-09-16 14:40:30,VR Auckland City,2026-09-27,Booking.com,140,Studio Apartment,v3
2026-09-16 14:40:30,VR Auckland City,2026-09-27,Super.com,109,,v3
2026-09-16 14:40:36,VR Queen Street Auckland,2026-09-28,Booking.com,94,,v3
2026-09-16 14:40:36,VR Queen Street Auckland,2026-09-28,Hotels.com,89,Standard King Room,v3
2026-09-16 14:40:36,VR Queen Street Auckland,2026-09-28,Official site,80,Open VR Queen Street - Hotel & Suites in a new tab.,v3
2026-09-16 14:40:36,VR Queen Street Auckland,2026-09-28,Super.com,80,,v3
2026-09-16 14:40:43,VR Auckland City,2026-09-28,Booking.com,108,Studio Apartment,v3
2026-09-16 14:40:43,VR Auckland City,2026-09-28,Super.com,84,,v3
2026-09-16 14:40:50,VR Queen Street Auckland,2026-09-29,Booking.com,94,,v3
2026-09-16 14:40:50,VR Queen Street Auckland,2026-09-29,Hotels.com,89,,v3
2026-09-16 14:40:50,VR Queen Street Auckland,2026-09-29,Official site,104,,v3
2026-09-16 14:40:50,VR Queen Street Auckland,2026-09-29,Super.com,79,,v3
2026-09-16 14:40:54,VR Auckland City,2026-09-29,Booking.com,104,Studio Apartment,v3
2026-09-16 14:40:54,VR Auckland City,2026-09-29,Super.com,87,,v3
2026-09-16 14:41:01,VR Queen Street Auckland,2026-09-30,Booking.com,100,Standard King Room,v3
2026-09-16 14:41:01,VR Queen Street Auckland,2026-09-30,Official site,86,Open VR Queen Street - Hotel & Suites in a new tab.,v3
2026-09-16 14:41:01,VR Queen Street Auckland,2026-09-30,Super.com,86,,v3
2026-09-16 14:41:08,VR Auckland City,2026-09-30,Booking.com,104,,v3
2026-09-16 14:41:08,VR Auckland City,2026-09-30,Super.com,87,,v3
2026-09-16 14:41:15,VR Queen Street Auckland,2026-10-01,Booking.com,95,Open VR Queen Street - Hotel & Suites in a new tab.,v3
2026-09-16 14:41:15,VR Queen Street Auckland,2026-10-01,Hotels.com,108,Standard King Room,v3
2026-09-16 14:41:15,VR Queen Street Auckland,2026-10-01,Official site,125,,v3
2026-09-16 14:41:15,VR Queen Street Auckland,2026-10-01,Super.com,95,,v3
2026-09-16 14:41:22,VR Auckland City,2026-10-01,Booking.com,84,Ramada Suites By Wyndham Victoria Street West,v3
2026-09-16 14:41:22,VR Auckland City,2026-10-01,Super.com,90,,v3
2026-09-16 14:41:29,VR Queen Street Auckland,2026-10-02,Booking.com,130,,v3
2026-09-16 14:41:29,VR Queen Street Auckland,2026-10-02,Hotels.com,140,Standard King Room,v3
2026-09-16 14:41:29,VR Queen Street Auckland,2026-10-02,Official site,111,Open VR Queen Street - Hotel & Suites in a new tab.,v3
2026-09-16 14:41:29,VR Queen Street Auckland,2026-10-02,Super.com,111,,v3
2026-09-16 14:41:36,VR Auckland City,2026-10-02,Bluepillow,122,,v3
2026-09-16 14:41:36,VR Auckland City,2026-10-02,Super.com,113,,v3
2026-09-16 14:41:36,VR Auckland City,2026-10-02,Wotif,102,ibis budget Auckland Central - Double Studio,v3
2026-09-16 14:41:42,VR Queen Street Auckland,2026-10-03,Booking.com,142,Standard King Room,v3
2026-09-16 14:41:42,VR Queen Street Auckland,2026-10-03,Official site,121,Open VR Queen Street - Hotel & Suites in a new tab.,v3
2026-09-16 14:41:42,VR Queen Street Auckland,2026-10-03,Super.com,121,,v3
2026-09-16 14:41:49,VR Auckland City,2026-10-03,Booking.com,155,Studio Apartment,v3
2026-09-16 14:41:49,VR Auckland City,2026-10-03,Super.com,128,,v3
2026-09-16 14:41:54,VR Queen Street Auckland,2026-10-04,Booking.com,106,Standard King Room,v3
2026-09-16 14:41:54,VR Queen Street Auckland,2026-10-04,Hotels.com,100,,v3
2026-09-16 14:41:54,VR Queen Street Auckland,2026-10-04,Official site,117,,v3
2026-09-16 14:41:54,VR Queen Street Auckland,2026-10-04,Super.com,93,,v3
2026-09-16 14:41:58,VR Auckland City,2026-10-04,Booking.com,139,Studio Apartment,v3
2026-09-16 14:41:58,VR Auckland City,2026-10-04,Super.com,108,,v3
2026-09-16 14:42:05,VR Queen Street Auckland,2026-10-05,Bluepillow,110,,v3
2026-09-16 14:42:05,VR Queen Street Auckland,2026-10-05,Booking.com,89,Open VR Queen Street - Hotel & Suites in a new tab.,v3
2026-09-16 14:42:05,VR Queen Street Auckland,2026-10-05,Official site,117,,v3
2026-09-16 14:42:05,VR Queen Street Auckland,2026-10-05,Super.com,89,,v3
2026-09-16 14:42:11,VR Auckland City,2026-10-05,Booking.com,139,Studio Apartment,v3
2026-09-16 14:42:11,VR Auckland City,2026-10-05,Super.com,111,,v3
2026-09-16 14:42:17,VR Queen Street Auckland,2026-10-06,Booking.com,93,Open VR Queen Street - Hotel & Suites in a new tab.,v3
2026-09-16 14:42:17,VR Queen Street Auckland,2026-10-06,Hotels.com,102,Standard King Room,v3
2026-09-16 14:42:17,VR Queen Street Auckland,2026-10-06,Official site,117,,v3
2026-09-16 14:42:17,VR Queen Street Auckland,2026-10-06,Super.com,93,,v3
2026-09-16 14:42:24,VR Auckland City,2026-10-06,Booking.com,139,,v3
2026-09-16 14:42:31,VR Queen Street Auckland,2026-10-07,Booking.com,100,,v3
2026-09-16 14:42:31,VR Queen Street Auckland,2026-10-07,Hotels.com,97,Standard King Room,v3
2026-09-16 14:42:31,VR Queen Street Auckland,2026-10-07,Official site,86,Open VR Queen Street - Hotel & Suites in a new tab.,v3
2026-09-16 14:42:31,VR Queen Street Auckland,2026-10-07,Super.com,86,,v3
2026-09-16 14:42:38,VR Auckland City,2026-10-07,Booking.com,139,Studio Apartment,v3
2026-09-16 14:42:43,VR Queen Street Auckland,2026-10-08,Booking.com,134,Standard King Room,v3
2026-09-16 14:42:43,VR Queen Street Auckland,2026-10-08,Hotels.com,128,,v3
2026-09-16 14:42:43,VR Queen Street Auckland,2026-10-08,Official site,113,Open VR Queen Street - Hotel & Suites in a new tab.,v3
2026-09-16 14:42:43,VR Queen Street Auckland,2026-10-08,Super.com,113,,v3
2026-09-16 14:42:49,VR Auckland City,2026-10-08,Bluepillow,159,,v3
2026-09-16 14:42:49,VR Auckland City,2026-10-08,Booking.com,84,Penthouse - One-Bedroom Apartment,v3
2026-09-16 14:42:49,VR Auckland City,2026-10-08,Super.com,143,,v3
2026-09-16 14:42:56,VR Queen Street Auckland,2026-10-09,Booking.com,225,Open VR Queen Street - Hotel & Suites in a new tab.,v3
2026-09-16 14:42:56,VR Queen Street Auckland,2026-10-09,Official site,292,,v3
2026-09-16 14:42:56,VR Queen Street Auckland,2026-10-09,Super.com,225,,v3
2026-09-16 14:42:56,VR Queen Street Auckland,2026-10-09,Wotif,274,Penthouse - One-Bedroom Apartment,v3
2026-09-16 14:43:02,VR Auckland City,2026-10-09,Booking.com,102,,v3
2026-09-16 14:43:02,VR Auckland City,2026-10-09,Super.com,256,,v3
2026-09-16 14:43:08,VR Queen Street Auckland,2026-10-10,Booking.com,270,Standard King Room,v3
2026-09-16 14:43:08,VR Queen Street Auckland,2026-10-10,Official site,232,Open VR Queen Street - Hotel & Suites in a new tab.,v3
2026-09-16 14:43:08,VR Queen Street Auckland,2026-10-10,Super.com,232,,v3
2026-09-16 14:43:15,VR Auckland City,2026-10-10,Booking.com,102,Nice City Studio with Ponsonby View,v3
2026-09-16 14:43:15,VR Auckland City,2026-10-10,Super.com,464,,v3
2026-09-16 14:43:21,VR Queen Street Auckland,2026-10-11,Bluepillow,131,,v3
2026-09-16 14:43:21,VR Queen Street Auckland,2026-10-11,Booking.com,113,Standard King Room,v3
2026-09-16 14:43:21,VR Queen Street Auckland,2026-10-11,Official site,96,Open VR Queen Street - Hotel & Suites in a new tab.,v3
2026-09-16 14:43:21,VR Queen Street Auckland,2026-10-11,Super.com,96,,v3
2026-09-16 14:43:28,VR Auckland City,2026-10-11,Booking.com,84,ibis budget Auckland Central - Double Studio,v3
2026-09-16 14:43:28,VR Auckland City,2026-10-11,Super.com,87,,v3
2026-09-16 14:43:35,VR Queen Street Auckland,2026-10-12,Booking.com,113,Standard King Room,v3
2026-09-16 14:43:35,VR Queen Street Auckland,2026-10-12,Official site,96,Open VR Queen Street - Hotel & Suites in a new tab.,v3
2026-09-16 14:43:35,VR Queen Street Auckland,2026-10-12,Super.com,96,,v3
2026-09-16 14:43:41,VR Auckland City,2026-10-12,Booking.com,131,Studio Apartment,v3
2026-09-16 14:43:41,VR Auckland City,2026-10-12,Super.com,102,,v3
2026-09-16 14:43:48,VR Queen Street Auckland,2026-10-13,Booking.com,113,Standard King Room,v3
2026-09-16 14:43:48,VR Queen Street Auckland,2026-10-13,Official site,97,Open VR Queen Street - Hotel & Suites in a new tab.,v3
2026-09-16 14:43:48,VR Queen Street Auckland,2026-10-13,Super.com,97,,v3
2026-09-16 14:43:55,VR Auckland City,2026-10-13,Booking.com,117,,v3
2026-09-16 14:43:55,VR Auckland City,2026-10-13,Super.com,91,,v3
2026-09-16 14:44:02,VR Queen Street Auckland,2026-10-14,Booking.com,113,,v3
2026-09-16 14:44:02,VR Queen Street Auckland,2026-10-14,Hotels.com,109,Standard King Room,v3
2026-09-16 14:44:02,VR Queen Street Auckland,2026-10-14,Official site,96,Open VR Queen Street - Hotel & Suites in a new tab.,v3
2026-09-16 14:44:02,VR Queen Street Auckland,2026-10-14,Super.com,96,,v3
2026-09-16 14:44:08,VR Auckland City,2026-10-14,Booking.com,117,,v3
2026-09-16 14:44:08,VR Auckland City,2026-10-14,Super.com,91,,v3
2026-09-16 14:44:15,VR Queen Street Auckland,2026-10-15,Booking.com,96,Open VR Queen Street - Hotel & Suites in a new tab.,v3
2026-09-16 14:44:15,VR Queen Street Auckland,2026-10-15,Official site,125,,v3
2026-09-16 14:44:15,VR Queen Street Auckland,2026-10-15,Super.com,96,,v3
2026-09-16 14:44:22,VR Auckland City,2026-10-15,Booking.com,84,Parkside Hotel & Apartments Auckland,v3
2026-09-16 14:44:29,VR Queen Street Auckland,2026-10-16,Booking.com,131,Open VR Queen Street - Hotel & Suites in a new tab.,v3
2026-09-16 14:44:29,VR Queen Street Auckland,2026-10-16,Official site,172,,v3
2026-09-16 14:44:29,VR Queen Street Auckland,2026-10-16,Super.com,131,,v3
2026-09-16 14:44:35,VR Auckland City,2026-10-16,Booking.com,185,Executive One-Bedroom Apartment,v3
2026-09-16 14:44:35,VR Auckland City,2026-10-16,Wotif,102,Studio Steps from Sky City,v3
2026-09-16 14:44:42,VR Queen Street Auckland,2026-10-17,Booking.com,250,Standard King Room,v3
2026-09-16 14:44:42,VR Queen Street Auckland,2026-10-17,Official site,220,Open VR Queen Street - Hotel & Suites in a new tab.,v3
2026-09-16 14:44:42,VR Queen Street Auckland,2026-10-17,Super.com,220,,v3
2026-09-16 14:44:48,VR Auckland City,2026-10-17,Booking.com,639,,v3
2026-09-16 14:44:48,VR Auckland City,2026-10-17,Super.com,532,,v3
2026-09-16 14:44:55,VR Queen Street Auckland,2026-10-18,Booking.com,121,Standard King Room,v3
2026-09-16 14:44:55,VR Queen Street Auckland,2026-10-18,Official site,106,Open VR Queen Street - Hotel & Suites in a new tab.,v3
2026-09-16 14:44:55,VR Queen Street Auckland,2026-10-18,Super.com,106,,v3
2026-09-16 14:45:01,VR Auckland City,2026-10-18,Booking.com,149,Studio Apartment,v3
2026-09-16 14:45:08,VR Queen Street Auckland,2026-10-19,Booking.com,121,Standard King Room,v3
2026-09-16 14:45:08,VR Queen Street Auckland,2026-10-19,Official site,104,Open VR Queen Street - Hotel & Suites in a new tab.,v3
2026-09-16 14:45:08,VR Queen Street Auckland,2026-10-19,Super.com,104,,v3
2026-09-16 14:45:14,VR Auckland City,2026-10-19,Booking.com,183,Executive One-Bedroom Apartment,v3
2026-09-16 14:45:14,VR Auckland City,2026-10-19,Super.com,144,,v3
2026-09-16 14:45:21,VR Queen Street Auckland,2026-10-20,Booking.com,274,Penthouse - One-Bedroom Apartment,v3
2026-09-16 14:45:21,VR Queen Street Auckland,2026-10-20,Expedia,198,,v3
2026-09-16 14:45:21,VR Queen Street Auckland,2026-10-20,Official site,204,Standard King Room - Prepay and Save,v3
2026-09-16 14:45:21,VR Queen Street Auckland,2026-10-20,Super.com,156,,v3
2026-09-16 14:45:21,VR Queen Street Auckland,2026-10-20,Wotif,156,Open VR Queen Street - Hotel & Suites in a new tab.,v3
2026-09-16 14:45:27,VR Auckland City,2026-10-20,Booking.com,199,One-Bedroom Apartment,v3
2026-09-16 14:45:27,VR Auckland City,2026-10-20,Super.com,153,,v3
2026-09-16 14:45:32,VR Queen Street Auckland,2026-10-21,Booking.com,184,,v3
2026-09-16 14:45:32,VR Queen Street Auckland,2026-10-21,Official site,157,Open VR Queen Street - Hotel & Suites in a new tab.,v3
2026-09-16 14:45:32,VR Queen Street Auckland,2026-10-21,Super.com,157,,v3
2026-09-16 14:45:38,VR Auckland City,2026-10-21,Booking.com,129,Penthouse,v3
2026-09-16 14:45:38,VR Auckland City,2026-10-21,Super.com,129,,v3
2026-09-16 14:45:45,VR Queen Street Auckland,2026-10-22,Booking.com,151,Standard King Room,v3
2026-09-16 14:45:45,VR Queen Street Auckland,2026-10-22,Official site,128,Open VR Queen Street - Hotel & Suites in a new tab.,v3
2026-09-16 14:45:45,VR Queen Street Auckland,2026-10-22,Super.com,128,,v3
2026-09-16 14:45:52,VR Auckland City,2026-10-22,Booking.com,157,,v3
2026-09-16 14:45:58,VR Queen Street Auckland,2026-10-23,Booking.com,214,Standard King Room,v3
2026-09-16 14:45:58,VR Queen Street Auckland,2026-10-23,Official site,121,Lovely apartment with WiFi in vibrant central Auckland,v3
2026-09-16 14:45:58,VR Queen Street Auckland,2026-10-23,Super.com,181,,v3
2026-09-16 14:46:04,VR Auckland City,2026-10-23,Booking.com,102,Lovely apartment with WiFi in vibrant central Auckland,v3
2026-09-16 14:46:04,VR Auckland City,2026-10-23,trivago,347,,v3
2026-09-16 14:46:11,VR Queen Street Auckland,2026-10-24,Booking.com,230,Standard King Room,v3
2026-09-16 14:46:11,VR Queen Street Auckland,2026-10-24,Official site,197,Open VR Queen Street - Hotel & Suites in a new tab.,v3
2026-09-16 14:46:11,VR Queen Street Auckland,2026-10-24,Super.com,197,,v3
2026-09-16 14:46:17,VR Auckland City,2026-10-24,Booking.com,102,Grand Central Serviced Apartments,v3
2026-09-16 14:46:24,VR Queen Street Auckland,2026-10-25,Booking.com,244,Open VR Queen Street - Hotel & Suites in a new tab.,v3
2026-09-16 14:46:24,VR Queen Street Auckland,2026-10-25,Hotels.com,244,,v3
2026-09-16 14:46:24,VR Queen Street Auckland,2026-10-25,Official site,278,,v3
2026-09-16 14:46:30,VR Auckland City,2026-10-25,Booking.com,127,,v3
2026-09-16 14:46:30,VR Auckland City,2026-10-25,Super.com,96,,v3
2026-09-16 14:46:37,VR Queen Street Auckland,2026-10-26,Hotels.com,109,Standard King Room,v3
2026-09-16 14:46:37,VR Queen Street Auckland,2026-10-26,Official site,97,Open VR Queen Street - Hotel & Suites in a new tab.,v3
2026-09-16 14:46:37,VR Queen Street Auckland,2026-10-26,Super.com,97,,v3
2026-09-16 14:46:44,VR Auckland City,2026-10-26,Agoda,140,,v3
2026-09-16 14:46:44,VR Auckland City,2026-10-26,Booking.com,84,Ramada Suites By Wyndham Victoria Street West,v3
2026-09-16 14:46:50,VR Queen Street Auckland,2026-10-27,Booking.com,96,Open VR Queen Street - Hotel & Suites in a new tab.,v3
2026-09-16 14:46:50,VR Queen Street Auckland,2026-10-27,Hotels.com,108,,v3
2026-09-16 14:46:50,VR Queen Street Auckland,2026-10-27,Official site,125,,v3
2026-09-16 14:46:50,VR Queen Street Auckland,2026-10-27,Super.com,96,,v3
2026-09-16 14:46:57,VR Auckland City,2026-10-27,Booking.com,84,,v3
2026-09-16 14:47:04,VR Queen Street Auckland,2026-10-28,Booking.com,96,Open VR Queen Street - Hotel & Suites in a new tab.,v3
2026-09-16 14:47:04,VR Queen Street Auckland,2026-10-28,Hotels.com,108,Standard King Room,v3
2026-09-16 14:47:04,VR Queen Street Auckland,2026-10-28,Official site,125,,v3
2026-09-16 14:47:04,VR Queen Street Auckland,2026-10-28,Super.com,96,,v3
2026-09-16 14:47:10,VR Auckland City,2026-10-28,Booking.com,140,Studio Apartment,v3
2026-09-16 14:47:10,VR Auckland City,2026-10-28,Wotif,84,Parkside Hotel & Apartments Auckland,v3
2026-09-16 14:47:16,VR Queen Street Auckland,2026-10-29,Booking.com,96,Open VR Queen Street - Hotel & Suites in a new tab.,v3
2026-09-16 14:47:16,VR Queen Street Auckland,2026-10-29,Official site,125,,v3
2026-09-16 14:47:16,VR Queen Street Auckland,2026-10-29,Super.com,96,,v3
2026-09-16 14:47:23,VR Auckland City,2026-10-29,Booking.com,140,Studio Apartment,v3
2026-09-16 14:47:23,VR Auckland City,2026-10-29,Super.com,90,,v3
2026-09-16 14:47:23,VR Auckland City,2026-10-29,Wotif,84,ibis budget Auckland Central - Double Studio,v3
2026-09-16 14:47:30,VR Queen Street Auckland,2026-10-30,Booking.com,151,,v3
2026-09-16 14:47:30,VR Queen Street Auckland,2026-10-30,Hotels.com,144,Standard King Room,v3
2026-09-16 14:47:30,VR Queen Street Auckland,2026-10-30,Official site,167,,v3
2026-09-16 14:47:30,VR Queen Street Auckland,2026-10-30,Super.com,129,,v3
2026-09-16 14:47:30,VR Queen Street Auckland,2026-10-30,Wotif,129,Open VR Queen Street - Hotel & Suites in a new tab.,v3
2026-09-16 14:47:36,VR Auckland City,2026-10-30,Booking.com,142,Studio Apartment,v3
2026-09-16 14:47:36,VR Auckland City,2026-10-30,Super.com,108,,v3
2026-09-16 14:47:43,VR Queen Street Auckland,2026-10-31,Booking.com,151,Standard King Room,v3
2026-09-16 14:47:43,VR Queen Street Auckland,2026-10-31,Official site,118,Open VR Queen Street - Hotel & Suites in a new tab.,v3
2026-09-16 14:47:43,VR Queen Street Auckland,2026-10-31,Super.com,118,,v3
2026-09-16 14:47:50,VR Auckland City,2026-10-31,Booking.com,182,,v3
2026-09-16 14:47:50,VR Auckland City,2026-10-31,Super.com,128,,v3
2026-09-16 14:47:50,VR Auckland City,2026-10-31,Wotif,102,Penthouse - One-Bedroom Apartment,v3
2026-09-16 14:47:56,VR Queen Street Auckland,2026-11-01,Booking.com,126,Standard King Room,v3
2026-09-16 14:47:56,VR Queen Street Auckland,2026-11-01,Official site,101,Open VR Queen Street - Hotel & Suites in a new tab.,v3
2026-09-16 14:47:56,VR Queen Street Auckland,2026-11-01,Super.com,101,,v3
2026-09-16 14:48:03,VR Auckland City,2026-11-01,Booking.com,180,,v3
2026-09-16 14:48:03,VR Auckland City,2026-11-01,Super.com,120,,v3
2026-09-16 14:48:03,VR Auckland City,2026-11-01,Wotif,107,Pullman Auckland Hotel & Apartments,v3
2026-09-16 14:48:09,VR Queen Street Auckland,2026-11-02,Booking.com,99,Open VR Queen Street - Hotel & Suites in a new tab.,v3
2026-09-16 14:48:09,VR Queen Street Auckland,2026-11-02,Hotels.com,121,,v3
2026-09-16 14:48:09,VR Queen Street Auckland,2026-11-02,Official site,139,,v3
2026-09-16 14:48:09,VR Queen Street Auckland,2026-11-02,Super.com,99,,v3
2026-09-16 14:48:16,VR Auckland City,2026-11-02,Booking.com,107,Penthouse - One-Bedroom Apartment,v3
2026-09-16 14:48:16,VR Auckland City,2026-11-02,Super.com,119,,v3
2026-09-16 14:48:22,VR Queen Street Auckland,2026-11-03,Booking.com,126,Standard King Room,v3
2026-09-16 14:48:22,VR Queen Street Auckland,2026-11-03,Hotels.com,120,,v3
2026-09-16 14:48:22,VR Queen Street Auckland,2026-11-03,Official site,139,,v3
2026-09-16 14:48:22,VR Queen Street Auckland,2026-11-03,Super.com,101,,v3
2026-09-16 14:48:22,VR Queen Street Auckland,2026-11-03,Wotif,101,Open VR Queen Street - Hotel & Suites in a new tab.,v3
2026-09-16 14:48:29,VR Auckland City,2026-11-03,Booking.com,107,Penthouse - One-Bedroom Apartment,v3
2026-09-16 14:48:29,VR Auckland City,2026-11-03,Super.com,118,,v3
2026-09-16 14:48:36,VR Queen Street Auckland,2026-11-04,Booking.com,131,Open VR Queen Street - Hotel & Suites in a new tab.,v3
2026-09-16 14:48:36,VR Queen Street Auckland,2026-11-04,Hotels.com,162,,v3
2026-09-16 14:48:36,VR Queen Street Auckland,2026-11-04,Official site,186,,v3
2026-09-16 14:48:36,VR Queen Street Auckland,2026-11-04,Super.com,131,,v3
2026-09-16 14:48:42,VR Auckland City,2026-11-04,Booking.com,180,Studio Apartment,v3
2026-09-16 14:48:42,VR Auckland City,2026-11-04,Super.com,137,,v3
2026-09-16 14:48:49,VR Queen Street Auckland,2026-11-05,Booking.com,184,Standard King Room,v3
2026-09-16 14:48:49,VR Queen Street Auckland,2026-11-05,Official site,145,Open VR Queen Street - Hotel & Suites in a new tab.,v3
2026-09-16 14:48:49,VR Queen Street Auckland,2026-11-05,Super.com,145,,v3
2026-09-16 14:48:55,VR Auckland City,2026-11-05,Booking.com,272,,v3
2026-09-16 14:49:00,VR Queen Street Auckland,2026-11-06,Booking.com,147,Open VR Queen Street - Hotel & Suites in a new tab.,v3
2026-09-16 14:49:00,VR Queen Street Auckland,2026-11-06,Hotels.com,178,,v3
2026-09-16 14:49:00,VR Queen Street Auckland,2026-11-06,Official site,204,,v3
2026-09-16 14:49:00,VR Queen Street Auckland,2026-11-06,Super.com,147,,v3
2026-09-16 14:49:06,VR Auckland City,2026-11-06,Booking.com,383,Studio Apartment,v3
2026-09-16 14:49:06,VR Auckland City,2026-11-06,Trip.com,425,,v3
2026-09-16 14:49:13,VR Queen Street Auckland,2026-11-07,Booking.com,360,,v3
2026-09-16 14:49:13,VR Queen Street Auckland,2026-11-07,Hotels.com,387,Suite · Suite,v3
2026-09-16 14:49:13,VR Queen Street Auckland,2026-11-07,Official site,282,Open VR Queen Street - Hotel & Suites in a new tab.,v3
2026-09-16 14:49:13,VR Queen Street Auckland,2026-11-07,Super.com,282,,v3
2026-09-16 14:49:19,VR Auckland City,2026-11-07,Booking.com,598,,v3
2026-09-16 14:49:19,VR Auckland City,2026-11-07,Super.com,485,,v3
2026-09-16 14:49:19,VR Auckland City,2026-11-07,Wotif,204,Mercure Auckland Queen Street,v3
2026-09-16 14:49:26,VR Queen Street Auckland,2026-11-08,Booking.com,293,Standard King Room,v3
2026-09-16 14:49:26,VR Queen Street Auckland,2026-11-08,Official site,235,Open VR Queen Street - Hotel & Suites in a new tab.,v3
2026-09-16 14:49:26,VR Queen Street Auckland,2026-11-08,Super.com,235,,v3
2026-09-16 14:49:32,VR Auckland City,2026-11-08,Booking.com,176,,v3
2026-09-16 14:49:39,VR Queen Street Auckland,2026-11-09,Booking.com,169,Open VR Queen Street - Hotel & Suites in a new tab.,v3
2026-09-16 14:49:39,VR Queen Street Auckland,2026-11-09,Hotels.com,204,Standard King Room,v3
2026-09-16 14:49:39,VR Queen Street Auckland,2026-11-09,Official site,232,,v3
2026-09-16 14:49:39,VR Queen Street Auckland,2026-11-09,Super.com,169,,v3
2026-09-16 14:49:45,VR Auckland City,2026-11-09,Booking.com,107,,v3
2026-09-16 14:49:45,VR Auckland City,2026-11-09,Super.com,117,,v3
2026-09-16 14:49:52,VR Queen Street Auckland,2026-11-10,Booking.com,105,Open VR Queen Street - Hotel & Suites in a new tab.,v3
2026-09-16 14:49:52,VR Queen Street Auckland,2026-11-10,Hotels.com,125,,v3
2026-09-16 14:49:52,VR Queen Street Auckland,2026-11-10,Official site,144,,v3
2026-09-16 14:49:52,VR Queen Street Auckland,2026-11-10,Super.com,105,,v3
2026-09-16 14:49:58,VR Auckland City,2026-11-10,Booking.com,107,Penthouse - One-Bedroom Apartment,v3
2026-09-16 14:49:58,VR Auckland City,2026-11-10,Super.com,119,,v3
2026-09-16 14:50:05,VR Queen Street Auckland,2026-11-11,Booking.com,151,Open VR Queen Street - Hotel & Suites in a new tab.,v3
2026-09-16 14:50:05,VR Queen Street Auckland,2026-11-11,Official site,209,,v3
2026-09-16 14:50:05,VR Queen Street Auckland,2026-11-11,Super.com,151,,v3
2026-09-16 15:08:02,VR Queen Street Auckland,2026-09-16,Booking.com,123,,v3
2026-09-16 15:08:02,VR Queen Street Auckland,2026-09-16,Official site,136,One-Bedroom Suite - Prepay and Save,v3
2026-09-16 15:08:02,VR Queen Street Auckland,2026-09-16,Super.com,114,,v3
2026-09-16 15:08:08,VR Auckland City,2026-09-16,Booking.com,135,Studio Apartment,v3
2026-09-16 15:08:08,VR Auckland City,2026-09-16,Trip.com,119,,v3
2026-09-16 15:08:13,VR Queen Street Auckland,2026-09-17,Booking.com,116,Standard King Room,v3
2026-09-16 15:08:13,VR Queen Street Auckland,2026-09-17,Hotels.com,126,,v3
2026-09-16 15:08:13,VR Queen Street Auckland,2026-09-17,Official site,108,Open VR Queen Street - Hotel & Suites in a new tab.,v3
2026-09-16 15:08:13,VR Queen Street Auckland,2026-09-17,Super.com,108,,v3
2026-09-16 15:08:21,VR Auckland City,2026-09-17,Booking.com,122,Studio Apartment,v3
2026-09-16 15:08:21,VR Auckland City,2026-09-17,Super.com,104,,v3
2026-09-16 15:08:26,VR Queen Street Auckland,2026-09-18,Booking.com,151,,v3
2026-09-16 15:08:26,VR Queen Street Auckland,2026-09-18,Hotels.com,144,Standard King Room,v3
2026-09-16 15:08:26,VR Queen Street Auckland,2026-09-18,Official site,129,Open VR Queen Street - Hotel & Suites in a new tab.,v3
2026-09-16 15:08:26,VR Queen Street Auckland,2026-09-18,Super.com,129,,v3
2026-09-16 15:08:34,VR Auckland City,2026-09-18,Booking.com,88,Parkside Hotel & Apartments Auckland,v3
2026-09-16 15:08:34,VR Auckland City,2026-09-18,Super.com,103,,v3
2026-09-16 15:08:42,VR Queen Street Auckland,2026-09-19,Booking.com,157,Standard King Room,v3
2026-09-16 15:08:42,VR Queen Street Auckland,2026-09-19,Official site,134,Open VR Queen Street - Hotel & Suites in a new tab.,v3
2026-09-16 15:08:42,VR Queen Street Auckland,2026-09-19,Super.com,134,,v3
2026-09-16 15:08:49,VR Auckland City,2026-09-19,Bluepillow,122,,v3
2026-09-16 15:08:49,VR Auckland City,2026-09-19,Booking.com,135,Studio Apartment,v3
2026-09-16 15:08:49,VR Auckland City,2026-09-19,Super.com,113,,v3
2026-09-16 15:08:56,VR Queen Street Auckland,2026-09-20,Booking.com,92,Standard King Room,v3
2026-09-16 15:08:56,VR Queen Street Auckland,2026-09-20,Hotels.com,87,,v3
2026-09-16 15:08:56,VR Queen Street Auckland,2026-09-20,Official site,102,,v3
2026-09-16 15:08:56,VR Queen Street Auckland,2026-09-20,Super.com,78,,v3
2026-09-16 15:08:56,VR Queen Street Auckland,2026-09-20,Wotif,78,Open VR Queen Street - Hotel & Suites in a new tab.,v3
2026-09-16 15:09:04,VR Auckland City,2026-09-20,Booking.com,108,Studio Apartment,v3
2026-09-16 15:09:04,VR Auckland City,2026-09-20,Super.com,85,,v3
2026-09-16 15:09:09,VR Queen Street Auckland,2026-09-21,Booking.com,92,,v3
2026-09-16 15:09:09,VR Queen Street Auckland,2026-09-21,Hotels.com,88,Standard King Room,v3
2026-09-16 15:09:09,VR Queen Street Auckland,2026-09-21,Official site,102,,v3
2026-09-16 15:09:09,VR Queen Street Auckland,2026-09-21,Super.com,77,,v3
2026-09-16 15:09:14,VR Auckland City,2026-09-21,Booking.com,74,,v3
2026-09-16 15:09:14,VR Auckland City,2026-09-21,Super.com,85,,v3
2026-09-16 15:09:22,VR Queen Street Auckland,2026-09-22,Booking.com,95,,v3
2026-09-16 15:09:22,VR Queen Street Auckland,2026-09-22,Hotels.com,90,Standard King Room,v3
2026-09-16 15:09:22,VR Queen Street Auckland,2026-09-22,Official site,80,Open VR Queen Street - Hotel & Suites in a new tab.,v3
2026-09-16 15:09:22,VR Queen Street Auckland,2026-09-22,Super.com,80,,v3
2026-09-16 15:09:29,VR Auckland City,2026-09-22,Booking.com,104,Studio Apartment,v3
2026-09-16 15:09:29,VR Auckland City,2026-09-22,Super.com,85,,v3
2026-09-16 15:09:33,VR Queen Street Auckland,2026-09-23,Booking.com,91,Standard King Room,v3
2026-09-16 15:09:33,VR Queen Street Auckland,2026-09-23,Official site,101,,v3
2026-09-16 15:09:33,VR Queen Street Auckland,2026-09-23,Super.com,78,,v3
2026-09-16 15:09:40,VR Auckland City,2026-09-23,Booking.com,104,Studio Apartment,v3
2026-09-16 15:09:40,VR Auckland City,2026-09-23,Super.com,87,,v3
2026-09-16 15:09:46,VR Queen Street Auckland,2026-09-24,Booking.com,91,,v3
2026-09-16 15:09:46,VR Queen Street Auckland,2026-09-24,Hotels.com,87,Standard King Room,v3
2026-09-16 15:09:46,VR Queen Street Auckland,2026-09-24,Official site,101,,v3
2026-09-16 15:09:46,VR Queen Street Auckland,2026-09-24,Super.com,78,,v3
2026-09-16 15:09:46,VR Queen Street Auckland,2026-09-24,Wotif,78,Open VR Queen Street - Hotel & Suites in a new tab.,v3
2026-09-16 15:09:53,VR Auckland City,2026-09-24,Booking.com,104,,v3
2026-09-16 15:09:53,VR Auckland City,2026-09-24,Hotels.com,112,Studio Apartment,v3
2026-09-16 15:09:53,VR Auckland City,2026-09-24,Super.com,91,,v3
2026-09-16 15:10:00,VR Queen Street Auckland,2026-09-25,Booking.com,134,Standard King Room,v3
2026-09-16 15:10:00,VR Queen Street Auckland,2026-09-25,Official site,149,,v3
2026-09-16 15:10:00,VR Queen Street Auckland,2026-09-25,Super.com,113,,v3
2026-09-16 15:10:05,VR Auckland City,2026-09-25,Booking.com,139,,v3
2026-09-16 15:10:05,VR Auckland City,2026-09-25,Hotels.com,149,Studio Apartment,v3
2026-09-16 15:10:05,VR Auckland City,2026-09-25,Super.com,114,,v3
2026-09-16 15:10:12,VR Queen Street Auckland,2026-09-26,Booking.com,138,Standard King Room,v3
2026-09-16 15:10:12,VR Queen Street Auckland,2026-09-26,Official site,118,Open VR Queen Street - Hotel & Suites in a new tab.,v3
2026-09-16 15:10:12,VR Queen Street Auckland,2026-09-26,Super.com,118,,v3
2026-09-16 15:10:19,VR Auckland City,2026-09-26,Booking.com,97,Penthouse,v3
2026-09-16 15:10:19,VR Auckland City,2026-09-26,Super.com,161,,v3
2026-09-16 15:10:26,VR Queen Street Auckland,2026-09-27,Booking.com,94,Standard King Room,v3
2026-09-16 15:10:26,VR Queen Street Auckland,2026-09-27,Official site,104,,v3
2026-09-16 15:10:26,VR Queen Street Auckland,2026-09-27,Super.com,80,,v3
2026-09-16 15:10:31,VR Auckland City,2026-09-27,Booking.com,74,Ramada Suites By Wyndham Victoria Street West,v3
2026-09-16 15:10:31,VR Auckland City,2026-09-27,Super.com,109,,v3
2026-09-16 15:10:38,VR Queen Street Auckland,2026-09-28,Booking.com,94,,v3
2026-09-16 15:10:38,VR Queen Street Auckland,2026-09-28,Hotels.com,89,Standard King Room,v3
2026-09-16 15:10:38,VR Queen Street Auckland,2026-09-28,Official site,80,Open VR Queen Street - Hotel & Suites in a new tab.,v3
2026-09-16 15:10:38,VR Queen Street Auckland,2026-09-28,Super.com,80,,v3
2026-09-16 15:10:45,VR Auckland City,2026-09-28,Booking.com,108,Studio Apartment,v3
2026-09-16 15:10:45,VR Auckland City,2026-09-28,Super.com,84,,v3
2026-09-16 15:10:52,VR Queen Street Auckland,2026-09-29,Booking.com,94,Standard King Room,v3
2026-09-16 15:10:52,VR Queen Street Auckland,2026-09-29,Official site,104,,v3
2026-09-16 15:10:52,VR Queen Street Auckland,2026-09-29,Super.com,79,,v3
2026-09-16 15:10:52,VR Queen Street Auckland,2026-09-29,Wotif,79,Open VR Queen Street - Hotel & Suites in a new tab.,v3
2026-09-16 15:10:58,VR Auckland City,2026-09-29,Booking.com,104,Studio Apartment,v3
2026-09-16 15:10:58,VR Auckland City,2026-09-29,Super.com,87,,v3
2026-09-16 15:10:58,VR Auckland City,2026-09-29,Wotif,74,Parkside Hotel & Apartments,v3
2026-09-16 15:11:05,VR Queen Street Auckland,2026-09-30,Booking.com,100,Standard King Room,v3
2026-09-16 15:11:05,VR Queen Street Auckland,2026-09-30,Official site,111,,v3
2026-09-16 15:11:05,VR Queen Street Auckland,2026-09-30,Super.com,85,,v3
2026-09-16 15:11:10,VR Auckland City,2026-09-30,Booking.com,104,Studio Apartment,v3
2026-09-16 15:11:10,VR Auckland City,2026-09-30,Super.com,86,,v3
2026-09-16 15:11:18,VR Queen Street Auckland,2026-10-01,Booking.com,113,,v3
2026-09-16 15:11:18,VR Queen Street Auckland,2026-10-01,Hotels.com,108,Standard King Room,v3
2026-09-16 15:11:18,VR Queen Street Auckland,2026-10-01,Official site,96,Open VR Queen Street - Hotel & Suites in a new tab.,v3
2026-09-16 15:11:18,VR Queen Street Auckland,2026-10-01,Super.com,96,,v3
2026-09-16 15:11:25,VR Auckland City,2026-10-01,Bluepillow,99,,v3
2026-09-16 15:11:25,VR Auckland City,2026-10-01,Booking.com,109,Studio Apartment,v3
2026-09-16 15:11:25,VR Auckland City,2026-10-01,Super.com,90,,v3
2026-09-16 15:11:32,VR Queen Street Auckland,2026-10-02,Booking.com,130,Standard King Room,v3
2026-09-16 15:11:32,VR Queen Street Auckland,2026-10-02,Official site,111,Open VR Queen Street - Hotel & Suites in a new tab.,v3
2026-09-16 15:11:32,VR Queen Street Auckland,2026-10-02,Super.com,111,,v3
2026-09-16 15:11:39,VR Auckland City,2026-10-02,Bluepillow,122,,v3
2026-09-16 15:11:39,VR Auckland City,2026-10-02,Booking.com,135,,v3
2026-09-16 15:11:39,VR Auckland City,2026-10-02,Super.com,113,,v3
2026-09-16 15:11:46,VR Queen Street Auckland,2026-10-03,Booking.com,142,Standard King Room,v3
2026-09-16 15:11:46,VR Queen Street Auckland,2026-10-03,Official site,121,Open VR Queen Street - Hotel & Suites in a new tab.,v3
2026-09-16 15:11:46,VR Queen Street Auckland,2026-10-03,Super.com,121,,v3
2026-09-16 15:11:53,VR Auckland City,2026-10-03,Booking.com,155,,v3
2026-09-16 15:11:53,VR Auckland City,2026-10-03,Super.com,128,,v3
2026-09-16 15:12:00,VR Queen Street Auckland,2026-10-04,Booking.com,106,Standard King Room,v3
2026-09-16 15:12:00,VR Queen Street Auckland,2026-10-04,Official site,89,Open VR Queen Street - Hotel & Suites in a new tab.,v3
2026-09-16 15:12:00,VR Queen Street Auckland,2026-10-04,Super.com,89,,v3
2026-09-16 15:12:07,VR Auckland City,2026-10-04,Booking.com,139,Studio Apartment,v3
2026-09-16 15:12:07,VR Auckland City,2026-10-04,Super.com,112,,v3
2026-09-16 15:12:12,VR Queen Street Auckland,2026-10-05,Booking.com,106,Standard King Room,v3
2026-09-16 15:12:12,VR Queen Street Auckland,2026-10-05,Official site,89,Open VR Queen Street - Hotel & Suites in a new tab.,v3
2026-09-16 15:12:12,VR Queen Street Auckland,2026-10-05,Super.com,89,,v3
2026-09-16 15:12:19,VR Auckland City,2026-10-05,Booking.com,139,Studio Apartment,v3
2026-09-16 15:12:19,VR Auckland City,2026-10-05,Super.com,111,,v3
2026-09-16 15:12:26,VR Queen Street Auckland,2026-10-06,Hotels.com,102,Standard King Room,v3
2026-09-16 15:12:26,VR Queen Street Auckland,2026-10-06,Official site,89,Open VR Queen Street - Hotel & Suites in a new tab.,v3
2026-09-16 15:12:26,VR Queen Street Auckland,2026-10-06,Super.com,89,,v3
2026-09-16 15:12:33,VR Auckland City,2026-10-06,Booking.com,139,Studio Apartment,v3
2026-09-16 15:12:39,VR Queen Street Auckland,2026-10-07,Booking.com,100,Standard King Room,v3
2026-09-16 15:12:39,VR Queen Street Auckland,2026-10-07,Official site,85,Open VR Queen Street - Hotel & Suites in a new tab.,v3
2026-09-16 15:12:39,VR Queen Street Auckland,2026-10-07,Super.com,85,,v3
2026-09-16 15:12:46,VR Auckland City,2026-10-07,Booking.com,139,Studio Apartment,v3
2026-09-16 15:12:53,VR Queen Street Auckland,2026-10-08,Booking.com,134,Standard King Room,v3
2026-09-16 15:12:53,VR Queen Street Auckland,2026-10-08,Official site,113,Open VR Queen Street - Hotel & Suites in a new tab.,v3
2026-09-16 15:12:53,VR Queen Street Auckland,2026-10-08,Super.com,113,,v3
2026-09-16 15:13:00,VR Auckland City,2026-10-08,Booking.com,174,Executive One-Bedroom Apartment,v3
2026-09-16 15:13:00,VR Auckland City,2026-10-08,Super.com,143,,v3
2026-09-16 15:13:06,VR Queen Street Auckland,2026-10-09,Booking.com,264,,v3
2026-09-16 15:13:06,VR Queen Street Auckland,2026-10-09,Official site,225,Open VR Queen Street - Hotel & Suites in a new tab.,v3
2026-09-16 15:13:06,VR Queen Street Auckland,2026-10-09,Super.com,225,,v3
2026-09-16 15:13:13,VR Auckland City,2026-10-09,Booking.com,330,,v3
2026-09-16 15:13:13,VR Auckland City,2026-10-09,Super.com,256,,v3
2026-09-16 15:13:13,VR Auckland City,2026-10-09,Wotif,102,,v3
2026-09-16 15:13:20,VR Queen Street Auckland,2026-10-10,Booking.com,270,,v3
2026-09-16 15:13:20,VR Queen Street Auckland,2026-10-10,Official site,232,Open VR Queen Street - Hotel & Suites in a new tab.,v3
2026-09-16 15:13:20,VR Queen Street Auckland,2026-10-10,Super.com,232,,v3
2026-09-16 15:13:26,VR Auckland City,2026-10-10,Booking.com,549,Studio Apartment,v3
2026-09-16 15:13:26,VR Auckland City,2026-10-10,Super.com,464,,v3
2026-09-16 15:13:33,VR Queen Street Auckland,2026-10-11,Booking.com,113,Standard King Room,v3
2026-09-16 15:13:33,VR Queen Street Auckland,2026-10-11,Official site,96,Open VR Queen Street - Hotel & Suites in a new tab.,v3
2026-09-16 15:13:33,VR Queen Street Auckland,2026-10-11,Super.com,96,,v3
2026-09-16 15:13:40,VR Auckland City,2026-10-11,Booking.com,112,,v3
2026-09-16 15:13:40,VR Auckland City,2026-10-11,Super.com,87,,v3
2026-09-16 15:13:47,VR Queen Street Auckland,2026-10-12,Hotels.com,109,Standard King Room,v3
2026-09-16 15:13:47,VR Queen Street Auckland,2026-10-12,Official site,96,Open VR Queen Street - Hotel & Suites in a new tab.,v3
2026-09-16 15:13:47,VR Queen Street Auckland,2026-10-12,Super.com,96,,v3
2026-09-16 15:13:54,VR Auckland City,2026-10-12,Booking.com,84,ibis budget Auckland Central - Double Studio,v3
2026-09-16 15:13:54,VR Auckland City,2026-10-12,Super.com,102,,v3
2026-09-16 15:14:01,VR Queen Street Auckland,2026-10-13,Booking.com,113,Standard King Room,v3
2026-09-16 15:14:01,VR Queen Street Auckland,2026-10-13,Official site,97,Open VR Queen Street - Hotel & Suites in a new tab.,v3
2026-09-16 15:14:01,VR Queen Street Auckland,2026-10-13,Super.com,97,,v3
2026-09-16 15:14:08,VR Auckland City,2026-10-13,Booking.com,117,Studio Apartment,v3
2026-09-16 15:14:08,VR Auckland City,2026-10-13,Super.com,91,,v3
2026-09-16 15:14:15,VR Queen Street Auckland,2026-10-14,Booking.com,113,Standard King Room,v3
2026-09-16 15:14:15,VR Queen Street Auckland,2026-10-14,Hotels.com,109,,v3
2026-09-16 15:14:15,VR Queen Street Auckland,2026-10-14,Official site,125,,v3
2026-09-16 15:14:15,VR Queen Street Auckland,2026-10-14,Super.com,97,,v3
2026-09-16 15:14:20,VR Auckland City,2026-10-14,Booking.com,117,Studio Apartment,v3
2026-09-16 15:14:20,VR Auckland City,2026-10-14,Super.com,91,,v3
2026-09-16 15:14:27,VR Queen Street Auckland,2026-10-15,Booking.com,96,Open VR Queen Street - Hotel & Suites in a new tab.,v3
2026-09-16 15:14:27,VR Queen Street Auckland,2026-10-15,Official site,125,,v3
2026-09-16 15:14:27,VR Queen Street Auckland,2026-10-15,Super.com,96,,v3
2026-09-16 15:14:33,VR Auckland City,2026-10-15,Booking.com,117,One-Bedroom Apartment,v3
2026-09-16 15:14:33,VR Auckland City,2026-10-15,Super.com,97,,v3
2026-09-16 15:14:40,VR Queen Street Auckland,2026-10-16,Booking.com,131,Open VR Queen Street - Hotel & Suites in a new tab.,v3
2026-09-16 15:14:40,VR Queen Street Auckland,2026-10-16,Official site,172,,v3
2026-09-16 15:14:40,VR Queen Street Auckland,2026-10-16,Super.com,131,,v3
2026-09-16 15:14:47,VR Auckland City,2026-10-16,Booking.com,185,Executive One-Bedroom Apartment,v3
2026-09-16 15:14:54,VR Queen Street Auckland,2026-10-17,Booking.com,250,Standard King Room,v3
2026-09-16 15:14:54,VR Queen Street Auckland,2026-10-17,Official site,278,,v3
2026-09-16 15:14:54,VR Queen Street Auckland,2026-10-17,Super.com,220,,v3
2026-09-16 15:14:59,VR Auckland City,2026-10-17,Booking.com,639,Deluxe Family Room,v3
2026-09-16 15:14:59,VR Auckland City,2026-10-17,Super.com,532,,v3
2026-09-16 15:15:04,VR Queen Street Auckland,2026-10-18,Booking.com,121,Standard King Room,v3
2026-09-16 15:15:04,VR Queen Street Auckland,2026-10-18,Official site,106,Open VR Queen Street - Hotel & Suites in a new tab.,v3
2026-09-16 15:15:04,VR Queen Street Auckland,2026-10-18,Super.com,106,,v3
2026-09-16 15:15:10,VR Auckland City,2026-10-18,Booking.com,84,,v3
2026-09-16 15:15:17,VR Queen Street Auckland,2026-10-19,Booking.com,104,Open VR Queen Street - Hotel & Suites in a new tab.,v3
2026-09-16 15:15:17,VR Queen Street Auckland,2026-10-19,Official site,135,Standard King Room - Prepay and Save,v3
2026-09-16 15:15:17,VR Queen Street Auckland,2026-10-19,Super.com,104,,v3
2026-09-16 15:15:24,VR Auckland City,2026-10-19,Booking.com,183,Executive One-Bedroom Apartment,v3
2026-09-16 15:15:24,VR Auckland City,2026-10-19,Super.com,144,,v3
2026-09-16 15:15:31,VR Queen Street Auckland,2026-10-20,Booking.com,184,,v3
2026-09-16 15:15:31,VR Queen Street Auckland,2026-10-20,Official site,156,Open VR Queen Street - Hotel & Suites in a new tab.,v3
2026-09-16 15:15:31,VR Queen Street Auckland,2026-10-20,Super.com,156,,v3
2026-09-16 15:15:38,VR Auckland City,2026-10-20,Booking.com,199,One-Bedroom Apartment,v3
2026-09-16 15:15:38,VR Auckland City,2026-10-20,Super.com,153,,v3
2026-09-16 15:15:45,VR Queen Street Auckland,2026-10-21,Booking.com,184,Standard King Room,v3
2026-09-16 15:15:45,VR Queen Street Auckland,2026-10-21,Hotels.com,180,,v3
2026-09-16 15:15:45,VR Queen Street Auckland,2026-10-21,Official site,156,Open VR Queen Street - Hotel & Suites in a new tab.,v3
2026-09-16 15:15:45,VR Queen Street Auckland,2026-10-21,Super.com,156,,v3
2026-09-16 15:15:51,VR Auckland City,2026-10-21,Booking.com,169,Studio Apartment,v3
2026-09-16 15:15:51,VR Auckland City,2026-10-21,Super.com,129,,v3
2026-09-16 15:15:58,VR Queen Street Auckland,2026-10-22,Booking.com,151,Standard King Room,v3
2026-09-16 15:15:58,VR Queen Street Auckland,2026-10-22,Official site,129,Open VR Queen Street - Hotel & Suites in a new tab.,v3
2026-09-16 15:15:58,VR Queen Street Auckland,2026-10-22,Super.com,129,,v3
2026-09-16 15:16:05,VR Auckland City,2026-10-22,Booking.com,157,Executive One-Bedroom Apartment,v3
2026-09-16 15:16:12,VR Queen Street Auckland,2026-10-23,Booking.com,214,,v3
2026-09-16 15:16:12,VR Queen Street Auckland,2026-10-23,Official site,181,Open VR Queen Street - Hotel & Suites in a new tab.,v3
2026-09-16 15:16:12,VR Queen Street Auckland,2026-10-23,Super.com,181,,v3
2026-09-17 07:38:37,VR Queen Street Auckland,2026-09-17,Booking.com,110,One-Bedroom Suite,v3
2026-09-17 07:38:37,VR Queen Street Auckland,2026-09-17,Official site,122,,v3
2026-09-17 07:38:37,VR Queen Street Auckland,2026-09-17,Super.com,94,,v3
2026-09-17 07:38:42,VR Auckland City,2026-09-17,Hotels.com,117,Studio Apartment,v3
2026-09-17 07:38:42,VR Auckland City,2026-09-17,Super.com,92,,v3
2026-09-17 07:38:47,VR Queen Street Auckland,2026-09-18,Booking.com,151,Standard King Room,v3
2026-09-17 07:38:47,VR Queen Street Auckland,2026-09-18,Hotels.com,146,,v3
2026-09-17 07:38:47,VR Queen Street Auckland,2026-09-18,Official site,167,,v3
2026-09-17 07:38:47,VR Queen Street Auckland,2026-09-18,Super.com,129,,v3
2026-09-17 07:38:52,VR Auckland City,2026-09-18,Booking.com,139,One-Bedroom Apartment,v3
2026-09-17 07:38:52,VR Auckland City,2026-09-18,Super.com,117,,v3
2026-09-17 07:38:57,VR Queen Street Auckland,2026-09-19,Booking.com,147,Standard King Room,v3
2026-09-17 07:38:57,VR Queen Street Auckland,2026-09-19,Hotels.com,140,,v3
2026-09-17 07:38:57,VR Queen Street Auckland,2026-09-19,Official site,162,,v3
2026-09-17 07:38:57,VR Queen Street Auckland,2026-09-19,Super.com,125,,v3
2026-09-17 07:39:02,VR Auckland City,2026-09-19,Agoda,145,,v3
2026-09-17 07:39:02,VR Auckland City,2026-09-19,Booking.com,135,Studio Apartment,v3
2026-09-17 07:39:02,VR Auckland City,2026-09-19,Expedia,145,,v3
2026-09-17 07:39:02,VR Auckland City,2026-09-19,Super.com,114,,v3
2026-09-17 07:39:10,VR Queen Street Auckland,2026-09-20,Booking.com,92,,v3
2026-09-17 07:39:10,VR Queen Street Auckland,2026-09-20,Hotels.com,102,Suite · Suite,v3
2026-09-17 07:39:10,VR Queen Street Auckland,2026-09-20,Official site,102,,v3
2026-09-17 07:39:10,VR Queen Street Auckland,2026-09-20,Super.com,85,,v3
2026-09-17 07:39:15,VR Auckland City,2026-09-20,Booking.com,108,Studio Apartment,v3
2026-09-17 07:39:15,VR Auckland City,2026-09-20,Super.com,85,,v3
2026-09-17 07:39:20,VR Queen Street Auckland,2026-09-21,Booking.com,92,Standard King Room,v3
2026-09-17 07:39:20,VR Queen Street Auckland,2026-09-21,Official site,78,Open VR Queen Street - Hotel & Suites in a new tab.,v3
2026-09-17 07:39:20,VR Queen Street Auckland,2026-09-21,Super.com,78,,v3
2026-09-17 07:39:28,VR Auckland City,2026-09-21,Booking.com,100,Studio Apartment,v3
2026-09-17 07:39:28,VR Auckland City,2026-09-21,Super.com,84,,v3
2026-09-17 07:39:32,VR Queen Street Auckland,2026-09-22,Booking.com,95,,v3
2026-09-17 07:39:32,VR Queen Street Auckland,2026-09-22,Hotels.com,91,Standard King Room,v3
2026-09-17 07:39:32,VR Queen Street Auckland,2026-09-22,Official site,105,,v3
2026-09-17 07:39:32,VR Queen Street Auckland,2026-09-22,Super.com,80,,v3
2026-09-17 07:39:38,VR Auckland City,2026-09-22,Booking.com,104,Studio Apartment,v3
2026-09-17 07:39:38,VR Auckland City,2026-09-22,Super.com,87,,v3
2026-09-17 07:39:43,VR Queen Street Auckland,2026-09-23,Booking.com,91,Standard King Room,v3
2026-09-17 07:39:43,VR Queen Street Auckland,2026-09-23,Official site,77,Open VR Queen Street - Hotel & Suites in a new tab.,v3
2026-09-17 07:39:43,VR Queen Street Auckland,2026-09-23,Super.com,77,,v3
2026-09-17 07:39:50,VR Auckland City,2026-09-23,Booking.com,104,Studio Apartment,v3
2026-09-17 07:39:50,VR Auckland City,2026-09-23,Super.com,87,,v3
2026-09-17 07:39:56,VR Queen Street Auckland,2026-09-24,Booking.com,91,Standard King Room,v3
2026-09-17 07:39:56,VR Queen Street Auckland,2026-09-24,Official site,101,,v3
2026-09-17 07:39:56,VR Queen Street Auckland,2026-09-24,Super.com,78,,v3
2026-09-17 07:40:01,VR Auckland City,2026-09-24,Booking.com,104,Studio Apartment,v3
2026-09-17 07:40:01,VR Auckland City,2026-09-24,Super.com,87,,v3
2026-09-17 07:40:07,VR Queen Street Auckland,2026-09-25,Booking.com,134,Standard King Room,v3
2026-09-17 07:40:07,VR Queen Street Auckland,2026-09-25,Official site,149,,v3
2026-09-17 07:40:07,VR Queen Street Auckland,2026-09-25,Super.com,114,,v3
2026-09-17 07:40:12,VR Auckland City,2026-09-25,Booking.com,139,,v3
2026-09-17 07:40:12,VR Auckland City,2026-09-25,Super.com,116,,v3
2026-09-17 07:40:16,VR Queen Street Auckland,2026-09-26,Booking.com,138,Standard King Room,v3
2026-09-17 07:40:16,VR Queen Street Auckland,2026-09-26,Official site,153,,v3
2026-09-17 07:40:16,VR Queen Street Auckland,2026-09-26,Super.com,122,,v3
2026-09-17 07:40:21,VR Auckland City,2026-09-26,Booking.com,194,Studio Apartment,v3
2026-09-17 07:40:21,VR Auckland City,2026-09-26,Super.com,162,,v3
2026-09-17 07:40:25,VR Queen Street Auckland,2026-09-27,Booking.com,94,Standard King Room,v3
2026-09-17 07:40:25,VR Queen Street Auckland,2026-09-27,Official site,80,Open VR Queen Street - Hotel & Suites in a new tab.,v3
2026-09-17 07:40:25,VR Queen Street Auckland,2026-09-27,Super.com,80,,v3
2026-09-17 07:40:32,VR Auckland City,2026-09-27,Booking.com,136,Studio Studio Apartment,v3
2026-09-17 07:40:32,VR Auckland City,2026-09-27,Super.com,109,,v3
2026-09-17 07:40:37,VR Queen Street Auckland,2026-09-28,Booking.com,94,Standard King Room,v3
2026-09-17 07:40:37,VR Queen Street Auckland,2026-09-28,Hotels.com,91,,v3
2026-09-17 07:40:37,VR Queen Street Auckland,2026-09-28,Official site,104,,v3
2026-09-17 07:40:37,VR Queen Street Auckland,2026-09-28,Super.com,79,,v3
2026-09-17 07:40:42,VR Auckland City,2026-09-28,Booking.com,108,Studio Apartment,v3
2026-09-17 07:40:42,VR Auckland City,2026-09-28,Super.com,86,,v3
2026-09-17 07:40:46,VR Queen Street Auckland,2026-09-29,Booking.com,94,,v3
2026-09-17 07:40:46,VR Queen Street Auckland,2026-09-29,Hotels.com,89,Standard King Room,v3
2026-09-17 07:40:46,VR Queen Street Auckland,2026-09-29,Official site,79,Open VR Queen Street - Hotel & Suites in a new tab.,v3
2026-09-17 07:40:46,VR Queen Street Auckland,2026-09-29,Super.com,79,,v3
2026-09-17 07:40:52,VR Auckland City,2026-09-29,Booking.com,104,,v3
2026-09-17 07:40:52,VR Auckland City,2026-09-29,Hotels.com,112,Studio Apartment,v3
2026-09-17 07:40:52,VR Auckland City,2026-09-29,Super.com,86,,v3
2026-09-17 07:40:59,VR Queen Street Auckland,2026-09-30,Booking.com,100,Standard King Room,v3
2026-09-17 07:40:59,VR Queen Street Auckland,2026-09-30,Official site,111,,v3
2026-09-17 07:40:59,VR Queen Street Auckland,2026-09-30,Super.com,85,,v3
2026-09-17 07:41:04,VR Auckland City,2026-09-30,Booking.com,104,,v3
2026-09-17 07:41:04,VR Auckland City,2026-09-30,Super.com,86,,v3
2026-09-17 07:41:08,VR Queen Street Auckland,2026-10-01,Booking.com,113,Standard King Room,v3
2026-09-17 07:41:08,VR Queen Street Auckland,2026-10-01,Official site,125,,v3
2026-09-17 07:41:08,VR Queen Street Auckland,2026-10-01,Super.com,96,,v3
2026-09-17 07:41:13,VR Auckland City,2026-10-01,Booking.com,109,Studio Apartment,v3
2026-09-17 07:41:13,VR Auckland City,2026-10-01,Super.com,91,,v3
2026-09-17 07:41:20,VR Queen Street Auckland,2026-10-02,Booking.com,130,Standard King Room,v3
2026-09-17 07:41:20,VR Queen Street Auckland,2026-10-02,Official site,144,,v3
2026-09-17 07:41:20,VR Queen Street Auckland,2026-10-02,Super.com,114,,v3
2026-09-17 07:41:20,VR Queen Street Auckland,2026-10-02,Wotif,114,Open VR Queen Street - Hotel & Suites in a new tab.,v3
2026-09-17 07:41:26,VR Auckland City,2026-10-02,Booking.com,135,Studio Apartment,v3
2026-09-17 07:41:26,VR Auckland City,2026-10-02,Super.com,111,,v3
2026-09-17 07:41:30,VR Queen Street Auckland,2026-10-03,Booking.com,142,Standard King Room,v3
2026-09-17 07:41:30,VR Queen Street Auckland,2026-10-03,Hotels.com,137,,v3
2026-09-17 07:41:30,VR Queen Street Auckland,2026-10-03,Official site,158,,v3
2026-09-17 07:41:30,VR Queen Street Auckland,2026-10-03,Super.com,120,,v3
2026-09-17 07:41:35,VR Auckland City,2026-10-03,Booking.com,155,Studio Apartment,v3
2026-09-17 07:41:41,VR Queen Street Auckland,2026-10-04,Booking.com,106,Standard King Room,v3
2026-09-17 07:41:41,VR Queen Street Auckland,2026-10-04,Official site,89,Open VR Queen Street - Hotel & Suites in a new tab.,v3
2026-09-17 07:41:41,VR Queen Street Auckland,2026-10-04,Super.com,89,,v3
2026-09-17 07:41:48,VR Auckland City,2026-10-04,Booking.com,139,Studio Apartment,v3
2026-09-17 07:41:48,VR Auckland City,2026-10-04,Super.com,107,,v3
2026-09-17 07:41:54,VR Queen Street Auckland,2026-10-05,Booking.com,106,Standard King Room,v3
2026-09-17 07:41:54,VR Queen Street Auckland,2026-10-05,Hotels.com,101,,v3
2026-09-17 07:41:54,VR Queen Street Auckland,2026-10-05,Official site,89,Open VR Queen Street - Hotel & Suites in a new tab.,v3
2026-09-17 07:41:54,VR Queen Street Auckland,2026-10-05,Super.com,89,,v3
2026-09-17 07:42:01,VR Auckland City,2026-10-05,Booking.com,84,,v3
2026-09-17 07:42:07,VR Queen Street Auckland,2026-10-06,Booking.com,106,,v3
2026-09-17 07:42:07,VR Queen Street Auckland,2026-10-06,Hotels.com,102,Standard King Room,v3
2026-09-17 07:42:07,VR Queen Street Auckland,2026-10-06,Official site,89,Open VR Queen Street - Hotel & Suites in a new tab.,v3
2026-09-17 07:42:07,VR Queen Street Auckland,2026-10-06,Super.com,89,,v3
2026-09-17 07:42:13,VR Auckland City,2026-10-06,Booking.com,139,Studio Apartment,v3
2026-09-17 07:42:13,VR Auckland City,2026-10-06,Super.com,107,,v3
2026-09-17 07:42:20,VR Queen Street Auckland,2026-10-07,Booking.com,85,Open VR Queen Street - Hotel & Suites in a new tab.,v3
2026-09-17 07:42:20,VR Queen Street Auckland,2026-10-07,Hotels.com,96,Standard King Room,v3
2026-09-17 07:42:20,VR Queen Street Auckland,2026-10-07,Official site,111,,v3
2026-09-17 07:42:20,VR Queen Street Auckland,2026-10-07,Super.com,85,,v3
2026-09-17 07:42:26,VR Auckland City,2026-10-07,Booking.com,129,,v3
2026-09-17 07:42:26,VR Auckland City,2026-10-07,Hotels.com,139,Studio Apartment,v3
2026-09-17 07:42:33,VR Queen Street Auckland,2026-10-08,Booking.com,134,Standard King Room,v3
2026-09-17 07:42:33,VR Queen Street Auckland,2026-10-08,Official site,114,Open VR Queen Street - Hotel & Suites in a new tab.,v3
2026-09-17 07:42:33,VR Queen Street Auckland,2026-10-08,Super.com,114,,v3
2026-09-17 07:42:39,VR Auckland City,2026-10-08,Booking.com,84,,v3
2026-09-17 07:42:39,VR Auckland City,2026-10-08,Hotels.com,185,One-Bedroom Apartment,v3
2026-09-17 07:42:39,VR Auckland City,2026-10-08,Super.com,141,,v3
2026-09-17 07:42:45,VR Queen Street Auckland,2026-10-09,Booking.com,225,Open VR Queen Street - Hotel & Suites in a new tab.,v3
2026-09-17 07:42:45,VR Queen Street Auckland,2026-10-09,Official site,292,,v3
2026-09-17 07:42:45,VR Queen Street Auckland,2026-10-09,Super.com,225,,v3
2026-09-17 07:42:52,VR Auckland City,2026-10-09,Booking.com,330,Executive One-Bedroom Apartment,v3
2026-09-17 07:42:56,VR Queen Street Auckland,2026-10-10,Booking.com,270,,v3
2026-09-17 07:42:56,VR Queen Street Auckland,2026-10-10,Hotels.com,263,Standard King Room,v3
2026-09-17 07:42:56,VR Queen Street Auckland,2026-10-10,Official site,228,Open VR Queen Street - Hotel & Suites in a new tab.,v3
2026-09-17 07:42:56,VR Queen Street Auckland,2026-10-10,Super.com,228,,v3
2026-09-17 07:43:03,VR Auckland City,2026-10-10,Booking.com,549,Studio Apartment,v3
2026-09-17 07:43:03,VR Auckland City,2026-10-10,Super.com,454,,v3
2026-09-17 07:43:09,VR Queen Street Auckland,2026-10-11,Booking.com,113,Standard King Room,v3
2026-09-17 07:43:09,VR Queen Street Auckland,2026-10-11,Official site,125,,v3
2026-09-17 07:43:09,VR Queen Street Auckland,2026-10-11,Super.com,95,,v3
2026-09-17 07:43:09,VR Queen Street Auckland,2026-10-11,Wotif,95,Open VR Queen Street - Hotel & Suites in a new tab.,v3
2026-09-17 07:43:16,VR Auckland City,2026-10-11,Booking.com,112,Studio Apartment,v3
2026-09-17 07:43:16,VR Auckland City,2026-10-11,Super.com,86,,v3
2026-09-17 07:43:22,VR Queen Street Auckland,2026-10-12,Booking.com,113,Standard King Room,v3
2026-09-17 07:43:22,VR Queen Street Auckland,2026-10-12,Official site,125,,v3
2026-09-17 07:43:22,VR Queen Street Auckland,2026-10-12,Super.com,96,,v3
2026-09-17 07:43:27,VR Auckland City,2026-10-12,Booking.com,131,Studio Apartment,v3
2026-09-17 07:43:27,VR Auckland City,2026-10-12,Super.com,101,,v3
2026-09-17 07:43:33,VR Queen Street Auckland,2026-10-13,Booking.com,113,,v3
2026-09-17 07:43:33,VR Queen Street Auckland,2026-10-13,Hotels.com,108,Standard King Room,v3
2026-09-17 07:43:33,VR Queen Street Auckland,2026-10-13,Official site,96,Open VR Queen Street - Hotel & Suites in a new tab.,v3
2026-09-17 07:43:33,VR Queen Street Auckland,2026-10-13,Super.com,96,,v3
2026-09-17 07:43:39,VR Auckland City,2026-10-13,Booking.com,113,,v3
2026-09-17 07:43:39,VR Auckland City,2026-10-13,Super.com,90,,v3
2026-09-17 07:43:46,VR Queen Street Auckland,2026-10-14,Booking.com,96,Open VR Queen Street - Hotel & Suites in a new tab.,v3
2026-09-17 07:43:46,VR Queen Street Auckland,2026-10-14,Official site,125,,v3
2026-09-17 07:43:46,VR Queen Street Auckland,2026-10-14,Super.com,96,,v3
2026-09-17 07:43:52,VR Auckland City,2026-10-14,Booking.com,117,Studio Apartment,v3
2026-09-17 07:43:52,VR Auckland City,2026-10-14,Super.com,92,,v3
2026-09-17 07:43:58,VR Queen Street Auckland,2026-10-15,Booking.com,113,Standard King Room,v3
2026-09-17 07:43:58,VR Queen Street Auckland,2026-10-15,Official site,125,,v3
2026-09-17 07:43:58,VR Queen Street Auckland,2026-10-15,Super.com,96,,v3
2026-09-17 07:43:58,VR Queen Street Auckland,2026-10-15,Wotif,96,Open VR Queen Street - Hotel & Suites in a new tab.,v3
2026-09-17 07:44:05,VR Auckland City,2026-10-15,Booking.com,117,One-Bedroom Apartment,v3
2026-09-17 07:44:05,VR Auckland City,2026-10-15,Super.com,98,,v3
2026-09-17 07:44:05,VR Auckland City,2026-10-15,Wotif,84,ibis budget Auckland Central - Double Studio,v3
2026-09-17 07:44:11,VR Queen Street Auckland,2026-10-16,Booking.com,155,,v3
2026-09-17 07:44:11,VR Queen Street Auckland,2026-10-16,Hotels.com,150,Standard King Room,v3
2026-09-17 07:44:11,VR Queen Street Auckland,2026-10-16,Official site,132,Open VR Queen Street - Hotel & Suites in a new tab.,v3
2026-09-17 07:44:11,VR Queen Street Auckland,2026-10-16,Super.com,132,,v3
2026-09-17 07:44:17,VR Auckland City,2026-10-16,Booking.com,198,,v3
2026-09-17 07:44:17,VR Auckland City,2026-10-16,Super.com,142,,v3
2026-09-17 07:44:23,VR Queen Street Auckland,2026-10-17,Booking.com,213,Open VR Queen Street - Hotel & Suites in a new tab.,v3
2026-09-17 07:44:23,VR Queen Street Auckland,2026-10-17,Hotels.com,242,Standard King Room,v3
2026-09-17 07:44:23,VR Queen Street Auckland,2026-10-17,Official site,278,,v3
2026-09-17 07:44:23,VR Queen Street Auckland,2026-10-17,Super.com,213,,v3
2026-09-17 07:44:29,VR Auckland City,2026-10-17,Booking.com,639,Deluxe Family Room,v3
2026-09-17 07:44:29,VR Auckland City,2026-10-17,Super.com,541,,v3
2026-09-17 07:44:34,VR Queen Street Auckland,2026-10-18,Booking.com,121,Standard King Room,v3
2026-09-17 07:44:34,VR Queen Street Auckland,2026-10-18,Official site,104,Open VR Queen Street - Hotel & Suites in a new tab.,v3
2026-09-17 07:44:34,VR Queen Street Auckland,2026-10-18,Super.com,104,,v3
2026-09-17 07:44:41,VR Auckland City,2026-10-18,Booking.com,149,,v3
2026-09-17 07:44:45,VR Queen Street Auckland,2026-10-19,Booking.com,121,,v3
2026-09-17 07:44:45,VR Queen Street Auckland,2026-10-19,Hotels.com,116,Standard King Room,v3
2026-09-17 07:44:45,VR Queen Street Auckland,2026-10-19,Official site,103,Open VR Queen Street - Hotel & Suites in a new tab.,v3
2026-09-17 07:44:45,VR Queen Street Auckland,2026-10-19,Super.com,103,,v3
2026-09-17 07:44:52,VR Auckland City,2026-10-19,Booking.com,183,,v3
2026-09-17 07:44:52,VR Auckland City,2026-10-19,Super.com,143,,v3
2026-09-17 07:44:58,VR Queen Street Auckland,2026-10-20,Booking.com,184,Standard King Room,v3
2026-09-17 07:44:58,VR Queen Street Auckland,2026-10-20,Official site,204,,v3
2026-09-17 07:44:58,VR Queen Street Auckland,2026-10-20,Super.com,156,,v3
2026-09-17 07:45:03,VR Auckland City,2026-10-20,Booking.com,199,One-Bedroom Apartment,v3
2026-09-17 07:45:03,VR Auckland City,2026-10-20,Super.com,153,,v3
2026-09-17 07:45:09,VR Queen Street Auckland,2026-10-21,Booking.com,184,,v3
2026-09-17 07:45:09,VR Queen Street Auckland,2026-10-21,Hotels.com,180,Standard King Room,v3
2026-09-17 07:45:09,VR Queen Street Auckland,2026-10-21,Official site,158,Open VR Queen Street - Hotel & Suites in a new tab.,v3
2026-09-17 07:45:09,VR Queen Street Auckland,2026-10-21,Super.com,158,,v3
2026-09-17 07:45:15,VR Auckland City,2026-10-21,Booking.com,169,Studio Apartment,v3
2026-09-17 07:45:15,VR Auckland City,2026-10-21,Super.com,130,,v3
2026-09-17 07:45:21,VR Queen Street Auckland,2026-10-22,Booking.com,151,,v3
2026-09-17 07:45:21,VR Queen Street Auckland,2026-10-22,Hotels.com,146,Standard King Room,v3
2026-09-17 07:45:21,VR Queen Street Auckland,2026-10-22,Official site,129,Open VR Queen Street - Hotel & Suites in a new tab.,v3
2026-09-17 07:45:21,VR Queen Street Auckland,2026-10-22,Super.com,129,,v3
2026-09-17 07:45:28,VR Auckland City,2026-10-22,Booking.com,193,Studio Apartment,v3
2026-09-17 07:45:28,VR Auckland City,2026-10-22,Super.com,118,,v3
2026-09-17 07:45:34,VR Queen Street Auckland,2026-10-23,Booking.com,214,,v3
2026-09-17 07:45:34,VR Queen Street Auckland,2026-10-23,Hotels.com,208,Standard King Room,v3
2026-09-17 07:45:34,VR Queen Street Auckland,2026-10-23,Official site,121,Lovely apartment with WiFi in vibrant central Auckland,v3
2026-09-17 07:45:34,VR Queen Street Auckland,2026-10-23,Super.com,182,,v3
2026-09-17 07:45:41,VR Auckland City,2026-10-23,Booking.com,426,Executive One-Bedroom Apartment,v3
2026-09-17 07:45:47,VR Queen Street Auckland,2026-10-24,Booking.com,230,Standard King Room,v3
2026-09-17 07:45:47,VR Queen Street Auckland,2026-10-24,Official site,197,Open VR Queen Street - Hotel & Suites in a new tab.,v3
2026-09-17 07:45:47,VR Queen Street Auckland,2026-10-24,Super.com,197,,v3
2026-09-17 07:45:53,VR Auckland City,2026-10-24,Agoda,347,,v3
2026-09-17 07:45:53,VR Auckland City,2026-10-24,Booking.com,323,One-Bedroom Apartment,v3
2026-09-17 07:45:53,VR Auckland City,2026-10-24,Wotif,102,Penthouse - One-Bedroom Apartment,v3
2026-09-17 07:45:59,VR Queen Street Auckland,2026-10-25,Booking.com,250,Standard King Room,v3
2026-09-17 07:45:59,VR Queen Street Auckland,2026-10-25,Official site,224,Open VR Queen Street - Hotel & Suites in a new tab.,v3
2026-09-17 07:45:59,VR Queen Street Auckland,2026-10-25,Super.com,224,,v3
2026-09-17 07:46:06,VR Auckland City,2026-10-25,Booking.com,127,Studio Apartment,v3
2026-09-17 07:46:12,VR Queen Street Auckland,2026-10-26,Booking.com,113,,v3
2026-09-17 07:46:12,VR Queen Street Auckland,2026-10-26,Hotels.com,108,Standard King Room,v3
2026-09-17 07:46:12,VR Queen Street Auckland,2026-10-26,Official site,98,Open VR Queen Street - Hotel & Suites in a new tab.,v3
2026-09-17 07:46:12,VR Queen Street Auckland,2026-10-26,Super.com,98,,v3
2026-09-17 07:46:19,VR Auckland City,2026-10-26,Booking.com,119,Studio Apartment,v3
2026-09-17 07:46:19,VR Auckland City,2026-10-26,Super.com,90,,v3
2026-09-17 07:46:25,VR Queen Street Auckland,2026-10-27,Booking.com,113,Standard King Room,v3
2026-09-17 07:46:25,VR Queen Street Auckland,2026-10-27,Official site,97,Open VR Queen Street - Hotel & Suites in a new tab.,v3
2026-09-17 07:46:25,VR Queen Street Auckland,2026-10-27,Super.com,97,,v3
2026-09-17 07:46:31,VR Auckland City,2026-10-27,Booking.com,119,,v3
2026-09-17 07:46:31,VR Auckland City,2026-10-27,Super.com,91,,v3
2026-09-17 07:46:38,VR Queen Street Auckland,2026-10-28,Booking.com,113,Standard King Room,v3
2026-09-17 07:46:38,VR Queen Street Auckland,2026-10-28,Official site,125,,v3
2026-09-17 07:46:38,VR Queen Street Auckland,2026-10-28,Super.com,96,,v3
2026-09-17 07:46:38,VR Queen Street Auckland,2026-10-28,Wotif,96,Open VR Queen Street - Hotel & Suites in a new tab.,v3
2026-09-17 07:46:44,VR Auckland City,2026-10-28,Booking.com,119,Studio Apartment,v3
2026-09-17 07:46:44,VR Auckland City,2026-10-28,Super.com,90,,v3
2026-09-17 07:46:51,VR Queen Street Auckland,2026-10-29,Booking.com,113,Standard King Room,v3
2026-09-17 07:46:51,VR Queen Street Auckland,2026-10-29,Hotels.com,122,,v3
2026-09-17 07:46:51,VR Queen Street Auckland,2026-10-29,Official site,97,Open VR Queen Street - Hotel & Suites in a new tab.,v3
2026-09-17 07:46:51,VR Queen Street Auckland,2026-10-29,Super.com,97,,v3
2026-09-17 07:46:57,VR Auckland City,2026-10-29,Booking.com,119,,v3
2026-09-17 07:46:57,VR Auckland City,2026-10-29,Super.com,90,,v3
2026-09-17 07:47:02,VR Queen Street Auckland,2026-10-30,Booking.com,151,Standard King Room,v3
2026-09-17 07:47:02,VR Queen Street Auckland,2026-10-30,Official site,133,Open VR Queen Street - Hotel & Suites in a new tab.,v3
2026-09-17 07:47:02,VR Queen Street Auckland,2026-10-30,Super.com,133,,v3
2026-09-17 07:47:08,VR Auckland City,2026-10-30,Booking.com,142,Studio Apartment,v3
2026-09-17 07:47:08,VR Auckland City,2026-10-30,Super.com,110,,v3
2026-09-17 07:47:15,VR Queen Street Auckland,2026-10-31,Booking.com,151,,v3
2026-09-17 07:47:15,VR Queen Street Auckland,2026-10-31,Hotels.com,146,Standard King Room,v3
2026-09-17 07:47:15,VR Queen Street Auckland,2026-10-31,Official site,120,Open VR Queen Street - Hotel & Suites in a new tab.,v3
2026-09-17 07:47:15,VR Queen Street Auckland,2026-10-31,Super.com,120,,v3
2026-09-17 07:47:21,VR Auckland City,2026-10-31,Booking.com,214,Studio Apartment,v3
2026-09-17 07:47:21,VR Auckland City,2026-10-31,Super.com,126,,v3
2026-09-17 07:47:27,VR Queen Street Auckland,2026-11-01,Booking.com,126,,v3
2026-09-17 07:47:27,VR Queen Street Auckland,2026-11-01,Hotels.com,120,Standard King Room,v3
2026-09-17 07:47:27,VR Queen Street Auckland,2026-11-01,Official site,99,Open VR Queen Street - Hotel & Suites in a new tab.,v3
2026-09-17 07:47:27,VR Queen Street Auckland,2026-11-01,Super.com,99,,v3
2026-09-17 07:47:33,VR Auckland City,2026-11-01,Booking.com,180,,v3
2026-09-17 07:47:33,VR Auckland City,2026-11-01,Super.com,120,,v3
2026-09-17 07:47:40,VR Queen Street Auckland,2026-11-02,Booking.com,126,Standard King Room,v3
2026-09-17 07:47:40,VR Queen Street Auckland,2026-11-02,Official site,100,Open VR Queen Street - Hotel & Suites in a new tab.,v3
2026-09-17 07:47:40,VR Queen Street Auckland,2026-11-02,Super.com,100,,v3
2026-09-17 07:47:46,VR Auckland City,2026-11-02,Booking.com,107,,v3
2026-09-17 07:47:52,VR Queen Street Auckland,2026-11-03,Booking.com,126,,v3
2026-09-17 07:47:52,VR Queen Street Auckland,2026-11-03,Hotels.com,120,Standard King Room,v3
2026-09-17 07:47:52,VR Queen Street Auckland,2026-11-03,Official site,100,Open VR Queen Street - Hotel & Suites in a new tab.,v3
2026-09-17 07:47:52,VR Queen Street Auckland,2026-11-03,Super.com,100,,v3
2026-09-17 07:47:58,VR Auckland City,2026-11-03,Booking.com,169,Studio Apartment,v3
2026-09-17 07:47:58,VR Auckland City,2026-11-03,Super.com,118,,v3
2026-09-17 07:48:04,VR Queen Street Auckland,2026-11-04,Booking.com,167,Standard King Room,v3
2026-09-17 07:48:04,VR Queen Street Auckland,2026-11-04,Official site,131,Open VR Queen Street - Hotel & Suites in a new tab.,v3
2026-09-17 07:48:04,VR Queen Street Auckland,2026-11-04,Super.com,131,,v3
2026-09-17 07:48:11,VR Auckland City,2026-11-04,Booking.com,180,Studio Apartment,v3
2026-09-17 07:48:17,VR Queen Street Auckland,2026-11-05,Booking.com,184,Standard King Room,v3
2026-09-17 07:48:17,VR Queen Street Auckland,2026-11-05,Official site,144,Open VR Queen Street - Hotel & Suites in a new tab.,v3
2026-09-17 07:48:17,VR Queen Street Auckland,2026-11-05,Super.com,144,,v3
2026-09-17 07:48:23,VR Auckland City,2026-11-05,Booking.com,272,Studio Apartment,v3
2026-09-17 07:48:29,VR Queen Street Auckland,2026-11-06,Booking.com,148,Open VR Queen Street - Hotel & Suites in a new tab.,v3
2026-09-17 07:48:29,VR Queen Street Auckland,2026-11-06,Official site,204,,v3
2026-09-17 07:48:29,VR Queen Street Auckland,2026-11-06,Super.com,148,,v3
2026-09-17 07:48:36,VR Auckland City,2026-11-06,Booking.com,383,Studio Apartment,v3
2026-09-17 07:48:42,VR Queen Street Auckland,2026-11-07,Booking.com,360,One-Bedroom Suite,v3
2026-09-17 07:48:42,VR Queen Street Auckland,2026-11-07,Official site,281,Open VR Queen Street - Hotel & Suites in a new tab.,v3
2026-09-17 07:48:42,VR Queen Street Auckland,2026-11-07,Super.com,281,,v3
2026-09-17 07:48:49,VR Auckland City,2026-11-07,Bluepillow,535,,v3
2026-09-17 07:48:49,VR Auckland City,2026-11-07,Booking.com,598,Deluxe Family Room,v3
2026-09-17 07:48:49,VR Auckland City,2026-11-07,Hotels.com,643,,v3
2026-09-17 07:48:49,VR Auckland City,2026-11-07,Super.com,493,,v3
2026-09-17 07:48:55,VR Queen Street Auckland,2026-11-08,Booking.com,293,,v3
2026-09-17 07:48:55,VR Queen Street Auckland,2026-11-08,Official site,231,Open VR Queen Street - Hotel & Suites in a new tab.,v3
2026-09-17 07:48:55,VR Queen Street Auckland,2026-11-08,Super.com,231,,v3
2026-09-17 07:49:02,VR Auckland City,2026-11-08,Booking.com,316,,v3
2026-09-17 07:49:02,VR Auckland City,2026-11-08,Wotif,176,Pullman Auckland Hotel & Apartments,v3
2026-09-17 07:49:09,VR Queen Street Auckland,2026-11-09,Booking.com,209,Standard King Room,v3
2026-09-17 07:49:09,VR Queen Street Auckland,2026-11-09,Official site,232,,v3
2026-09-17 07:49:09,VR Queen Street Auckland,2026-11-09,Super.com,165,,v3
2026-09-17 07:49:13,VR Auckland City,2026-11-09,Booking.com,218,Studio Apartment,v3
2026-09-17 07:49:13,VR Auckland City,2026-11-09,Super.com,118,,v3
2026-09-17 07:49:19,VR Queen Street Auckland,2026-11-10,Booking.com,130,Standard King Room,v3
2026-09-17 07:49:19,VR Queen Street Auckland,2026-11-10,Official site,102,Open VR Queen Street - Hotel & Suites in a new tab.,v3
2026-09-17 07:49:19,VR Queen Street Auckland,2026-11-10,Super.com,102,,v3
2026-09-17 07:49:25,VR Auckland City,2026-11-10,Booking.com,107,City Gardens Apartments,v3
2026-09-17 07:49:25,VR Auckland City,2026-11-10,Super.com,119,,v3
2026-09-17 07:49:31,VR Queen Street Auckland,2026-11-11,Booking.com,188,,v3
2026-09-17 07:49:31,VR Queen Street Auckland,2026-11-11,Hotels.com,182,Standard King Room,v3
2026-09-17 07:49:31,VR Queen Street Auckland,2026-11-11,Official site,148,Open VR Queen Street - Hotel & Suites in a new tab.,v3
2026-09-17 07:49:31,VR Queen Street Auckland,2026-11-11,Super.com,148,,v3
2026-09-17 07:49:37,VR Auckland City,2026-11-11,Booking.com,224,One-Bedroom Apartment,v3
2026-09-17 07:49:37,VR Auckland City,2026-11-11,Super.com,117,,v3
2026-09-17 07:49:44,VR Queen Street Auckland,2026-11-12,Booking.com,188,,v3
2026-09-17 07:49:44,VR Queen Street Auckland,2026-11-12,Hotels.com,182,Standard King Room,v3
2026-09-17 07:49:44,VR Queen Street Auckland,2026-11-12,Official site,148,Open VR Queen Street - Hotel & Suites in a new tab.,v3
2026-09-17 07:49:44,VR Queen Street Auckland,2026-11-12,Super.com,148,,v3
2026-09-17 07:49:50,VR Auckland City,2026-11-12,Booking.com,168,Studio Apartment,v3
2026-09-17 07:49:50,VR Auckland City,2026-11-12,Super.com,117,,v3
2026-09-17 07:49:57,VR Queen Street Auckland,2026-11-13,Booking.com,167,Standard King Room,v3
2026-09-17 07:49:57,VR Queen Street Auckland,2026-11-13,Official site,185,,v3
2026-09-17 07:49:57,VR Queen Street Auckland,2026-11-13,Super.com,132,,v3
2026-09-17 07:50:01,VR Auckland City,2026-11-13,Booking.com,230,Studio Apartment,v3
2026-09-17 07:50:01,VR Auckland City,2026-11-13,Super.com,118,,v3
2026-09-17 07:50:07,VR Queen Street Auckland,2026-11-14,Booking.com,167,Standard King Room,v3
2026-09-17 07:50:07,VR Queen Street Auckland,2026-11-14,Official site,132,Open VR Queen Street - Hotel & Suites in a new tab.,v3
2026-09-17 07:50:07,VR Queen Street Auckland,2026-11-14,Super.com,132,,v3
2026-09-17 07:50:14,VR Auckland City,2026-11-14,Booking.com,295,Studio Apartment,v3
2026-09-17 07:50:14,VR Auckland City,2026-11-14,Super.com,122,,v3
2026-09-17 07:50:20,VR Queen Street Auckland,2026-11-15,Booking.com,134,Standard King Room,v3
2026-09-17 07:50:20,VR Queen Street Auckland,2026-11-15,Official site,108,Open VR Queen Street - Hotel & Suites in a new tab.,v3
2026-09-17 07:50:20,VR Queen Street Auckland,2026-11-15,Super.com,108,,v3
2026-09-17 07:50:26,VR Auckland City,2026-11-15,Booking.com,200,Studio Apartment,v3
2026-09-17 07:50:32,VR Queen Street Auckland,2026-11-16,Booking.com,134,,v3
2026-09-17 07:50:32,VR Queen Street Auckland,2026-11-16,Hotels.com,144,Standard King Room,v3
2026-09-17 07:50:32,VR Queen Street Auckland,2026-11-16,Official site,149,,v3
2026-09-17 07:50:32,VR Queen Street Auckland,2026-11-16,Super.com,107,,v3
2026-09-17 07:50:37,VR Auckland City,2026-11-16,Bluepillow,134,,v3
2026-09-17 07:50:37,VR Auckland City,2026-11-16,Booking.com,223,,v3
2026-09-17 07:50:37,VR Auckland City,2026-11-16,Hotels.com,157,One-Bedroom Apartment,v3
2026-09-17 07:50:37,VR Auckland City,2026-11-16,Super.com,121,,v3
2026-09-17 07:50:43,VR Queen Street Auckland,2026-11-17,Booking.com,134,Standard King Room,v3
2026-09-17 07:50:43,VR Queen Street Auckland,2026-11-17,Official site,104,Open VR Queen Street - Hotel & Suites in a new tab.,v3
2026-09-17 07:50:43,VR Queen Street Auckland,2026-11-17,Super.com,104,,v3
2026-09-17 07:50:49,VR Auckland City,2026-11-17,Booking.com,246,Studio Apartment,v3
2026-09-17 07:50:49,VR Auckland City,2026-11-17,Super.com,120,,v3
2026-09-17 08:08:37,VR Queen Street Auckland,2026-09-17,Official site,122,,v3
2026-09-17 08:08:37,VR Queen Street Auckland,2026-09-17,Super.com,93,,v3
2026-09-17 08:08:42,VR Auckland City,2026-09-17,Super.com,92,,v3
2026-09-17 08:08:47,VR Queen Street Auckland,2026-09-18,Official site,167,,v3
2026-09-17 08:08:47,VR Queen Street Auckland,2026-09-18,Super.com,130,,v3
2026-09-17 08:08:52,VR Auckland City,2026-09-18,Super.com,116,,v3
2026-09-17 08:08:57,VR Queen Street Auckland,2026-09-19,Official site,162,,v3
2026-09-17 08:08:57,VR Queen Street Auckland,2026-09-19,Super.com,125,,v3
2026-09-17 08:09:02,VR Auckland City,2026-09-19,Expedia,145,,v3
2026-09-17 08:09:02,VR Auckland City,2026-09-19,Super.com,114,,v3
2026-09-17 08:09:07,VR Queen Street Auckland,2026-09-20,Official site,85,Open VR Queen Street - Hotel & Suites in a new tab.,v3
2026-09-17 08:09:07,VR Queen Street Auckland,2026-09-20,Super.com,85,,v3
2026-09-17 08:09:15,VR Auckland City,2026-09-20,Super.com,85,,v3
2026-09-17 08:09:19,VR Queen Street Auckland,2026-09-21,Official site,102,,v3
2026-09-17 08:09:19,VR Queen Street Auckland,2026-09-21,Super.com,78,,v3
2026-09-17 08:09:24,VR Auckland City,2026-09-21,Super.com,84,,v3
2026-09-17 08:09:29,VR Queen Street Auckland,2026-09-22,Official site,105,,v3
2026-09-17 08:09:29,VR Queen Street Auckland,2026-09-22,Super.com,80,,v3
2026-09-17 08:09:34,VR Auckland City,2026-09-22,Super.com,87,,v3
2026-09-17 08:09:39,VR Queen Street Auckland,2026-09-23,Official site,101,,v3
2026-09-17 08:09:39,VR Queen Street Auckland,2026-09-23,Super.com,77,,v3
2026-09-17 08:09:44,VR Auckland City,2026-09-23,Super.com,87,,v3
2026-09-17 08:09:48,VR Queen Street Auckland,2026-09-24,Official site,101,,v3
2026-09-17 08:09:48,VR Queen Street Auckland,2026-09-24,Super.com,77,,v3
2026-09-17 08:09:53,VR Auckland City,2026-09-24,Super.com,86,,v3
2026-09-17 08:09:59,VR Queen Street Auckland,2026-09-25,Official site,149,,v3
2026-09-17 08:09:59,VR Queen Street Auckland,2026-09-25,Super.com,113,,v3
2026-09-17 08:10:04,VR Auckland City,2026-09-25,Super.com,115,,v3
2026-09-17 08:10:11,VR Queen Street Auckland,2026-09-26,Official site,122,Open VR Queen Street - Hotel & Suites in a new tab.,v3
2026-09-17 08:10:11,VR Queen Street Auckland,2026-09-26,Super.com,122,,v3
2026-09-17 08:10:18,VR Auckland City,2026-09-26,Super.com,162,,v3
2026-09-17 08:10:22,VR Queen Street Auckland,2026-09-27,Official site,104,,v3
2026-09-17 08:10:22,VR Queen Street Auckland,2026-09-27,Super.com,80,,v3
2026-09-17 08:10:27,VR Auckland City,2026-09-27,Super.com,109,,v3
2026-09-17 08:10:31,VR Queen Street Auckland,2026-09-28,Official site,80,Open VR Queen Street - Hotel & Suites in a new tab.,v3
2026-09-17 08:10:31,VR Queen Street Auckland,2026-09-28,Super.com,80,,v3
2026-09-17 08:10:38,VR Auckland City,2026-09-28,Super.com,84,,v3
2026-09-17 08:10:43,VR Queen Street Auckland,2026-09-29,Official site,79,Open VR Queen Street - Hotel & Suites in a new tab.,v3
2026-09-17 08:10:43,VR Queen Street Auckland,2026-09-29,Super.com,79,,v3
2026-09-17 08:10:49,VR Auckland City,2026-09-29,Super.com,86,,v3
2026-09-17 08:10:54,VR Queen Street Auckland,2026-09-30,Official site,111,,v3
2026-09-17 08:10:54,VR Queen Street Auckland,2026-09-30,Super.com,85,,v3
2026-09-17 08:10:58,VR Auckland City,2026-09-30,Super.com,86,,v3
2026-09-17 08:11:03,VR Queen Street Auckland,2026-10-01,Official site,96,Open VR Queen Street - Hotel & Suites in a new tab.,v3
2026-09-17 08:11:03,VR Queen Street Auckland,2026-10-01,Super.com,96,,v3
2026-09-17 08:11:09,VR Auckland City,2026-10-01,Super.com,91,,v3
2026-09-17 08:11:15,VR Queen Street Auckland,2026-10-02,Official site,144,,v3
2026-09-17 08:11:15,VR Queen Street Auckland,2026-10-02,Super.com,111,,v3
2026-09-17 08:11:15,VR Queen Street Auckland,2026-10-02,Wotif,111,Open VR Queen Street - Hotel & Suites in a new tab.,v3
2026-09-17 08:11:22,VR Auckland City,2026-10-02,Super.com,113,,v3
2026-09-17 08:11:22,VR Auckland City,2026-10-02,Wotif,102,ibis budget Auckland Central - Double Studio,v3
2026-09-17 08:11:28,VR Queen Street Auckland,2026-10-03,Official site,120,Open VR Queen Street - Hotel & Suites in a new tab.,v3
2026-09-17 08:11:28,VR Queen Street Auckland,2026-10-03,Super.com,120,,v3
2026-09-17 08:11:35,VR Auckland City,2026-10-03,Super.com,129,,v3
2026-09-17 08:11:39,VR Queen Street Auckland,2026-10-04,Official site,89,Open VR Queen Street - Hotel & Suites in a new tab.,v3
2026-09-17 08:11:39,VR Queen Street Auckland,2026-10-04,Super.com,89,,v3
2026-09-17 08:11:46,VR Auckland City,2026-10-04,Super.com,107,,v3
2026-09-17 08:11:51,VR Queen Street Auckland,2026-10-05,Booking.com,89,Open VR Queen Street - Hotel & Suites in a new tab.,v3
2026-09-17 08:11:51,VR Queen Street Auckland,2026-10-05,Official site,117,,v3
2026-09-17 08:11:51,VR Queen Street Auckland,2026-10-05,Super.com,89,,v3
2026-09-17 08:11:57,VR Auckland City,2026-10-05,Booking.com,139,,v3
2026-09-17 08:12:01,VR Queen Street Auckland,2026-10-06,Official site,117,,v3
2026-09-17 08:12:01,VR Queen Street Auckland,2026-10-06,Super.com,89,,v3
2026-09-17 08:12:06,VR Auckland City,2026-10-06,Booking.com,84,,v3
2026-09-17 08:12:06,VR Auckland City,2026-10-06,Super.com,108,,v3
2026-09-17 08:12:13,VR Queen Street Auckland,2026-10-07,Booking.com,85,Open VR Queen Street - Hotel & Suites in a new tab.,v3
2026-09-17 08:12:13,VR Queen Street Auckland,2026-10-07,Official site,111,,v3
2026-09-17 08:12:13,VR Queen Street Auckland,2026-10-07,Super.com,85,,v3
2026-09-17 08:12:19,VR Auckland City,2026-10-07,Booking.com,84,ibis budget Auckland Central - Double Studio,v3
2026-09-17 08:12:25,VR Queen Street Auckland,2026-10-08,Official site,114,Open VR Queen Street - Hotel & Suites in a new tab.,v3
2026-09-17 08:12:25,VR Queen Street Auckland,2026-10-08,Super.com,114,,v3
2026-09-17 08:12:32,VR Auckland City,2026-10-08,Super.com,141,,v3
2026-09-17 08:12:38,VR Queen Street Auckland,2026-10-09,Official site,225,Open VR Queen Street - Hotel & Suites in a new tab.,v3
2026-09-17 08:12:38,VR Queen Street Auckland,2026-10-09,Super.com,225,,v3
2026-09-17 08:12:44,VR Auckland City,2026-10-09,Booking.com,330,,v3
2026-09-17 08:12:49,VR Queen Street Auckland,2026-10-10,Official site,299,,v3
2026-09-17 08:12:49,VR Queen Street Auckland,2026-10-10,Super.com,228,,v3
2026-09-17 08:12:53,VR Auckland City,2026-10-10,Booking.com,102,,v3
2026-09-17 08:12:53,VR Auckland City,2026-10-10,Super.com,454,,v3
2026-09-17 08:12:59,VR Queen Street Auckland,2026-10-11,Official site,125,,v3
2026-09-17 08:12:59,VR Queen Street Auckland,2026-10-11,Super.com,95,,v3
2026-09-17 08:13:04,VR Auckland City,2026-10-11,Super.com,86,,v3
2026-09-17 08:13:11,VR Queen Street Auckland,2026-10-12,Official site,96,Open VR Queen Street - Hotel & Suites in a new tab.,v3
2026-09-17 08:13:11,VR Queen Street Auckland,2026-10-12,Super.com,96,,v3
2026-09-17 08:13:17,VR Auckland City,2026-10-12,Super.com,101,,v3
2026-09-17 08:13:24,VR Queen Street Auckland,2026-10-13,Official site,96,Open VR Queen Street - Hotel & Suites in a new tab.,v3
2026-09-17 08:13:24,VR Queen Street Auckland,2026-10-13,Super.com,96,,v3
2026-09-17 08:13:30,VR Auckland City,2026-10-13,Super.com,90,,v3
2026-09-17 08:13:35,VR Queen Street Auckland,2026-10-14,Booking.com,96,Open VR Queen Street - Hotel & Suites in a new tab.,v3
2026-09-17 08:13:35,VR Queen Street Auckland,2026-10-14,Official site,125,,v3
2026-09-17 08:13:35,VR Queen Street Auckland,2026-10-14,Super.com,96,,v3
2026-09-17 08:13:41,VR Auckland City,2026-10-14,Super.com,92,,v3
2026-09-17 08:13:47,VR Queen Street Auckland,2026-10-15,Official site,125,,v3
2026-09-17 08:13:47,VR Queen Street Auckland,2026-10-15,Super.com,96,,v3
2026-09-17 08:13:47,VR Queen Street Auckland,2026-10-15,Wotif,96,Open VR Queen Street - Hotel & Suites in a new tab.,v3
2026-09-17 08:13:54,VR Auckland City,2026-10-15,Super.com,98,,v3
2026-09-17 08:13:54,VR Auckland City,2026-10-15,Wotif,84,ibis budget Auckland Central - Double Studio,v3
2026-09-17 08:14:00,VR Queen Street Auckland,2026-10-16,Official site,172,,v3
2026-09-17 08:14:00,VR Queen Street Auckland,2026-10-16,Super.com,132,,v3
2026-09-17 08:14:05,VR Auckland City,2026-10-16,Expedia,185,,v3
2026-09-17 08:14:11,VR Queen Street Auckland,2026-10-17,Official site,213,Open VR Queen Street - Hotel & Suites in a new tab.,v3
2026-09-17 08:14:11,VR Queen Street Auckland,2026-10-17,Super.com,213,,v3
2026-09-17 08:14:17,VR Auckland City,2026-10-17,Super.com,541,,v3
2026-09-17 08:14:22,VR Queen Street Auckland,2026-10-18,Official site,104,Open VR Queen Street - Hotel & Suites in a new tab.,v3
2026-09-17 08:14:22,VR Queen Street Auckland,2026-10-18,Super.com,104,,v3
2026-09-17 08:14:29,VR Auckland City,2026-10-18,Booking.com,149,,v3
2026-09-17 08:14:35,VR Queen Street Auckland,2026-10-19,Official site,103,Open VR Queen Street - Hotel & Suites in a new tab.,v3
2026-09-17 08:14:35,VR Queen Street Auckland,2026-10-19,Super.com,103,,v3
2026-09-17 08:14:41,VR Auckland City,2026-10-19,Super.com,143,,v3
2026-09-17 08:14:46,VR Queen Street Auckland,2026-10-20,Official site,156,Open VR Queen Street - Hotel & Suites in a new tab.,v3
2026-09-17 08:14:46,VR Queen Street Auckland,2026-10-20,Super.com,156,,v3
2026-09-17 08:14:52,VR Auckland City,2026-10-20,Super.com,153,,v3
2026-09-17 08:14:58,VR Queen Street Auckland,2026-10-21,Booking.com,158,Open VR Queen Street - Hotel & Suites in a new tab.,v3
2026-09-17 08:14:58,VR Queen Street Auckland,2026-10-21,Official site,204,,v3
2026-09-17 08:14:58,VR Queen Street Auckland,2026-10-21,Super.com,158,,v3
2026-09-17 08:15:05,VR Auckland City,2026-10-21,Super.com,130,,v3
2026-09-17 08:15:11,VR Queen Street Auckland,2026-10-22,Official site,167,,v3
2026-09-17 08:15:11,VR Queen Street Auckland,2026-10-22,Super.com,127,,v3
2026-09-17 08:15:15,VR Auckland City,2026-10-22,Super.com,118,,v3
2026-09-17 08:15:21,VR Queen Street Auckland,2026-10-23,Official site,237,,v3
2026-09-17 08:15:21,VR Queen Street Auckland,2026-10-23,Super.com,182,,v3
2026-09-17 08:15:26,VR Auckland City,2026-10-23,Booking.com,426,,v3
2026-09-17 08:15:32,VR Queen Street Auckland,2026-10-24,Official site,255,,v3
2026-09-17 08:15:32,VR Queen Street Auckland,2026-10-24,Super.com,197,,v3
2026-09-17 08:15:36,VR Auckland City,2026-10-24,Agoda,347,,v3
2026-09-17 08:15:36,VR Auckland City,2026-10-24,Booking.com,102,Penthouse - One-Bedroom Apartment,v3
2026-09-17 08:15:43,VR Queen Street Auckland,2026-10-25,Official site,278,,v3
2026-09-17 08:15:43,VR Queen Street Auckland,2026-10-25,Super.com,224,,v3
2026-09-17 08:15:43,VR Queen Street Auckland,2026-10-25,Wotif,224,Open VR Queen Street - Hotel & Suites in a new tab.,v3
2026-09-17 08:15:49,VR Auckland City,2026-10-25,Booking.com,127,,v3
2026-09-17 08:15:49,VR Auckland City,2026-10-25,Wotif,84,Studio Steps from Sky City,v3
2026-09-17 08:15:56,VR Queen Street Auckland,2026-10-26,Official site,98,Open VR Queen Street - Hotel & Suites in a new tab.,v3
2026-09-17 08:15:56,VR Queen Street Auckland,2026-10-26,Super.com,98,,v3
2026-09-17 08:16:02,VR Auckland City,2026-10-26,Super.com,90,,v3
2026-09-17 08:16:08,VR Queen Street Auckland,2026-10-27,Official site,97,Open VR Queen Street - Hotel & Suites in a new tab.,v3
2026-09-17 08:16:08,VR Queen Street Auckland,2026-10-27,Super.com,97,,v3
2026-09-17 08:16:14,VR Auckland City,2026-10-27,Super.com,91,,v3
2026-09-17 08:16:18,VR Queen Street Auckland,2026-10-28,Official site,96,Open VR Queen Street - Hotel & Suites in a new tab.,v3
2026-09-17 08:16:18,VR Queen Street Auckland,2026-10-28,Super.com,96,,v3
2026-09-17 08:16:25,VR Auckland City,2026-10-28,Super.com,90,,v3
2026-09-17 08:16:31,VR Queen Street Auckland,2026-10-29,Official site,95,Open VR Queen Street - Hotel & Suites in a new tab.,v3
2026-09-17 08:16:31,VR Queen Street Auckland,2026-10-29,Super.com,95,,v3
2026-09-17 08:16:37,VR Auckland City,2026-10-29,Super.com,90,,v3
2026-09-17 08:16:43,VR Queen Street Auckland,2026-10-30,Official site,133,Open VR Queen Street - Hotel & Suites in a new tab.,v3
2026-09-17 08:16:43,VR Queen Street Auckland,2026-10-30,Super.com,133,,v3
2026-09-17 08:16:49,VR Auckland City,2026-10-30,Super.com,110,,v3
2026-09-17 08:16:55,VR Queen Street Auckland,2026-10-31,Official site,120,Open VR Queen Street - Hotel & Suites in a new tab.,v3
2026-09-17 08:16:55,VR Queen Street Auckland,2026-10-31,Super.com,120,,v3
2026-09-17 08:17:01,VR Auckland City,2026-10-31,Booking.com,102,Penthouse,v3
2026-09-17 08:17:08,VR Queen Street Auckland,2026-11-01,Booking.com,99,Open VR Queen Street - Hotel & Suites in a new tab.,v3
2026-09-17 08:17:08,VR Queen Street Auckland,2026-11-01,Official site,139,,v3
2026-09-17 08:17:08,VR Queen Street Auckland,2026-11-01,Super.com,99,,v3
2026-09-17 08:17:14,VR Auckland City,2026-11-01,Super.com,120,,v3
2026-09-17 08:17:19,VR Queen Street Auckland,2026-11-02,Booking.com,100,Open VR Queen Street - Hotel & Suites in a new tab.,v3
2026-09-17 08:17:19,VR Queen Street Auckland,2026-11-02,Official site,139,,v3
2026-09-17 08:17:19,VR Queen Street Auckland,2026-11-02,Super.com,100,,v3
2026-09-17 08:17:25,VR Auckland City,2026-11-02,Booking.com,154,,v3
2026-09-17 08:17:32,VR Queen Street Auckland,2026-11-03,Official site,100,Open VR Queen Street - Hotel & Suites in a new tab.,v3
2026-09-17 08:17:32,VR Queen Street Auckland,2026-11-03,Super.com,100,,v3
2026-09-17 08:17:39,VR Auckland City,2026-11-03,Super.com,118,,v3
2026-09-17 08:17:45,VR Queen Street Auckland,2026-11-04,Booking.com,131,Open VR Queen Street - Hotel & Suites in a new tab.,v3
2026-09-17 08:17:45,VR Queen Street Auckland,2026-11-04,Official site,186,,v3
2026-09-17 08:17:45,VR Queen Street Auckland,2026-11-04,Super.com,131,,v3
2026-09-17 08:17:51,VR Auckland City,2026-11-04,Booking.com,180,,v3
2026-09-17 08:17:56,VR Queen Street Auckland,2026-11-05,Booking.com,144,Open VR Queen Street - Hotel & Suites in a new tab.,v3
2026-09-17 08:17:56,VR Queen Street Auckland,2026-11-05,Official site,204,,v3
2026-09-17 08:17:56,VR Queen Street Auckland,2026-11-05,Super.com,144,,v3
2026-09-17 08:18:02,VR Auckland City,2026-11-05,Super.com,117,,v3
2026-09-17 08:18:08,VR Queen Street Auckland,2026-11-06,Booking.com,178,Open VR Queen Street - Hotel & Suites in a new tab.,v3
2026-09-17 08:18:08,VR Queen Street Auckland,2026-11-06,Hotels.com,178,,v3
2026-09-17 08:18:08,VR Queen Street Auckland,2026-11-06,Official site,204,,v3
2026-09-17 08:18:08,VR Queen Street Auckland,2026-11-06,Wotif,275,Penthouse - One-Bedroom Apartment,v3
2026-09-17 08:18:14,VR Auckland City,2026-11-06,Booking.com,383,,v3
2026-09-17 08:18:14,VR Auckland City,2026-11-06,Wotif,275,Penthouse - One-Bedroom Apartment,v3
2026-09-17 08:18:21,VR Queen Street Auckland,2026-11-07,Official site,281,Open VR Queen Street - Hotel & Suites in a new tab.,v3
2026-09-17 08:18:21,VR Queen Street Auckland,2026-11-07,Super.com,281,,v3
2026-09-17 08:18:27,VR Auckland City,2026-11-07,Super.com,493,,v3
2026-09-17 08:18:33,VR Queen Street Auckland,2026-11-08,Official site,231,Open VR Queen Street - Hotel & Suites in a new tab.,v3
2026-09-17 08:18:33,VR Queen Street Auckland,2026-11-08,Super.com,231,,v3
2026-09-17 08:18:40,VR Auckland City,2026-11-08,Booking.com,329,,v3
2026-09-17 08:18:46,VR Queen Street Auckland,2026-11-09,Booking.com,457,Ramada Suites By Wyndham Victoria Street West,v3
2026-09-17 08:18:46,VR Queen Street Auckland,2026-11-09,Official site,165,Open VR Queen Street - Hotel & Suites in a new tab.,v3
2026-09-17 08:18:46,VR Queen Street Auckland,2026-11-09,Super.com,165,,v3
2026-09-17 08:18:52,VR Auckland City,2026-11-09,Super.com,118,,v3
2026-09-17 08:18:57,VR Queen Street Auckland,2026-11-10,Official site,102,Open VR Queen Street - Hotel & Suites in a new tab.,v3
2026-09-17 08:18:57,VR Queen Street Auckland,2026-11-10,Super.com,102,,v3
2026-09-17 08:19:03,VR Auckland City,2026-11-10,Super.com,119,,v3
2026-09-17 08:19:07,VR Queen Street Auckland,2026-11-11,Official site,148,Open VR Queen Street - Hotel & Suites in a new tab.,v3
2026-09-17 08:19:07,VR Queen Street Auckland,2026-11-11,Super.com,148,,v3
2026-09-17 08:19:14,VR Auckland City,2026-11-11,Super.com,117,,v3
2026-09-17 08:19:19,VR Queen Street Auckland,2026-11-12,Booking.com,148,Open VR Queen Street - Hotel & Suites in a new tab.,v3
2026-09-17 08:19:19,VR Queen Street Auckland,2026-11-12,Official site,209,,v3
2026-09-17 08:19:19,VR Queen Street Auckland,2026-11-12,Super.com,148,,v3
2026-09-17 08:19:25,VR Auckland City,2026-11-12,Super.com,117,,v3
2026-09-17 08:19:31,VR Queen Street Auckland,2026-11-13,Official site,132,Open VR Queen Street - Hotel & Suites in a new tab.,v3
2026-09-17 08:19:31,VR Queen Street Auckland,2026-11-13,Super.com,132,,v3
2026-09-17 08:19:37,VR Auckland City,2026-11-13,Super.com,118,,v3
2026-09-17 08:19:44,VR Queen Street Auckland,2026-11-14,Official site,132,Open VR Queen Street - Hotel & Suites in a new tab.,v3
2026-09-17 08:19:44,VR Queen Street Auckland,2026-11-14,Super.com,132,,v3
2026-09-17 08:19:50,VR Auckland City,2026-11-14,Booking.com,122,Penthouse - One-Bedroom Apartment,v3
2026-09-17 08:19:50,VR Auckland City,2026-11-14,Super.com,122,,v3
2026-09-17 08:19:56,VR Queen Street Auckland,2026-11-15,Official site,149,,v3
2026-09-17 08:19:56,VR Queen Street Auckland,2026-11-15,Super.com,108,,v3
2026-09-17 08:20:00,VR Auckland City,2026-11-15,Booking.com,200,,v3
2026-09-17 08:20:06,VR Queen Street Auckland,2026-11-16,Official site,107,Open VR Queen Street - Hotel & Suites in a new tab.,v3
2026-09-17 08:20:06,VR Queen Street Auckland,2026-11-16,Super.com,107,,v3
2026-09-17 08:20:12,VR Auckland City,2026-11-16,Bluepillow,134,,v3
2026-09-17 08:20:12,VR Auckland City,2026-11-16,Super.com,121,,v3
2026-09-17 08:20:18,VR Queen Street Auckland,2026-11-17,Official site,104,Open VR Queen Street - Hotel & Suites in a new tab.,v3
2026-09-17 08:20:18,VR Queen Street Auckland,2026-11-17,Super.com,104,,v3
2026-09-17 08:20:25,VR Auckland City,2026-11-17,Booking.com,111,Parkside Hotel & Apartments,v3
2026-09-17 08:20:25,VR Auckland City,2026-11-17,Super.com,120,,v3
2026-09-17 08:38:37,VR Queen Street Auckland,2026-09-17,Booking.com,110,One-Bedroom Suite,v3
2026-09-17 08:38:37,VR Queen Street Auckland,2026-09-17,Hotels.com,104,,v3
2026-09-17 08:38:37,VR Queen Street Auckland,2026-09-17,Official site,122,,v3
2026-09-17 08:38:37,VR Queen Street Auckland,2026-09-17,Super.com,93,,v3
2026-09-17 08:38:42,VR Auckland City,2026-09-17,Booking.com,109,Studio Apartment,v3
2026-09-17 08:38:42,VR Auckland City,2026-09-17,Super.com,92,,v3
2026-09-17 08:38:47,VR Queen Street Auckland,2026-09-18,Booking.com,151,,v3
2026-09-17 08:38:47,VR Queen Street Auckland,2026-09-18,Hotels.com,146,Standard King Room,v3
2026-09-17 08:38:47,VR Queen Street Auckland,2026-09-18,Official site,167,,v3
2026-09-17 08:38:47,VR Queen Street Auckland,2026-09-18,Super.com,127,,v3
2026-09-17 08:38:53,VR Auckland City,2026-09-18,Booking.com,139,,v3
2026-09-17 08:38:53,VR Auckland City,2026-09-18,Hotels.com,149,Classic One Bedroom Apartment,v3
2026-09-17 08:38:53,VR Auckland City,2026-09-18,Super.com,122,,v3
2026-09-17 08:38:58,VR Queen Street Auckland,2026-09-19,Booking.com,147,,v3
2026-09-17 08:38:58,VR Queen Street Auckland,2026-09-19,Hotels.com,140,Standard King Room,v3
2026-09-17 08:38:58,VR Queen Street Auckland,2026-09-19,Official site,162,,v3
2026-09-17 08:38:58,VR Queen Street Auckland,2026-09-19,Super.com,124,,v3
2026-09-17 08:39:03,VR Auckland City,2026-09-19,Booking.com,135,Studio Apartment,v3
2026-09-17 08:39:03,VR Auckland City,2026-09-19,Expedia,145,,v3
2026-09-17 08:39:03,VR Auckland City,2026-09-19,Super.com,118,,v3
2026-09-17 08:39:08,VR Queen Street Auckland,2026-09-20,Booking.com,92,Standard King Room,v3
2026-09-17 08:39:08,VR Queen Street Auckland,2026-09-20,Hotels.com,102,,v3
2026-09-17 08:39:08,VR Queen Street Auckland,2026-09-20,Official site,102,,v3
2026-09-17 08:39:08,VR Queen Street Auckland,2026-09-20,Super.com,85,,v3
2026-09-17 08:39:12,VR Auckland City,2026-09-20,Booking.com,108,Studio Apartment,v3
2026-09-17 08:39:12,VR Auckland City,2026-09-20,Super.com,84,,v3
2026-09-17 08:39:17,VR Queen Street Auckland,2026-09-21,Booking.com,92,,v3
2026-09-17 08:39:17,VR Queen Street Auckland,2026-09-21,Hotels.com,87,Standard King Room,v3
2026-09-17 08:39:17,VR Queen Street Auckland,2026-09-21,Official site,102,,v3
2026-09-17 08:39:17,VR Queen Street Auckland,2026-09-21,Super.com,78,,v3
2026-09-17 08:39:25,VR Auckland City,2026-09-21,Booking.com,100,Studio Apartment,v3
2026-09-17 08:39:25,VR Auckland City,2026-09-21,Super.com,84,,v3
2026-09-17 08:39:32,VR Queen Street Auckland,2026-09-22,Booking.com,95,Standard King Room,v3
2026-09-17 08:39:32,VR Queen Street Auckland,2026-09-22,Hotels.com,91,,v3
2026-09-17 08:39:32,VR Queen Street Auckland,2026-09-22,Official site,105,,v3
2026-09-17 08:39:32,VR Queen Street Auckland,2026-09-22,Super.com,80,,v3
2026-09-17 08:39:37,VR Auckland City,2026-09-22,Booking.com,104,,v3
2026-09-17 08:39:37,VR Auckland City,2026-09-22,Hotels.com,112,Studio Apartment,v3
2026-09-17 08:39:37,VR Auckland City,2026-09-22,Super.com,86,,v3
2026-09-17 08:39:42,VR Queen Street Auckland,2026-09-23,Booking.com,91,Standard King Room,v3
2026-09-17 08:39:42,VR Queen Street Auckland,2026-09-23,Official site,101,,v3
2026-09-17 08:39:42,VR Queen Street Auckland,2026-09-23,Super.com,77,,v3
2026-09-17 08:39:48,VR Auckland City,2026-09-23,Booking.com,104,Studio Apartment,v3
2026-09-17 08:39:48,VR Auckland City,2026-09-23,Super.com,87,,v3
2026-09-17 08:39:53,VR Queen Street Auckland,2026-09-24,Booking.com,91,Standard King Room,v3
2026-09-17 08:39:53,VR Queen Street Auckland,2026-09-24,Official site,101,,v3
2026-09-17 08:39:53,VR Queen Street Auckland,2026-09-24,Super.com,77,,v3
2026-09-17 08:39:59,VR Auckland City,2026-09-24,Booking.com,104,Studio Apartment,v3
2026-09-17 08:39:59,VR Auckland City,2026-09-24,Super.com,86,,v3
2026-09-17 08:40:04,VR Queen Street Auckland,2026-09-25,Booking.com,134,Standard King Room,v3
2026-09-17 08:40:04,VR Queen Street Auckland,2026-09-25,Official site,149,,v3
2026-09-17 08:40:04,VR Queen Street Auckland,2026-09-25,Super.com,113,,v3
2026-09-17 08:40:10,VR Auckland City,2026-09-25,Booking.com,139,,v3
2026-09-17 08:40:10,VR Auckland City,2026-09-25,Super.com,115,,v3
2026-09-17 08:40:15,VR Queen Street Auckland,2026-09-26,Booking.com,138,,v3
2026-09-17 08:40:15,VR Queen Street Auckland,2026-09-26,Hotels.com,134,Standard King Room,v3
2026-09-17 08:40:15,VR Queen Street Auckland,2026-09-26,Official site,153,,v3
2026-09-17 08:40:15,VR Queen Street Auckland,2026-09-26,Super.com,122,,v3
2026-09-17 08:40:19,VR Auckland City,2026-09-26,Booking.com,181,,v3
2026-09-17 08:40:19,VR Auckland City,2026-09-26,Super.com,162,,v3
2026-09-17 08:40:24,VR Queen Street Auckland,2026-09-27,Booking.com,94,Standard King Room,v3
2026-09-17 08:40:24,VR Queen Street Auckland,2026-09-27,Official site,104,,v3
2026-09-17 08:40:24,VR Queen Street Auckland,2026-09-27,Super.com,79,,v3
2026-09-17 08:40:30,VR Auckland City,2026-09-27,Booking.com,136,Studio Studio Apartment,v3
2026-09-17 08:40:30,VR Auckland City,2026-09-27,Super.com,108,,v3
2026-09-17 08:40:35,VR Queen Street Auckland,2026-09-28,Booking.com,94,,v3
2026-09-17 08:40:35,VR Queen Street Auckland,2026-09-28,Hotels.com,91,Standard King Room,v3
2026-09-17 08:40:35,VR Queen Street Auckland,2026-09-28,Official site,104,,v3
2026-09-17 08:40:35,VR Queen Street Auckland,2026-09-28,Super.com,80,,v3
2026-09-17 08:40:41,VR Auckland City,2026-09-28,Booking.com,108,Studio Apartment,v3
2026-09-17 08:40:41,VR Auckland City,2026-09-28,Super.com,84,,v3
2026-09-17 08:40:48,VR Queen Street Auckland,2026-09-29,Booking.com,94,Standard King Room,v3
2026-09-17 08:40:48,VR Queen Street Auckland,2026-09-29,Official site,104,,v3
2026-09-17 08:40:48,VR Queen Street Auckland,2026-09-29,Super.com,79,,v3
2026-09-17 08:40:55,VR Auckland City,2026-09-29,Booking.com,104,,v3
2026-09-17 08:40:55,VR Auckland City,2026-09-29,Hotels.com,112,Studio Apartment,v3
2026-09-17 08:40:55,VR Auckland City,2026-09-29,Super.com,86,,v3
2026-09-17 08:41:01,VR Queen Street Auckland,2026-09-30,Booking.com,100,,v3
2026-09-17 08:41:01,VR Queen Street Auckland,2026-09-30,Hotels.com,97,Standard King Room,v3
2026-09-17 08:41:01,VR Queen Street Auckland,2026-09-30,Official site,111,,v3
2026-09-17 08:41:01,VR Queen Street Auckland,2026-09-30,Super.com,85,,v3
2026-09-17 08:41:07,VR Auckland City,2026-09-30,Booking.com,104,Studio Apartment,v3
2026-09-17 08:41:07,VR Auckland City,2026-09-30,Super.com,86,,v3
2026-09-17 08:41:12,VR Queen Street Auckland,2026-10-01,Booking.com,113,Standard King Room,v3
2026-09-17 08:41:12,VR Queen Street Auckland,2026-10-01,Official site,125,,v3
2026-09-17 08:41:12,VR Queen Street Auckland,2026-10-01,Super.com,99,,v3
2026-09-17 08:41:17,VR Auckland City,2026-10-01,Booking.com,109,Studio Apartment,v3
2026-09-17 08:41:17,VR Auckland City,2026-10-01,Super.com,95,,v3
2026-09-17 08:41:23,VR Queen Street Auckland,2026-10-02,Booking.com,130,Standard King Room,v3
2026-09-17 08:41:23,VR Queen Street Auckland,2026-10-02,Official site,144,,v3
2026-09-17 08:41:23,VR Queen Street Auckland,2026-10-02,Super.com,111,,v3
2026-09-17 08:41:29,VR Auckland City,2026-10-02,Booking.com,135,,v3
2026-09-17 08:41:29,VR Auckland City,2026-10-02,Super.com,113,,v3
2026-09-17 08:41:36,VR Queen Street Auckland,2026-10-03,Booking.com,142,Standard King Room,v3
2026-09-17 08:41:36,VR Queen Street Auckland,2026-10-03,Official site,158,,v3
2026-09-17 08:41:36,VR Queen Street Auckland,2026-10-03,Super.com,122,,v3
2026-09-17 08:41:42,VR Auckland City,2026-10-03,Booking.com,147,Studio Apartment,v3
2026-09-17 08:41:42,VR Auckland City,2026-10-03,Super.com,123,,v3
2026-09-17 08:41:47,VR Queen Street Auckland,2026-10-04,Booking.com,106,Standard King Room,v3
2026-09-17 08:41:47,VR Queen Street Auckland,2026-10-04,Hotels.com,102,,v3
2026-09-17 08:41:47,VR Queen Street Auckland,2026-10-04,Official site,117,,v3
2026-09-17 08:41:47,VR Queen Street Auckland,2026-10-04,Super.com,94,,v3
2026-09-17 08:41:52,VR Auckland City,2026-10-04,Booking.com,139,Studio Apartment,v3
2026-09-17 08:41:52,VR Auckland City,2026-10-04,Super.com,107,,v3
2026-09-17 08:41:58,VR Queen Street Auckland,2026-10-05,Booking.com,106,,v3
2026-09-17 08:41:58,VR Queen Street Auckland,2026-10-05,Hotels.com,101,Standard King Room,v3
2026-09-17 08:41:58,VR Queen Street Auckland,2026-10-05,Official site,117,,v3
2026-09-17 08:41:58,VR Queen Street Auckland,2026-10-05,Super.com,90,,v3
2026-09-17 08:42:03,VR Auckland City,2026-10-05,Booking.com,139,Studio Apartment,v3
2026-09-17 08:42:08,VR Queen Street Auckland,2026-10-06,Booking.com,106,Standard King Room,v3
2026-09-17 08:42:08,VR Queen Street Auckland,2026-10-06,Official site,117,,v3
2026-09-17 08:42:08,VR Queen Street Auckland,2026-10-06,Super.com,91,,v3
2026-09-17 08:42:15,VR Auckland City,2026-10-06,Booking.com,139,,v3
2026-09-17 08:42:15,VR Auckland City,2026-10-06,Super.com,107,,v3
2026-09-17 08:42:21,VR Queen Street Auckland,2026-10-07,Booking.com,100,Standard King Room,v3
2026-09-17 08:42:21,VR Queen Street Auckland,2026-10-07,Official site,111,,v3
2026-09-17 08:42:21,VR Queen Street Auckland,2026-10-07,Super.com,85,,v3
2026-09-17 08:42:27,VR Auckland City,2026-10-07,Booking.com,129,,v3
2026-09-17 08:42:32,VR Queen Street Auckland,2026-10-08,Booking.com,134,Standard King Room,v3
2026-09-17 08:42:32,VR Queen Street Auckland,2026-10-08,Official site,149,,v3
2026-09-17 08:42:32,VR Queen Street Auckland,2026-10-08,Super.com,113,,v3
2026-09-17 08:42:39,VR Auckland City,2026-10-08,Booking.com,174,Executive One-Bedroom Apartment,v3
2026-09-17 08:42:39,VR Auckland City,2026-10-08,Super.com,141,,v3
2026-09-17 08:42:43,VR Queen Street Auckland,2026-10-09,Booking.com,264,,v3
2026-09-17 08:42:43,VR Queen Street Auckland,2026-10-09,Official site,292,Standard King Room - Prepay and Save,v3
2026-09-17 08:42:43,VR Queen Street Auckland,2026-10-09,Super.com,225,,v3
2026-09-17 08:42:49,VR Auckland City,2026-10-09,Booking.com,328,Executive One-Bedroom Apartment,v3
2026-09-17 08:42:55,VR Queen Street Auckland,2026-10-10,Booking.com,270,Standard King Room,v3
2026-09-17 08:42:55,VR Queen Street Auckland,2026-10-10,Official site,299,,v3
2026-09-17 08:42:55,VR Queen Street Auckland,2026-10-10,Super.com,234,,v3
2026-09-17 08:43:01,VR Auckland City,2026-10-10,Booking.com,549,Studio Apartment,v3
2026-09-17 08:43:01,VR Auckland City,2026-10-10,Super.com,454,,v3
2026-09-17 08:43:08,VR Queen Street Auckland,2026-10-11,Booking.com,113,Standard King Room,v3
2026-09-17 08:43:08,VR Queen Street Auckland,2026-10-11,Official site,125,,v3
2026-09-17 08:43:08,VR Queen Street Auckland,2026-10-11,Super.com,97,,v3
2026-09-17 08:43:14,VR Auckland City,2026-10-11,Booking.com,112,Studio Apartment,v3
2026-09-17 08:43:14,VR Auckland City,2026-10-11,Super.com,86,,v3
2026-09-17 08:43:21,VR Queen Street Auckland,2026-10-12,Booking.com,113,Standard King Room,v3
2026-09-17 08:43:21,VR Queen Street Auckland,2026-10-12,Official site,125,,v3
2026-09-17 08:43:21,VR Queen Street Auckland,2026-10-12,Super.com,95,,v3
2026-09-17 08:43:25,VR Auckland City,2026-10-12,Booking.com,131,Studio Apartment,v3
2026-09-17 08:43:25,VR Auckland City,2026-10-12,Super.com,101,,v3
2026-09-17 08:43:32,VR Queen Street Auckland,2026-10-13,Booking.com,113,Standard King Room,v3
2026-09-17 08:43:32,VR Queen Street Auckland,2026-10-13,Official site,125,,v3
2026-09-17 08:43:32,VR Queen Street Auckland,2026-10-13,Super.com,95,,v3
2026-09-17 08:43:39,VR Auckland City,2026-10-13,Booking.com,113,Studio Studio Apartment,v3
2026-09-17 08:43:39,VR Auckland City,2026-10-13,Super.com,90,,v3
2026-09-17 08:43:45,VR Queen Street Auckland,2026-10-14,Booking.com,113,Standard King Room,v3
2026-09-17 08:43:45,VR Queen Street Auckland,2026-10-14,Official site,125,,v3
2026-09-17 08:43:45,VR Queen Street Auckland,2026-10-14,Super.com,97,,v3
2026-09-17 08:43:52,VR Auckland City,2026-10-14,Booking.com,117,Studio Apartment,v3
2026-09-17 08:43:52,VR Auckland City,2026-10-14,Super.com,92,,v3
2026-09-17 08:43:58,VR Queen Street Auckland,2026-10-15,Booking.com,113,,v3
2026-09-17 08:43:58,VR Queen Street Auckland,2026-10-15,Hotels.com,108,Standard King Room,v3
2026-09-17 08:43:58,VR Queen Street Auckland,2026-10-15,Official site,125,,v3
2026-09-17 08:43:58,VR Queen Street Auckland,2026-10-15,Super.com,95,,v3
2026-09-17 08:44:04,VR Auckland City,2026-10-15,Booking.com,117,One-Bedroom Apartment,v3
2026-09-17 08:44:10,VR Queen Street Auckland,2026-10-16,Booking.com,155,,v3
2026-09-17 08:44:10,VR Queen Street Auckland,2026-10-16,Hotels.com,150,Standard King Room,v3
2026-09-17 08:44:10,VR Queen Street Auckland,2026-10-16,Official site,172,,v3
2026-09-17 08:44:10,VR Queen Street Auckland,2026-10-16,Super.com,132,,v3
2026-09-17 08:44:17,VR Auckland City,2026-10-16,Booking.com,198,One-Bedroom Apartment,v3
2026-09-17 08:44:17,VR Auckland City,2026-10-16,Expedia,185,,v3
2026-09-17 08:44:23,VR Queen Street Auckland,2026-10-17,Booking.com,250,Standard King Room,v3
2026-09-17 08:44:23,VR Queen Street Auckland,2026-10-17,Official site,278,,v3
2026-09-17 08:44:23,VR Queen Street Auckland,2026-10-17,Super.com,211,,v3
2026-09-17 08:44:28,VR Auckland City,2026-10-17,Booking.com,639,Deluxe Family Room,v3
2026-09-17 08:44:28,VR Auckland City,2026-10-17,Super.com,541,,v3
2026-09-17 08:44:33,VR Queen Street Auckland,2026-10-18,Booking.com,121,Standard King Room,v3
2026-09-17 08:44:33,VR Queen Street Auckland,2026-10-18,Official site,135,,v3
2026-09-17 08:44:33,VR Queen Street Auckland,2026-10-18,Super.com,102,,v3
2026-09-17 08:44:39,VR Auckland City,2026-10-18,Booking.com,149,Studio Apartment,v3
2026-09-17 08:44:45,VR Queen Street Auckland,2026-10-19,Booking.com,121,Standard King Room,v3
2026-09-17 08:44:45,VR Queen Street Auckland,2026-10-19,Official site,135,,v3
2026-09-17 08:44:45,VR Queen Street Auckland,2026-10-19,Super.com,103,,v3
2026-09-17 08:44:52,VR Auckland City,2026-10-19,Booking.com,183,Executive One-Bedroom Apartment,v3
2026-09-17 08:44:52,VR Auckland City,2026-10-19,Super.com,143,,v3
2026-09-17 08:44:58,VR Queen Street Auckland,2026-10-20,Booking.com,184,Standard King Room,v3
2026-09-17 08:44:58,VR Queen Street Auckland,2026-10-20,Official site,204,,v3
2026-09-17 08:44:58,VR Queen Street Auckland,2026-10-20,Super.com,159,,v3
2026-09-17 08:45:05,VR Auckland City,2026-10-20,Booking.com,199,One-Bedroom Apartment,v3
2026-09-17 08:45:05,VR Auckland City,2026-10-20,Super.com,154,,v3
2026-09-17 08:45:09,VR Queen Street Auckland,2026-10-21,Booking.com,184,Standard King Room,v3
2026-09-17 08:45:09,VR Queen Street Auckland,2026-10-21,Official site,204,,v3
2026-09-17 08:45:09,VR Queen Street Auckland,2026-10-21,Super.com,158,,v3
2026-09-17 08:45:16,VR Auckland City,2026-10-21,Booking.com,168,Studio Apartment,v3
2026-09-17 08:45:16,VR Auckland City,2026-10-21,Super.com,130,,v3
2026-09-17 08:45:22,VR Queen Street Auckland,2026-10-22,Booking.com,151,,v3
2026-09-17 08:45:22,VR Queen Street Auckland,2026-10-22,Hotels.com,146,Standard King Room,v3
2026-09-17 08:45:22,VR Queen Street Auckland,2026-10-22,Official site,167,,v3
2026-09-17 08:45:22,VR Queen Street Auckland,2026-10-22,Super.com,128,,v3
2026-09-17 08:45:27,VR Auckland City,2026-10-22,Booking.com,157,,v3
2026-09-17 08:45:27,VR Auckland City,2026-10-22,Super.com,118,,v3
2026-09-17 08:45:33,VR Queen Street Auckland,2026-10-23,Booking.com,214,Standard King Room,v3
2026-09-17 08:45:33,VR Queen Street Auckland,2026-10-23,Official site,237,,v3
2026-09-17 08:45:33,VR Queen Street Auckland,2026-10-23,Super.com,188,,v3
2026-09-17 08:45:39,VR Auckland City,2026-10-23,Booking.com,157,,v3
2026-09-17 08:45:45,VR Queen Street Auckland,2026-10-24,Booking.com,230,Standard King Room,v3
2026-09-17 08:45:45,VR Queen Street Auckland,2026-10-24,Official site,255,,v3
2026-09-17 08:45:45,VR Queen Street Auckland,2026-10-24,Super.com,197,,v3
2026-09-17 08:45:51,VR Auckland City,2026-10-24,Agoda,347,,v3
2026-09-17 08:45:51,VR Auckland City,2026-10-24,Booking.com,157,Executive One-Bedroom Apartment,v3
2026-09-17 08:45:57,VR Queen Street Auckland,2026-10-25,Booking.com,250,Standard King Room,v3
2026-09-17 08:45:57,VR Queen Street Auckland,2026-10-25,Official site,278,,v3
2026-09-17 08:45:57,VR Queen Street Auckland,2026-10-25,Super.com,224,,v3
2026-09-17 08:46:04,VR Auckland City,2026-10-25,Booking.com,126,Studio Apartment,v3
2026-09-17 08:46:10,VR Queen Street Auckland,2026-10-26,Booking.com,113,Standard King Room,v3
2026-09-17 08:46:10,VR Queen Street Auckland,2026-10-26,Hotels.com,108,,v3
2026-09-17 08:46:10,VR Queen Street Auckland,2026-10-26,Official site,125,,v3
2026-09-17 08:46:10,VR Queen Street Auckland,2026-10-26,Super.com,98,,v3
2026-09-17 08:46:16,VR Auckland City,2026-10-26,Booking.com,118,,v3
2026-09-17 08:46:16,VR Auckland City,2026-10-26,Super.com,90,,v3
2026-09-17 08:46:22,VR Queen Street Auckland,2026-10-27,Booking.com,113,Standard King Room,v3
2026-09-17 08:46:22,VR Queen Street Auckland,2026-10-27,Official site,125,,v3
2026-09-17 08:46:22,VR Queen Street Auckland,2026-10-27,Super.com,97,,v3
2026-09-17 08:46:29,VR Auckland City,2026-10-27,Booking.com,119,Studio Apartment,v3
2026-09-17 08:46:35,VR Queen Street Auckland,2026-10-28,Booking.com,113,,v3
2026-09-17 08:46:35,VR Queen Street Auckland,2026-10-28,Hotels.com,108,Standard King Room,v3
2026-09-17 08:46:35,VR Queen Street Auckland,2026-10-28,Official site,125,,v3
2026-09-17 08:46:35,VR Queen Street Auckland,2026-10-28,Super.com,96,,v3
2026-09-17 08:46:42,VR Auckland City,2026-10-28,Booking.com,119,Studio Apartment,v3
2026-09-17 08:46:42,VR Auckland City,2026-10-28,Super.com,91,,v3
2026-09-17 08:46:48,VR Queen Street Auckland,2026-10-29,Booking.com,113,,v3
2026-09-17 08:46:48,VR Queen Street Auckland,2026-10-29,Hotels.com,122,Standard King Room,v3
2026-09-17 08:46:48,VR Queen Street Auckland,2026-10-29,Official site,125,,v3
2026-09-17 08:46:48,VR Queen Street Auckland,2026-10-29,Super.com,95,,v3
2026-09-17 08:46:54,VR Auckland City,2026-10-29,Booking.com,119,Studio Apartment,v3
2026-09-17 08:46:54,VR Auckland City,2026-10-29,Super.com,90,,v3
2026-09-17 08:47:01,VR Queen Street Auckland,2026-10-30,Booking.com,151,,v3
2026-09-17 08:47:01,VR Queen Street Auckland,2026-10-30,Hotels.com,146,Standard King Room,v3
2026-09-17 08:47:01,VR Queen Street Auckland,2026-10-30,Official site,167,,v3
2026-09-17 08:47:01,VR Queen Street Auckland,2026-10-30,Super.com,133,,v3
2026-09-17 08:47:07,VR Auckland City,2026-10-30,Booking.com,141,,v3
2026-09-17 08:47:07,VR Auckland City,2026-10-30,Super.com,110,,v3
2026-09-17 08:47:13,VR Queen Street Auckland,2026-10-31,Booking.com,151,,v3
2026-09-17 08:47:13,VR Queen Street Auckland,2026-10-31,Hotels.com,146,Standard King Room,v3
2026-09-17 08:47:13,VR Queen Street Auckland,2026-10-31,Official site,167,,v3
2026-09-17 08:47:13,VR Queen Street Auckland,2026-10-31,Super.com,120,,v3
2026-09-17 08:47:20,VR Auckland City,2026-10-31,Booking.com,169,Executive One-Bedroom Apartment,v3
2026-09-17 08:47:20,VR Auckland City,2026-10-31,Super.com,126,,v3
2026-09-17 08:47:26,VR Queen Street Auckland,2026-11-01,Booking.com,126,,v3
2026-09-17 08:47:26,VR Queen Street Auckland,2026-11-01,Hotels.com,120,Standard King Room,v3
2026-09-17 08:47:26,VR Queen Street Auckland,2026-11-01,Official site,139,,v3
2026-09-17 08:47:26,VR Queen Street Auckland,2026-11-01,Super.com,99,,v3
2026-09-17 08:47:31,VR Auckland City,2026-11-01,Booking.com,173,,v3
2026-09-17 08:47:31,VR Auckland City,2026-11-01,Super.com,120,,v3
2026-09-17 08:47:37,VR Queen Street Auckland,2026-11-02,Booking.com,126,Standard King Room,v3
2026-09-17 08:47:37,VR Queen Street Auckland,2026-11-02,Official site,139,,v3
2026-09-17 08:47:37,VR Queen Street Auckland,2026-11-02,Super.com,100,,v3
2026-09-17 08:47:43,VR Auckland City,2026-11-02,Booking.com,154,Studio Apartment,v3
2026-09-17 08:47:49,VR Queen Street Auckland,2026-11-03,Booking.com,126,Standard King Room,v3
2026-09-17 08:47:49,VR Queen Street Auckland,2026-11-03,Official site,139,,v3
2026-09-17 08:47:49,VR Queen Street Auckland,2026-11-03,Super.com,100,,v3
2026-09-17 08:47:56,VR Auckland City,2026-11-03,Booking.com,169,,v3
2026-09-17 08:47:56,VR Auckland City,2026-11-03,Super.com,118,,v3
2026-09-17 08:48:02,VR Queen Street Auckland,2026-11-04,Booking.com,167,Standard King Room,v3
2026-09-17 08:48:02,VR Queen Street Auckland,2026-11-04,Official site,186,,v3
2026-09-17 08:48:02,VR Queen Street Auckland,2026-11-04,Super.com,131,,v3
2026-09-17 08:48:08,VR Auckland City,2026-11-04,Booking.com,180,,v3
2026-09-17 08:48:14,VR Queen Street Auckland,2026-11-05,Booking.com,184,,v3
2026-09-17 08:48:14,VR Queen Street Auckland,2026-11-05,Hotels.com,178,Standard King Room,v3
2026-09-17 08:48:14,VR Queen Street Auckland,2026-11-05,Official site,204,,v3
2026-09-17 08:48:14,VR Queen Street Auckland,2026-11-05,Super.com,144,,v3
2026-09-17 08:48:21,VR Auckland City,2026-11-05,Booking.com,272,Studio Apartment,v3
2026-09-17 08:48:21,VR Auckland City,2026-11-05,Super.com,117,,v3
2026-09-17 08:48:27,VR Queen Street Auckland,2026-11-06,Booking.com,184,,v3
2026-09-17 08:48:27,VR Queen Street Auckland,2026-11-06,Hotels.com,178,Standard King Room,v3
2026-09-17 08:48:27,VR Queen Street Auckland,2026-11-06,Official site,204,,v3
2026-09-17 08:48:34,VR Auckland City,2026-11-06,Booking.com,383,,v3
2026-09-17 08:48:40,VR Queen Street Auckland,2026-11-07,Booking.com,360,,v3
2026-09-17 08:48:40,VR Queen Street Auckland,2026-11-07,Official site,399,One-Bedroom Suite - Prepay and Save,v3
2026-09-17 08:48:40,VR Queen Street Auckland,2026-11-07,Super.com,281,,v3
2026-09-17 08:48:46,VR Auckland City,2026-11-07,Booking.com,598,Deluxe Family Room,v3
2026-09-17 08:48:46,VR Auckland City,2026-11-07,Super.com,497,,v3
2026-09-17 08:48:53,VR Queen Street Auckland,2026-11-08,Booking.com,293,Standard King Room,v3
2026-09-17 08:48:53,VR Queen Street Auckland,2026-11-08,Official site,325,,v3
2026-09-17 08:48:53,VR Queen Street Auckland,2026-11-08,Super.com,231,,v3
2026-09-17 08:48:59,VR Auckland City,2026-11-08,Booking.com,329,,v3
2026-09-17 08:49:05,VR Queen Street Auckland,2026-11-09,Booking.com,209,,v3
2026-09-17 08:49:05,VR Queen Street Auckland,2026-11-09,Hotels.com,204,Standard King Room,v3
2026-09-17 08:49:05,VR Queen Street Auckland,2026-11-09,Official site,232,,v3
2026-09-17 08:49:05,VR Queen Street Auckland,2026-11-09,Super.com,165,,v3
2026-09-17 08:49:11,VR Auckland City,2026-11-09,Booking.com,218,,v3
2026-09-17 08:49:11,VR Auckland City,2026-11-09,Super.com,118,,v3
2026-09-17 08:49:15,VR Queen Street Auckland,2026-11-10,Booking.com,130,,v3
2026-09-17 08:49:15,VR Queen Street Auckland,2026-11-10,Hotels.com,124,Standard King Room,v3
2026-09-17 08:49:15,VR Queen Street Auckland,2026-11-10,Official site,144,,v3
2026-09-17 08:49:15,VR Queen Street Auckland,2026-11-10,Super.com,102,,v3
2026-09-17 08:49:21,VR Auckland City,2026-11-10,Booking.com,203,Studio Apartment,v3
2026-09-17 08:49:21,VR Auckland City,2026-11-10,Super.com,119,,v3
2026-09-17 08:49:28,VR Queen Street Auckland,2026-11-11,Booking.com,188,Standard King Room,v3
2026-09-17 08:49:28,VR Queen Street Auckland,2026-11-11,Official site,209,,v3
2026-09-17 08:49:28,VR Queen Street Auckland,2026-11-11,Super.com,148,,v3
2026-09-17 08:49:34,VR Auckland City,2026-11-11,Booking.com,224,,v3
2026-09-17 08:49:34,VR Auckland City,2026-11-11,Super.com,117,,v3
2026-09-17 08:49:41,VR Queen Street Auckland,2026-11-12,Booking.com,188,Standard King Room,v3
2026-09-17 08:49:41,VR Queen Street Auckland,2026-11-12,Official site,209,,v3
2026-09-17 08:49:41,VR Queen Street Auckland,2026-11-12,Super.com,149,,v3
2026-09-17 08:49:47,VR Auckland City,2026-11-12,Booking.com,168,Studio Apartment,v3
2026-09-17 08:49:47,VR Auckland City,2026-11-12,Super.com,117,,v3
2026-09-17 08:49:53,VR Queen Street Auckland,2026-11-13,Booking.com,167,Standard King Room,v3
2026-09-17 08:49:53,VR Queen Street Auckland,2026-11-13,Official site,185,,v3
2026-09-17 08:49:53,VR Queen Street Auckland,2026-11-13,Super.com,132,,v3
2026-09-17 08:49:59,VR Auckland City,2026-11-13,Booking.com,230,Studio Apartment,v3
2026-09-17 08:49:59,VR Auckland City,2026-11-13,Super.com,118,,v3
2026-09-17 08:50:06,VR Queen Street Auckland,2026-11-14,Booking.com,167,Standard King Room,v3
2026-09-17 08:50:06,VR Queen Street Auckland,2026-11-14,Official site,185,,v3
2026-09-17 08:50:06,VR Queen Street Auckland,2026-11-14,Super.com,132,,v3
2026-09-17 08:50:12,VR Auckland City,2026-11-14,Booking.com,295,Studio Apartment,v3
2026-09-17 08:50:18,VR Queen Street Auckland,2026-11-15,Booking.com,134,,v3
2026-09-17 08:50:18,VR Queen Street Auckland,2026-11-15,Hotels.com,128,Standard King Room,v3
2026-09-17 08:50:18,VR Queen Street Auckland,2026-11-15,Official site,149,,v3
2026-09-17 08:50:18,VR Queen Street Auckland,2026-11-15,Super.com,108,,v3
2026-09-17 08:50:25,VR Auckland City,2026-11-15,Booking.com,200,,v3
2026-09-17 08:50:29,VR Queen Street Auckland,2026-11-16,Hotels.com,144,Standard King Room,v3
2026-09-17 08:50:29,VR Queen Street Auckland,2026-11-16,Official site,149,,v3
2026-09-17 08:50:29,VR Queen Street Auckland,2026-11-16,Super.com,108,,v3
2026-09-17 08:50:35,VR Auckland City,2026-11-16,Bluepillow,134,,v3
2026-09-17 08:50:35,VR Auckland City,2026-11-16,Booking.com,223,Studio Apartment,v3
2026-09-17 08:50:35,VR Auckland City,2026-11-16,Expedia,157,,v3
2026-09-17 08:50:35,VR Auckland City,2026-11-16,Super.com,121,,v3
2026-09-17 08:50:41,VR Queen Street Auckland,2026-11-17,Booking.com,134,,v3
2026-09-17 08:50:41,VR Queen Street Auckland,2026-11-17,Hotels.com,128,Standard King Room,v3
2026-09-17 08:50:41,VR Queen Street Auckland,2026-11-17,Official site,149,,v3
2026-09-17 08:50:41,VR Queen Street Auckland,2026-11-17,Super.com,104,,v3
2026-09-17 08:50:47,VR Auckland City,2026-11-17,Booking.com,246,Studio Apartment,v3
2026-09-17 08:50:47,VR Auckland City,2026-11-17,Super.com,120,,v3
2026-09-17 09:08:38,VR Queen Street Auckland,2026-09-17,Booking.com,110,,v3
2026-09-17 09:08:38,VR Queen Street Auckland,2026-09-17,Hotels.com,104,Suite · Suite,v3
2026-09-17 09:08:38,VR Queen Street Auckland,2026-09-17,Official site,122,,v3
2026-09-17 09:08:38,VR Queen Street Auckland,2026-09-17,Super.com,93,,v3
2026-09-17 09:08:43,VR Auckland City,2026-09-17,Booking.com,109,,v3
2026-09-17 09:08:43,VR Auckland City,2026-09-17,Super.com,92,,v3
2026-09-17 09:08:48,VR Queen Street Auckland,2026-09-18,Booking.com,151,,v3
2026-09-17 09:08:48,VR Queen Street Auckland,2026-09-18,Hotels.com,146,Standard King Room,v3
2026-09-17 09:08:48,VR Queen Street Auckland,2026-09-18,Official site,167,,v3
2026-09-17 09:08:48,VR Queen Street Auckland,2026-09-18,Super.com,132,,v3
2026-09-17 09:08:53,VR Auckland City,2026-09-18,Booking.com,122,,v3
2026-09-17 09:08:53,VR Auckland City,2026-09-18,Super.com,116,,v3
2026-09-17 09:08:59,VR Queen Street Auckland,2026-09-19,Booking.com,147,Standard King Room,v3
2026-09-17 09:08:59,VR Queen Street Auckland,2026-09-19,Official site,162,,v3
2026-09-17 09:08:59,VR Queen Street Auckland,2026-09-19,Super.com,125,,v3
2026-09-17 09:09:04,VR Auckland City,2026-09-19,Agoda,145,,v3
2026-09-17 09:09:04,VR Auckland City,2026-09-19,Booking.com,135,Studio Apartment,v3
2026-09-17 09:09:04,VR Auckland City,2026-09-19,Expedia,145,,v3
2026-09-17 09:09:04,VR Auckland City,2026-09-19,Super.com,115,,v3
2026-09-17 09:09:13,VR Queen Street Auckland,2026-09-20,Booking.com,92,Standard King Room,v3
2026-09-17 09:09:13,VR Queen Street Auckland,2026-09-20,Hotels.com,102,,v3
2026-09-17 09:09:13,VR Queen Street Auckland,2026-09-20,Official site,102,,v3
2026-09-17 09:09:13,VR Queen Street Auckland,2026-09-20,Super.com,87,,v3
2026-09-17 09:09:17,VR Auckland City,2026-09-20,Booking.com,108,Studio Apartment,v3
2026-09-17 09:09:17,VR Auckland City,2026-09-20,Super.com,84,,v3
2026-09-17 09:09:23,VR Queen Street Auckland,2026-09-21,Booking.com,92,Standard King Room,v3
2026-09-17 09:09:23,VR Queen Street Auckland,2026-09-21,Official site,102,,v3
2026-09-17 09:09:23,VR Queen Street Auckland,2026-09-21,Super.com,79,,v3
2026-09-17 09:09:28,VR Auckland City,2026-09-21,Booking.com,100,,v3
2026-09-17 09:09:28,VR Auckland City,2026-09-21,Hotels.com,108,Studio Apartment,v3
2026-09-17 09:09:28,VR Auckland City,2026-09-21,Super.com,84,,v3
2026-09-17 09:09:33,VR Queen Street Auckland,2026-09-22,Booking.com,95,,v3
2026-09-17 09:09:33,VR Queen Street Auckland,2026-09-22,Hotels.com,91,Standard King Room,v3
2026-09-17 09:09:33,VR Queen Street Auckland,2026-09-22,Official site,80,Open VR Queen Street - Hotel & Suites in a new tab.,v3
2026-09-17 09:09:33,VR Queen Street Auckland,2026-09-22,Super.com,80,,v3
2026-09-17 09:09:41,VR Auckland City,2026-09-22,Booking.com,104,Studio Apartment,v3
2026-09-17 09:09:41,VR Auckland City,2026-09-22,Super.com,86,,v3
2026-09-17 09:09:46,VR Queen Street Auckland,2026-09-23,Booking.com,91,,v3
2026-09-17 09:09:46,VR Queen Street Auckland,2026-09-23,Hotels.com,98,Standard King Room,v3
2026-09-17 09:09:46,VR Queen Street Auckland,2026-09-23,Official site,101,,v3
2026-09-17 09:09:46,VR Queen Street Auckland,2026-09-23,Super.com,78,,v3
2026-09-17 09:09:50,VR Auckland City,2026-09-23,Booking.com,74,Mercure Auckland Queen Street,v3
2026-09-17 09:09:50,VR Auckland City,2026-09-23,Super.com,87,,v3
2026-09-17 09:09:57,VR Queen Street Auckland,2026-09-24,Booking.com,91,Standard King Room,v3
2026-09-17 09:09:57,VR Queen Street Auckland,2026-09-24,Official site,77,Open VR Queen Street - Hotel & Suites in a new tab.,v3
2026-09-17 09:09:57,VR Queen Street Auckland,2026-09-24,Super.com,77,,v3
2026-09-17 09:10:03,VR Auckland City,2026-09-24,Booking.com,104,Studio Apartment,v3
2026-09-17 09:10:03,VR Auckland City,2026-09-24,Super.com,86,,v3
2026-09-17 09:10:09,VR Queen Street Auckland,2026-09-25,Booking.com,134,,v3
2026-09-17 09:10:09,VR Queen Street Auckland,2026-09-25,Hotels.com,128,Standard King Room,v3
2026-09-17 09:10:09,VR Queen Street Auckland,2026-09-25,Official site,149,,v3
2026-09-17 09:10:09,VR Queen Street Auckland,2026-09-25,Super.com,113,,v3
2026-09-17 09:10:14,VR Auckland City,2026-09-25,Booking.com,139,Studio Apartment,v3
2026-09-17 09:10:14,VR Auckland City,2026-09-25,Super.com,115,,v3
2026-09-17 09:10:19,VR Queen Street Auckland,2026-09-26,Booking.com,138,Standard King Room,v3
2026-09-17 09:10:19,VR Queen Street Auckland,2026-09-26,Official site,153,,v3
2026-09-17 09:10:19,VR Queen Street Auckland,2026-09-26,Super.com,118,,v3
2026-09-17 09:10:23,VR Auckland City,2026-09-26,Booking.com,181,,v3
2026-09-17 09:10:23,VR Auckland City,2026-09-26,Super.com,153,,v3
2026-09-17 09:10:28,VR Queen Street Auckland,2026-09-27,Booking.com,94,Standard King Room,v3
2026-09-17 09:10:28,VR Queen Street Auckland,2026-09-27,Official site,104,,v3
2026-09-17 09:10:28,VR Queen Street Auckland,2026-09-27,Super.com,79,,v3
2026-09-17 09:10:28,VR Queen Street Auckland,2026-09-27,Wotif,79,Open VR Queen Street - Hotel & Suites in a new tab.,v3
2026-09-17 09:10:34,VR Auckland City,2026-09-27,Booking.com,140,Studio Apartment,v3
2026-09-17 09:10:34,VR Auckland City,2026-09-27,Super.com,108,,v3
2026-09-17 09:10:38,VR Queen Street Auckland,2026-09-28,Booking.com,80,Open VR Queen Street - Hotel & Suites in a new tab.,v3
2026-09-17 09:10:38,VR Queen Street Auckland,2026-09-28,Official site,104,,v3
2026-09-17 09:10:38,VR Queen Street Auckland,2026-09-28,Super.com,80,,v3
2026-09-17 09:10:45,VR Auckland City,2026-09-28,Booking.com,74,Studio Steps from Sky City,v3
2026-09-17 09:10:45,VR Auckland City,2026-09-28,Super.com,84,,v3
2026-09-17 09:10:51,VR Queen Street Auckland,2026-09-29,Booking.com,94,,v3
2026-09-17 09:10:51,VR Queen Street Auckland,2026-09-29,Hotels.com,89,Standard King Room,v3
2026-09-17 09:10:51,VR Queen Street Auckland,2026-09-29,Official site,104,,v3
2026-09-17 09:10:51,VR Queen Street Auckland,2026-09-29,Super.com,79,,v3
2026-09-17 09:10:55,VR Auckland City,2026-09-29,Booking.com,104,,v3
2026-09-17 09:10:55,VR Auckland City,2026-09-29,Hotels.com,112,Studio Apartment,v3
2026-09-17 09:10:55,VR Auckland City,2026-09-29,Super.com,86,,v3
2026-09-17 09:11:00,VR Queen Street Auckland,2026-09-30,Booking.com,100,Standard King Room,v3
2026-09-17 09:11:00,VR Queen Street Auckland,2026-09-30,Hotels.com,97,,v3
2026-09-17 09:11:00,VR Queen Street Auckland,2026-09-30,Official site,111,,v3
2026-09-17 09:11:00,VR Queen Street Auckland,2026-09-30,Super.com,85,,v3
2026-09-17 09:11:05,VR Auckland City,2026-09-30,Booking.com,104,,v3
2026-09-17 09:11:05,VR Auckland City,2026-09-30,Super.com,86,,v3
2026-09-17 09:11:09,VR Queen Street Auckland,2026-10-01,Booking.com,113,Standard King Room,v3
2026-09-17 09:11:09,VR Queen Street Auckland,2026-10-01,Official site,99,Open VR Queen Street - Hotel & Suites in a new tab.,v3
2026-09-17 09:11:09,VR Queen Street Auckland,2026-10-01,Super.com,99,,v3
2026-09-17 09:11:16,VR Auckland City,2026-10-01,Booking.com,109,,v3
2026-09-17 09:11:16,VR Auckland City,2026-10-01,Super.com,95,,v3
2026-09-17 09:11:23,VR Queen Street Auckland,2026-10-02,Booking.com,130,Standard King Room,v3
2026-09-17 09:11:23,VR Queen Street Auckland,2026-10-02,Official site,111,Open VR Queen Street - Hotel & Suites in a new tab.,v3
2026-09-17 09:11:23,VR Queen Street Auckland,2026-10-02,Super.com,111,,v3
2026-09-17 09:11:30,VR Auckland City,2026-10-02,Booking.com,135,,v3
2026-09-17 09:11:30,VR Auckland City,2026-10-02,Super.com,113,,v3
2026-09-17 09:11:36,VR Queen Street Auckland,2026-10-03,Booking.com,142,Standard King Room,v3
2026-09-17 09:11:36,VR Queen Street Auckland,2026-10-03,Hotels.com,136,,v3
2026-09-17 09:11:36,VR Queen Street Auckland,2026-10-03,Official site,158,,v3
2026-09-17 09:11:36,VR Queen Street Auckland,2026-10-03,Super.com,122,,v3
2026-09-17 09:11:41,VR Auckland City,2026-10-03,Booking.com,102,Penthouse,v3
2026-09-17 09:11:47,VR Queen Street Auckland,2026-10-04,Booking.com,106,Standard King Room,v3
2026-09-17 09:11:47,VR Queen Street Auckland,2026-10-04,Official site,94,Open VR Queen Street - Hotel & Suites in a new tab.,v3
2026-09-17 09:11:47,VR Queen Street Auckland,2026-10-04,Super.com,94,,v3
2026-09-17 09:11:53,VR Auckland City,2026-10-04,Booking.com,139,,v3
2026-09-17 09:11:53,VR Auckland City,2026-10-04,Super.com,107,,v3
2026-09-17 09:11:58,VR Queen Street Auckland,2026-10-05,Booking.com,106,,v3
2026-09-17 09:11:58,VR Queen Street Auckland,2026-10-05,Official site,90,Open VR Queen Street - Hotel & Suites in a new tab.,v3
2026-09-17 09:11:58,VR Queen Street Auckland,2026-10-05,Super.com,90,,v3
2026-09-17 09:12:05,VR Auckland City,2026-10-05,Booking.com,139,Studio Apartment,v3
2026-09-17 09:12:11,VR Queen Street Auckland,2026-10-06,Booking.com,106,Standard King Room,v3
2026-09-17 09:12:11,VR Queen Street Auckland,2026-10-06,Official site,91,Open VR Queen Street - Hotel & Suites in a new tab.,v3
2026-09-17 09:12:11,VR Queen Street Auckland,2026-10-06,Super.com,91,,v3
2026-09-17 09:12:17,VR Auckland City,2026-10-06,Booking.com,139,,v3
2026-09-17 09:12:17,VR Auckland City,2026-10-06,Super.com,107,,v3
2026-09-17 09:12:23,VR Queen Street Auckland,2026-10-07,Booking.com,100,Standard King Room,v3
2026-09-17 09:12:23,VR Queen Street Auckland,2026-10-07,Official site,87,Open VR Queen Street - Hotel & Suites in a new tab.,v3
2026-09-17 09:12:23,VR Queen Street Auckland,2026-10-07,Super.com,87,,v3
2026-09-17 09:12:30,VR Auckland City,2026-10-07,Booking.com,129,Studio Apartment,v3
2026-09-17 09:12:36,VR Queen Street Auckland,2026-10-08,Booking.com,134,Standard King Room,v3
2026-09-17 09:12:36,VR Queen Street Auckland,2026-10-08,Official site,113,Open VR Queen Street - Hotel & Suites in a new tab.,v3
2026-09-17 09:12:36,VR Queen Street Auckland,2026-10-08,Super.com,113,,v3
2026-09-17 09:12:43,VR Auckland City,2026-10-08,Booking.com,174,Executive One-Bedroom Apartment,v3
2026-09-17 09:12:43,VR Auckland City,2026-10-08,Super.com,141,,v3
2026-09-17 09:12:47,VR Queen Street Auckland,2026-10-09,Booking.com,264,Standard King Room,v3
2026-09-17 09:12:47,VR Queen Street Auckland,2026-10-09,Official site,225,Open VR Queen Street - Hotel & Suites in a new tab.,v3
2026-09-17 09:12:47,VR Queen Street Auckland,2026-10-09,Super.com,225,,v3
2026-09-17 09:12:54,VR Auckland City,2026-10-09,Booking.com,102,Entire Apartment 21st Floor Queen Street with Free Parking,v3
2026-09-17 09:13:00,VR Queen Street Auckland,2026-10-10,Booking.com,234,Open VR Queen Street - Hotel & Suites in a new tab.,v3
2026-09-17 09:13:00,VR Queen Street Auckland,2026-10-10,Official site,275,Penthouse - One-Bedroom Apartment,v3
2026-09-17 09:13:00,VR Queen Street Auckland,2026-10-10,Super.com,234,,v3
2026-09-17 09:13:07,VR Auckland City,2026-10-10,Booking.com,549,,v3
2026-09-17 09:13:07,VR Auckland City,2026-10-10,Super.com,454,,v3
2026-09-17 09:13:11,VR Queen Street Auckland,2026-10-11,Booking.com,97,Open VR Queen Street - Hotel & Suites in a new tab.,v3
2026-09-17 09:13:11,VR Queen Street Auckland,2026-10-11,Official site,125,,v3
2026-09-17 09:13:11,VR Queen Street Auckland,2026-10-11,Super.com,97,,v3
2026-09-17 09:13:18,VR Auckland City,2026-10-11,Booking.com,112,Studio Apartment,v3
2026-09-17 09:13:18,VR Auckland City,2026-10-11,Super.com,86,,v3
2026-09-17 09:13:24,VR Queen Street Auckland,2026-10-12,Booking.com,113,Standard King Room,v3
2026-09-17 09:13:24,VR Queen Street Auckland,2026-10-12,Official site,125,,v3
2026-09-17 09:13:24,VR Queen Street Auckland,2026-10-12,Super.com,95,,v3
2026-09-17 09:13:30,VR Auckland City,2026-10-12,Booking.com,131,Studio Apartment,v3
2026-09-17 09:13:30,VR Auckland City,2026-10-12,Super.com,100,,v3
2026-09-17 09:13:37,VR Queen Street Auckland,2026-10-13,Booking.com,113,Standard King Room,v3
2026-09-17 09:13:37,VR Queen Street Auckland,2026-10-13,Official site,95,Open VR Queen Street - Hotel & Suites in a new tab.,v3
2026-09-17 09:13:37,VR Queen Street Auckland,2026-10-13,Super.com,95,,v3
2026-09-17 09:13:42,VR Auckland City,2026-10-13,Booking.com,117,Studio Apartment,v3
2026-09-17 09:13:42,VR Auckland City,2026-10-13,Super.com,90,,v3
2026-09-17 09:13:48,VR Queen Street Auckland,2026-10-14,Booking.com,113,,v3
2026-09-17 09:13:48,VR Queen Street Auckland,2026-10-14,Hotels.com,108,Standard King Room,v3
2026-09-17 09:13:48,VR Queen Street Auckland,2026-10-14,Official site,125,,v3
2026-09-17 09:13:48,VR Queen Street Auckland,2026-10-14,Super.com,97,,v3
2026-09-17 09:13:48,VR Queen Street Auckland,2026-10-14,Wotif,97,Open VR Queen Street - Hotel & Suites in a new tab.,v3
2026-09-17 09:13:55,VR Auckland City,2026-10-14,Booking.com,117,,v3
2026-09-17 09:13:55,VR Auckland City,2026-10-14,Super.com,92,,v3
2026-09-17 09:13:55,VR Auckland City,2026-10-14,Wotif,84,Mercure Auckland Queen Street,v3
2026-09-17 09:14:01,VR Queen Street Auckland,2026-10-15,Booking.com,113,Standard King Room,v3
2026-09-17 09:14:01,VR Queen Street Auckland,2026-10-15,Official site,95,Open VR Queen Street - Hotel & Suites in a new tab.,v3
2026-09-17 09:14:01,VR Queen Street Auckland,2026-10-15,Super.com,95,,v3
2026-09-17 09:14:08,VR Auckland City,2026-10-15,Booking.com,117,,v3
2026-09-17 09:14:14,VR Queen Street Auckland,2026-10-16,Booking.com,155,Standard King Room,v3
2026-09-17 09:14:14,VR Queen Street Auckland,2026-10-16,Official site,132,Open VR Queen Street - Hotel & Suites in a new tab.,v3
2026-09-17 09:14:14,VR Queen Street Auckland,2026-10-16,Super.com,132,,v3
2026-09-17 09:14:21,VR Auckland City,2026-10-16,Booking.com,198,One-Bedroom Apartment,v3
2026-09-17 09:14:21,VR Auckland City,2026-10-16,Expedia,185,,v3
2026-09-17 09:14:25,VR Queen Street Auckland,2026-10-17,Booking.com,250,Standard King Room,v3
2026-09-17 09:14:25,VR Queen Street Auckland,2026-10-17,Official site,278,,v3
2026-09-17 09:14:25,VR Queen Street Auckland,2026-10-17,Super.com,211,,v3
2026-09-17 09:14:30,VR Auckland City,2026-10-17,Booking.com,639,Deluxe Family Room,v3
2026-09-17 09:14:30,VR Auckland City,2026-10-17,Super.com,547,,v3
2026-09-17 09:14:34,VR Queen Street Auckland,2026-10-18,Booking.com,121,Standard King Room,v3
2026-09-17 09:14:34,VR Queen Street Auckland,2026-10-18,Official site,102,Open VR Queen Street - Hotel & Suites in a new tab.,v3
2026-09-17 09:14:34,VR Queen Street Auckland,2026-10-18,Super.com,102,,v3
2026-09-17 09:14:41,VR Auckland City,2026-10-18,Booking.com,149,Studio Apartment,v3
2026-09-17 09:14:47,VR Queen Street Auckland,2026-10-19,Booking.com,121,Standard King Room,v3
2026-09-17 09:14:47,VR Queen Street Auckland,2026-10-19,Official site,103,Open VR Queen Street - Hotel & Suites in a new tab.,v3
2026-09-17 09:14:47,VR Queen Street Auckland,2026-10-19,Super.com,103,,v3
2026-09-17 09:14:53,VR Auckland City,2026-10-19,Booking.com,183,Executive One-Bedroom Apartment,v3
2026-09-17 09:14:53,VR Auckland City,2026-10-19,Super.com,143,,v3
2026-09-17 09:15:00,VR Queen Street Auckland,2026-10-20,Booking.com,184,,v3
2026-09-17 09:15:00,VR Queen Street Auckland,2026-10-20,Official site,204,Standard King Room - Prepay and Save,v3
2026-09-17 09:15:00,VR Queen Street Auckland,2026-10-20,Super.com,159,,v3
2026-09-17 09:15:06,VR Auckland City,2026-10-20,Booking.com,199,One-Bedroom Apartment,v3
2026-09-17 09:15:06,VR Auckland City,2026-10-20,Super.com,154,,v3
2026-09-17 09:15:12,VR Queen Street Auckland,2026-10-21,Booking.com,184,Standard King Room,v3
2026-09-17 09:15:12,VR Queen Street Auckland,2026-10-21,Official site,158,Open VR Queen Street - Hotel & Suites in a new tab.,v3
2026-09-17 09:15:12,VR Queen Street Auckland,2026-10-21,Super.com,158,,v3
2026-09-17 09:15:18,VR Auckland City,2026-10-21,Booking.com,168,,v3
2026-09-17 09:15:18,VR Auckland City,2026-10-21,Super.com,130,,v3
2026-09-17 09:15:25,VR Queen Street Auckland,2026-10-22,Booking.com,151,Standard King Room,v3
2026-09-17 09:15:25,VR Queen Street Auckland,2026-10-22,Official site,128,Open VR Queen Street - Hotel & Suites in a new tab.,v3
2026-09-17 09:15:25,VR Queen Street Auckland,2026-10-22,Super.com,128,,v3
2026-09-17 09:15:31,VR Auckland City,2026-10-22,Booking.com,157,Executive One-Bedroom Apartment,v3
2026-09-17 09:15:31,VR Auckland City,2026-10-22,Super.com,118,,v3
2026-09-17 09:15:37,VR Queen Street Auckland,2026-10-23,Booking.com,214,,v3
2026-09-17 09:15:37,VR Queen Street Auckland,2026-10-23,Official site,121,Lovely apartment with WiFi in vibrant central Auckland,v3
2026-09-17 09:15:37,VR Queen Street Auckland,2026-10-23,Super.com,188,,v3
2026-09-17 09:15:44,VR Auckland City,2026-10-23,Booking.com,157,Executive One-Bedroom Apartment,v3
2026-09-17 09:15:50,VR Queen Street Auckland,2026-10-24,Booking.com,230,,v3
2026-09-17 09:15:50,VR Queen Street Auckland,2026-10-24,Official site,255,Standard King Room - Prepay and Save,v3
2026-09-17 09:15:50,VR Queen Street Auckland,2026-10-24,Super.com,197,,v3
2026-09-17 09:15:56,VR Auckland City,2026-10-24,Agoda,347,,v3
2026-09-17 09:15:56,VR Auckland City,2026-10-24,Booking.com,157,Executive One-Bedroom Apartment,v3
2026-09-17 09:16:03,VR Queen Street Auckland,2026-10-25,Booking.com,250,Standard King Room,v3
2026-09-17 09:16:03,VR Queen Street Auckland,2026-10-25,Official site,278,,v3
2026-09-17 09:16:03,VR Queen Street Auckland,2026-10-25,Super.com,224,,v3
2026-09-17 09:16:07,VR Auckland City,2026-10-25,Booking.com,126,Studio Apartment,v3
2026-09-17 09:16:14,VR Queen Street Auckland,2026-10-26,Booking.com,113,Standard King Room,v3
2026-09-17 09:16:14,VR Queen Street Auckland,2026-10-26,Official site,98,Open VR Queen Street - Hotel & Suites in a new tab.,v3
2026-09-17 09:16:14,VR Queen Street Auckland,2026-10-26,Super.com,98,,v3
2026-09-17 09:16:21,VR Auckland City,2026-10-26,Booking.com,118,Studio Apartment,v3
2026-09-17 09:16:21,VR Auckland City,2026-10-26,Super.com,90,,v3
2026-09-17 09:16:27,VR Queen Street Auckland,2026-10-27,Booking.com,113,Standard King Room,v3
2026-09-17 09:16:27,VR Queen Street Auckland,2026-10-27,Hotels.com,108,,v3
2026-09-17 09:16:27,VR Queen Street Auckland,2026-10-27,Official site,125,,v3
2026-09-17 09:16:27,VR Queen Street Auckland,2026-10-27,Super.com,97,,v3
2026-09-17 09:16:27,VR Queen Street Auckland,2026-10-27,Wotif,97,Open VR Queen Street - Hotel & Suites in a new tab.,v3
2026-09-17 09:16:33,VR Auckland City,2026-10-27,Booking.com,119,Studio Apartment,v3
2026-09-17 09:16:39,VR Queen Street Auckland,2026-10-28,Booking.com,113,Standard King Room,v3
2026-09-17 09:16:39,VR Queen Street Auckland,2026-10-28,Official site,96,Open VR Queen Street - Hotel & Suites in a new tab.,v3
2026-09-17 09:16:39,VR Queen Street Auckland,2026-10-28,Super.com,96,,v3
2026-09-17 09:16:46,VR Auckland City,2026-10-28,Booking.com,119,Studio Apartment,v3
2026-09-17 09:16:46,VR Auckland City,2026-10-28,Super.com,91,,v3
2026-09-17 09:16:52,VR Queen Street Auckland,2026-10-29,Booking.com,113,Standard King Room,v3
2026-09-17 09:16:52,VR Queen Street Auckland,2026-10-29,Hotels.com,122,,v3
2026-09-17 09:16:52,VR Queen Street Auckland,2026-10-29,Official site,95,Open VR Queen Street - Hotel & Suites in a new tab.,v3
2026-09-17 09:16:52,VR Queen Street Auckland,2026-10-29,Super.com,95,,v3
2026-09-17 09:16:58,VR Auckland City,2026-10-29,Booking.com,119,Studio Apartment,v3
2026-09-17 09:16:58,VR Auckland City,2026-10-29,Super.com,90,,v3
2026-09-17 09:17:04,VR Queen Street Auckland,2026-10-30,Booking.com,151,Standard King Room,v3
2026-09-17 09:17:04,VR Queen Street Auckland,2026-10-30,Official site,133,Open VR Queen Street - Hotel & Suites in a new tab.,v3
2026-09-17 09:17:04,VR Queen Street Auckland,2026-10-30,Super.com,133,,v3
2026-09-17 09:17:11,VR Auckland City,2026-10-30,Booking.com,141,Studio Apartment,v3
2026-09-17 09:17:11,VR Auckland City,2026-10-30,Super.com,110,,v3
2026-09-17 09:17:17,VR Queen Street Auckland,2026-10-31,Booking.com,151,Standard King Room,v3
2026-09-17 09:17:17,VR Queen Street Auckland,2026-10-31,Official site,123,Open VR Queen Street - Hotel & Suites in a new tab.,v3
2026-09-17 09:17:17,VR Queen Street Auckland,2026-10-31,Super.com,123,,v3
2026-09-17 09:17:23,VR Auckland City,2026-10-31,Booking.com,169,Executive One-Bedroom Apartment,v3
2026-09-17 09:17:23,VR Auckland City,2026-10-31,Super.com,126,,v3
2026-09-17 09:17:30,VR Queen Street Auckland,2026-11-01,Booking.com,126,Standard King Room,v3
2026-09-17 09:17:30,VR Queen Street Auckland,2026-11-01,Official site,139,,v3
2026-09-17 09:17:30,VR Queen Street Auckland,2026-11-01,Super.com,99,,v3
2026-09-17 09:17:37,VR Auckland City,2026-11-01,Booking.com,173,Studio Apartment,v3
2026-09-17 09:17:37,VR Auckland City,2026-11-01,Super.com,120,,v3
2026-09-17 09:17:41,VR Queen Street Auckland,2026-11-02,Booking.com,126,Standard King Room,v3
2026-09-17 09:17:41,VR Queen Street Auckland,2026-11-02,Official site,100,Open VR Queen Street - Hotel & Suites in a new tab.,v3
2026-09-17 09:17:41,VR Queen Street Auckland,2026-11-02,Super.com,100,,v3
2026-09-17 09:17:47,VR Auckland City,2026-11-02,Booking.com,154,Studio Apartment,v3
2026-09-17 09:17:54,VR Queen Street Auckland,2026-11-03,Booking.com,126,Standard King Room,v3
2026-09-17 09:17:54,VR Queen Street Auckland,2026-11-03,Official site,101,Open VR Queen Street - Hotel & Suites in a new tab.,v3
2026-09-17 09:17:54,VR Queen Street Auckland,2026-11-03,Super.com,101,,v3
2026-09-17 09:18:00,VR Auckland City,2026-11-03,Booking.com,169,Studio Apartment,v3
2026-09-17 09:18:00,VR Auckland City,2026-11-03,Super.com,118,,v3
2026-09-17 09:18:07,VR Queen Street Auckland,2026-11-04,Booking.com,167,,v3
2026-09-17 09:18:07,VR Queen Street Auckland,2026-11-04,Official site,131,Open VR Queen Street - Hotel & Suites in a new tab.,v3
2026-09-17 09:18:07,VR Queen Street Auckland,2026-11-04,Super.com,131,,v3
2026-09-17 09:18:13,VR Auckland City,2026-11-04,Booking.com,180,Studio Apartment,v3
2026-09-17 09:18:20,VR Queen Street Auckland,2026-11-05,Booking.com,184,Standard King Room,v3
2026-09-17 09:18:20,VR Queen Street Auckland,2026-11-05,Official site,144,Open VR Queen Street - Hotel & Suites in a new tab.,v3
2026-09-17 09:18:20,VR Queen Street Auckland,2026-11-05,Super.com,144,,v3
2026-09-17 09:18:26,VR Auckland City,2026-11-05,Booking.com,272,Studio Apartment,v3
2026-09-17 09:18:26,VR Auckland City,2026-11-05,Super.com,117,,v3
2026-09-17 09:18:30,VR Queen Street Auckland,2026-11-06,Booking.com,184,Standard King Room,v3
2026-09-17 09:18:30,VR Queen Street Auckland,2026-11-06,Official site,146,Open VR Queen Street - Hotel & Suites in a new tab.,v3
2026-09-17 09:18:30,VR Queen Street Auckland,2026-11-06,Super.com,146,,v3
2026-09-17 09:18:37,VR Auckland City,2026-11-06,Booking.com,275,Penthouse - One-Bedroom Apartment,v3
2026-09-17 09:18:43,VR Queen Street Auckland,2026-11-07,Booking.com,360,One-Bedroom Suite,v3
2026-09-17 09:18:43,VR Queen Street Auckland,2026-11-07,Official site,281,Open VR Queen Street - Hotel & Suites in a new tab.,v3
2026-09-17 09:18:43,VR Queen Street Auckland,2026-11-07,Super.com,281,,v3
2026-09-17 09:18:49,VR Auckland City,2026-11-07,Booking.com,204,,v3
2026-09-17 09:18:49,VR Auckland City,2026-11-07,Super.com,497,,v3
2026-09-17 09:18:56,VR Queen Street Auckland,2026-11-08,Booking.com,293,Standard King Room,v3
2026-09-17 09:18:56,VR Queen Street Auckland,2026-11-08,Official site,231,Open VR Queen Street - Hotel & Suites in a new tab.,v3
2026-09-17 09:18:56,VR Queen Street Auckland,2026-11-08,Super.com,231,,v3
2026-09-17 09:19:02,VR Auckland City,2026-11-08,Booking.com,329,One-Bedroom Apartment,v3
2026-09-17 09:19:02,VR Auckland City,2026-11-08,Trip.com,316,,v3
2026-09-17 09:19:09,VR Queen Street Auckland,2026-11-09,Booking.com,209,,v3
2026-09-17 09:19:09,VR Queen Street Auckland,2026-11-09,Official site,165,Open VR Queen Street - Hotel & Suites in a new tab.,v3
2026-09-17 09:19:09,VR Queen Street Auckland,2026-11-09,Super.com,165,,v3
2026-09-17 09:19:15,VR Auckland City,2026-11-09,Booking.com,218,Studio Apartment,v3
2026-09-17 09:19:15,VR Auckland City,2026-11-09,Super.com,118,,v3
2026-09-17 09:19:21,VR Queen Street Auckland,2026-11-10,Booking.com,130,Standard King Room,v3
2026-09-17 09:19:21,VR Queen Street Auckland,2026-11-10,Official site,104,Open VR Queen Street - Hotel & Suites in a new tab.,v3
2026-09-17 09:19:21,VR Queen Street Auckland,2026-11-10,Super.com,104,,v3
2026-09-17 09:19:27,VR Auckland City,2026-11-10,Booking.com,203,Studio Apartment,v3
2026-09-17 09:19:27,VR Auckland City,2026-11-10,Super.com,119,,v3
2026-09-17 09:19:34,VR Queen Street Auckland,2026-11-11,Booking.com,150,Open VR Queen Street - Hotel & Suites in a new tab.,v3
2026-09-17 09:19:34,VR Queen Street Auckland,2026-11-11,Official site,209,,v3
2026-09-17 09:19:34,VR Queen Street Auckland,2026-11-11,Super.com,150,,v3
2026-09-17 09:19:40,VR Auckland City,2026-11-11,Booking.com,224,One-Bedroom Apartment,v3
2026-09-17 09:19:40,VR Auckland City,2026-11-11,Super.com,117,,v3
2026-09-17 09:19:47,VR Queen Street Auckland,2026-11-12,Booking.com,188,,v3
2026-09-17 09:19:47,VR Queen Street Auckland,2026-11-12,Official site,149,Open VR Queen Street - Hotel & Suites in a new tab.,v3
2026-09-17 09:19:47,VR Queen Street Auckland,2026-11-12,Super.com,149,,v3
2026-09-17 09:19:53,VR Auckland City,2026-11-12,Booking.com,168,,v3
2026-09-17 09:19:53,VR Auckland City,2026-11-12,Super.com,117,,v3
2026-09-17 09:19:59,VR Queen Street Auckland,2026-11-13,Booking.com,132,Open VR Queen Street - Hotel & Suites in a new tab.,v3
2026-09-17 09:19:59,VR Queen Street Auckland,2026-11-13,Official site,185,,v3
2026-09-17 09:19:59,VR Queen Street Auckland,2026-11-13,Super.com,132,,v3
2026-09-17 09:20:05,VR Auckland City,2026-11-13,Booking.com,230,Studio Apartment,v3
2026-09-17 09:20:05,VR Auckland City,2026-11-13,Super.com,118,,v3
2026-09-17 09:20:11,VR Queen Street Auckland,2026-11-14,Booking.com,167,,v3
2026-09-17 09:20:11,VR Queen Street Auckland,2026-11-14,Hotels.com,161,Standard King Room,v3
2026-09-17 09:20:11,VR Queen Street Auckland,2026-11-14,Official site,132,Open VR Queen Street - Hotel & Suites in a new tab.,v3
2026-09-17 09:20:11,VR Queen Street Auckland,2026-11-14,Super.com,132,,v3
2026-09-17 09:20:18,VR Auckland City,2026-11-14,Booking.com,295,Studio Apartment,v3
2026-09-17 09:20:18,VR Auckland City,2026-11-14,Super.com,122,,v3
2026-09-17 09:20:24,VR Queen Street Auckland,2026-11-15,Booking.com,134,Standard King Room,v3
2026-09-17 09:20:24,VR Queen Street Auckland,2026-11-15,Official site,108,Open VR Queen Street - Hotel & Suites in a new tab.,v3
2026-09-17 09:20:24,VR Queen Street Auckland,2026-11-15,Super.com,108,,v3
2026-09-17 09:20:30,VR Auckland City,2026-11-15,Booking.com,107,Ramada Suites By Wyndham Victoria Street West,v3
2026-09-17 09:20:36,VR Queen Street Auckland,2026-11-16,Booking.com,134,Standard King Room,v3
2026-09-17 09:20:36,VR Queen Street Auckland,2026-11-16,Official site,108,Open VR Queen Street - Hotel & Suites in a new tab.,v3
2026-09-17 09:20:36,VR Queen Street Auckland,2026-11-16,Super.com,108,,v3
2026-09-17 09:20:43,VR Auckland City,2026-11-16,Bluepillow,134,,v3
2026-09-17 09:20:43,VR Auckland City,2026-11-16,Booking.com,223,Studio Apartment,v3
2026-09-17 09:20:43,VR Auckland City,2026-11-16,Expedia,157,,v3
2026-09-17 09:20:43,VR Auckland City,2026-11-16,Super.com,121,,v3
2026-09-17 09:20:47,VR Queen Street Auckland,2026-11-17,Booking.com,134,Standard King Room,v3
2026-09-17 09:20:47,VR Queen Street Auckland,2026-11-17,Official site,104,Open VR Queen Street - Hotel & Suites in a new tab.,v3
2026-09-17 09:20:47,VR Queen Street Auckland,2026-11-17,Super.com,104,,v3
2026-09-17 09:20:54,VR Auckland City,2026-11-17,Booking.com,246,Studio Apartment,v3
2026-09-17 09:20:54,VR Auckland City,2026-11-17,Super.com,119,,v3
2026-09-18 02:13:36,VR Queen Street Auckland,2026-09-18,Booking.com,176,Standard King Room,v3
2026-09-18 02:13:36,VR Queen Street Auckland,2026-09-18,Official site,181,,v3
2026-09-18 02:13:36,VR Queen Street Auckland,2026-09-18,Super.com,139,,v3
2026-09-18 02:13:40,VR Auckland City,2026-09-18,Booking.com,162,Executive One-Bedroom Apartment,v3
2026-09-18 02:13:40,VR Auckland City,2026-09-18,Super.com,146,,v3
2026-09-18 02:13:43,Shakespeare Hotel Auckland,2026-09-18,Agoda,83,,v3
2026-09-18 02:13:43,Shakespeare Hotel Auckland,2026-09-18,Hotels.com,110,"Double Room, 1 Queen Bed",v3
2026-09-18 02:13:43,Shakespeare Hotel Auckland,2026-09-18,Official site,110,,v3
2026-09-18 02:13:43,Shakespeare Hotel Auckland,2026-09-18,Super.com,79,,v3
2026-09-18 02:13:46,Auckland City Hotel,2026-09-18,Booking.com,161,,v3
2026-09-18 02:13:46,Auckland City Hotel,2026-09-18,Hotels.com,117,"Standard Room, 1 Queen Bed",v3
2026-09-18 02:13:46,Auckland City Hotel,2026-09-18,Official site,198,,v3
2026-09-18 02:13:46,Auckland City Hotel,2026-09-18,Super.com,91,,v3
2026-09-18 02:13:49,VR Queen Street Auckland,2026-09-19,Booking.com,176,,v3
2026-09-18 02:13:49,VR Queen Street Auckland,2026-09-19,Hotels.com,156,Standard King Room,v3
2026-09-18 02:13:49,VR Queen Street Auckland,2026-09-19,Official site,181,,v3
2026-09-18 02:13:49,VR Queen Street Auckland,2026-09-19,Super.com,137,,v3
2026-09-18 02:13:52,VR Auckland City,2026-09-19,Booking.com,145,Studio Apartment,v3
2026-09-18 02:13:52,VR Auckland City,2026-09-19,Super.com,113,,v3
2026-09-18 02:13:55,Shakespeare Hotel Auckland,2026-09-19,Booking.com,89,,v3
2026-09-18 02:13:55,Shakespeare Hotel Auckland,2026-09-19,Hotels.com,88,"Double Room, 1 Queen Bed",v3
2026-09-18 02:13:55,Shakespeare Hotel Auckland,2026-09-19,Official site,110,,v3
2026-09-18 02:13:55,Shakespeare Hotel Auckland,2026-09-19,Super.com,77,,v3
2026-09-18 02:13:57,Auckland City Hotel,2026-09-19,Booking.com,161,,v3
2026-09-18 02:13:57,Auckland City Hotel,2026-09-19,Hotels.com,112,"Standard Room, 1 Queen Bed",v3
2026-09-18 02:13:57,Auckland City Hotel,2026-09-19,Official site,198,,v3
2026-09-18 02:13:57,Auckland City Hotel,2026-09-19,Super.com,87,,v3
2026-09-18 02:14:00,VR Queen Street Auckland,2026-09-20,Booking.com,104,One-Bedroom Suite,v3
2026-09-18 02:14:00,VR Queen Street Auckland,2026-09-20,Official site,107,,v3
2026-09-18 02:14:00,VR Queen Street Auckland,2026-09-20,Super.com,83,,v3
2026-09-18 02:14:02,VR Auckland City,2026-09-20,Booking.com,108,Studio Apartment,v3
2026-09-18 02:14:02,VR Auckland City,2026-09-20,Super.com,85,,v3
2026-09-18 02:14:05,Shakespeare Hotel Auckland,2026-09-20,Booking.com,92,,v3
2026-09-18 02:14:05,Shakespeare Hotel Auckland,2026-09-20,Hotels.com,89,Double Room,v3
2026-09-18 02:14:05,Shakespeare Hotel Auckland,2026-09-20,Official site,110,,v3
2026-09-18 02:14:05,Shakespeare Hotel Auckland,2026-09-20,Super.com,79,,v3
2026-09-18 02:14:07,Auckland City Hotel,2026-09-20,Booking.com,135,,v3
2026-09-18 02:14:07,Auckland City Hotel,2026-09-20,Hotels.com,112,Standard Twin Room,v3
2026-09-18 02:14:07,Auckland City Hotel,2026-09-20,Official site,198,,v3
2026-09-18 02:14:07,Auckland City Hotel,2026-09-20,Super.com,87,,v3
2026-09-18 02:14:10,VR Queen Street Auckland,2026-09-21,Booking.com,95,Standard King Room,v3
2026-09-18 02:14:10,VR Queen Street Auckland,2026-09-21,Hotels.com,84,,v3
2026-09-18 02:14:10,VR Queen Street Auckland,2026-09-21,Official site,97,,v3
2026-09-18 02:14:10,VR Queen Street Auckland,2026-09-21,Super.com,73,,v3
2026-09-18 02:14:13,VR Auckland City,2026-09-21,Booking.com,108,Studio Apartment,v3
2026-09-18 02:14:13,VR Auckland City,2026-09-21,Super.com,85,,v3
2026-09-18 02:14:16,Shakespeare Hotel Auckland,2026-09-21,Agoda,85,,v3
2026-09-18 02:14:16,Shakespeare Hotel Auckland,2026-09-21,Hotels.com,84,Double Room,v3
2026-09-18 02:14:16,Shakespeare Hotel Auckland,2026-09-21,Official site,110,,v3
2026-09-18 02:14:16,Shakespeare Hotel Auckland,2026-09-21,Super.com,77,,v3
2026-09-18 02:14:18,Auckland City Hotel,2026-09-21,Agoda,118,,v3
2026-09-18 02:14:18,Auckland City Hotel,2026-09-21,Booking.com,150,,v3
2026-09-18 02:14:18,Auckland City Hotel,2026-09-21,Official site,198,,v3
2026-09-18 02:14:18,Auckland City Hotel,2026-09-21,Super.com,91,,v3
2026-09-18 02:14:21,VR Queen Street Auckland,2026-09-22,Booking.com,104,,v3
2026-09-18 02:14:21,VR Queen Street Auckland,2026-09-22,Hotels.com,93,Standard King Room,v3
2026-09-18 02:14:21,VR Queen Street Auckland,2026-09-22,Official site,107,,v3
2026-09-18 02:14:21,VR Queen Street Auckland,2026-09-22,Super.com,81,,v3
2026-09-18 02:14:23,VR Auckland City,2026-09-22,Booking.com,112,Studio Apartment,v3
2026-09-18 02:14:23,VR Auckland City,2026-09-22,Super.com,88,,v3
2026-09-18 02:14:25,Shakespeare Hotel Auckland,2026-09-22,Booking.com,92,,v3
2026-09-18 02:14:25,Shakespeare Hotel Auckland,2026-09-22,Hotels.com,88,Double Room,v3
2026-09-18 02:14:25,Shakespeare Hotel Auckland,2026-09-22,Official site,110,,v3
2026-09-18 02:14:25,Shakespeare Hotel Auckland,2026-09-22,Super.com,81,,v3
2026-09-18 02:14:27,Auckland City Hotel,2026-09-22,Booking.com,161,,v3
2026-09-18 02:14:27,Auckland City Hotel,2026-09-22,Hotels.com,120,Standard Twin Room,v3
2026-09-18 02:14:27,Auckland City Hotel,2026-09-22,Official site,198,,v3
2026-09-18 02:14:27,Auckland City Hotel,2026-09-22,Super.com,92,,v3
2026-09-18 02:14:30,VR Queen Street Auckland,2026-09-23,Booking.com,115,,v3
2026-09-18 02:14:30,VR Queen Street Auckland,2026-09-23,Hotels.com,115,Suite · Suite,v3
2026-09-18 02:14:30,VR Queen Street Auckland,2026-09-23,Official site,119,,v3
2026-09-18 02:14:30,VR Queen Street Auckland,2026-09-23,Super.com,90,,v3
2026-09-18 02:14:32,VR Auckland City,2026-09-23,Booking.com,107,Studio Studio Apartment,v3
2026-09-18 02:14:32,VR Auckland City,2026-09-23,Super.com,85,,v3
2026-09-18 02:14:34,Shakespeare Hotel Auckland,2026-09-23,Agoda,83,,v3
2026-09-18 02:14:34,Shakespeare Hotel Auckland,2026-09-23,Booking.com,92,Standard Queen Room,v3
2026-09-18 02:14:34,Shakespeare Hotel Auckland,2026-09-23,Official site,110,,v3
2026-09-18 02:14:34,Shakespeare Hotel Auckland,2026-09-23,Super.com,77,,v3
2026-09-18 02:14:36,Auckland City Hotel,2026-09-23,Agoda,138,,v3
2026-09-18 02:14:36,Auckland City Hotel,2026-09-23,Booking.com,161,Standard Room with Two Single Beds,v3
2026-09-18 02:14:36,Auckland City Hotel,2026-09-23,Official site,111,The Quadrant Hotel & Suites,v3
2026-09-18 02:14:36,Auckland City Hotel,2026-09-23,Super.com,111,,v3
2026-09-18 02:14:41,VR Queen Street Auckland,2026-09-24,Booking.com,115,One-Bedroom Suite,v3
2026-09-18 02:14:41,VR Queen Street Auckland,2026-09-24,Hotels.com,104,,v3
2026-09-18 02:14:41,VR Queen Street Auckland,2026-09-24,Official site,119,,v3
2026-09-18 02:14:41,VR Queen Street Auckland,2026-09-24,Super.com,89,,v3
2026-09-18 02:14:43,VR Auckland City,2026-09-24,Booking.com,112,Studio Apartment,v3
2026-09-18 02:14:43,VR Auckland City,2026-09-24,Super.com,86,,v3
2026-09-18 02:14:46,Shakespeare Hotel Auckland,2026-09-24,Booking.com,92,,v3
2026-09-18 02:14:46,Shakespeare Hotel Auckland,2026-09-24,Hotels.com,110,Double Room,v3
2026-09-18 02:14:46,Shakespeare Hotel Auckland,2026-09-24,Official site,110,,v3
2026-09-18 02:14:46,Shakespeare Hotel Auckland,2026-09-24,Super.com,80,,v3
2026-09-18 02:14:48,Auckland City Hotel,2026-09-24,Booking.com,161,,v3
2026-09-18 02:14:48,Auckland City Hotel,2026-09-24,Hotels.com,118,Standard Twin Room,v3
2026-09-18 02:14:48,Auckland City Hotel,2026-09-24,Official site,198,,v3
2026-09-18 02:14:48,Auckland City Hotel,2026-09-24,Super.com,88,,v3
2026-09-18 02:14:50,VR Queen Street Auckland,2026-09-25,Booking.com,144,,v3
2026-09-18 02:14:50,VR Queen Street Auckland,2026-09-25,Hotels.com,128,Standard King Room,v3
2026-09-18 02:14:50,VR Queen Street Auckland,2026-09-25,Official site,149,,v3
2026-09-18 02:14:50,VR Queen Street Auckland,2026-09-25,Super.com,115,,v3
2026-09-18 02:14:53,VR Auckland City,2026-09-25,Booking.com,169,One-Bedroom Apartment,v3
2026-09-18 02:14:53,VR Auckland City,2026-09-25,Super.com,130,,v3
2026-09-18 02:15:09,Auckland City Hotel,2026-09-25,Agoda,347,,v3
2026-09-18 02:15:09,Auckland City Hotel,2026-09-25,Booking.com,347,Two-Bedroom Apartment - Split Level with Queen and Single,v3
2026-09-18 02:15:09,Auckland City Hotel,2026-09-25,Official site,452,,v3
2026-09-18 02:15:09,Auckland City Hotel,2026-09-25,Super.com,206,,v3
2026-09-18 02:15:20,VR Queen Street Auckland,2026-09-26,Booking.com,149,,v3
2026-09-18 02:15:20,VR Queen Street Auckland,2026-09-26,Hotels.com,134,Standard King Room,v3
2026-09-18 02:15:20,VR Queen Street Auckland,2026-09-26,Official site,153,,v3
2026-09-18 02:15:20,VR Queen Street Auckland,2026-09-26,Super.com,117,,v3
2026-09-18 02:15:29,VR Auckland City,2026-09-26,Booking.com,194,Studio Apartment,v3
2026-09-18 02:15:29,VR Auckland City,2026-09-26,Super.com,151,,v3
2026-09-18 02:15:32,Shakespeare Hotel Auckland,2026-09-26,Booking.com,92,Standard Queen Room,v3
2026-09-18 02:15:32,Shakespeare Hotel Auckland,2026-09-26,Hotels.com,89,,v3
2026-09-18 02:15:32,Shakespeare Hotel Auckland,2026-09-26,Official site,110,,v3
2026-09-18 02:15:32,Shakespeare Hotel Auckland,2026-09-26,Super.com,72,,v3
2026-09-18 02:15:34,Auckland City Hotel,2026-09-26,Booking.com,161,,v3
2026-09-18 02:15:34,Auckland City Hotel,2026-09-26,Hotels.com,150,"Studio, Kitchenette",v3
2026-09-18 02:15:34,Auckland City Hotel,2026-09-26,Official site,227,,v3
2026-09-18 02:15:34,Auckland City Hotel,2026-09-26,Super.com,105,,v3
2026-09-18 02:15:36,VR Queen Street Auckland,2026-09-27,Booking.com,115,,v3
2026-09-18 02:15:36,VR Queen Street Auckland,2026-09-27,Hotels.com,90,Open VR Queen Street - Hotel & Suites in a new tab.,v3
2026-09-18 02:15:36,VR Queen Street Auckland,2026-09-27,Official site,119,,v3
2026-09-18 02:15:36,VR Queen Street Auckland,2026-09-27,Super.com,90,,v3
2026-09-18 02:15:41,VR Auckland City,2026-09-27,Booking.com,140,Studio Apartment,v3
2026-09-18 02:15:41,VR Auckland City,2026-09-27,Super.com,108,,v3
2026-09-18 02:15:45,Shakespeare Hotel Auckland,2026-09-27,Booking.com,87,,v3
2026-09-18 02:15:45,Shakespeare Hotel Auckland,2026-09-27,Hotels.com,76,,v3
2026-09-18 02:15:45,Shakespeare Hotel Auckland,2026-09-27,Official site,110,,v3
2026-09-18 02:15:45,Shakespeare Hotel Auckland,2026-09-27,Super.com,76,,v3
2026-09-18 02:15:49,Auckland City Hotel,2026-09-27,Agoda,131,,v3
2026-09-18 02:15:49,Auckland City Hotel,2026-09-27,Booking.com,161,Standard Room with Two Single Beds,v3
2026-09-18 02:15:49,Auckland City Hotel,2026-09-27,Official site,198,,v3
2026-09-18 02:15:49,Auckland City Hotel,2026-09-27,trivago,91,,v3
2026-09-18 02:15:52,VR Queen Street Auckland,2026-09-28,Booking.com,115,One-Bedroom Suite,v3
2026-09-18 02:15:52,VR Queen Street Auckland,2026-09-28,Hotels.com,104,,v3
2026-09-18 02:15:52,VR Queen Street Auckland,2026-09-28,Official site,119,,v3
2026-09-18 02:15:52,VR Queen Street Auckland,2026-09-28,Super.com,90,,v3
2026-09-18 02:15:54,VR Auckland City,2026-09-28,Booking.com,108,Studio Apartment,v3
2026-09-18 02:15:54,VR Auckland City,2026-09-28,Super.com,83,,v3
2026-09-18 02:15:57,Shakespeare Hotel Auckland,2026-09-28,Booking.com,86,,v3
2026-09-18 02:15:57,Shakespeare Hotel Auckland,2026-09-28,Hotels.com,84,Double Room,v3
2026-09-18 02:15:57,Shakespeare Hotel Auckland,2026-09-28,Official site,110,,v3
2026-09-18 02:15:57,Shakespeare Hotel Auckland,2026-09-28,Super.com,75,,v3
2026-09-18 02:15:59,Auckland City Hotel,2026-09-28,Booking.com,147,,v3
2026-09-18 02:15:59,Auckland City Hotel,2026-09-28,Hotels.com,91,ibis budget Auckland Central - Double Studio,v3
2026-09-18 02:15:59,Auckland City Hotel,2026-09-28,Official site,198,,v3
2026-09-18 02:15:59,Auckland City Hotel,2026-09-28,Super.com,91,,v3
2026-09-18 02:16:04,VR Queen Street Auckland,2026-09-29,Booking.com,115,,v3
2026-09-18 02:16:04,VR Queen Street Auckland,2026-09-29,Hotels.com,102,Suite · Suite,v3
2026-09-18 02:16:04,VR Queen Street Auckland,2026-09-29,Official site,119,,v3
2026-09-18 02:16:04,VR Queen Street Auckland,2026-09-29,Super.com,89,,v3
2026-09-18 02:16:06,VR Auckland City,2026-09-29,Booking.com,112,Studio Apartment,v3
2026-09-18 02:16:06,VR Auckland City,2026-09-29,Super.com,86,,v3
2026-09-18 02:16:10,Shakespeare Hotel Auckland,2026-09-29,Booking.com,86,,v3
2026-09-18 02:16:10,Shakespeare Hotel Auckland,2026-09-29,Hotels.com,83,Double Room,v3
2026-09-18 02:16:10,Shakespeare Hotel Auckland,2026-09-29,Official site,110,,v3
2026-09-18 02:16:10,Shakespeare Hotel Auckland,2026-09-29,Super.com,75,,v3
2026-09-18 02:16:21,Auckland City Hotel,2026-09-29,Booking.com,150,,v3
2026-09-18 02:16:21,Auckland City Hotel,2026-09-29,Hotels.com,125,,v3
2026-09-18 02:16:21,Auckland City Hotel,2026-09-29,Official site,198,,v3
2026-09-18 02:16:21,Auckland City Hotel,2026-09-29,Super.com,91,,v3
2026-09-18 02:16:32,VR Queen Street Auckland,2026-09-30,Booking.com,122,One-Bedroom Suite,v3
2026-09-18 02:16:32,VR Queen Street Auckland,2026-09-30,Official site,126,,v3
2026-09-18 02:16:32,VR Queen Street Auckland,2026-09-30,Super.com,97,,v3
2026-09-18 02:16:42,VR Auckland City,2026-09-30,Booking.com,112,Studio Apartment,v3
2026-09-18 02:16:42,VR Auckland City,2026-09-30,Super.com,87,,v3
2026-09-18 02:16:46,Shakespeare Hotel Auckland,2026-09-30,Booking.com,92,,v3
2026-09-18 02:16:46,Shakespeare Hotel Auckland,2026-09-30,Hotels.com,80,Auckland Harbour Suites,v3
2026-09-18 02:16:46,Shakespeare Hotel Auckland,2026-09-30,Official site,110,,v3
2026-09-18 02:16:46,Shakespeare Hotel Auckland,2026-09-30,Super.com,80,,v3
2026-09-18 02:16:50,Auckland City Hotel,2026-09-30,Booking.com,150,,v3
2026-09-18 02:16:50,Auckland City Hotel,2026-09-30,Hotels.com,138,"Standard Room, 1 Queen Bed",v3
2026-09-18 02:16:50,Auckland City Hotel,2026-09-30,Official site,198,,v3
2026-09-18 02:16:50,Auckland City Hotel,2026-09-30,Super.com,92,,v3
2026-09-18 02:16:52,VR Queen Street Auckland,2026-10-01,Booking.com,122,,v3
2026-09-18 02:16:52,VR Queen Street Auckland,2026-10-01,Hotels.com,108,Standard King Room,v3
2026-09-18 02:16:52,VR Queen Street Auckland,2026-10-01,Official site,125,,v3
2026-09-18 02:16:52,VR Queen Street Auckland,2026-10-01,Super.com,95,,v3
2026-09-18 02:16:55,VR Auckland City,2026-10-01,Booking.com,113,,v3
2026-09-18 02:16:55,VR Auckland City,2026-10-01,Super.com,90,,v3
2026-09-18 02:16:57,Shakespeare Hotel Auckland,2026-10-01,Booking.com,87,ibis budget Auckland Central - Double Studio,v3
2026-09-18 02:16:57,Shakespeare Hotel Auckland,2026-10-01,Hotels.com,97,,v3
2026-09-18 02:16:57,Shakespeare Hotel Auckland,2026-10-01,Official site,130,,v3
2026-09-18 02:16:57,Shakespeare Hotel Auckland,2026-10-01,Super.com,87,,v3
2026-09-18 02:17:02,Auckland City Hotel,2026-10-01,Booking.com,158,,v3
2026-09-18 02:17:02,Auckland City Hotel,2026-10-01,Hotels.com,148,,v3
2026-09-18 02:17:02,Auckland City Hotel,2026-10-01,Official site,208,,v3
2026-09-18 02:17:02,Auckland City Hotel,2026-10-01,Super.com,95,,v3
2026-09-18 02:18:24,VR Queen Street Auckland,2026-09-18,Booking.com,176,,v3
2026-09-18 02:18:24,VR Queen Street Auckland,2026-09-18,Hotels.com,158,Standard King Room,v3
2026-09-18 02:18:24,VR Queen Street Auckland,2026-09-18,Official site,181,,v3
2026-09-18 02:18:24,VR Queen Street Auckland,2026-09-18,Super.com,139,,v3
2026-09-18 02:18:29,VR Auckland City,2026-09-18,Booking.com,162,Executive One-Bedroom Apartment,v3
2026-09-18 02:18:29,VR Auckland City,2026-09-18,Super.com,146,,v3
2026-09-18 02:18:34,Shakespeare Hotel Auckland,2026-09-18,Booking.com,89,,v3
2026-09-18 02:18:34,Shakespeare Hotel Auckland,2026-09-18,Expedia,110,"Double Room, 1 Queen Bed",v3
2026-09-18 02:18:34,Shakespeare Hotel Auckland,2026-09-18,Official site,110,,v3
2026-09-18 02:18:34,Shakespeare Hotel Auckland,2026-09-18,Super.com,79,,v3
2026-09-18 02:18:39,Auckland City Hotel,2026-09-18,Booking.com,161,,v3
2026-09-18 02:18:39,Auckland City Hotel,2026-09-18,Hotels.com,117,"Standard Room, 1 Queen Bed",v3
2026-09-18 02:18:39,Auckland City Hotel,2026-09-18,Official site,198,,v3
2026-09-18 02:18:39,Auckland City Hotel,2026-09-18,Super.com,91,,v3
2026-09-18 02:18:45,VR Queen Street Auckland,2026-09-19,Booking.com,176,Standard King Room,v3
2026-09-18 02:18:45,VR Queen Street Auckland,2026-09-19,Official site,181,,v3
2026-09-18 02:18:45,VR Queen Street Auckland,2026-09-19,Super.com,136,,v3
2026-09-18 02:18:50,VR Auckland City,2026-09-19,Booking.com,145,Studio Apartment,v3
2026-09-18 02:18:50,VR Auckland City,2026-09-19,Super.com,113,,v3
2026-09-18 02:18:55,Shakespeare Hotel Auckland,2026-09-19,Booking.com,89,Double Room,v3
2026-09-18 02:18:55,Shakespeare Hotel Auckland,2026-09-19,Hotels.com,88,,v3
2026-09-18 02:18:55,Shakespeare Hotel Auckland,2026-09-19,Official site,110,,v3
2026-09-18 02:18:55,Shakespeare Hotel Auckland,2026-09-19,Super.com,80,,v3
2026-09-18 02:19:01,Auckland City Hotel,2026-09-19,Booking.com,161,,v3
2026-09-18 02:19:01,Auckland City Hotel,2026-09-19,Hotels.com,112,"Standard Room, 1 Queen Bed",v3
2026-09-18 02:19:01,Auckland City Hotel,2026-09-19,Official site,198,,v3
2026-09-18 02:19:01,Auckland City Hotel,2026-09-19,Super.com,87,,v3
2026-09-18 02:19:06,VR Queen Street Auckland,2026-09-20,Booking.com,104,One-Bedroom Suite,v3
2026-09-18 02:19:06,VR Queen Street Auckland,2026-09-20,Hotels.com,93,,v3
2026-09-18 02:19:06,VR Queen Street Auckland,2026-09-20,Official site,83,Open VR Queen Street - Hotel & Suites in a new tab.,v3
2026-09-18 02:19:06,VR Queen Street Auckland,2026-09-20,Super.com,83,,v3
2026-09-18 02:19:14,VR Auckland City,2026-09-20,Booking.com,108,Studio Apartment,v3
2026-09-18 02:19:14,VR Auckland City,2026-09-20,Super.com,85,,v3
2026-09-18 02:19:14,VR Auckland City,2026-09-20,Wotif,85,Pullman Auckland Hotel & Apartments,v3
2026-09-18 02:19:22,Shakespeare Hotel Auckland,2026-09-20,Booking.com,92,,v3
2026-09-18 02:19:22,Shakespeare Hotel Auckland,2026-09-20,Hotels.com,89,Double Room,v3
2026-09-18 02:19:22,Shakespeare Hotel Auckland,2026-09-20,Official site,110,,v3
2026-09-18 02:19:22,Shakespeare Hotel Auckland,2026-09-20,Super.com,79,,v3
2026-09-18 02:19:26,Auckland City Hotel,2026-09-20,Booking.com,104,Standard Room with Two Single Beds,v3
2026-09-18 02:19:26,Auckland City Hotel,2026-09-20,Hotels.com,112,,v3
2026-09-18 02:19:26,Auckland City Hotel,2026-09-20,Official site,198,,v3
2026-09-18 02:19:26,Auckland City Hotel,2026-09-20,Super.com,87,,v3
2026-09-18 02:19:26,Auckland City Hotel,2026-09-20,Wotif,87,Pullman Auckland Hotel & Apartments,v3
2026-09-18 02:19:33,VR Queen Street Auckland,2026-09-21,Booking.com,95,,v3
2026-09-18 02:19:33,VR Queen Street Auckland,2026-09-21,Hotels.com,84,Standard King Room,v3
2026-09-18 02:19:33,VR Queen Street Auckland,2026-09-21,Official site,74,Open VR Queen Street - Hotel & Suites in a new tab.,v3
2026-09-18 02:19:33,VR Queen Street Auckland,2026-09-21,Super.com,74,,v3
2026-09-18 02:19:39,VR Auckland City,2026-09-21,Booking.com,108,,v3
2026-09-18 02:19:39,VR Auckland City,2026-09-21,Hotels.com,108,Studio Apartment,v3
2026-09-18 02:19:39,VR Auckland City,2026-09-21,Super.com,85,,v3
2026-09-18 02:19:44,Shakespeare Hotel Auckland,2026-09-21,Booking.com,92,,v3
2026-09-18 02:19:44,Shakespeare Hotel Auckland,2026-09-21,Hotels.com,84,Double Room,v3
2026-09-18 02:19:44,Shakespeare Hotel Auckland,2026-09-21,Official site,110,,v3
2026-09-18 02:19:44,Shakespeare Hotel Auckland,2026-09-21,Super.com,76,,v3
2026-09-18 02:19:49,Auckland City Hotel,2026-09-21,Booking.com,150,,v3
2026-09-18 02:19:49,Auckland City Hotel,2026-09-21,Hotels.com,123,Standard Twin Room,v3
2026-09-18 02:19:49,Auckland City Hotel,2026-09-21,Official site,198,,v3
2026-09-18 02:19:49,Auckland City Hotel,2026-09-21,Super.com,92,,v3
2026-09-18 02:19:53,VR Queen Street Auckland,2026-09-22,Booking.com,104,Standard King Room,v3
2026-09-18 02:19:53,VR Queen Street Auckland,2026-09-22,Official site,107,,v3
2026-09-18 02:19:53,VR Queen Street Auckland,2026-09-22,Super.com,81,,v3
2026-09-18 02:19:58,VR Auckland City,2026-09-22,Booking.com,112,Studio Apartment,v3
2026-09-18 02:19:58,VR Auckland City,2026-09-22,Super.com,88,,v3
2026-09-18 02:19:58,VR Auckland City,2026-09-22,Wotif,73,,v3
2026-09-18 02:20:05,Shakespeare Hotel Auckland,2026-09-22,Booking.com,92,,v3
2026-09-18 02:20:05,Shakespeare Hotel Auckland,2026-09-22,Hotels.com,88,Double Room,v3
2026-09-18 02:20:05,Shakespeare Hotel Auckland,2026-09-22,Official site,81,,v3
2026-09-18 02:20:05,Shakespeare Hotel Auckland,2026-09-22,Super.com,81,,v3
2026-09-18 02:20:12,Auckland City Hotel,2026-09-22,Booking.com,161,,v3
2026-09-18 02:20:12,Auckland City Hotel,2026-09-22,Hotels.com,120,Standard Twin Room,v3
2026-09-18 02:20:12,Auckland City Hotel,2026-09-22,Official site,198,,v3
2026-09-18 02:20:12,Auckland City Hotel,2026-09-22,Super.com,92,,v3
2026-09-18 02:20:12,Auckland City Hotel,2026-09-22,Wotif,92,,v3
2026-09-18 02:20:19,VR Queen Street Auckland,2026-09-23,Booking.com,115,One-Bedroom Suite,v3
2026-09-18 02:20:19,VR Queen Street Auckland,2026-09-23,Hotels.com,115,,v3
2026-09-18 02:20:19,VR Queen Street Auckland,2026-09-23,Official site,119,,v3
2026-09-18 02:20:19,VR Queen Street Auckland,2026-09-23,Super.com,90,,v3
2026-09-18 02:20:23,VR Auckland City,2026-09-23,Booking.com,107,Studio Studio Apartment,v3
2026-09-18 02:20:23,VR Auckland City,2026-09-23,Super.com,85,,v3
2026-09-18 02:20:28,Shakespeare Hotel Auckland,2026-09-23,Booking.com,92,,v3
2026-09-18 02:20:28,Shakespeare Hotel Auckland,2026-09-23,Expedia,77,Parkside Hotel & Apartments,v3
2026-09-18 02:20:28,Shakespeare Hotel Auckland,2026-09-23,Official site,110,,v3
2026-09-18 02:20:28,Shakespeare Hotel Auckland,2026-09-23,Super.com,77,,v3
2026-09-18 02:20:35,Auckland City Hotel,2026-09-23,Agoda,138,,v3
2026-09-18 02:20:35,Auckland City Hotel,2026-09-23,Booking.com,161,Standard Room with Two Single Beds,v3
2026-09-18 02:20:35,Auckland City Hotel,2026-09-23,Expedia,111,Parkside Hotel & Apartments,v3
2026-09-18 02:20:35,Auckland City Hotel,2026-09-23,Official site,248,,v3
2026-09-18 02:20:35,Auckland City Hotel,2026-09-23,Super.com,111,,v3
2026-09-18 02:20:42,VR Queen Street Auckland,2026-09-24,Booking.com,115,One-Bedroom Suite,v3
2026-09-18 02:20:42,VR Queen Street Auckland,2026-09-24,Expedia,89,Open VR Queen Street - Hotel & Suites in a new tab.,v3
2026-09-18 02:20:42,VR Queen Street Auckland,2026-09-24,Official site,119,,v3
2026-09-18 02:20:42,VR Queen Street Auckland,2026-09-24,Super.com,89,,v3
2026-09-18 02:20:49,VR Auckland City,2026-09-24,Booking.com,112,Studio Apartment,v3
2026-09-18 02:20:49,VR Auckland City,2026-09-24,Expedia,74,Princes Wharf Boutique Apartment,v3
2026-09-18 02:20:49,VR Auckland City,2026-09-24,Super.com,86,,v3
2026-09-18 02:20:56,Shakespeare Hotel Auckland,2026-09-24,Booking.com,92,,v3
2026-09-18 02:20:56,Shakespeare Hotel Auckland,2026-09-24,Hotels.com,110,Double Room,v3
2026-09-18 02:20:56,Shakespeare Hotel Auckland,2026-09-24,Official site,110,,v3
2026-09-18 02:20:56,Shakespeare Hotel Auckland,2026-09-24,Super.com,80,,v3
2026-09-18 02:20:56,Shakespeare Hotel Auckland,2026-09-24,Wotif,80,Princes Wharf Boutique Apartment,v3
2026-09-18 02:21:02,Auckland City Hotel,2026-09-24,Booking.com,161,,v3
2026-09-18 02:21:02,Auckland City Hotel,2026-09-24,Hotels.com,118,Standard Twin Room,v3
2026-09-18 02:21:02,Auckland City Hotel,2026-09-24,Official site,88,Princes Wharf Boutique Apartment,v3
2026-09-18 02:21:02,Auckland City Hotel,2026-09-24,Super.com,88,,v3
2026-09-18 02:21:09,VR Queen Street Auckland,2026-09-25,Booking.com,144,,v3
2026-09-18 02:21:09,VR Queen Street Auckland,2026-09-25,Hotels.com,128,Standard King Room,v3
2026-09-18 02:21:09,VR Queen Street Auckland,2026-09-25,Official site,149,,v3
2026-09-18 02:21:09,VR Queen Street Auckland,2026-09-25,Super.com,115,,v3
2026-09-18 02:21:09,VR Queen Street Auckland,2026-09-25,Wotif,115,Open VR Queen Street - Hotel & Suites in a new tab.,v3
2026-09-18 02:21:16,VR Auckland City,2026-09-25,Booking.com,169,One-Bedroom Apartment,v3
2026-09-18 02:21:16,VR Auckland City,2026-09-25,Super.com,130,,v3
2026-09-18 02:21:16,VR Auckland City,2026-09-25,Wotif,88,ibis budget Auckland Central - Double Studio,v3
2026-09-18 02:21:26,Auckland City Hotel,2026-09-25,Booking.com,347,Two-Bedroom Apartment - Split Level with Queen and Single,v3
2026-09-18 02:21:26,Auckland City Hotel,2026-09-25,Hotels.com,353,,v3
2026-09-18 02:21:26,Auckland City Hotel,2026-09-25,Official site,452,,v3
2026-09-18 02:21:26,Auckland City Hotel,2026-09-25,Super.com,206,,v3
2026-09-18 02:21:26,Auckland City Hotel,2026-09-25,Wotif,206,ibis budget Auckland Central - Double Studio,v3
2026-09-18 02:21:32,VR Queen Street Auckland,2026-09-26,Booking.com,149,Standard King Room,v3
2026-09-18 02:21:32,VR Queen Street Auckland,2026-09-26,Official site,153,,v3
2026-09-18 02:21:32,VR Queen Street Auckland,2026-09-26,Super.com,117,,v3
2026-09-18 02:21:37,VR Auckland City,2026-09-26,Booking.com,194,,v3
2026-09-18 02:21:37,VR Auckland City,2026-09-26,Super.com,151,,v3
2026-09-18 02:21:37,VR Auckland City,2026-09-26,Wotif,97,Penthouse,v3
2026-09-18 02:21:43,Shakespeare Hotel Auckland,2026-09-26,Booking.com,92,Standard Queen Room,v3
2026-09-18 02:21:43,Shakespeare Hotel Auckland,2026-09-26,Hotels.com,89,,v3
2026-09-18 02:21:43,Shakespeare Hotel Auckland,2026-09-26,Official site,72,Penthouse,v3
2026-09-18 02:21:43,Shakespeare Hotel Auckland,2026-09-26,Super.com,72,,v3
2026-09-18 02:21:50,Auckland City Hotel,2026-09-26,Agoda,160,,v3
2026-09-18 02:21:50,Auckland City Hotel,2026-09-26,Booking.com,161,Standard Room with Two Single Beds,v3
2026-09-18 02:21:50,Auckland City Hotel,2026-09-26,Official site,227,,v3
2026-09-18 02:21:50,Auckland City Hotel,2026-09-26,Super.com,105,,v3
2026-09-18 02:21:50,Auckland City Hotel,2026-09-26,Wotif,105,Penthouse,v3
2026-09-18 02:21:56,VR Queen Street Auckland,2026-09-27,Booking.com,115,One-Bedroom Suite,v3
2026-09-18 02:21:56,VR Queen Street Auckland,2026-09-27,Hotels.com,101,,v3
2026-09-18 02:21:56,VR Queen Street Auckland,2026-09-27,Official site,90,Open VR Queen Street - Hotel & Suites in a new tab.,v3
2026-09-18 02:21:56,VR Queen Street Auckland,2026-09-27,Super.com,90,,v3
2026-09-18 02:22:03,VR Auckland City,2026-09-27,Booking.com,140,Studio Apartment,v3
2026-09-18 02:22:03,VR Auckland City,2026-09-27,Super.com,108,,v3
2026-09-18 02:22:10,Shakespeare Hotel Auckland,2026-09-27,Agoda,83,,v3
2026-09-18 02:22:10,Shakespeare Hotel Auckland,2026-09-27,Booking.com,87,Double Room,v3
2026-09-18 02:22:10,Shakespeare Hotel Auckland,2026-09-27,Official site,76,Parkside Hotel & Apartments,v3
2026-09-18 02:22:10,Shakespeare Hotel Auckland,2026-09-27,Super.com,76,,v3
2026-09-18 02:22:16,Auckland City Hotel,2026-09-27,Booking.com,111,Standard Room with Two Single Beds,v3
2026-09-18 02:22:16,Auckland City Hotel,2026-09-27,Official site,91,Parkside Hotel & Apartments,v3
2026-09-18 02:22:16,Auckland City Hotel,2026-09-27,Super.com,91,,v3
2026-09-18 02:22:22,VR Queen Street Auckland,2026-09-28,Booking.com,115,,v3
2026-09-18 02:22:22,VR Queen Street Auckland,2026-09-28,Hotels.com,104,Suite · Suite,v3
2026-09-18 02:22:22,VR Queen Street Auckland,2026-09-28,Official site,90,Open VR Queen Street - Hotel & Suites in a new tab.,v3
2026-09-18 02:22:22,VR Queen Street Auckland,2026-09-28,Super.com,90,,v3
2026-09-18 02:22:29,VR Auckland City,2026-09-28,Booking.com,108,Studio Apartment,v3
2026-09-18 02:22:29,VR Auckland City,2026-09-28,Expedia,74,ibis budget Auckland Central - Double Studio,v3
2026-09-18 02:22:29,VR Auckland City,2026-09-28,Super.com,83,,v3
2026-09-18 02:22:36,Shakespeare Hotel Auckland,2026-09-28,Agoda,84,,v3
2026-09-18 02:22:36,Shakespeare Hotel Auckland,2026-09-28,Booking.com,86,Double Room,v3
2026-09-18 02:22:36,Shakespeare Hotel Auckland,2026-09-28,Official site,75,ibis budget Auckland Central - Double Studio,v3
2026-09-18 02:22:36,Shakespeare Hotel Auckland,2026-09-28,Super.com,75,,v3
2026-09-18 02:22:42,Auckland City Hotel,2026-09-28,Agoda,124,,v3
2026-09-18 02:22:42,Auckland City Hotel,2026-09-28,Booking.com,147,,v3
2026-09-18 02:22:42,Auckland City Hotel,2026-09-28,Official site,198,,v3
2026-09-18 02:22:42,Auckland City Hotel,2026-09-28,Super.com,92,,v3
2026-09-18 02:22:42,Auckland City Hotel,2026-09-28,Wotif,92,ibis budget Auckland Central - Double Studio,v3
2026-09-18 02:22:49,VR Queen Street Auckland,2026-09-29,Booking.com,115,One-Bedroom Suite,v3
2026-09-18 02:22:49,VR Queen Street Auckland,2026-09-29,Official site,89,Open VR Queen Street - Hotel & Suites in a new tab.,v3
2026-09-18 02:22:49,VR Queen Street Auckland,2026-09-29,Super.com,89,,v3
2026-09-18 02:22:55,VR Auckland City,2026-09-29,Booking.com,112,Studio Apartment,v3
2026-09-18 02:22:55,VR Auckland City,2026-09-29,Super.com,86,,v3
2026-09-18 02:23:02,Shakespeare Hotel Auckland,2026-09-29,Booking.com,86,,v3
2026-09-18 02:23:02,Shakespeare Hotel Auckland,2026-09-29,Hotels.com,83,Double Room,v3
2026-09-18 02:23:02,Shakespeare Hotel Auckland,2026-09-29,Official site,75,VR Queen Street - Hotel & Suites,v3
2026-09-18 02:23:02,Shakespeare Hotel Auckland,2026-09-29,Super.com,75,,v3
2026-09-18 02:23:08,Auckland City Hotel,2026-09-29,Booking.com,150,,v3
2026-09-18 02:23:08,Auckland City Hotel,2026-09-29,Hotels.com,125,"Standard Room, 1 Queen Bed",v3
2026-09-18 02:23:08,Auckland City Hotel,2026-09-29,Official site,198,,v3
2026-09-18 02:23:08,Auckland City Hotel,2026-09-29,Super.com,91,,v3
2026-09-18 02:23:13,VR Queen Street Auckland,2026-09-30,Booking.com,122,One-Bedroom Suite,v3
2026-09-18 02:23:13,VR Queen Street Auckland,2026-09-30,Hotels.com,110,,v3
2026-09-18 02:23:13,VR Queen Street Auckland,2026-09-30,Official site,126,,v3
2026-09-18 02:23:13,VR Queen Street Auckland,2026-09-30,Super.com,97,,v3
2026-09-18 02:23:13,VR Queen Street Auckland,2026-09-30,Wotif,97,Open VR Queen Street - Hotel & Suites in a new tab.,v3
2026-09-18 02:23:20,VR Auckland City,2026-09-30,Booking.com,112,Studio Apartment,v3
2026-09-18 02:23:20,VR Auckland City,2026-09-30,Expedia,84,Auckland Harbour Suites,v3
2026-09-18 02:23:20,VR Auckland City,2026-09-30,Super.com,87,,v3
2026-09-18 02:23:26,Shakespeare Hotel Auckland,2026-09-30,Booking.com,92,,v3
2026-09-18 02:23:26,Shakespeare Hotel Auckland,2026-09-30,Hotels.com,103,Triple Room,v3
2026-09-18 02:23:26,Shakespeare Hotel Auckland,2026-09-30,Official site,80,Auckland Harbour Suites,v3
2026-09-18 02:23:26,Shakespeare Hotel Auckland,2026-09-30,Super.com,80,,v3
2026-09-18 02:23:33,Auckland City Hotel,2026-09-30,Agoda,135,,v3
2026-09-18 02:23:33,Auckland City Hotel,2026-09-30,Booking.com,150,Standard Queen Room,v3
2026-09-18 02:23:33,Auckland City Hotel,2026-09-30,Official site,198,,v3
2026-09-18 02:23:33,Auckland City Hotel,2026-09-30,Super.com,92,,v3
2026-09-18 02:23:33,Auckland City Hotel,2026-09-30,Wotif,92,Auckland Harbour Suites,v3
2026-09-18 02:23:40,VR Queen Street Auckland,2026-10-01,Booking.com,122,,v3
2026-09-18 02:23:40,VR Queen Street Auckland,2026-10-01,Hotels.com,108,Standard King Room,v3
2026-09-18 02:23:40,VR Queen Street Auckland,2026-10-01,Official site,125,,v3
2026-09-18 02:23:40,VR Queen Street Auckland,2026-10-01,Super.com,95,,v3
2026-09-18 02:23:40,VR Queen Street Auckland,2026-10-01,Wotif,95,Open VR Queen Street - Hotel & Suites in a new tab.,v3
2026-09-18 02:23:46,VR Auckland City,2026-10-01,Booking.com,113,Studio Studio Apartment,v3
2026-09-18 02:23:46,VR Auckland City,2026-10-01,Super.com,90,,v3
2026-09-18 02:23:53,Shakespeare Hotel Auckland,2026-10-01,Booking.com,109,,v3
2026-09-18 02:23:53,Shakespeare Hotel Auckland,2026-10-01,Hotels.com,97,Double Room,v3
2026-09-18 02:23:53,Shakespeare Hotel Auckland,2026-10-01,Official site,87,Ramada Suites By Wyndham Victoria Street West,v3
2026-09-18 02:23:53,Shakespeare Hotel Auckland,2026-10-01,Super.com,87,,v3
2026-09-18 02:24:01,Auckland City Hotel,2026-10-01,Agoda,143,,v3
2026-09-18 02:24:01,Auckland City Hotel,2026-10-01,Booking.com,158,,v3
2026-09-18 02:24:01,Auckland City Hotel,2026-10-01,Official site,95,Pullman Auckland Hotel & Apartments,v3
2026-09-18 02:24:01,Auckland City Hotel,2026-10-01,Super.com,95,,v3
2026-09-18 02:24:07,VR Queen Street Auckland,2026-10-02,Booking.com,140,,v3
2026-09-18 02:24:07,VR Queen Street Auckland,2026-10-02,Hotels.com,140,Standard King Room,v3
2026-09-18 02:24:07,VR Queen Street Auckland,2026-10-02,Official site,110,Open VR Queen Street - Hotel & Suites in a new tab.,v3
2026-09-18 02:24:07,VR Queen Street Auckland,2026-10-02,Super.com,110,,v3
2026-09-18 02:24:15,VR Auckland City,2026-10-02,Booking.com,145,Studio Apartment,v3
2026-09-18 02:24:15,VR Auckland City,2026-10-02,Super.com,114,,v3
2026-09-18 02:24:21,Shakespeare Hotel Auckland,2026-10-02,Booking.com,109,,v3
2026-09-18 02:24:21,Shakespeare Hotel Auckland,2026-10-02,Hotels.com,104,Double Room,v3
2026-09-18 02:24:21,Shakespeare Hotel Auckland,2026-10-02,Official site,130,,v3
2026-09-18 02:24:21,Shakespeare Hotel Auckland,2026-10-02,Super.com,93,,v3
2026-09-18 02:24:26,Auckland City Hotel,2026-10-02,Booking.com,155,,v3
2026-09-18 02:24:26,Auckland City Hotel,2026-10-02,Hotels.com,152,"Standard Room, 1 Queen Bed",v3
2026-09-18 02:24:26,Auckland City Hotel,2026-10-02,Official site,96,Parkside Hotel & Apartments Auckland,v3
2026-09-18 02:24:26,Auckland City Hotel,2026-10-02,Super.com,96,,v3
2026-09-18 02:24:33,VR Queen Street Auckland,2026-10-03,Booking.com,153,,v3
2026-09-18 02:24:33,VR Queen Street Auckland,2026-10-03,Hotels.com,136,Standard King Room,v3
2026-09-18 02:24:33,VR Queen Street Auckland,2026-10-03,Official site,158,,v3
2026-09-18 02:24:33,VR Queen Street Auckland,2026-10-03,Super.com,121,,v3
2026-09-18 02:24:33,VR Queen Street Auckland,2026-10-03,Wotif,121,Open VR Queen Street - Hotel & Suites in a new tab.,v3
2026-09-18 02:24:39,VR Auckland City,2026-10-03,Booking.com,158,,v3
2026-09-18 02:24:39,VR Auckland City,2026-10-03,Super.com,123,,v3
2026-09-18 02:24:39,VR Auckland City,2026-10-03,Wotif,102,Penthouse,v3
2026-09-18 02:24:46,Shakespeare Hotel Auckland,2026-10-03,Agoda,95,,v3
2026-09-18 02:24:46,Shakespeare Hotel Auckland,2026-10-03,Booking.com,109,Standard Queen Room,v3
2026-09-18 02:24:46,Shakespeare Hotel Auckland,2026-10-03,Official site,90,Penthouse,v3
2026-09-18 02:24:46,Shakespeare Hotel Auckland,2026-10-03,Super.com,90,,v3
2026-09-18 02:24:53,Auckland City Hotel,2026-10-03,Agoda,157,,v3
2026-09-18 02:24:53,Auckland City Hotel,2026-10-03,Booking.com,177,,v3
2026-09-18 02:24:53,Auckland City Hotel,2026-10-03,Official site,233,,v3
2026-09-18 02:24:53,Auckland City Hotel,2026-10-03,Super.com,108,,v3
2026-09-18 02:24:53,Auckland City Hotel,2026-10-03,Wotif,108,Penthouse,v3
2026-09-18 02:25:01,VR Queen Street Auckland,2026-10-04,Booking.com,113,Standard King Room,v3
2026-09-18 02:25:01,VR Queen Street Auckland,2026-10-04,Official site,90,Open VR Queen Street - Hotel & Suites in a new tab.,v3
2026-09-18 02:25:01,VR Queen Street Auckland,2026-10-04,Super.com,90,,v3
2026-09-18 02:25:07,VR Auckland City,2026-10-04,Booking.com,139,Studio Apartment,v3
2026-09-18 02:25:07,VR Auckland City,2026-10-04,Super.com,108,,v3
2026-09-18 02:25:20,Shakespeare Hotel Auckland,2026-10-04,Booking.com,109,Standard Queen Room,v3
2026-09-18 02:25:20,Shakespeare Hotel Auckland,2026-10-04,Hotels.com,103,,v3
2026-09-18 02:25:20,Shakespeare Hotel Auckland,2026-10-04,Official site,130,,v3
2026-09-18 02:25:20,Shakespeare Hotel Auckland,2026-10-04,Super.com,92,,v3
2026-09-18 02:25:32,Auckland City Hotel,2026-10-04,Agoda,167,,v3
2026-09-18 02:25:32,Auckland City Hotel,2026-10-04,Booking.com,103,VR Queen Street - Hotel & Suites,v3
2026-09-18 02:25:32,Auckland City Hotel,2026-10-04,Official site,223,,v3
2026-09-18 02:25:32,Auckland City Hotel,2026-10-04,Super.com,103,,v3
2026-09-18 02:25:45,VR Queen Street Auckland,2026-10-05,Booking.com,113,Standard King Room,v3
2026-09-18 02:25:45,VR Queen Street Auckland,2026-10-05,Hotels.com,100,,v3
2026-09-18 02:25:45,VR Queen Street Auckland,2026-10-05,Official site,117,,v3
2026-09-18 02:25:45,VR Queen Street Auckland,2026-10-05,Super.com,90,,v3
2026-09-18 02:25:45,VR Queen Street Auckland,2026-10-05,Wotif,90,Open VR Queen Street - Hotel & Suites in a new tab.,v3
2026-09-18 02:25:52,VR Auckland City,2026-10-05,Booking.com,139,Studio Apartment,v3
2026-09-18 02:25:52,VR Auckland City,2026-10-05,Super.com,109,,v3
2026-09-18 02:25:57,Shakespeare Hotel Auckland,2026-10-05,Booking.com,109,,v3
2026-09-18 02:25:57,Shakespeare Hotel Auckland,2026-10-05,Hotels.com,106,Double Room,v3
2026-09-18 02:25:57,Shakespeare Hotel Auckland,2026-10-05,Official site,93,,v3
2026-09-18 02:25:57,Shakespeare Hotel Auckland,2026-10-05,Super.com,93,,v3
2026-09-18 02:26:03,Auckland City Hotel,2026-10-05,Agoda,143,,v3
2026-09-18 02:26:03,Auckland City Hotel,2026-10-05,Booking.com,194,Standard Room with Two Single Beds,v3
2026-09-18 02:26:03,Auckland City Hotel,2026-10-05,Official site,213,,v3
2026-09-18 02:26:03,Auckland City Hotel,2026-10-05,Super.com,96,,v3
2026-09-18 02:26:03,Auckland City Hotel,2026-10-05,Wotif,96,,v3
2026-09-18 02:26:10,VR Queen Street Auckland,2026-10-06,Booking.com,113,Standard King Room,v3
2026-09-18 02:26:10,VR Queen Street Auckland,2026-10-06,Hotels.com,102,,v3
2026-09-18 02:26:10,VR Queen Street Auckland,2026-10-06,Official site,117,,v3
2026-09-18 02:26:10,VR Queen Street Auckland,2026-10-06,Super.com,89,,v3
2026-09-18 02:26:10,VR Queen Street Auckland,2026-10-06,Wotif,89,Open VR Queen Street - Hotel & Suites in a new tab.,v3
2026-09-18 02:26:17,VR Auckland City,2026-10-06,Booking.com,139,Studio Apartment,v3
2026-09-18 02:26:17,VR Auckland City,2026-10-06,Super.com,107,,v3
2026-09-18 02:26:17,VR Auckland City,2026-10-06,Wotif,84,,v3
2026-09-18 02:26:23,Shakespeare Hotel Auckland,2026-10-06,Booking.com,109,,v3
2026-09-18 02:26:23,Shakespeare Hotel Auckland,2026-10-06,Hotels.com,130,Double Room,v3
2026-09-18 02:26:23,Shakespeare Hotel Auckland,2026-10-06,Official site,130,,v3
2026-09-18 02:26:23,Shakespeare Hotel Auckland,2026-10-06,Super.com,91,,v3
2026-09-18 02:26:23,Shakespeare Hotel Auckland,2026-10-06,Wotif,91,,v3
2026-09-18 02:26:30,Auckland City Hotel,2026-10-06,Booking.com,128,Studio with Two Double Beds,v3
2026-09-18 02:26:30,Auckland City Hotel,2026-10-06,Official site,107,,v3
2026-09-18 02:26:30,Auckland City Hotel,2026-10-06,Super.com,107,,v3
2026-09-18 02:26:37,VR Queen Street Auckland,2026-10-07,Booking.com,108,,v3
2026-09-18 02:26:37,VR Queen Street Auckland,2026-10-07,Hotels.com,96,Standard King Room,v3
2026-09-18 02:26:37,VR Queen Street Auckland,2026-10-07,Official site,111,,v3
2026-09-18 02:26:37,VR Queen Street Auckland,2026-10-07,Super.com,85,,v3
2026-09-18 02:26:42,VR Auckland City,2026-10-07,Booking.com,139,Studio Apartment,v3
2026-09-18 02:26:42,VR Auckland City,2026-10-07,Super.com,107,,v3
2026-09-18 02:26:48,Shakespeare Hotel Auckland,2026-10-07,Booking.com,109,,v3
2026-09-18 02:26:48,Shakespeare Hotel Auckland,2026-10-07,Expedia,95,Princes Wharf Boutique Apartment,v3
2026-09-18 02:26:48,Shakespeare Hotel Auckland,2026-10-07,Hotels.com,102,Double Room,v3
2026-09-18 02:26:48,Shakespeare Hotel Auckland,2026-10-07,Official site,130,,v3
2026-09-18 02:26:48,Shakespeare Hotel Auckland,2026-10-07,Super.com,95,,v3
2026-09-18 02:26:55,Auckland City Hotel,2026-10-07,Agoda,171,,v3
2026-09-18 02:26:55,Auckland City Hotel,2026-10-07,Booking.com,212,Standard Queen Room,v3
2026-09-18 02:26:55,Auckland City Hotel,2026-10-07,Official site,233,,v3
2026-09-18 02:26:55,Auckland City Hotel,2026-10-07,Super.com,107,,v3
2026-09-18 02:26:55,Auckland City Hotel,2026-10-07,Wotif,107,Parkside Hotel & Apartments Auckland,v3
2026-09-18 02:27:02,VR Queen Street Auckland,2026-10-08,Booking.com,144,,v3
2026-09-18 02:27:02,VR Queen Street Auckland,2026-10-08,Expedia,114,Open VR Queen Street - Hotel & Suites in a new tab.,v3
2026-09-18 02:27:02,VR Queen Street Auckland,2026-10-08,Hotels.com,129,Standard King Room,v3
2026-09-18 02:27:02,VR Queen Street Auckland,2026-10-08,Official site,149,,v3
2026-09-18 02:27:02,VR Queen Street Auckland,2026-10-08,Super.com,114,,v3
2026-09-18 02:27:09,VR Auckland City,2026-10-08,Booking.com,187,Executive One-Bedroom Apartment,v3
2026-09-18 02:27:09,VR Auckland City,2026-10-08,Super.com,142,,v3
2026-09-18 02:27:13,Shakespeare Hotel Auckland,2026-10-08,Agoda,95,,v3
2026-09-18 02:27:13,Shakespeare Hotel Auckland,2026-10-08,Booking.com,109,Standard Queen Room,v3
2026-09-18 02:27:13,Shakespeare Hotel Auckland,2026-10-08,Official site,130,,v3
2026-09-18 02:27:13,Shakespeare Hotel Auckland,2026-10-08,Super.com,88,,v3
2026-09-18 02:27:27,Auckland City Hotel,2026-10-08,Booking.com,212,,v3
2026-09-18 02:27:27,Auckland City Hotel,2026-10-08,Hotels.com,146,Standard Twin Room,v3
2026-09-18 02:27:27,Auckland City Hotel,2026-10-08,Official site,233,,v3
2026-09-18 02:27:27,Auckland City Hotel,2026-10-08,Super.com,108,,v3
2026-09-18 02:27:39,VR Queen Street Auckland,2026-10-09,Booking.com,284,Standard King Room,v3
2026-09-18 02:27:39,VR Queen Street Auckland,2026-10-09,Official site,292,,v3
2026-09-18 02:27:39,VR Queen Street Auckland,2026-10-09,Super.com,224,,v3
2026-09-18 02:27:52,VR Auckland City,2026-10-09,Booking.com,442,Studio Apartment,v3
2026-09-18 02:27:52,VR Auckland City,2026-10-09,Super.com,252,,v3
2026-09-18 02:27:59,Shakespeare Hotel Auckland,2026-10-09,Official site,273,Penthouse - One-Bedroom Apartment,v3
2026-09-18 02:28:05,Auckland City Hotel,2026-10-09,Agoda,255,,v3
2026-09-18 02:28:05,Auckland City Hotel,2026-10-09,Booking.com,263,,v3
2026-09-18 02:28:05,Auckland City Hotel,2026-10-09,Official site,348,,v3
2026-09-18 02:28:05,Auckland City Hotel,2026-10-09,Super.com,161,,v3
2026-09-18 02:28:10,VR Queen Street Auckland,2026-10-10,Booking.com,290,Standard King Room,v3
2026-09-18 02:28:10,VR Queen Street Auckland,2026-10-10,Official site,299,,v3
2026-09-18 02:28:10,VR Queen Street Auckland,2026-10-10,Super.com,227,,v3
2026-09-18 02:28:15,VR Auckland City,2026-10-10,Booking.com,590,Studio Apartment,v3
2026-09-18 02:28:15,VR Auckland City,2026-10-10,Super.com,457,,v3
2026-09-18 02:28:26,Auckland City Hotel,2026-10-10,Agoda,333,,v3
2026-09-18 02:28:26,Auckland City Hotel,2026-10-10,Booking.com,319,Standard Room with Two Single Beds,v3
2026-09-18 02:28:26,Auckland City Hotel,2026-10-10,Official site,215,,v3
2026-09-18 02:28:26,Auckland City Hotel,2026-10-10,Super.com,215,,v3
2026-09-18 02:28:33,VR Queen Street Auckland,2026-10-11,Booking.com,122,Standard King Room,v3
2026-09-18 02:28:33,VR Queen Street Auckland,2026-10-11,Expedia,96,Open VR Queen Street - Hotel & Suites in a new tab.,v3
2026-09-18 02:28:33,VR Queen Street Auckland,2026-10-11,Hotels.com,122,,v3
2026-09-18 02:28:33,VR Queen Street Auckland,2026-10-11,Official site,125,,v3
2026-09-18 02:28:33,VR Queen Street Auckland,2026-10-11,Super.com,96,,v3
2026-09-18 02:28:40,VR Auckland City,2026-10-11,Booking.com,112,Studio Apartment,v3
2026-09-18 02:28:40,VR Auckland City,2026-10-11,Expedia,84,Chic Princes Wharf Studio | City View | Parking,v3
2026-09-18 02:28:40,VR Auckland City,2026-10-11,Super.com,89,,v3
2026-09-18 02:28:47,Shakespeare Hotel Auckland,2026-10-11,Booking.com,109,Standard Queen Room,v3
2026-09-18 02:28:47,Shakespeare Hotel Auckland,2026-10-11,Hotels.com,102,,v3
2026-09-18 02:28:47,Shakespeare Hotel Auckland,2026-10-11,Official site,91,Chic Princes Wharf Studio | City View | Parking,v3
2026-09-18 02:28:47,Shakespeare Hotel Auckland,2026-10-11,Super.com,91,,v3
2026-09-18 02:28:54,Auckland City Hotel,2026-10-11,Booking.com,129,Standard Room with Two Single Beds,v3
2026-09-18 02:28:54,Auckland City Hotel,2026-10-11,Expedia,101,Chic Princes Wharf Studio | City View | Parking,v3
2026-09-18 02:28:54,Auckland City Hotel,2026-10-11,Official site,213,,v3
2026-09-18 02:28:54,Auckland City Hotel,2026-10-11,Super.com,101,,v3
2026-09-18 02:29:01,VR Queen Street Auckland,2026-10-12,Booking.com,122,Standard King Room,v3
2026-09-18 02:29:01,VR Queen Street Auckland,2026-10-12,Expedia,96,Open VR Queen Street - Hotel & Suites in a new tab.,v3
2026-09-18 02:29:01,VR Queen Street Auckland,2026-10-12,Official site,125,,v3
2026-09-18 02:29:01,VR Queen Street Auckland,2026-10-12,Super.com,96,,v3
2026-09-18 02:29:07,VR Auckland City,2026-10-12,Booking.com,131,Studio Apartment,v3
2026-09-18 02:29:07,VR Auckland City,2026-10-12,Expedia,84,The Quadrant Hotel & Suites,v3
2026-09-18 02:29:07,VR Auckland City,2026-10-12,Super.com,102,,v3
2026-09-18 02:29:14,Shakespeare Hotel Auckland,2026-10-12,Booking.com,89,The Quadrant Hotel & Suites,v3
2026-09-18 02:29:14,Shakespeare Hotel Auckland,2026-10-12,Hotels.com,120,Triple Room,v3
2026-09-18 02:29:14,Shakespeare Hotel Auckland,2026-10-12,Official site,130,,v3
2026-09-18 02:29:14,Shakespeare Hotel Auckland,2026-10-12,Super.com,89,,v3
2026-09-18 02:29:20,Auckland City Hotel,2026-10-12,Booking.com,156,,v3
2026-09-18 02:29:20,Auckland City Hotel,2026-10-12,Hotels.com,134,,v3
2026-09-18 02:29:20,Auckland City Hotel,2026-10-12,Official site,98,The Quadrant Hotel & Suites,v3
2026-09-18 02:29:20,Auckland City Hotel,2026-10-12,Super.com,98,,v3
2026-09-18 02:29:27,VR Queen Street Auckland,2026-10-13,Booking.com,122,Standard King Room,v3
2026-09-18 02:29:27,VR Queen Street Auckland,2026-10-13,Hotels.com,108,,v3
2026-09-18 02:29:27,VR Queen Street Auckland,2026-10-13,Official site,125,,v3
2026-09-18 02:29:27,VR Queen Street Auckland,2026-10-13,Super.com,96,,v3
2026-09-18 02:29:32,VR Auckland City,2026-10-13,Booking.com,113,Studio Studio Apartment,v3
2026-09-18 02:29:32,VR Auckland City,2026-10-13,Super.com,91,,v3
2026-09-18 02:29:38,Shakespeare Hotel Auckland,2026-10-13,Bluepillow,90,,v3
2026-09-18 02:29:38,Shakespeare Hotel Auckland,2026-10-13,Booking.com,93,Triple Room,v3
2026-09-18 02:29:38,Shakespeare Hotel Auckland,2026-10-13,Official site,130,,v3
2026-09-18 02:29:43,Auckland City Hotel,2026-10-13,Booking.com,128,Standard Room with Two Single Beds,v3
2026-09-18 02:29:43,Auckland City Hotel,2026-10-13,Official site,213,,v3
2026-09-18 02:29:43,Auckland City Hotel,2026-10-13,Super.com,101,,v3
2026-09-18 02:29:48,VR Queen Street Auckland,2026-10-14,Booking.com,122,Standard King Room,v3
2026-09-18 02:29:48,VR Queen Street Auckland,2026-10-14,Official site,96,Open VR Queen Street - Hotel & Suites in a new tab.,v3
2026-09-18 02:29:48,VR Queen Street Auckland,2026-10-14,Super.com,96,,v3
2026-09-18 02:29:55,VR Auckland City,2026-10-14,Booking.com,117,Studio Apartment,v3
2026-09-18 02:29:55,VR Auckland City,2026-10-14,Super.com,92,,v3
2026-09-18 02:29:55,VR Auckland City,2026-10-14,Wotif,84,Parkside Hotel & Apartments Auckland,v3
2026-09-18 02:30:01,Shakespeare Hotel Auckland,2026-10-14,Booking.com,109,,v3
2026-09-18 02:30:01,Shakespeare Hotel Auckland,2026-10-14,Hotels.com,98,Double Room,v3
2026-09-18 02:30:01,Shakespeare Hotel Auckland,2026-10-14,Official site,87,Parkside Hotel & Apartments Auckland,v3
2026-09-18 02:30:01,Shakespeare Hotel Auckland,2026-10-14,Super.com,87,,v3
2026-09-18 02:30:07,Auckland City Hotel,2026-10-14,Agoda,143,,v3
2026-09-18 02:30:07,Auckland City Hotel,2026-10-14,Booking.com,156,,v3
2026-09-18 02:30:07,Auckland City Hotel,2026-10-14,Official site,99,Parkside Hotel & Apartments Auckland,v3
2026-09-18 02:30:07,Auckland City Hotel,2026-10-14,Super.com,99,,v3
2026-09-18 02:30:14,VR Queen Street Auckland,2026-10-15,Booking.com,122,,v3
2026-09-18 02:30:14,VR Queen Street Auckland,2026-10-15,Hotels.com,108,Standard King Room,v3
2026-09-18 02:30:14,VR Queen Street Auckland,2026-10-15,Official site,125,,v3
2026-09-18 02:30:14,VR Queen Street Auckland,2026-10-15,Super.com,100,,v3
2026-09-18 02:30:21,VR Auckland City,2026-10-15,Booking.com,126,One-Bedroom Apartment,v3
2026-09-18 02:30:21,VR Auckland City,2026-10-15,Super.com,97,,v3
2026-09-18 02:30:21,VR Auckland City,2026-10-15,Wotif,84,ibis budget Auckland Central - Double Studio,v3
2026-09-18 02:30:27,Shakespeare Hotel Auckland,2026-10-15,Agoda,94,,v3
2026-09-18 02:30:27,Shakespeare Hotel Auckland,2026-10-15,Hotels.com,97,Double Room,v3
2026-09-18 02:30:27,Shakespeare Hotel Auckland,2026-10-15,Official site,130,,v3
2026-09-18 02:30:27,Shakespeare Hotel Auckland,2026-10-15,Super.com,87,,v3
2026-09-18 02:30:27,Shakespeare Hotel Auckland,2026-10-15,Wotif,87,ibis budget Auckland Central - Double Studio,v3
2026-09-18 02:30:34,Auckland City Hotel,2026-10-15,Booking.com,161,,v3
2026-09-18 02:30:34,Auckland City Hotel,2026-10-15,Hotels.com,134,Standard Twin Room,v3
2026-09-18 02:30:34,Auckland City Hotel,2026-10-15,Official site,98,ibis budget Auckland Central - Double Studio,v3
2026-09-18 02:30:34,Auckland City Hotel,2026-10-15,Super.com,98,,v3
2026-09-18 02:30:41,VR Queen Street Auckland,2026-10-16,Booking.com,167,,v3
2026-09-18 02:30:41,VR Queen Street Auckland,2026-10-16,Hotels.com,150,Standard King Room,v3
2026-09-18 02:30:41,VR Queen Street Auckland,2026-10-16,Official site,172,,v3
2026-09-18 02:30:41,VR Queen Street Auckland,2026-10-16,Super.com,130,,v3
2026-09-18 02:30:41,VR Queen Street Auckland,2026-10-16,Wotif,130,Open VR Queen Street - Hotel & Suites in a new tab.,v3
2026-09-18 02:30:47,VR Auckland City,2026-10-16,Booking.com,184,Executive One-Bedroom Apartment,v3
2026-09-18 02:30:47,VR Auckland City,2026-10-16,Super.com,141,,v3
2026-09-18 02:30:54,Shakespeare Hotel Auckland,2026-10-16,Booking.com,109,Standard Queen Room,v3
2026-09-18 02:30:54,Shakespeare Hotel Auckland,2026-10-16,Hotels.com,96,,v3
2026-09-18 02:30:54,Shakespeare Hotel Auckland,2026-10-16,Official site,130,,v3
2026-09-18 02:30:54,Shakespeare Hotel Auckland,2026-10-16,Super.com,85,,v3
2026-09-18 02:30:54,Shakespeare Hotel Auckland,2026-10-16,Wotif,85,Penthouse,v3
2026-09-18 02:31:01,Auckland City Hotel,2026-10-16,Booking.com,218,,v3
2026-09-18 02:31:01,Auckland City Hotel,2026-10-16,Hotels.com,186,Standard Twin Room,v3
2026-09-18 02:31:01,Auckland City Hotel,2026-10-16,Official site,140,Penthouse,v3
2026-09-18 02:31:01,Auckland City Hotel,2026-10-16,Super.com,140,,v3
2026-09-18 02:31:08,VR Queen Street Auckland,2026-10-17,Booking.com,269,Standard King Room,v3
2026-09-18 02:31:08,VR Queen Street Auckland,2026-10-17,Official site,278,,v3
2026-09-18 02:31:08,VR Queen Street Auckland,2026-10-17,Super.com,213,,v3
2026-09-18 02:31:13,VR Auckland City,2026-10-17,Booking.com,687,,v3
2026-09-18 02:31:13,VR Auckland City,2026-10-17,Super.com,541,,v3
2026-09-18 02:31:22,Auckland City Hotel,2026-10-17,Official site,904,VR Queen Street - Hotel & Suites,v3
2026-09-18 02:31:22,Auckland City Hotel,2026-10-17,Trip.com,150,,v3
2026-09-18 02:31:29,VR Queen Street Auckland,2026-10-18,Booking.com,131,,v3
2026-09-18 02:31:29,VR Queen Street Auckland,2026-10-18,Hotels.com,116,Standard King Room,v3
2026-09-18 02:31:29,VR Queen Street Auckland,2026-10-18,Official site,103,Open VR Queen Street - Hotel & Suites in a new tab.,v3
2026-09-18 02:31:29,VR Queen Street Auckland,2026-10-18,Super.com,103,,v3
2026-09-18 02:31:36,VR Auckland City,2026-10-18,Booking.com,149,Studio Apartment,v3
2026-09-18 02:31:36,VR Auckland City,2026-10-18,Super.com,114,,v3
2026-09-18 02:31:42,Shakespeare Hotel Auckland,2026-10-18,Booking.com,109,Standard Queen Room,v3
2026-09-18 02:31:42,Shakespeare Hotel Auckland,2026-10-18,Hotels.com,117,,v3
2026-09-18 02:31:42,Shakespeare Hotel Auckland,2026-10-18,Official site,84,Princes Wharf - Penthouse - Stunning Views,v3
2026-09-18 02:31:42,Shakespeare Hotel Auckland,2026-10-18,Super.com,84,,v3
2026-09-18 02:31:50,Auckland City Hotel,2026-10-18,Booking.com,182,Standard Room with Two Single Beds,v3
2026-09-18 02:31:50,Auckland City Hotel,2026-10-18,Expedia,130,Princes Wharf - Penthouse - Stunning Views,v3
2026-09-18 02:31:50,Auckland City Hotel,2026-10-18,Official site,250,,v3
2026-09-18 02:31:50,Auckland City Hotel,2026-10-18,Super.com,130,,v3
2026-09-18 02:31:50,Auckland City Hotel,2026-10-18,trivago,139,,v3
2026-09-18 02:31:56,VR Queen Street Auckland,2026-10-19,Booking.com,131,Standard King Room,v3
2026-09-18 02:31:56,VR Queen Street Auckland,2026-10-19,Official site,103,Open VR Queen Street - Hotel & Suites in a new tab.,v3
2026-09-18 02:31:56,VR Queen Street Auckland,2026-10-19,Super.com,103,,v3
2026-09-18 02:32:03,VR Auckland City,2026-10-19,Booking.com,183,Executive One-Bedroom Apartment,v3
2026-09-18 02:32:03,VR Auckland City,2026-10-19,Expedia,84,Chic Princes Wharf Studio | City View | Parking,v3
2026-09-18 02:32:03,VR Auckland City,2026-10-19,Super.com,143,,v3
2026-09-18 02:32:10,Shakespeare Hotel Auckland,2026-10-19,Booking.com,109,Double Room,v3
2026-09-18 02:32:10,Shakespeare Hotel Auckland,2026-10-19,Expedia,90,Chic Princes Wharf Studio | City View | Parking,v3
2026-09-18 02:32:10,Shakespeare Hotel Auckland,2026-10-19,Hotels.com,95,,v3
2026-09-18 02:32:10,Shakespeare Hotel Auckland,2026-10-19,Official site,130,,v3
2026-09-18 02:32:10,Shakespeare Hotel Auckland,2026-10-19,Super.com,90,,v3
2026-09-18 02:32:16,Auckland City Hotel,2026-10-19,Agoda,204,,v3
2026-09-18 02:32:16,Auckland City Hotel,2026-10-19,Booking.com,210,,v3
2026-09-18 02:32:16,Auckland City Hotel,2026-10-19,Official site,250,,v3
2026-09-18 02:32:16,Auckland City Hotel,2026-10-19,Super.com,130,,v3
2026-09-18 02:32:21,VR Queen Street Auckland,2026-10-20,Booking.com,198,Standard King Room,v3
2026-09-18 02:32:21,VR Queen Street Auckland,2026-10-20,Hotels.com,198,,v3
2026-09-18 02:32:21,VR Queen Street Auckland,2026-10-20,Official site,155,Open VR Queen Street - Hotel & Suites in a new tab.,v3
2026-09-18 02:32:21,VR Queen Street Auckland,2026-10-20,Super.com,155,,v3
2026-09-18 02:32:28,VR Auckland City,2026-10-20,Booking.com,199,One-Bedroom Apartment,v3
2026-09-18 02:32:28,VR Auckland City,2026-10-20,Super.com,153,,v3
2026-09-18 02:32:34,Shakespeare Hotel Auckland,2026-10-20,Agoda,112,,v3
2026-09-18 02:32:34,Shakespeare Hotel Auckland,2026-10-20,Booking.com,103,Double Room,v3
2026-09-18 02:32:34,Shakespeare Hotel Auckland,2026-10-20,Official site,88,Penthouse - One-Bedroom Apartment,v3
2026-09-18 02:32:34,Shakespeare Hotel Auckland,2026-10-20,Super.com,88,,v3
2026-09-18 02:32:41,Auckland City Hotel,2026-10-20,Agoda,199,,v3
2026-09-18 02:32:41,Auckland City Hotel,2026-10-20,Booking.com,210,,v3
2026-09-18 02:32:41,Auckland City Hotel,2026-10-20,Official site,132,Penthouse - One-Bedroom Apartment,v3
2026-09-18 02:32:41,Auckland City Hotel,2026-10-20,Super.com,132,,v3
2026-09-18 02:32:48,VR Queen Street Auckland,2026-10-21,Agoda,180,,v3
2026-09-18 02:32:48,VR Queen Street Auckland,2026-10-21,Booking.com,198,,v3
2026-09-18 02:32:48,VR Queen Street Auckland,2026-10-21,Hotels.com,180,Standard King Room,v3
2026-09-18 02:32:48,VR Queen Street Auckland,2026-10-21,Official site,156,Open VR Queen Street - Hotel & Suites in a new tab.,v3
2026-09-18 02:32:48,VR Queen Street Auckland,2026-10-21,Super.com,156,,v3
2026-09-18 02:32:54,VR Auckland City,2026-10-21,Booking.com,168,Studio Apartment,v3
2026-09-18 02:32:54,VR Auckland City,2026-10-21,Super.com,129,,v3
2026-09-18 02:33:00,Shakespeare Hotel Auckland,2026-10-21,Booking.com,151,,v3
2026-09-18 02:33:00,Shakespeare Hotel Auckland,2026-10-21,Hotels.com,121,Double Room,v3
2026-09-18 02:33:00,Shakespeare Hotel Auckland,2026-10-21,Official site,111,Penthouse,v3
2026-09-18 02:33:00,Shakespeare Hotel Auckland,2026-10-21,Super.com,111,,v3
2026-09-18 02:33:08,Auckland City Hotel,2026-10-21,Agoda,211,,v3
2026-09-18 02:33:08,Auckland City Hotel,2026-10-21,Booking.com,210,,v3
2026-09-18 02:33:08,Auckland City Hotel,2026-10-21,Official site,132,Penthouse,v3
2026-09-18 02:33:08,Auckland City Hotel,2026-10-21,Super.com,132,,v3
2026-09-18 02:33:14,VR Queen Street Auckland,2026-10-22,Booking.com,162,Standard King Room,v3
2026-09-18 02:33:14,VR Queen Street Auckland,2026-10-22,Hotels.com,146,,v3
2026-09-18 02:33:14,VR Queen Street Auckland,2026-10-22,Official site,128,Open VR Queen Street - Hotel & Suites in a new tab.,v3
2026-09-18 02:33:14,VR Queen Street Auckland,2026-10-22,Super.com,128,,v3
2026-09-18 02:33:21,VR Auckland City,2026-10-22,Booking.com,157,Executive One-Bedroom Apartment,v3
2026-09-18 02:33:21,VR Auckland City,2026-10-22,Super.com,116,,v3
2026-09-18 02:33:28,Shakespeare Hotel Auckland,2026-10-22,Agoda,101,,v3
2026-09-18 02:33:28,Shakespeare Hotel Auckland,2026-10-22,Booking.com,109,Double Room,v3
2026-09-18 02:33:28,Shakespeare Hotel Auckland,2026-10-22,Official site,96,Auckland Harbour Suites,v3
2026-09-18 02:33:28,Shakespeare Hotel Auckland,2026-10-22,Super.com,96,,v3
2026-09-18 02:33:35,Auckland City Hotel,2026-10-22,Booking.com,210,,v3
2026-09-18 02:33:35,Auckland City Hotel,2026-10-22,Hotels.com,227,"Standard Room, 1 Queen Bed",v3
2026-09-18 02:33:35,Auckland City Hotel,2026-10-22,Official site,130,Auckland Harbour Suites,v3
2026-09-18 02:33:35,Auckland City Hotel,2026-10-22,Super.com,130,,v3
2026-09-18 02:33:42,VR Queen Street Auckland,2026-10-23,Booking.com,230,Standard King Room,v3
2026-09-18 02:33:42,VR Queen Street Auckland,2026-10-23,Official site,121,Lovely apartment with WiFi in vibrant central Auckland,v3
2026-09-18 02:33:42,VR Queen Street Auckland,2026-10-23,Super.com,181,,v3
2026-09-18 02:33:49,VR Auckland City,2026-10-23,Agoda,157,,v3
2026-09-18 02:33:49,VR Auckland City,2026-10-23,Expedia,428,,v3
2026-09-18 02:33:49,VR Auckland City,2026-10-23,Wotif,102,Lovely apartment with WiFi in vibrant central Auckland,v3
2026-09-18 02:33:58,Auckland City Hotel,2026-10-23,Agoda,178,,v3
2026-09-18 02:33:58,Auckland City Hotel,2026-10-23,Booking.com,252,Standard Queen Room,v3
2026-09-18 02:33:58,Auckland City Hotel,2026-10-23,Official site,121,Lovely apartment with WiFi in vibrant central Auckland,v3
2026-09-18 02:33:58,Auckland City Hotel,2026-10-23,Super.com,129,,v3
2026-09-18 02:34:06,VR Queen Street Auckland,2026-10-24,Agoda,225,,v3
2026-09-18 02:34:06,VR Queen Street Auckland,2026-10-24,Booking.com,248,Standard King Room,v3
2026-09-18 02:34:06,VR Queen Street Auckland,2026-10-24,Hotels.com,224,,v3
2026-09-18 02:34:06,VR Queen Street Auckland,2026-10-24,Official site,194,Open VR Queen Street - Hotel & Suites in a new tab.,v3
2026-09-18 02:34:06,VR Queen Street Auckland,2026-10-24,Super.com,194,,v3
2026-09-18 02:34:12,VR Auckland City,2026-10-24,Agoda,347,,v3
2026-09-18 02:34:12,VR Auckland City,2026-10-24,Super.com,116,,v3
2026-09-18 02:34:22,Auckland City Hotel,2026-10-24,Booking.com,250,,v3
2026-09-18 02:34:22,Auckland City Hotel,2026-10-24,Official site,163,Penthouse - One-Bedroom Apartment,v3
2026-09-18 02:34:22,Auckland City Hotel,2026-10-24,Super.com,163,,v3
2026-09-18 02:34:28,VR Queen Street Auckland,2026-10-25,Booking.com,269,Standard King Room,v3
2026-09-18 02:34:28,VR Queen Street Auckland,2026-10-25,Official site,213,Open VR Queen Street - Hotel & Suites in a new tab.,v3
2026-09-18 02:34:28,VR Queen Street Auckland,2026-10-25,Super.com,213,,v3
2026-09-18 02:34:35,VR Auckland City,2026-10-25,Booking.com,149,,v3
2026-09-18 02:34:35,VR Auckland City,2026-10-25,Super.com,96,,v3
2026-09-18 02:34:42,Shakespeare Hotel Auckland,2026-10-25,Booking.com,103,,v3
2026-09-18 02:34:42,Shakespeare Hotel Auckland,2026-10-25,Hotels.com,100,Double Room,v3
2026-09-18 02:34:42,Shakespeare Hotel Auckland,2026-10-25,Official site,92,,v3
2026-09-18 02:34:42,Shakespeare Hotel Auckland,2026-10-25,Super.com,92,,v3
2026-09-18 02:34:48,Auckland City Hotel,2026-10-25,Booking.com,315,,v3
2026-09-18 02:34:48,Auckland City Hotel,2026-10-25,Hotels.com,284,"Standard Room, 1 Queen Bed",v3
2026-09-18 02:34:48,Auckland City Hotel,2026-10-25,Official site,165,,v3
2026-09-18 02:34:48,Auckland City Hotel,2026-10-25,Super.com,165,,v3
2026-09-18 02:34:55,VR Queen Street Auckland,2026-10-26,Booking.com,122,Standard King Room,v3
2026-09-18 02:34:55,VR Queen Street Auckland,2026-10-26,Hotels.com,108,,v3
2026-09-18 02:34:55,VR Queen Street Auckland,2026-10-26,Official site,96,Open VR Queen Street - Hotel & Suites in a new tab.,v3
2026-09-18 02:34:55,VR Queen Street Auckland,2026-10-26,Super.com,96,,v3
2026-09-18 02:35:02,VR Auckland City,2026-10-26,Booking.com,140,Studio Apartment,v3
2026-09-18 02:35:02,VR Auckland City,2026-10-26,Super.com,90,,v3
2026-09-18 02:35:08,Shakespeare Hotel Auckland,2026-10-26,Booking.com,109,,v3
2026-09-18 02:35:08,Shakespeare Hotel Auckland,2026-10-26,Hotels.com,102,"Double Room, 1 Queen Bed",v3
2026-09-18 02:35:08,Shakespeare Hotel Auckland,2026-10-26,Official site,93,Mercure Auckland Queen Street,v3
2026-09-18 02:35:08,Shakespeare Hotel Auckland,2026-10-26,Super.com,93,,v3
2026-09-18 02:35:15,Auckland City Hotel,2026-10-26,Agoda,227,,v3
2026-09-18 02:35:15,Auckland City Hotel,2026-10-26,Booking.com,206,,v3
2026-09-18 02:35:15,Auckland City Hotel,2026-10-26,Official site,137,Mercure Auckland Queen Street,v3
2026-09-18 02:35:15,Auckland City Hotel,2026-10-26,Super.com,137,,v3
2026-09-18 02:35:21,VR Queen Street Auckland,2026-10-27,Booking.com,122,Standard King Room,v3
2026-09-18 02:35:21,VR Queen Street Auckland,2026-10-27,Hotels.com,108,,v3
2026-09-18 02:35:21,VR Queen Street Auckland,2026-10-27,Official site,96,Open VR Queen Street - Hotel & Suites in a new tab.,v3
2026-09-18 02:35:21,VR Queen Street Auckland,2026-10-27,Super.com,96,,v3
2026-09-18 02:35:33,VR Queen Street Auckland,2026-09-18,Booking.com,176,,v3
2026-09-18 02:35:33,VR Queen Street Auckland,2026-09-18,Hotels.com,158,Standard King Room,v3
2026-09-18 02:35:33,VR Queen Street Auckland,2026-09-18,Official site,181,,v3
2026-09-18 02:35:33,VR Queen Street Auckland,2026-09-18,Super.com,139,,v3
2026-09-18 02:35:39,VR Auckland City,2026-09-18,Booking.com,162,Executive One-Bedroom Apartment,v3
2026-09-18 02:35:39,VR Auckland City,2026-09-18,Super.com,146,,v3
2026-09-18 02:35:44,Shakespeare Hotel Auckland,2026-09-18,Booking.com,89,,v3
2026-09-18 02:35:44,Shakespeare Hotel Auckland,2026-09-18,Hotels.com,110,"Double Room, 1 Queen Bed",v3
2026-09-18 02:35:44,Shakespeare Hotel Auckland,2026-09-18,Official site,110,,v3
2026-09-18 02:35:44,Shakespeare Hotel Auckland,2026-09-18,Super.com,79,,v3
2026-09-18 02:35:44,Shakespeare Hotel Auckland,2026-09-18,Wotif,79,,v3
2026-09-18 02:35:52,Auckland City Hotel,2026-09-18,Agoda,110,,v3
2026-09-18 02:35:52,Auckland City Hotel,2026-09-18,Booking.com,161,Standard Queen Room,v3
2026-09-18 02:35:52,Auckland City Hotel,2026-09-18,Official site,198,,v3
2026-09-18 02:35:52,Auckland City Hotel,2026-09-18,Super.com,91,,v3
2026-09-18 02:35:52,Auckland City Hotel,2026-09-18,Wotif,91,,v3
2026-09-18 02:35:59,ibis budget Auckland Central,2026-09-18,Booking.com,117,Double Studio,v3
2026-09-18 02:35:59,ibis budget Auckland Central,2026-09-18,Official site,117,,v3
2026-09-18 02:35:59,ibis budget Auckland Central,2026-09-18,Super.com,97,,v3
2026-09-18 02:36:03,VR Queen Street Auckland,2026-09-19,Booking.com,176,Standard King Room,v3
2026-09-18 02:36:03,VR Queen Street Auckland,2026-09-19,Hotels.com,156,,v3
2026-09-18 02:36:03,VR Queen Street Auckland,2026-09-19,Official site,181,,v3
2026-09-18 02:36:03,VR Queen Street Auckland,2026-09-19,Super.com,137,,v3
2026-09-18 02:36:09,VR Auckland City,2026-09-19,Booking.com,145,,v3
2026-09-18 02:36:09,VR Auckland City,2026-09-19,Hotels.com,145,Studio Apartment,v3
2026-09-18 02:36:09,VR Auckland City,2026-09-19,Super.com,115,,v3
2026-09-18 02:36:14,Shakespeare Hotel Auckland,2026-09-19,Booking.com,89,Double Room,v3
2026-09-18 02:36:14,Shakespeare Hotel Auckland,2026-09-19,Hotels.com,88,,v3
2026-09-18 02:36:14,Shakespeare Hotel Auckland,2026-09-19,Official site,110,,v3
2026-09-18 02:36:14,Shakespeare Hotel Auckland,2026-09-19,Super.com,77,,v3
2026-09-18 02:36:14,Shakespeare Hotel Auckland,2026-09-19,Wotif,77,Lovely apartment with WiFi in vibrant central Auckland,v3
2026-09-18 02:36:22,Auckland City Hotel,2026-09-19,Booking.com,150,Standard Queen Room,v3
2026-09-18 02:36:22,Auckland City Hotel,2026-09-19,Hotels.com,112,,v3
2026-09-18 02:36:22,Auckland City Hotel,2026-09-19,Official site,88,Lovely apartment with WiFi in vibrant central Auckland,v3
2026-09-18 02:36:22,Auckland City Hotel,2026-09-19,Super.com,88,,v3
2026-09-18 02:36:29,ibis budget Auckland Central,2026-09-19,Booking.com,115,Double Studio,v3
2026-09-18 02:36:29,ibis budget Auckland Central,2026-09-19,Expedia,115,,v3
2026-09-18 02:36:29,ibis budget Auckland Central,2026-09-19,Official site,95,Lovely apartment with WiFi in vibrant central Auckland,v3
2026-09-18 02:36:29,ibis budget Auckland Central,2026-09-19,Super.com,95,,v3
2026-09-18 02:36:36,VR Queen Street Auckland,2026-09-20,Booking.com,104,One-Bedroom Suite,v3
2026-09-18 02:36:36,VR Queen Street Auckland,2026-09-20,Hotels.com,93,,v3
2026-09-18 02:36:36,VR Queen Street Auckland,2026-09-20,Official site,81,Open VR Queen Street - Hotel & Suites in a new tab.,v3
2026-09-18 02:36:36,VR Queen Street Auckland,2026-09-20,Super.com,81,,v3
2026-09-18 02:36:44,VR Auckland City,2026-09-20,Booking.com,108,,v3
2026-09-18 02:36:44,VR Auckland City,2026-09-20,Hotels.com,108,Studio Apartment,v3
2026-09-18 02:36:44,VR Auckland City,2026-09-20,Super.com,85,,v3
2026-09-18 02:36:50,Shakespeare Hotel Auckland,2026-09-20,Booking.com,92,,v3
2026-09-18 02:36:50,Shakespeare Hotel Auckland,2026-09-20,Expedia,79,,v3
2026-09-18 02:36:50,Shakespeare Hotel Auckland,2026-09-20,Hotels.com,89,Double Room,v3
2026-09-18 02:36:50,Shakespeare Hotel Auckland,2026-09-20,Official site,110,,v3
2026-09-18 02:36:50,Shakespeare Hotel Auckland,2026-09-20,Super.com,79,,v3
2026-09-18 02:36:57,Auckland City Hotel,2026-09-20,Booking.com,104,Standard Room with Two Single Beds,v3
2026-09-18 02:36:57,Auckland City Hotel,2026-09-20,Hotels.com,112,,v3
2026-09-18 02:36:57,Auckland City Hotel,2026-09-20,Official site,198,,v3
2026-09-18 02:36:57,Auckland City Hotel,2026-09-20,Super.com,87,,v3
2026-09-18 02:37:01,ibis budget Auckland Central,2026-09-20,Booking.com,95,,v3
2026-09-18 02:37:01,ibis budget Auckland Central,2026-09-20,Expedia,105,"Studio, 1 Double Bed",v3
2026-09-18 02:37:01,ibis budget Auckland Central,2026-09-20,Official site,105,,v3
2026-09-18 02:37:01,ibis budget Auckland Central,2026-09-20,Super.com,88,,v3
2026-09-18 02:37:06,VR Queen Street Auckland,2026-09-21,Booking.com,95,Standard King Room,v3
2026-09-18 02:37:06,VR Queen Street Auckland,2026-09-21,Hotels.com,84,,v3
2026-09-18 02:37:06,VR Queen Street Auckland,2026-09-21,Official site,97,,v3
2026-09-18 02:37:06,VR Queen Street Auckland,2026-09-21,Super.com,74,,v3
2026-09-18 02:37:11,VR Auckland City,2026-09-21,Booking.com,108,Studio Apartment,v3
2026-09-18 02:37:11,VR Auckland City,2026-09-21,Super.com,85,,v3
2026-09-18 02:37:16,Shakespeare Hotel Auckland,2026-09-21,Agoda,85,,v3
2026-09-18 02:37:16,Shakespeare Hotel Auckland,2026-09-21,Booking.com,92,Standard Queen Room,v3
2026-09-18 02:37:16,Shakespeare Hotel Auckland,2026-09-21,Official site,110,,v3
2026-09-18 02:37:16,Shakespeare Hotel Auckland,2026-09-21,Super.com,75,,v3
2026-09-18 02:37:20,Auckland City Hotel,2026-09-21,Booking.com,150,,v3
2026-09-18 02:37:20,Auckland City Hotel,2026-09-21,Hotels.com,123,Standard Twin Room,v3
2026-09-18 02:37:20,Auckland City Hotel,2026-09-21,Official site,89,Mercure Auckland Queen Street,v3
2026-09-18 02:37:20,Auckland City Hotel,2026-09-21,Super.com,89,,v3
2026-09-18 02:37:27,ibis budget Auckland Central,2026-09-21,Booking.com,95,Double Studio,v3
2026-09-18 02:37:27,ibis budget Auckland Central,2026-09-21,Expedia,95,,v3
2026-09-18 02:37:27,ibis budget Auckland Central,2026-09-21,Official site,78,Mercure Auckland Queen Street,v3
2026-09-18 02:37:27,ibis budget Auckland Central,2026-09-21,Super.com,78,,v3
2026-09-18 02:37:34,VR Queen Street Auckland,2026-09-22,Booking.com,104,,v3
2026-09-18 02:37:34,VR Queen Street Auckland,2026-09-22,Hotels.com,93,Standard King Room,v3
2026-09-18 02:37:34,VR Queen Street Auckland,2026-09-22,Official site,81,Open VR Queen Street - Hotel & Suites in a new tab.,v3
2026-09-18 02:37:34,VR Queen Street Auckland,2026-09-22,Super.com,81,,v3
2026-09-18 02:37:41,VR Auckland City,2026-09-22,Booking.com,112,Studio Apartment,v3
2026-09-18 02:37:41,VR Auckland City,2026-09-22,Expedia,73,Mercure Auckland Queen Street,v3
2026-09-18 02:37:41,VR Auckland City,2026-09-22,Super.com,87,,v3
2026-09-18 02:37:48,Shakespeare Hotel Auckland,2026-09-22,Booking.com,92,,v3
2026-09-18 02:37:48,Shakespeare Hotel Auckland,2026-09-22,Hotels.com,88,Double Room,v3
2026-09-18 02:37:48,Shakespeare Hotel Auckland,2026-09-22,Official site,110,,v3
2026-09-18 02:37:48,Shakespeare Hotel Auckland,2026-09-22,Super.com,78,,v3
2026-09-18 02:37:48,Shakespeare Hotel Auckland,2026-09-22,Wotif,78,Mercure Auckland Queen Street,v3
2026-09-18 02:37:54,Auckland City Hotel,2026-09-22,Booking.com,161,,v3
2026-09-18 02:37:54,Auckland City Hotel,2026-09-22,Hotels.com,120,Standard Twin Room,v3
2026-09-18 02:37:54,Auckland City Hotel,2026-09-22,Official site,198,,v3
2026-09-18 02:37:54,Auckland City Hotel,2026-09-22,Super.com,91,,v3
2026-09-18 02:37:59,ibis budget Auckland Central,2026-09-22,Booking.com,99,Double Studio,v3
2026-09-18 02:37:59,ibis budget Auckland Central,2026-09-22,Expedia,87,Mercure Auckland Queen Street,v3
2026-09-18 02:37:59,ibis budget Auckland Central,2026-09-22,Official site,99,,v3
2026-09-18 02:37:59,ibis budget Auckland Central,2026-09-22,Super.com,87,,v3
2026-09-18 02:38:06,VR Queen Street Auckland,2026-09-23,Booking.com,115,,v3
2026-09-18 02:38:06,VR Queen Street Auckland,2026-09-23,Hotels.com,115,Suite · Suite,v3
2026-09-18 02:38:06,VR Queen Street Auckland,2026-09-23,Official site,119,,v3
2026-09-18 02:38:06,VR Queen Street Auckland,2026-09-23,Super.com,90,,v3
2026-09-18 02:38:10,VR Auckland City,2026-09-23,Booking.com,107,Studio Studio Apartment,v3
2026-09-18 02:38:10,VR Auckland City,2026-09-23,Super.com,85,,v3
2026-09-18 02:38:10,VR Auckland City,2026-09-23,Wotif,73,Mercure Auckland Queen Street,v3
2026-09-18 02:38:17,Shakespeare Hotel Auckland,2026-09-23,Booking.com,92,,v3
2026-09-18 02:38:17,Shakespeare Hotel Auckland,2026-09-23,Hotels.com,85,,v3
2026-09-18 02:38:17,Shakespeare Hotel Auckland,2026-09-23,Official site,77,Mercure Auckland Queen Street,v3
2026-09-18 02:38:17,Shakespeare Hotel Auckland,2026-09-23,Super.com,77,,v3
2026-09-18 02:38:24,Auckland City Hotel,2026-09-23,Agoda,138,,v3
2026-09-18 02:38:24,Auckland City Hotel,2026-09-23,Booking.com,161,Standard Room with Two Single Beds,v3
2026-09-18 02:38:24,Auckland City Hotel,2026-09-23,Official site,111,Mercure Auckland Queen Street,v3
2026-09-18 02:38:24,Auckland City Hotel,2026-09-23,Super.com,111,,v3
2026-09-18 02:38:31,ibis budget Auckland Central,2026-09-23,Booking.com,104,,v3
2026-09-18 02:38:31,ibis budget Auckland Central,2026-09-23,Expedia,104,"Studio, 2 Twin Beds",v3
2026-09-18 02:38:31,ibis budget Auckland Central,2026-09-23,Official site,104,,v3
2026-09-18 02:38:31,ibis budget Auckland Central,2026-09-23,Super.com,86,,v3
2026-09-18 02:38:31,ibis budget Auckland Central,2026-09-23,Wotif,86,Mercure Auckland Queen Street,v3
2026-09-18 02:38:37,VR Queen Street Auckland,2026-09-24,Booking.com,115,One-Bedroom Suite,v3
2026-09-18 02:38:37,VR Queen Street Auckland,2026-09-24,Hotels.com,104,,v3
2026-09-18 02:38:37,VR Queen Street Auckland,2026-09-24,Official site,89,Open VR Queen Street - Hotel & Suites in a new tab.,v3
2026-09-18 02:38:37,VR Queen Street Auckland,2026-09-24,Super.com,89,,v3
2026-09-18 02:38:44,VR Auckland City,2026-09-24,Booking.com,112,Studio Apartment,v3
2026-09-18 02:38:44,VR Auckland City,2026-09-24,Super.com,86,,v3
2026-09-18 02:38:50,Shakespeare Hotel Auckland,2026-09-24,Booking.com,92,,v3
2026-09-18 02:38:50,Shakespeare Hotel Auckland,2026-09-24,Expedia,80,Princes Wharf Boutique Apartment,v3
2026-09-18 02:38:50,Shakespeare Hotel Auckland,2026-09-24,Hotels.com,110,Double Room,v3
2026-09-18 02:38:50,Shakespeare Hotel Auckland,2026-09-24,Official site,110,,v3
2026-09-18 02:38:50,Shakespeare Hotel Auckland,2026-09-24,Super.com,80,,v3
2026-09-18 02:38:57,Auckland City Hotel,2026-09-24,Booking.com,161,,v3
2026-09-18 02:38:57,Auckland City Hotel,2026-09-24,Hotels.com,118,Standard Twin Room,v3
2026-09-18 02:38:57,Auckland City Hotel,2026-09-24,Official site,198,,v3
2026-09-18 02:38:57,Auckland City Hotel,2026-09-24,Super.com,88,,v3
2026-09-18 02:39:02,ibis budget Auckland Central,2026-09-24,Booking.com,95,,v3
2026-09-18 02:39:02,ibis budget Auckland Central,2026-09-24,Expedia,83,Princes Wharf Boutique Apartment,v3
2026-09-18 02:39:02,ibis budget Auckland Central,2026-09-24,Official site,95,,v3
2026-09-18 02:39:02,ibis budget Auckland Central,2026-09-24,Super.com,83,,v3
2026-09-18 02:39:09,VR Queen Street Auckland,2026-09-25,Booking.com,144,Standard King Room,v3
2026-09-18 02:39:09,VR Queen Street Auckland,2026-09-25,Hotels.com,128,,v3
2026-09-18 02:39:09,VR Queen Street Auckland,2026-09-25,Official site,149,,v3
2026-09-18 02:39:09,VR Queen Street Auckland,2026-09-25,Super.com,115,,v3
2026-09-18 02:39:13,VR Auckland City,2026-09-25,Booking.com,169,One-Bedroom Apartment,v3
2026-09-18 02:39:13,VR Auckland City,2026-09-25,Super.com,130,,v3
2026-09-18 02:39:23,Auckland City Hotel,2026-09-25,Booking.com,347,,v3
2026-09-18 02:39:23,Auckland City Hotel,2026-09-25,Hotels.com,353,"Apartment, 2 Bedrooms (Queen, Single)",v3
2026-09-18 02:39:23,Auckland City Hotel,2026-09-25,Official site,452,,v3
2026-09-18 02:39:23,Auckland City Hotel,2026-09-25,Super.com,159,,v3
2026-09-18 02:39:28,ibis budget Auckland Central,2026-09-25,Booking.com,135,Twin Studio,v3
2026-09-18 02:39:28,ibis budget Auckland Central,2026-09-25,Official site,135,,v3
2026-09-18 02:39:28,ibis budget Auckland Central,2026-09-25,Super.com,112,,v3
2026-09-18 02:39:28,ibis budget Auckland Central,2026-09-25,Wotif,112,ibis budget Auckland Central - Double Studio,v3
2026-09-18 02:39:34,VR Queen Street Auckland,2026-09-26,Booking.com,149,Standard King Room,v3
2026-09-18 02:39:34,VR Queen Street Auckland,2026-09-26,Hotels.com,134,,v3
2026-09-18 02:39:34,VR Queen Street Auckland,2026-09-26,Official site,117,Open VR Queen Street - Hotel & Suites in a new tab.,v3
2026-09-18 02:39:34,VR Queen Street Auckland,2026-09-26,Super.com,117,,v3
2026-09-18 02:39:42,VR Auckland City,2026-09-26,Booking.com,194,Studio Apartment,v3
2026-09-18 02:39:42,VR Auckland City,2026-09-26,Super.com,151,,v3
2026-09-18 02:39:48,Shakespeare Hotel Auckland,2026-09-26,Booking.com,92,,v3
2026-09-18 02:39:48,Shakespeare Hotel Auckland,2026-09-26,Hotels.com,89,"Double Room, 1 Queen Bed",v3
2026-09-18 02:39:48,Shakespeare Hotel Auckland,2026-09-26,Official site,110,,v3
2026-09-18 02:39:48,Shakespeare Hotel Auckland,2026-09-26,Super.com,72,,v3
2026-09-18 02:39:53,Auckland City Hotel,2026-09-26,Agoda,160,,v3
2026-09-18 02:39:53,Auckland City Hotel,2026-09-26,Booking.com,161,Standard Room with Two Single Beds,v3
2026-09-18 02:39:53,Auckland City Hotel,2026-09-26,Official site,227,,v3
2026-09-18 02:39:53,Auckland City Hotel,2026-09-26,Super.com,105,,v3
2026-09-18 02:39:58,ibis budget Auckland Central,2026-09-26,Booking.com,122,,v3
2026-09-18 02:39:58,ibis budget Auckland Central,2026-09-26,Expedia,122,"Studio, 1 Double Bed",v3
2026-09-18 02:39:58,ibis budget Auckland Central,2026-09-26,Official site,122,,v3
2026-09-18 02:39:58,ibis budget Auckland Central,2026-09-26,Super.com,100,,v3
2026-09-18 02:40:03,VR Queen Street Auckland,2026-09-27,Booking.com,115,,v3
2026-09-18 02:40:03,VR Queen Street Auckland,2026-09-27,Hotels.com,101,Suite · Suite,v3
2026-09-18 02:40:03,VR Queen Street Auckland,2026-09-27,Official site,90,Open VR Queen Street - Hotel & Suites in a new tab.,v3
2026-09-18 02:40:03,VR Queen Street Auckland,2026-09-27,Super.com,90,,v3
2026-09-18 02:40:09,VR Auckland City,2026-09-27,Booking.com,140,Studio Apartment,v3
2026-09-18 02:40:09,VR Auckland City,2026-09-27,Super.com,108,,v3
2026-09-18 02:40:09,VR Auckland City,2026-09-27,Wotif,74,Parkside Hotel & Apartments,v3
2026-09-18 02:40:16,Shakespeare Hotel Auckland,2026-09-27,Booking.com,87,Double Room,v3
2026-09-18 02:40:16,Shakespeare Hotel Auckland,2026-09-27,Hotels.com,87,,v3
2026-09-18 02:40:16,Shakespeare Hotel Auckland,2026-09-27,Official site,76,Parkside Hotel & Apartments,v3
2026-09-18 02:40:16,Shakespeare Hotel Auckland,2026-09-27,Super.com,76,,v3
2026-09-18 02:40:22,Auckland City Hotel,2026-09-27,Booking.com,111,Standard Room with Two Single Beds,v3
2026-09-18 02:40:22,Auckland City Hotel,2026-09-27,Official site,91,Parkside Hotel & Apartments,v3
2026-09-18 02:40:22,Auckland City Hotel,2026-09-27,Super.com,91,,v3
2026-09-18 02:40:29,ibis budget Auckland Central,2026-09-27,Booking.com,95,,v3
2026-09-18 02:40:29,ibis budget Auckland Central,2026-09-27,Expedia,95,"Studio, 1 Double Bed",v3
2026-09-18 02:40:29,ibis budget Auckland Central,2026-09-27,Official site,78,Parkside Hotel & Apartments,v3
2026-09-18 02:40:29,ibis budget Auckland Central,2026-09-27,Super.com,78,,v3
2026-09-18 02:40:36,VR Queen Street Auckland,2026-09-28,Booking.com,115,,v3
2026-09-18 02:40:36,VR Queen Street Auckland,2026-09-28,Hotels.com,104,Suite · Suite,v3
2026-09-18 02:40:36,VR Queen Street Auckland,2026-09-28,Official site,119,,v3
2026-09-18 02:40:36,VR Queen Street Auckland,2026-09-28,Super.com,90,,v3
2026-09-18 02:40:41,VR Auckland City,2026-09-28,Booking.com,108,,v3
2026-09-18 02:40:41,VR Auckland City,2026-09-28,Hotels.com,108,Studio Apartment,v3
2026-09-18 02:40:41,VR Auckland City,2026-09-28,Super.com,83,,v3
2026-09-18 02:40:47,Shakespeare Hotel Auckland,2026-09-28,Booking.com,86,,v3
2026-09-18 02:40:47,Shakespeare Hotel Auckland,2026-09-28,Hotels.com,84,Double Room,v3
2026-09-18 02:40:47,Shakespeare Hotel Auckland,2026-09-28,Official site,110,,v3
2026-09-18 02:40:47,Shakespeare Hotel Auckland,2026-09-28,Super.com,75,,v3
2026-09-18 02:40:47,Shakespeare Hotel Auckland,2026-09-28,Wotif,75,Studio Steps from Sky City,v3
2026-09-18 02:40:54,Auckland City Hotel,2026-09-28,Booking.com,111,Standard Room with Two Single Beds,v3
2026-09-18 02:40:54,Auckland City Hotel,2026-09-28,Official site,92,Studio Steps from Sky City,v3
2026-09-18 02:40:54,Auckland City Hotel,2026-09-28,Super.com,92,,v3
2026-09-18 02:41:01,ibis budget Auckland Central,2026-09-28,Booking.com,90,Double Studio,v3
2026-09-18 02:41:01,ibis budget Auckland Central,2026-09-28,Expedia,72,Studio Steps from Sky City,v3
2026-09-18 02:41:01,ibis budget Auckland Central,2026-09-28,Official site,90,,v3
2026-09-18 02:41:01,ibis budget Auckland Central,2026-09-28,Super.com,72,,v3
2026-09-18 02:41:08,VR Queen Street Auckland,2026-09-29,Booking.com,115,One-Bedroom Suite,v3
2026-09-18 02:41:08,VR Queen Street Auckland,2026-09-29,Hotels.com,102,,v3
2026-09-18 02:41:08,VR Queen Street Auckland,2026-09-29,Official site,89,Open VR Queen Street - Hotel & Suites in a new tab.,v3
2026-09-18 02:41:08,VR Queen Street Auckland,2026-09-29,Super.com,89,,v3
2026-09-18 02:41:15,VR Auckland City,2026-09-29,Booking.com,112,Studio Apartment,v3
2026-09-18 02:41:15,VR Auckland City,2026-09-29,Super.com,86,,v3
2026-09-18 02:41:22,Shakespeare Hotel Auckland,2026-09-29,Booking.com,86,,v3
2026-09-18 02:41:22,Shakespeare Hotel Auckland,2026-09-29,Hotels.com,83,Double Room,v3
2026-09-18 02:41:22,Shakespeare Hotel Auckland,2026-09-29,Official site,75,Princes Wharf Boutique Apartment,v3
2026-09-18 02:41:22,Shakespeare Hotel Auckland,2026-09-29,Super.com,75,,v3
2026-09-18 02:41:28,Auckland City Hotel,2026-09-29,Agoda,123,,v3
2026-09-18 02:41:28,Auckland City Hotel,2026-09-29,Booking.com,150,Standard Queen Room,v3
2026-09-18 02:41:28,Auckland City Hotel,2026-09-29,Official site,91,Princes Wharf Boutique Apartment,v3
2026-09-18 02:41:28,Auckland City Hotel,2026-09-29,Super.com,91,,v3
2026-09-18 02:41:35,ibis budget Auckland Central,2026-09-29,Booking.com,90,Double Studio,v3
2026-09-18 02:41:35,ibis budget Auckland Central,2026-09-29,Official site,74,Princes Wharf Boutique Apartment,v3
2026-09-18 02:41:35,ibis budget Auckland Central,2026-09-29,Super.com,74,,v3
2026-09-18 02:41:42,VR Queen Street Auckland,2026-09-30,Booking.com,122,,v3
2026-09-18 02:41:42,VR Queen Street Auckland,2026-09-30,Hotels.com,110,Suite · Suite,v3
2026-09-18 02:41:42,VR Queen Street Auckland,2026-09-30,Official site,126,,v3
2026-09-18 02:41:42,VR Queen Street Auckland,2026-09-30,Super.com,97,,v3
2026-09-18 02:41:42,VR Queen Street Auckland,2026-09-30,Wotif,97,Open VR Queen Street - Hotel & Suites in a new tab.,v3
2026-09-18 02:41:49,VR Auckland City,2026-09-30,Booking.com,112,Studio Apartment,v3
2026-09-18 02:41:49,VR Auckland City,2026-09-30,Super.com,87,,v3
2026-09-18 02:41:49,VR Auckland City,2026-09-30,Wotif,84,,v3
2026-09-18 02:41:55,Shakespeare Hotel Auckland,2026-09-30,Booking.com,92,Double Room,v3
2026-09-18 02:41:55,Shakespeare Hotel Auckland,2026-09-30,Hotels.com,103,,v3
2026-09-18 02:41:55,Shakespeare Hotel Auckland,2026-09-30,Official site,80,,v3
2026-09-18 02:41:55,Shakespeare Hotel Auckland,2026-09-30,Super.com,80,,v3
2026-09-18 02:42:02,Auckland City Hotel,2026-09-30,Agoda,135,,v3
2026-09-18 02:42:02,Auckland City Hotel,2026-09-30,Booking.com,150,Standard Queen Room,v3
2026-09-18 02:42:02,Auckland City Hotel,2026-09-30,Official site,198,,v3
2026-09-18 02:42:02,Auckland City Hotel,2026-09-30,Super.com,92,,v3
2026-09-18 02:42:02,Auckland City Hotel,2026-09-30,Wotif,92,,v3
2026-09-18 02:42:09,ibis budget Auckland Central,2026-09-30,Booking.com,90,Double Studio,v3
2026-09-18 02:42:09,ibis budget Auckland Central,2026-09-30,Expedia,72,,v3
2026-09-18 02:42:09,ibis budget Auckland Central,2026-09-30,Official site,90,,v3
2026-09-18 02:42:09,ibis budget Auckland Central,2026-09-30,Super.com,72,,v3
2026-09-18 02:42:15,VR Queen Street Auckland,2026-10-01,Booking.com,122,,v3
2026-09-18 02:42:15,VR Queen Street Auckland,2026-10-01,Hotels.com,108,Standard King Room,v3
2026-09-18 02:42:15,VR Queen Street Auckland,2026-10-01,Official site,95,Open VR Queen Street - Hotel & Suites in a new tab.,v3
2026-09-18 02:42:15,VR Queen Street Auckland,2026-10-01,Super.com,95,,v3
2026-09-18 02:42:22,VR Auckland City,2026-10-01,Booking.com,84,ibis budget Auckland Central - Double Studio,v3
2026-09-18 02:42:22,VR Auckland City,2026-10-01,Super.com,90,,v3
2026-09-18 02:42:29,Shakespeare Hotel Auckland,2026-10-01,Booking.com,109,,v3
2026-09-18 02:42:29,Shakespeare Hotel Auckland,2026-10-01,Hotels.com,97,Double Room,v3
2026-09-18 02:42:29,Shakespeare Hotel Auckland,2026-10-01,Official site,130,,v3
2026-09-18 02:42:29,Shakespeare Hotel Auckland,2026-10-01,Super.com,87,,v3
2026-09-18 02:42:29,Shakespeare Hotel Auckland,2026-10-01,Wotif,87,ibis budget Auckland Central - Double Studio,v3
2026-09-18 02:42:36,Auckland City Hotel,2026-10-01,Booking.com,189,,v3
2026-09-18 02:42:36,Auckland City Hotel,2026-10-01,Hotels.com,148,"Standard Room, 1 Queen Bed",v3
2026-09-18 02:42:36,Auckland City Hotel,2026-10-01,Official site,95,ibis budget Auckland Central - Double Studio,v3
2026-09-18 02:42:36,Auckland City Hotel,2026-10-01,Super.com,95,,v3
2026-09-18 02:42:43,ibis budget Auckland Central,2026-10-01,Booking.com,88,ibis budget Auckland Central - Double Studio,v3
2026-09-18 02:42:43,ibis budget Auckland Central,2026-10-01,Official site,108,,v3
2026-09-18 02:42:43,ibis budget Auckland Central,2026-10-01,Super.com,88,,v3
2026-09-18 02:42:49,VR Queen Street Auckland,2026-10-02,Booking.com,140,Standard King Room,v3
2026-09-18 02:42:49,VR Queen Street Auckland,2026-10-02,Hotels.com,140,,v3
2026-09-18 02:42:49,VR Queen Street Auckland,2026-10-02,Official site,110,Open VR Queen Street - Hotel & Suites in a new tab.,v3
2026-09-18 02:42:49,VR Queen Street Auckland,2026-10-02,Super.com,110,,v3
2026-09-18 02:42:56,VR Auckland City,2026-10-02,Booking.com,145,,v3
2026-09-18 02:42:56,VR Auckland City,2026-10-02,Super.com,114,,v3
2026-09-18 02:43:02,Shakespeare Hotel Auckland,2026-10-02,Booking.com,109,Double Room,v3
2026-09-18 02:43:02,Shakespeare Hotel Auckland,2026-10-02,Hotels.com,104,,v3
2026-09-18 02:43:02,Shakespeare Hotel Auckland,2026-10-02,Official site,130,,v3
2026-09-18 02:43:02,Shakespeare Hotel Auckland,2026-10-02,Super.com,93,,v3
2026-09-18 02:43:02,Shakespeare Hotel Auckland,2026-10-02,Wotif,93,Parkside Hotel & Apartments Auckland,v3
2026-09-18 02:43:09,Auckland City Hotel,2026-10-02,Booking.com,155,Standard Queen Room,v3
2026-09-18 02:43:09,Auckland City Hotel,2026-10-02,Expedia,152,,v3
2026-09-18 02:43:09,Auckland City Hotel,2026-10-02,Official site,96,Parkside Hotel & Apartments Auckland,v3
2026-09-18 02:43:09,Auckland City Hotel,2026-10-02,Super.com,96,,v3
2026-09-18 02:43:19,VR Queen Street Auckland,2026-09-18,Booking.com,167,,v3
2026-09-18 02:43:19,VR Queen Street Auckland,2026-09-18,Hotels.com,158,Standard King Room,v3
2026-09-18 02:43:19,VR Queen Street Auckland,2026-09-18,Official site,181,,v3
2026-09-18 02:43:19,VR Queen Street Auckland,2026-09-18,Super.com,139,,v3
2026-09-18 02:43:25,VR Auckland City,2026-09-18,Booking.com,162,,v3
2026-09-18 02:43:25,VR Auckland City,2026-09-18,Super.com,146,,v3
2026-09-18 02:43:25,VR Auckland City,2026-09-18,Wotif,76,Auckland Harbour Suites,v3
2026-09-18 02:43:33,Shakespeare Hotel Auckland,2026-09-18,Booking.com,89,,v3
2026-09-18 02:43:33,Shakespeare Hotel Auckland,2026-09-18,Hotels.com,110,"Double Room, 1 Queen Bed",v3
2026-09-18 02:43:33,Shakespeare Hotel Auckland,2026-09-18,Official site,110,,v3
2026-09-18 02:43:33,Shakespeare Hotel Auckland,2026-09-18,Super.com,79,,v3
2026-09-18 02:43:33,Shakespeare Hotel Auckland,2026-09-18,Wotif,79,Auckland Harbour Suites,v3
2026-09-18 02:43:40,Auckland City Hotel,2026-09-18,Booking.com,161,,v3
2026-09-18 02:43:40,Auckland City Hotel,2026-09-18,Hotels.com,117,"Standard Room, 1 Queen Bed",v3
2026-09-18 02:43:40,Auckland City Hotel,2026-09-18,Official site,198,,v3
2026-09-18 02:43:40,Auckland City Hotel,2026-09-18,Super.com,91,,v3
2026-09-18 02:43:40,Auckland City Hotel,2026-09-18,Wotif,91,Auckland Harbour Suites,v3
2026-09-18 02:43:47,ibis budget Auckland Central,2026-09-18,Booking.com,117,,v3
2026-09-18 02:43:47,ibis budget Auckland Central,2026-09-18,Expedia,117,"Studio, 1 Double Bed",v3
2026-09-18 02:43:47,ibis budget Auckland Central,2026-09-18,Official site,117,,v3
2026-09-18 02:43:47,ibis budget Auckland Central,2026-09-18,Super.com,97,,v3
2026-09-18 02:43:52,The Quadrant Hotel & Suites Auckland,2026-09-18,Booking.com,212,,v3
2026-09-18 02:43:52,The Quadrant Hotel & Suites Auckland,2026-09-18,Hotels.com,229,Executive Two-Bedroom Apartment,v3
2026-09-18 02:43:52,The Quadrant Hotel & Suites Auckland,2026-09-18,Official site,236,,v3
2026-09-18 02:43:52,The Quadrant Hotel & Suites Auckland,2026-09-18,Trip.com,154,,v3
2026-09-18 02:44:05,Copthorne Hotel Auckland City,2026-09-18,Booking.com,159,,v3
2026-09-18 02:44:05,Copthorne Hotel Auckland City,2026-09-18,Expedia,159,Superior Accessible 1 King or 2 Doubles,v3
2026-09-18 02:44:05,Copthorne Hotel Auckland City,2026-09-18,Official site,159,,v3
2026-09-18 02:44:05,Copthorne Hotel Auckland City,2026-09-18,Super.com,130,,v3
2026-09-18 02:44:17,VR Queen Street Auckland,2026-09-19,Booking.com,176,Standard King Room,v3
2026-09-18 02:44:17,VR Queen Street Auckland,2026-09-19,Official site,181,,v3
2026-09-18 02:44:17,VR Queen Street Auckland,2026-09-19,Super.com,137,,v3
2026-09-18 02:44:28,VR Auckland City,2026-09-19,Booking.com,145,,v3
2026-09-18 02:44:28,VR Auckland City,2026-09-19,Super.com,115,,v3
2026-09-18 02:44:40,Shakespeare Hotel Auckland,2026-09-19,Booking.com,89,,v3
2026-09-18 02:44:40,Shakespeare Hotel Auckland,2026-09-19,Hotels.com,88,"Double Room, 1 Queen Bed",v3
2026-09-18 02:44:40,Shakespeare Hotel Auckland,2026-09-19,Official site,110,,v3
2026-09-18 02:44:40,Shakespeare Hotel Auckland,2026-09-19,Super.com,77,,v3
2026-09-18 02:44:45,Auckland City Hotel,2026-09-19,Agoda,110,,v3
2026-09-18 02:44:45,Auckland City Hotel,2026-09-19,Booking.com,150,,v3
2026-09-18 02:44:45,Auckland City Hotel,2026-09-19,Official site,198,,v3
2026-09-18 02:44:45,Auckland City Hotel,2026-09-19,Super.com,88,,v3
2026-09-18 02:44:50,ibis budget Auckland Central,2026-09-19,Booking.com,115,Double Studio,v3
2026-09-18 02:44:50,ibis budget Auckland Central,2026-09-19,Official site,95,Lovely apartment with WiFi in vibrant central Auckland,v3
2026-09-18 02:44:50,ibis budget Auckland Central,2026-09-19,Super.com,95,,v3
2026-09-18 02:44:58,The Quadrant Hotel & Suites Auckland,2026-09-19,Hotels.com,166,Deluxe Queen Studio,v3
2026-09-18 02:44:58,The Quadrant Hotel & Suites Auckland,2026-09-19,Official site,112,Lovely apartment with WiFi in vibrant central Auckland,v3
2026-09-18 02:44:58,The Quadrant Hotel & Suites Auckland,2026-09-19,Super.com,126,,v3
2026-09-18 02:45:05,Copthorne Hotel Auckland City,2026-09-19,Booking.com,159,,v3
2026-09-18 02:45:05,Copthorne Hotel Auckland City,2026-09-19,Hotels.com,159,Superior Accessible 1 King or 2 Doubles,v3
2026-09-18 02:45:05,Copthorne Hotel Auckland City,2026-09-19,Official site,159,,v3
2026-09-18 02:45:05,Copthorne Hotel Auckland City,2026-09-19,Super.com,130,,v3
2026-09-18 02:45:10,VR Queen Street Auckland,2026-09-20,Booking.com,104,One-Bedroom Suite,v3
2026-09-18 02:45:10,VR Queen Street Auckland,2026-09-20,Official site,107,,v3
2026-09-18 02:45:10,VR Queen Street Auckland,2026-09-20,Super.com,82,,v3
2026-09-18 02:45:10,VR Queen Street Auckland,2026-09-20,Wotif,82,Open VR Queen Street - Hotel & Suites in a new tab.,v3
2026-09-18 02:45:16,VR Auckland City,2026-09-20,Booking.com,108,Studio Apartment,v3
2026-09-18 02:45:16,VR Auckland City,2026-09-20,Super.com,84,,v3
2026-09-18 02:45:16,VR Auckland City,2026-09-20,Wotif,84,Parkside Hotel & Apartments,v3
2026-09-18 02:45:23,Shakespeare Hotel Auckland,2026-09-20,Agoda,86,,v3
2026-09-18 02:45:23,Shakespeare Hotel Auckland,2026-09-20,Booking.com,92,Standard Queen Room,v3
2026-09-18 02:45:23,Shakespeare Hotel Auckland,2026-09-20,Official site,110,,v3
2026-09-18 02:45:23,Shakespeare Hotel Auckland,2026-09-20,Super.com,79,,v3
2026-09-18 02:45:23,Shakespeare Hotel Auckland,2026-09-20,Wotif,79,Parkside Hotel & Apartments,v3
2026-09-18 02:45:30,Auckland City Hotel,2026-09-20,Booking.com,135,,v3
2026-09-18 02:45:30,Auckland City Hotel,2026-09-20,Hotels.com,112,Standard Twin Room,v3
2026-09-18 02:45:30,Auckland City Hotel,2026-09-20,Official site,198,,v3
2026-09-18 02:45:30,Auckland City Hotel,2026-09-20,Super.com,84,,v3
2026-09-18 02:45:35,ibis budget Auckland Central,2026-09-20,Booking.com,95,,v3
2026-09-18 02:45:35,ibis budget Auckland Central,2026-09-20,Expedia,105,"Studio, 1 Double Bed",v3
2026-09-18 02:45:35,ibis budget Auckland Central,2026-09-20,Official site,105,,v3
2026-09-18 02:45:35,ibis budget Auckland Central,2026-09-20,Super.com,88,,v3
2026-09-18 02:45:35,ibis budget Auckland Central,2026-09-20,Wotif,88,Parkside Hotel & Apartments,v3
2026-09-18 02:45:41,The Quadrant Hotel & Suites Auckland,2026-09-20,Agoda,144,,v3
2026-09-18 02:45:41,The Quadrant Hotel & Suites Auckland,2026-09-20,Booking.com,144,Classic One-Bedroom Apartment,v3
2026-09-18 02:45:41,The Quadrant Hotel & Suites Auckland,2026-09-20,Official site,121,Open The Quadrant Hotel & Suites in a new tab.,v3
2026-09-18 02:45:41,The Quadrant Hotel & Suites Auckland,2026-09-20,Super.com,121,,v3
2026-09-18 02:45:48,Copthorne Hotel Auckland City,2026-09-20,Booking.com,129,,v3
2026-09-18 02:45:48,Copthorne Hotel Auckland City,2026-09-20,Official site,140,,v3
2026-09-18 02:45:48,Copthorne Hotel Auckland City,2026-09-20,Super.com,118,,v3
2026-09-18 02:45:53,VR Queen Street Auckland,2026-09-21,Booking.com,95,,v3
2026-09-18 02:45:53,VR Queen Street Auckland,2026-09-21,Hotels.com,84,Standard King Room,v3
2026-09-18 02:45:53,VR Queen Street Auckland,2026-09-21,Official site,97,,v3
2026-09-18 02:45:53,VR Queen Street Auckland,2026-09-21,Super.com,74,,v3
2026-09-18 02:45:58,VR Auckland City,2026-09-21,Booking.com,108,Studio Apartment,v3
2026-09-18 02:45:58,VR Auckland City,2026-09-21,Super.com,85,,v3
2026-09-18 02:46:05,Shakespeare Hotel Auckland,2026-09-21,Booking.com,92,,v3
2026-09-18 02:46:05,Shakespeare Hotel Auckland,2026-09-21,Hotels.com,84,Double Room,v3
2026-09-18 02:46:05,Shakespeare Hotel Auckland,2026-09-21,Official site,110,,v3
2026-09-18 02:46:05,Shakespeare Hotel Auckland,2026-09-21,Super.com,75,,v3
2026-09-18 02:46:17,Auckland City Hotel,2026-09-21,Agoda,118,,v3
2026-09-18 02:46:17,Auckland City Hotel,2026-09-21,Booking.com,150,Standard Queen Room,v3
2026-09-18 02:46:17,Auckland City Hotel,2026-09-21,Official site,198,,v3
2026-09-18 02:46:17,Auckland City Hotel,2026-09-21,Super.com,89,,v3
2026-09-18 02:46:31,ibis budget Auckland Central,2026-09-21,Booking.com,95,Double Studio,v3
2026-09-18 02:46:31,ibis budget Auckland Central,2026-09-21,Official site,95,,v3
2026-09-18 02:46:31,ibis budget Auckland Central,2026-09-21,Super.com,78,,v3
2026-09-18 02:46:43,The Quadrant Hotel & Suites Auckland,2026-09-21,Agoda,126,,v3
2026-09-18 02:46:43,The Quadrant Hotel & Suites Auckland,2026-09-21,Booking.com,126,Deluxe Queen Studio,v3
2026-09-18 02:46:43,The Quadrant Hotel & Suites Auckland,2026-09-21,Official site,130,,v3
2026-09-18 02:46:43,The Quadrant Hotel & Suites Auckland,2026-09-21,Super.com,96,,v3
2026-09-18 02:46:56,Copthorne Hotel Auckland City,2026-09-21,Booking.com,129,Superior King,v3
2026-09-18 02:46:56,Copthorne Hotel Auckland City,2026-09-21,Official site,105,Auckland Harbour Suites,v3
2026-09-18 02:46:56,Copthorne Hotel Auckland City,2026-09-21,Super.com,105,,v3
2026-09-18 02:47:06,VR Queen Street Auckland,2026-09-22,Booking.com,104,Standard King Room,v3
2026-09-18 02:47:06,VR Queen Street Auckland,2026-09-22,Official site,107,,v3
2026-09-18 02:47:06,VR Queen Street Auckland,2026-09-22,Super.com,81,,v3
2026-09-18 02:47:11,VR Auckland City,2026-09-22,Booking.com,112,Studio Apartment,v3
2026-09-18 02:47:11,VR Auckland City,2026-09-22,Super.com,87,,v3
2026-09-18 02:47:16,Shakespeare Hotel Auckland,2026-09-22,Booking.com,92,Double Room,v3
2026-09-18 02:47:16,Shakespeare Hotel Auckland,2026-09-22,Hotels.com,88,,v3
2026-09-18 02:47:16,Shakespeare Hotel Auckland,2026-09-22,Official site,78,Chic Princes Wharf Studio | City View | Parking,v3
2026-09-18 02:47:16,Shakespeare Hotel Auckland,2026-09-22,Super.com,78,,v3
2026-09-18 02:47:23,Auckland City Hotel,2026-09-22,Booking.com,161,,v3
2026-09-18 02:47:23,Auckland City Hotel,2026-09-22,Hotels.com,120,Standard Twin Room,v3
2026-09-18 02:47:23,Auckland City Hotel,2026-09-22,Official site,91,Chic Princes Wharf Studio | City View | Parking,v3
2026-09-18 02:47:23,Auckland City Hotel,2026-09-22,Super.com,91,,v3
2026-09-18 02:47:30,ibis budget Auckland Central,2026-09-22,Booking.com,99,,v3
2026-09-18 02:47:30,ibis budget Auckland Central,2026-09-22,Expedia,108,"Studio, 2 Twin Beds",v3
2026-09-18 02:47:30,ibis budget Auckland Central,2026-09-22,Official site,87,Chic Princes Wharf Studio | City View | Parking,v3
2026-09-18 02:47:30,ibis budget Auckland Central,2026-09-22,Super.com,87,,v3
2026-09-18 02:47:37,The Quadrant Hotel & Suites Auckland,2026-09-22,Agoda,189,,v3
2026-09-18 02:47:37,The Quadrant Hotel & Suites Auckland,2026-09-22,Booking.com,189,Deluxe Queen Studio,v3
2026-09-18 02:47:37,The Quadrant Hotel & Suites Auckland,2026-09-22,Official site,195,,v3
2026-09-18 02:47:37,The Quadrant Hotel & Suites Auckland,2026-09-22,Super.com,150,,v3
2026-09-18 02:47:41,Copthorne Hotel Auckland City,2026-09-22,Booking.com,140,Superior King,v3
2026-09-18 02:47:41,Copthorne Hotel Auckland City,2026-09-22,Official site,114,Chic Princes Wharf Studio | City View | Parking,v3
2026-09-18 02:47:41,Copthorne Hotel Auckland City,2026-09-22,Super.com,114,,v3
2026-09-18 02:47:48,VR Queen Street Auckland,2026-09-23,Booking.com,115,,v3
2026-09-18 02:47:48,VR Queen Street Auckland,2026-09-23,Hotels.com,115,Suite · Suite,v3
2026-09-18 02:47:48,VR Queen Street Auckland,2026-09-23,Official site,119,,v3
2026-09-18 02:47:48,VR Queen Street Auckland,2026-09-23,Super.com,90,,v3
2026-09-18 02:47:48,VR Queen Street Auckland,2026-09-23,Wotif,90,Open VR Queen Street - Hotel & Suites in a new tab.,v3
2026-09-18 02:47:54,VR Auckland City,2026-09-23,Booking.com,107,Studio Studio Apartment,v3
2026-09-18 02:47:54,VR Auckland City,2026-09-23,Super.com,85,,v3
2026-09-18 02:48:01,Shakespeare Hotel Auckland,2026-09-23,Agoda,83,,v3
2026-09-18 02:48:01,Shakespeare Hotel Auckland,2026-09-23,Booking.com,92,Standard Queen Room,v3
2026-09-18 02:48:01,Shakespeare Hotel Auckland,2026-09-23,Official site,110,,v3
2026-09-18 02:48:01,Shakespeare Hotel Auckland,2026-09-23,Super.com,77,,v3
2026-09-18 02:48:14,Auckland City Hotel,2026-09-23,Booking.com,161,Standard Room with Two Single Beds,v3
2026-09-18 02:48:14,Auckland City Hotel,2026-09-23,Expedia,147,,v3
2026-09-18 02:48:14,Auckland City Hotel,2026-09-23,Official site,248,,v3
2026-09-18 02:48:14,Auckland City Hotel,2026-09-23,Super.com,111,,v3
2026-09-18 02:48:27,ibis budget Auckland Central,2026-09-23,Booking.com,104,Twin Studio,v3
2026-09-18 02:48:27,ibis budget Auckland Central,2026-09-23,Official site,86,Parkside Hotel & Apartments,v3
2026-09-18 02:48:27,ibis budget Auckland Central,2026-09-23,Super.com,86,,v3
2026-09-18 02:48:40,VR Queen Street Auckland,2026-09-18,Booking.com,167,,v3
2026-09-18 02:48:40,VR Queen Street Auckland,2026-09-18,Hotels.com,158,,v3
2026-09-18 02:48:40,VR Queen Street Auckland,2026-09-18,Official site,181,,v3
2026-09-18 02:48:40,VR Queen Street Auckland,2026-09-18,Super.com,139,,v3
2026-09-18 02:48:45,VR Auckland City,2026-09-18,Booking.com,162,Executive One-Bedroom Apartment,v3
2026-09-18 02:48:45,VR Auckland City,2026-09-18,Super.com,146,,v3
2026-09-18 02:48:50,Shakespeare Hotel Auckland,2026-09-18,Agoda,83,,v3
2026-09-18 02:48:50,Shakespeare Hotel Auckland,2026-09-18,Hotels.com,110,"Double Room, 1 Queen Bed",v3
2026-09-18 02:48:50,Shakespeare Hotel Auckland,2026-09-18,Official site,110,,v3
2026-09-18 02:48:50,Shakespeare Hotel Auckland,2026-09-18,Super.com,79,,v3
2026-09-18 02:48:50,Shakespeare Hotel Auckland,2026-09-18,Wotif,79,,v3
2026-09-18 02:48:58,Auckland City Hotel,2026-09-18,Agoda,110,,v3
2026-09-18 02:48:58,Auckland City Hotel,2026-09-18,Booking.com,142,,v3
2026-09-18 02:48:58,Auckland City Hotel,2026-09-18,Official site,198,,v3
2026-09-18 02:48:58,Auckland City Hotel,2026-09-18,Super.com,91,,v3
2026-09-18 02:49:03,ibis budget Auckland Central,2026-09-18,Booking.com,117,Double Studio,v3
2026-09-18 02:49:03,ibis budget Auckland Central,2026-09-18,Official site,117,,v3
2026-09-18 02:49:03,ibis budget Auckland Central,2026-09-18,Super.com,97,,v3
2026-09-18 02:49:03,ibis budget Auckland Central,2026-09-18,Wotif,97,,v3
2026-09-18 02:49:11,The Quadrant Hotel & Suites Auckland,2026-09-18,Booking.com,212,,v3
2026-09-18 02:49:11,The Quadrant Hotel & Suites Auckland,2026-09-18,Hotels.com,229,Executive Two-Bedroom Apartment,v3
2026-09-18 02:49:11,The Quadrant Hotel & Suites Auckland,2026-09-18,Official site,236,,v3
2026-09-18 02:49:11,The Quadrant Hotel & Suites Auckland,2026-09-18,Trip.com,154,,v3
2026-09-18 02:49:11,The Quadrant Hotel & Suites Auckland,2026-09-18,Wotif,154,Open The Quadrant Hotel & Suites in a new tab.,v3
2026-09-18 02:49:18,Copthorne Hotel Auckland City,2026-09-18,Booking.com,159,Superior 2 Double,v3
2026-09-18 02:49:18,Copthorne Hotel Auckland City,2026-09-18,Expedia,159,,v3
2026-09-18 02:49:18,Copthorne Hotel Auckland City,2026-09-18,Official site,159,,v3
2026-09-18 02:49:18,Copthorne Hotel Auckland City,2026-09-18,Super.com,130,,v3
2026-09-18 02:49:23,Albion Hotel Auckland,2026-09-18,Expedia,130,,v3
2026-09-18 02:49:23,Albion Hotel Auckland,2026-09-18,Hotels.com,130,Standard Double Room,v3
2026-09-18 02:49:23,Albion Hotel Auckland,2026-09-18,Official site,100,,v3
2026-09-18 02:49:23,Albion Hotel Auckland,2026-09-18,Super.com,82,,v3
2026-09-18 02:49:28,Ascotia Off Queen Auckland,2026-09-18,Bluepillow,86,,v3
2026-09-18 02:49:28,Ascotia Off Queen Auckland,2026-09-18,Booking.com,102,,v3
2026-09-18 02:49:28,Ascotia Off Queen Auckland,2026-09-18,Expedia,93,,v3
2026-09-18 02:49:28,Ascotia Off Queen Auckland,2026-09-18,Trip.com,85,,v3
2026-09-18 02:49:33,VR Queen Street Auckland,2026-09-19,Booking.com,176,Standard King Room,v3
2026-09-18 02:49:33,VR Queen Street Auckland,2026-09-19,Hotels.com,156,,v3
2026-09-18 02:49:33,VR Queen Street Auckland,2026-09-19,Official site,112,Lovely apartment with WiFi in vibrant central Auckland,v3
2026-09-18 02:49:33,VR Queen Street Auckland,2026-09-19,Super.com,137,,v3
2026-09-18 02:49:42,VR Auckland City,2026-09-19,Booking.com,145,Studio Apartment,v3
2026-09-18 02:49:42,VR Auckland City,2026-09-19,Super.com,115,,v3
2026-09-18 02:49:46,Shakespeare Hotel Auckland,2026-09-19,Agoda,85,,v3
2026-09-18 02:49:46,Shakespeare Hotel Auckland,2026-09-19,Hotels.com,88,"Double Room, 1 Queen Bed",v3
2026-09-18 02:49:46,Shakespeare Hotel Auckland,2026-09-19,Official site,110,,v3
2026-09-18 02:49:46,Shakespeare Hotel Auckland,2026-09-19,Super.com,77,,v3
2026-09-18 02:49:51,Auckland City Hotel,2026-09-19,Booking.com,150,,v3
2026-09-18 02:49:51,Auckland City Hotel,2026-09-19,Hotels.com,112,"Standard Room, 1 Queen Bed",v3
2026-09-18 02:49:51,Auckland City Hotel,2026-09-19,Official site,88,Lovely apartment with WiFi in vibrant central Auckland,v3
2026-09-18 02:49:51,Auckland City Hotel,2026-09-19,Super.com,88,,v3
2026-09-18 02:49:58,ibis budget Auckland Central,2026-09-19,Booking.com,115,Double Studio,v3
2026-09-18 02:49:58,ibis budget Auckland Central,2026-09-19,Official site,115,,v3
2026-09-18 02:49:58,ibis budget Auckland Central,2026-09-19,Super.com,95,,v3
2026-09-18 02:50:03,The Quadrant Hotel & Suites Auckland,2026-09-19,Booking.com,155,,v3
2026-09-18 02:50:03,The Quadrant Hotel & Suites Auckland,2026-09-19,Hotels.com,166,Deluxe Queen Studio,v3
2026-09-18 02:50:03,The Quadrant Hotel & Suites Auckland,2026-09-19,Official site,112,Lovely apartment with WiFi in vibrant central Auckland,v3
2026-09-18 02:50:03,The Quadrant Hotel & Suites Auckland,2026-09-19,Super.com,126,,v3
2026-09-18 02:50:10,Copthorne Hotel Auckland City,2026-09-19,Booking.com,159,Superior King,v3
2026-09-18 02:50:10,Copthorne Hotel Auckland City,2026-09-19,Official site,159,,v3
2026-09-18 02:50:10,Copthorne Hotel Auckland City,2026-09-19,Super.com,130,,v3
2026-09-18 02:50:15,Albion Hotel Auckland,2026-09-19,Hotels.com,130,Standard Double Room,v3
2026-09-18 02:50:15,Albion Hotel Auckland,2026-09-19,Official site,100,,v3
2026-09-18 02:50:15,Albion Hotel Auckland,2026-09-19,Super.com,81,,v3
2026-09-18 02:50:20,Ascotia Off Queen Auckland,2026-09-19,Booking.com,108,Queen Room,v3
2026-09-18 02:50:20,Ascotia Off Queen Auckland,2026-09-19,Official site,84,Open Ascotia Off Queen in a new tab.,v3
2026-09-18 02:50:20,Ascotia Off Queen Auckland,2026-09-19,Super.com,84,,v3
2026-09-18 02:50:20,Ascotia Off Queen Auckland,2026-09-19,Trip.com,89,,v3
2026-09-18 02:50:26,VR Queen Street Auckland,2026-09-20,Booking.com,104,One-Bedroom Suite,v3
2026-09-18 02:50:26,VR Queen Street Auckland,2026-09-20,Official site,107,,v3
2026-09-18 02:50:26,VR Queen Street Auckland,2026-09-20,Super.com,82,,v3
2026-09-18 02:50:26,VR Queen Street Auckland,2026-09-20,Wotif,82,Open VR Queen Street - Hotel & Suites in a new tab.,v3
2026-09-18 02:50:33,VR Auckland City,2026-09-20,Booking.com,108,Studio Apartment,v3
2026-09-18 02:50:33,VR Auckland City,2026-09-20,Super.com,84,,v3
2026-09-18 02:50:40,Shakespeare Hotel Auckland,2026-09-20,Booking.com,92,,v3
2026-09-18 02:50:40,Shakespeare Hotel Auckland,2026-09-20,Hotels.com,89,Double Room,v3
2026-09-18 02:50:40,Shakespeare Hotel Auckland,2026-09-20,Official site,110,,v3
2026-09-18 02:50:40,Shakespeare Hotel Auckland,2026-09-20,Super.com,79,,v3
2026-09-18 02:50:44,Auckland City Hotel,2026-09-20,Booking.com,135,,v3
2026-09-18 02:50:44,Auckland City Hotel,2026-09-20,Hotels.com,112,Standard Twin Room,v3
2026-09-18 02:50:44,Auckland City Hotel,2026-09-20,Official site,198,,v3
2026-09-18 02:50:44,Auckland City Hotel,2026-09-20,Super.com,84,,v3
2026-09-18 02:50:44,Auckland City Hotel,2026-09-20,Wotif,84,Parkside Hotel & Apartments,v3
2026-09-18 02:50:51,ibis budget Auckland Central,2026-09-20,Booking.com,95,Double Studio,v3
2026-09-18 02:50:51,ibis budget Auckland Central,2026-09-20,Official site,105,,v3
2026-09-18 02:50:51,ibis budget Auckland Central,2026-09-20,Super.com,88,,v3
2026-09-18 02:50:51,ibis budget Auckland Central,2026-09-20,Wotif,88,Parkside Hotel & Apartments,v3
2026-09-18 02:50:58,The Quadrant Hotel & Suites Auckland,2026-09-20,Booking.com,144,,v3
2026-09-18 02:50:58,The Quadrant Hotel & Suites Auckland,2026-09-20,Hotels.com,144,Classic One-Bedroom Apartment,v3
2026-09-18 02:50:58,The Quadrant Hotel & Suites Auckland,2026-09-20,Official site,121,Open The Quadrant Hotel & Suites in a new tab.,v3
2026-09-18 02:50:58,The Quadrant Hotel & Suites Auckland,2026-09-20,Super.com,121,,v3
2026-09-18 02:51:04,Copthorne Hotel Auckland City,2026-09-20,Booking.com,129,,v3
2026-09-18 02:51:04,Copthorne Hotel Auckland City,2026-09-20,Hotels.com,140,"Superior Room, 2 Double Beds",v3
2026-09-18 02:51:04,Copthorne Hotel Auckland City,2026-09-20,Official site,140,,v3
2026-09-18 02:51:04,Copthorne Hotel Auckland City,2026-09-20,Super.com,118,,v3
2026-09-18 02:51:04,Copthorne Hotel Auckland City,2026-09-20,Wotif,118,Parkside Hotel & Apartments,v3
2026-09-18 02:51:12,Albion Hotel Auckland,2026-09-20,Hotels.com,118,Standard Double Room,v3
2026-09-18 02:51:12,Albion Hotel Auckland,2026-09-20,Official site,81,Parkside Hotel & Apartments,v3
2026-09-18 02:51:12,Albion Hotel Auckland,2026-09-20,Super.com,81,,v3
2026-09-18 02:51:19,Ascotia Off Queen Auckland,2026-09-20,Booking.com,82,Queen Room,v3
2026-09-18 02:51:19,Ascotia Off Queen Auckland,2026-09-20,Super.com,66,,v3
2026-09-18 02:51:19,Ascotia Off Queen Auckland,2026-09-20,Trip.com,68,,v3
2026-09-18 02:51:23,VR Queen Street Auckland,2026-09-21,Booking.com,95,,v3
2026-09-18 02:51:23,VR Queen Street Auckland,2026-09-21,Expedia,74,Open VR Queen Street - Hotel & Suites in a new tab.,v3
2026-09-18 02:51:23,VR Queen Street Auckland,2026-09-21,Hotels.com,84,Standard King Room,v3
2026-09-18 02:51:23,VR Queen Street Auckland,2026-09-21,Official site,97,,v3
2026-09-18 02:51:23,VR Queen Street Auckland,2026-09-21,Super.com,74,,v3
2026-09-18 02:51:30,VR Auckland City,2026-09-21,Booking.com,108,Studio Apartment,v3
2026-09-18 02:51:30,VR Auckland City,2026-09-21,Super.com,85,,v3
2026-09-18 02:51:37,Shakespeare Hotel Auckland,2026-09-21,Booking.com,92,Standard Queen Room,v3
2026-09-18 02:51:37,Shakespeare Hotel Auckland,2026-09-21,Hotels.com,84,,v3
2026-09-18 02:51:37,Shakespeare Hotel Auckland,2026-09-21,Official site,110,,v3
2026-09-18 02:51:37,Shakespeare Hotel Auckland,2026-09-21,Super.com,75,,v3
2026-09-18 02:51:42,Auckland City Hotel,2026-09-21,Booking.com,150,,v3
2026-09-18 02:51:42,Auckland City Hotel,2026-09-21,Expedia,89,Auckland Harbour Suites,v3
2026-09-18 02:51:42,Auckland City Hotel,2026-09-21,Hotels.com,123,Standard Twin Room,v3
2026-09-18 02:51:42,Auckland City Hotel,2026-09-21,Official site,198,,v3
2026-09-18 02:51:42,Auckland City Hotel,2026-09-21,Super.com,89,,v3
2026-09-18 02:51:49,ibis budget Auckland Central,2026-09-21,Booking.com,78,Auckland Harbour Suites,v3
2026-09-18 02:51:49,ibis budget Auckland Central,2026-09-21,Official site,95,,v3
2026-09-18 02:51:49,ibis budget Auckland Central,2026-09-21,Super.com,78,,v3
2026-09-18 02:51:55,The Quadrant Hotel & Suites Auckland,2026-09-21,Agoda,126,,v3
2026-09-18 02:51:55,The Quadrant Hotel & Suites Auckland,2026-09-21,Booking.com,126,Deluxe Queen Studio,v3
2026-09-18 02:51:55,The Quadrant Hotel & Suites Auckland,2026-09-21,Official site,96,Open The Quadrant Hotel & Suites in a new tab.,v3
2026-09-18 02:51:55,The Quadrant Hotel & Suites Auckland,2026-09-21,Super.com,96,,v3
2026-09-18 02:52:03,Copthorne Hotel Auckland City,2026-09-21,Booking.com,129,Superior King,v3
2026-09-18 02:52:03,Copthorne Hotel Auckland City,2026-09-21,Official site,129,,v3
2026-09-18 02:52:03,Copthorne Hotel Auckland City,2026-09-21,Super.com,105,,v3
2026-09-18 02:52:07,Albion Hotel Auckland,2026-09-21,Expedia,129,Standard Double Room,v3
2026-09-18 02:52:07,Albion Hotel Auckland,2026-09-21,Official site,99,,v3
2026-09-18 02:52:07,Albion Hotel Auckland,2026-09-21,Super.com,81,,v3
2026-09-18 02:52:12,Ascotia Off Queen Auckland,2026-09-21,Booking.com,64,Open Ascotia Off Queen in a new tab.,v3
2026-09-18 02:52:12,Ascotia Off Queen Auckland,2026-09-21,Super.com,64,,v3
2026-09-18 02:52:12,Ascotia Off Queen Auckland,2026-09-21,Trip.com,68,,v3
2026-09-18 02:52:19,VR Queen Street Auckland,2026-09-22,Booking.com,104,Standard King Room,v3
2026-09-18 02:52:19,VR Queen Street Auckland,2026-09-22,Expedia,97,,v3
2026-09-18 02:52:19,VR Queen Street Auckland,2026-09-22,Official site,107,,v3
2026-09-18 02:52:19,VR Queen Street Auckland,2026-09-22,Super.com,81,,v3
2026-09-18 02:52:19,VR Queen Street Auckland,2026-09-22,Wotif,81,Open VR Queen Street - Hotel & Suites in a new tab.,v3
2026-09-18 02:52:26,VR Auckland City,2026-09-22,Booking.com,112,,v3
2026-09-18 02:52:26,VR Auckland City,2026-09-22,Hotels.com,112,Studio Apartment,v3
2026-09-18 02:52:26,VR Auckland City,2026-09-22,Super.com,87,,v3
2026-09-18 02:52:32,Shakespeare Hotel Auckland,2026-09-22,Booking.com,92,,v3
2026-09-18 02:52:32,Shakespeare Hotel Auckland,2026-09-22,Hotels.com,88,Double Room,v3
2026-09-18 02:52:32,Shakespeare Hotel Auckland,2026-09-22,Official site,110,,v3
2026-09-18 02:52:32,Shakespeare Hotel Auckland,2026-09-22,Super.com,78,,v3
2026-09-18 02:52:37,Auckland City Hotel,2026-09-22,Booking.com,161,,v3
2026-09-18 02:52:37,Auckland City Hotel,2026-09-22,Expedia,91,Chic Princes Wharf Studio | City View | Parking,v3
2026-09-18 02:52:37,Auckland City Hotel,2026-09-22,Hotels.com,120,Standard Twin Room,v3
2026-09-18 02:52:37,Auckland City Hotel,2026-09-22,Official site,198,,v3
2026-09-18 02:52:37,Auckland City Hotel,2026-09-22,Super.com,91,,v3
2026-09-18 02:52:44,ibis budget Auckland Central,2026-09-22,Booking.com,99,Double Studio,v3
2026-09-18 02:52:44,ibis budget Auckland Central,2026-09-22,Official site,87,Chic Princes Wharf Studio | City View | Parking,v3
2026-09-18 02:52:44,ibis budget Auckland Central,2026-09-22,Super.com,87,,v3
2026-09-18 02:52:51,The Quadrant Hotel & Suites Auckland,2026-09-22,Booking.com,189,,v3
2026-09-18 02:52:51,The Quadrant Hotel & Suites Auckland,2026-09-22,Expedia,150,Open The Quadrant Hotel & Suites in a new tab.,v3
2026-09-18 02:52:51,The Quadrant Hotel & Suites Auckland,2026-09-22,Official site,195,,v3
2026-09-18 02:52:51,The Quadrant Hotel & Suites Auckland,2026-09-22,Super.com,150,,v3
2026-09-18 02:52:58,Copthorne Hotel Auckland City,2026-09-22,Booking.com,140,Superior King,v3
2026-09-18 02:52:58,Copthorne Hotel Auckland City,2026-09-22,Expedia,140,,v3
2026-09-18 02:52:58,Copthorne Hotel Auckland City,2026-09-22,Official site,140,,v3
2026-09-18 02:52:58,Copthorne Hotel Auckland City,2026-09-22,Super.com,114,,v3
2026-09-18 02:52:58,Copthorne Hotel Auckland City,2026-09-22,Wotif,114,Chic Princes Wharf Studio | City View | Parking,v3
2026-09-18 02:53:04,Albion Hotel Auckland,2026-09-22,Hotels.com,129,Standard Double Room,v3
2026-09-18 02:53:04,Albion Hotel Auckland,2026-09-22,Official site,81,Chic Princes Wharf Studio | City View | Parking,v3
2026-09-18 02:53:04,Albion Hotel Auckland,2026-09-22,Super.com,81,,v3
2026-09-18 02:53:12,Ascotia Off Queen Auckland,2026-09-22,Booking.com,82,Queen Room,v3
2026-09-18 02:53:12,Ascotia Off Queen Auckland,2026-09-22,Expedia,75,,v3
2026-09-18 02:53:12,Ascotia Off Queen Auckland,2026-09-22,Super.com,64,,v3
2026-09-18 02:53:12,Ascotia Off Queen Auckland,2026-09-22,Trip.com,68,,v3
2026-09-18 02:53:12,Ascotia Off Queen Auckland,2026-09-22,Wotif,64,Open Ascotia Off Queen in a new tab.,v3
2026-09-18 02:53:18,VR Queen Street Auckland,2026-09-23,Booking.com,115,One-Bedroom Suite,v3
2026-09-18 02:53:18,VR Queen Street Auckland,2026-09-23,Expedia,90,Open VR Queen Street - Hotel & Suites in a new tab.,v3
2026-09-18 02:53:18,VR Queen Street Auckland,2026-09-23,Hotels.com,115,,v3
2026-09-18 02:53:18,VR Queen Street Auckland,2026-09-23,Official site,119,,v3
2026-09-18 02:53:18,VR Queen Street Auckland,2026-09-23,Super.com,90,,v3
2026-09-18 02:53:25,VR Auckland City,2026-09-23,Booking.com,107,Studio Studio Apartment,v3
2026-09-18 02:53:25,VR Auckland City,2026-09-23,Super.com,85,,v3
2026-09-18 02:53:31,Shakespeare Hotel Auckland,2026-09-23,Agoda,83,,v3
2026-09-18 02:53:31,Shakespeare Hotel Auckland,2026-09-23,Hotels.com,85,,v3
2026-09-18 02:53:31,Shakespeare Hotel Auckland,2026-09-23,Official site,77,Parkside Hotel & Apartments,v3
2026-09-18 02:53:31,Shakespeare Hotel Auckland,2026-09-23,Super.com,77,,v3
2026-09-18 02:53:38,Auckland City Hotel,2026-09-23,Booking.com,161,Standard Room with Two Single Beds,v3
2026-09-18 02:53:38,Auckland City Hotel,2026-09-23,Expedia,111,Parkside Hotel & Apartments,v3
2026-09-18 02:53:38,Auckland City Hotel,2026-09-23,Hotels.com,147,,v3
2026-09-18 02:53:38,Auckland City Hotel,2026-09-23,Official site,248,,v3
2026-09-18 02:53:38,Auckland City Hotel,2026-09-23,Super.com,111,,v3
2026-09-18 02:53:45,ibis budget Auckland Central,2026-09-23,Booking.com,104,Twin Studio,v3
2026-09-18 02:53:45,ibis budget Auckland Central,2026-09-23,Expedia,86,Parkside Hotel & Apartments,v3
2026-09-18 02:53:45,ibis budget Auckland Central,2026-09-23,Official site,104,,v3
2026-09-18 02:53:45,ibis budget Auckland Central,2026-09-23,Super.com,86,,v3
2026-09-18 02:53:52,The Quadrant Hotel & Suites Auckland,2026-09-23,Booking.com,110,,v3
2026-09-18 02:53:52,The Quadrant Hotel & Suites Auckland,2026-09-23,Expedia,92,Open The Quadrant Hotel & Suites in a new tab.,v3
2026-09-18 02:53:52,The Quadrant Hotel & Suites Auckland,2026-09-23,Hotels.com,117,Deluxe Queen Studio,v3
2026-09-18 02:53:52,The Quadrant Hotel & Suites Auckland,2026-09-23,Official site,121,,v3
2026-09-18 02:53:52,The Quadrant Hotel & Suites Auckland,2026-09-23,Super.com,92,,v3
2026-09-18 02:53:59,Copthorne Hotel Auckland City,2026-09-23,Booking.com,149,Superior King,v3
2026-09-18 02:53:59,Copthorne Hotel Auckland City,2026-09-23,Expedia,149,,v3
2026-09-18 02:53:59,Copthorne Hotel Auckland City,2026-09-23,Official site,149,,v3
2026-09-18 02:53:59,Copthorne Hotel Auckland City,2026-09-23,Super.com,121,,v3
2026-09-18 02:53:59,Copthorne Hotel Auckland City,2026-09-23,Wotif,121,Parkside Hotel & Apartments,v3
2026-09-18 02:54:06,Albion Hotel Auckland,2026-09-23,Expedia,129,Standard Double Room,v3
2026-09-18 02:54:06,Albion Hotel Auckland,2026-09-23,Official site,81,Parkside Hotel & Apartments,v3
2026-09-18 02:54:06,Albion Hotel Auckland,2026-09-23,Super.com,81,,v3
2026-09-18 02:54:13,Ascotia Off Queen Auckland,2026-09-23,Booking.com,82,Queen Room,v3
2026-09-18 02:54:13,Ascotia Off Queen Auckland,2026-09-23,Super.com,64,,v3
2026-09-18 02:54:18,VR Queen Street Auckland,2026-09-24,Booking.com,115,One-Bedroom Suite,v3
2026-09-18 02:54:18,VR Queen Street Auckland,2026-09-24,Hotels.com,104,,v3
2026-09-18 02:54:18,VR Queen Street Auckland,2026-09-24,Official site,89,Open VR Queen Street - Hotel & Suites in a new tab.,v3
2026-09-18 02:54:18,VR Queen Street Auckland,2026-09-24,Super.com,89,,v3
2026-09-18 02:54:25,VR Auckland City,2026-09-24,Booking.com,112,Studio Apartment,v3
2026-09-18 02:54:25,VR Auckland City,2026-09-24,Super.com,86,,v3
2026-09-18 02:54:32,Shakespeare Hotel Auckland,2026-09-24,Booking.com,92,,v3
2026-09-18 02:54:32,Shakespeare Hotel Auckland,2026-09-24,Expedia,82,Princes Wharf Boutique Apartment,v3
2026-09-18 02:54:32,Shakespeare Hotel Auckland,2026-09-24,Hotels.com,110,Double Room,v3
2026-09-18 02:54:32,Shakespeare Hotel Auckland,2026-09-24,Official site,110,,v3
2026-09-18 02:54:32,Shakespeare Hotel Auckland,2026-09-24,Super.com,82,,v3
2026-09-18 02:54:38,Auckland City Hotel,2026-09-24,Booking.com,161,Standard Room with Two Single Beds,v3
2026-09-18 02:54:38,Auckland City Hotel,2026-09-24,Expedia,118,,v3
2026-09-18 02:54:38,Auckland City Hotel,2026-09-24,Official site,88,Parkside Hotel & Apartments,v3
2026-09-18 02:54:38,Auckland City Hotel,2026-09-24,Super.com,88,,v3
2026-09-18 02:54:48,ibis budget Auckland Central,2026-09-24,Booking.com,95,Double Studio,v3
2026-09-18 02:54:48,ibis budget Auckland Central,2026-09-24,Expedia,83,Princes Wharf Boutique Apartment,v3
2026-09-18 02:54:48,ibis budget Auckland Central,2026-09-24,Official site,95,,v3
2026-09-18 02:54:48,ibis budget Auckland Central,2026-09-24,Super.com,83,,v3
2026-09-18 02:54:54,The Quadrant Hotel & Suites Auckland,2026-09-24,Booking.com,107,Deluxe Queen Studio,v3
2026-09-18 02:54:54,The Quadrant Hotel & Suites Auckland,2026-09-24,Expedia,89,Open The Quadrant Hotel & Suites in a new tab.,v3
2026-09-18 02:54:54,The Quadrant Hotel & Suites Auckland,2026-09-24,Hotels.com,117,,v3
2026-09-18 02:54:54,The Quadrant Hotel & Suites Auckland,2026-09-24,Official site,121,,v3
2026-09-18 02:54:54,The Quadrant Hotel & Suites Auckland,2026-09-24,Super.com,89,,v3
2026-09-18 02:55:01,Copthorne Hotel Auckland City,2026-09-24,Booking.com,149,Superior 2 Double,v3
2026-09-18 02:55:01,Copthorne Hotel Auckland City,2026-09-24,Expedia,149,,v3
2026-09-18 02:55:01,Copthorne Hotel Auckland City,2026-09-24,Official site,121,Princes Wharf Boutique Apartment,v3
2026-09-18 02:55:01,Copthorne Hotel Auckland City,2026-09-24,Super.com,121,,v3
2026-09-18 02:55:08,Albion Hotel Auckland,2026-09-24,Bluepillow,86,,v3
2026-09-18 02:55:08,Albion Hotel Auckland,2026-09-24,Expedia,129,Standard Double Room,v3
2026-09-18 02:55:08,Albion Hotel Auckland,2026-09-24,Official site,99,,v3
2026-09-18 02:55:21,Ascotia Off Queen Auckland,2026-09-24,Booking.com,82,,v3
2026-09-18 02:55:21,Ascotia Off Queen Auckland,2026-09-24,Expedia,75,Queen Room,v3
2026-09-18 02:55:21,Ascotia Off Queen Auckland,2026-09-24,Super.com,64,,v3
2026-09-18 02:55:21,Ascotia Off Queen Auckland,2026-09-24,Trip.com,68,,v3
2026-09-18 02:55:32,VR Queen Street Auckland,2026-09-25,Booking.com,144,,v3
2026-09-18 02:55:32,VR Queen Street Auckland,2026-09-25,Hotels.com,128,Standard King Room,v3
2026-09-18 02:55:32,VR Queen Street Auckland,2026-09-25,Official site,149,,v3
2026-09-18 02:55:32,VR Queen Street Auckland,2026-09-25,Super.com,115,,v3
2026-09-18 02:55:43,VR Auckland City,2026-09-25,Booking.com,169,One-Bedroom Apartment,v3
2026-09-18 02:55:43,VR Auckland City,2026-09-25,Super.com,130,,v3
2026-09-18 02:55:58,Auckland City Hotel,2026-09-25,Booking.com,347,Two-Bedroom Apartment - Split Level with Queen and Single,v3
2026-09-18 02:55:58,Auckland City Hotel,2026-09-25,Hotels.com,353,,v3
2026-09-18 02:55:58,Auckland City Hotel,2026-09-25,Official site,159,ibis budget Auckland Central - Double Studio,v3
2026-09-18 02:55:58,Auckland City Hotel,2026-09-25,Super.com,159,,v3
2026-09-18 02:56:05,ibis budget Auckland Central,2026-09-25,Booking.com,135,Twin Studio,v3
2026-09-18 02:56:05,ibis budget Auckland Central,2026-09-25,Official site,135,,v3
2026-09-18 02:56:05,ibis budget Auckland Central,2026-09-25,Super.com,112,,v3
2026-09-18 02:56:05,ibis budget Auckland Central,2026-09-25,Wotif,112,ibis budget Auckland Central - Double Studio,v3
2026-09-18 02:56:12,The Quadrant Hotel & Suites Auckland,2026-09-25,Booking.com,261,Deluxe Queen Studio,v3
2026-09-18 02:56:12,The Quadrant Hotel & Suites Auckland,2026-09-25,Official site,218,Open The Quadrant Hotel & Suites in a new tab.,v3
2026-09-18 02:56:12,The Quadrant Hotel & Suites Auckland,2026-09-25,Super.com,218,,v3
2026-09-18 02:56:19,Copthorne Hotel Auckland City,2026-09-25,Booking.com,269,Superior 2 Double,v3
2026-09-18 02:56:19,Copthorne Hotel Auckland City,2026-09-25,Expedia,255,,v3
2026-09-18 02:56:19,Copthorne Hotel Auckland City,2026-09-25,Official site,269,,v3
2026-09-18 02:56:19,Copthorne Hotel Auckland City,2026-09-25,Super.com,205,,v3
2026-09-18 02:56:19,Copthorne Hotel Auckland City,2026-09-25,Wotif,205,ibis budget Auckland Central - Double Studio,v3
2026-09-18 02:56:25,Albion Hotel Auckland,2026-09-25,Hotels.com,154,Standard Double Room,v3
2026-09-18 02:56:25,Albion Hotel Auckland,2026-09-25,Official site,101,ibis budget Auckland Central - Double Studio,v3
2026-09-18 02:56:25,Albion Hotel Auckland,2026-09-25,Super.com,101,,v3
2026-09-18 02:56:32,Ascotia Off Queen Auckland,2026-09-25,Booking.com,159,Queen Room,v3
2026-09-18 02:56:32,Ascotia Off Queen Auckland,2026-09-25,Expedia,148,,v3
2026-09-18 02:56:32,Ascotia Off Queen Auckland,2026-09-25,Super.com,124,,v3
2026-09-18 02:56:32,Ascotia Off Queen Auckland,2026-09-25,Wotif,124,Open Ascotia Off Queen in a new tab.,v3
2026-09-18 02:56:39,VR Queen Street Auckland,2026-09-26,Booking.com,141,,v3
2026-09-18 02:56:39,VR Queen Street Auckland,2026-09-26,Official site,153,,v3
2026-09-18 02:56:39,VR Queen Street Auckland,2026-09-26,Super.com,117,,v3
2026-09-18 02:56:39,VR Queen Street Auckland,2026-09-26,Wotif,117,Open VR Queen Street - Hotel & Suites in a new tab.,v3
2026-09-18 02:56:46,VR Auckland City,2026-09-26,Booking.com,194,Studio Apartment,v3
2026-09-18 02:56:46,VR Auckland City,2026-09-26,Super.com,151,,v3
2026-09-18 02:56:46,VR Auckland City,2026-09-26,Wotif,97,ibis budget Auckland Central - Double Studio,v3
2026-09-18 02:56:53,Shakespeare Hotel Auckland,2026-09-26,Booking.com,92,,v3
2026-09-18 02:56:53,Shakespeare Hotel Auckland,2026-09-26,Hotels.com,89,"Double Room, 1 Queen Bed",v3
2026-09-18 02:56:53,Shakespeare Hotel Auckland,2026-09-26,Official site,110,,v3
2026-09-18 02:56:53,Shakespeare Hotel Auckland,2026-09-26,Super.com,72,,v3
2026-09-18 02:56:53,Shakespeare Hotel Auckland,2026-09-26,Wotif,72,ibis budget Auckland Central - Double Studio,v3
2026-09-18 02:57:00,Auckland City Hotel,2026-09-26,Booking.com,161,,v3
2026-09-18 02:57:00,Auckland City Hotel,2026-09-26,Hotels.com,150,"Studio, Kitchenette",v3
2026-09-18 02:57:00,Auckland City Hotel,2026-09-26,Official site,227,,v3
2026-09-18 02:57:00,Auckland City Hotel,2026-09-26,Super.com,105,,v3
2026-09-18 02:57:12,ibis budget Auckland Central,2026-09-26,Booking.com,122,Double Studio,v3
2026-09-18 02:57:12,ibis budget Auckland Central,2026-09-26,Official site,122,,v3
2026-09-18 02:57:12,ibis budget Auckland Central,2026-09-26,Super.com,100,,v3
2026-09-18 02:57:25,The Quadrant Hotel & Suites Auckland,2026-09-26,Booking.com,127,Deluxe Queen Studio,v3
2026-09-18 02:57:25,The Quadrant Hotel & Suites Auckland,2026-09-26,Expedia,136,,v3
2026-09-18 02:57:25,The Quadrant Hotel & Suites Auckland,2026-09-26,Official site,140,,v3
2026-09-18 02:57:25,The Quadrant Hotel & Suites Auckland,2026-09-26,Super.com,104,,v3
2026-09-18 02:57:37,Copthorne Hotel Auckland City,2026-09-26,Booking.com,209,,v3
2026-09-18 02:57:37,Copthorne Hotel Auckland City,2026-09-26,Expedia,209,"Superior Room, 1 King Bed",v3
2026-09-18 02:57:37,Copthorne Hotel Auckland City,2026-09-26,Official site,209,,v3
2026-09-18 02:57:37,Copthorne Hotel Auckland City,2026-09-26,Super.com,171,,v3
2026-09-18 02:57:49,Albion Hotel Auckland,2026-09-26,Expedia,154,Standard Double Room,v3
2026-09-18 02:57:49,Albion Hotel Auckland,2026-09-26,Official site,124,,v3
2026-09-18 02:57:49,Albion Hotel Auckland,2026-09-26,Super.com,100,,v3
2026-09-18 02:57:49,Albion Hotel Auckland,2026-09-26,Wotif,100,ibis budget Auckland Central - Double Studio,v3
2026-09-18 02:57:56,Ascotia Off Queen Auckland,2026-09-26,Booking.com,148,Queen Room,v3
2026-09-18 02:57:56,Ascotia Off Queen Auckland,2026-09-26,Expedia,116,,v3
2026-09-18 02:57:56,Ascotia Off Queen Auckland,2026-09-26,Super.com,116,,v3
2026-09-18 02:57:56,Ascotia Off Queen Auckland,2026-09-26,Wotif,116,Open Ascotia Off Queen in a new tab.,v3
2026-09-18 02:58:02,VR Queen Street Auckland,2026-09-27,Booking.com,115,,v3
2026-09-18 02:58:02,VR Queen Street Auckland,2026-09-27,Hotels.com,101,Suite · Suite,v3
2026-09-18 02:58:02,VR Queen Street Auckland,2026-09-27,Official site,119,,v3
2026-09-18 02:58:02,VR Queen Street Auckland,2026-09-27,Super.com,90,,v3
2026-09-18 02:58:02,VR Queen Street Auckland,2026-09-27,Wotif,90,Open VR Queen Street - Hotel & Suites in a new tab.,v3
2026-09-18 02:58:09,VR Auckland City,2026-09-27,Booking.com,140,Studio Apartment,v3
2026-09-18 02:58:09,VR Auckland City,2026-09-27,Super.com,108,,v3
2026-09-18 02:58:09,VR Auckland City,2026-09-27,Wotif,74,Parkside Hotel & Apartments,v3
2026-09-18 02:58:16,Shakespeare Hotel Auckland,2026-09-27,Agoda,83,,v3
2026-09-18 02:58:16,Shakespeare Hotel Auckland,2026-09-27,Booking.com,87,Double Room,v3
2026-09-18 02:58:16,Shakespeare Hotel Auckland,2026-09-27,Official site,110,,v3
2026-09-18 02:58:16,Shakespeare Hotel Auckland,2026-09-27,Super.com,76,,v3
2026-09-18 02:58:16,Shakespeare Hotel Auckland,2026-09-27,Wotif,76,Parkside Hotel & Apartments,v3
2026-09-18 02:58:25,Auckland City Hotel,2026-09-27,Agoda,131,,v3
2026-09-18 02:58:25,Auckland City Hotel,2026-09-27,Booking.com,161,Standard Room with Two Single Beds,v3
2026-09-18 02:58:25,Auckland City Hotel,2026-09-27,Official site,198,,v3
2026-09-18 02:58:25,Auckland City Hotel,2026-09-27,Super.com,90,,v3
2026-09-18 02:58:37,ibis budget Auckland Central,2026-09-27,Booking.com,95,,v3
2026-09-18 02:58:37,ibis budget Auckland Central,2026-09-27,Expedia,95,"Studio, 1 Double Bed",v3
2026-09-18 02:58:37,ibis budget Auckland Central,2026-09-27,Official site,95,,v3
2026-09-18 02:58:37,ibis budget Auckland Central,2026-09-27,Super.com,76,,v3
2026-09-18 02:58:49,The Quadrant Hotel & Suites Auckland,2026-09-27,Booking.com,112,Deluxe Queen Studio,v3
2026-09-18 02:58:49,The Quadrant Hotel & Suites Auckland,2026-09-27,Official site,125,,v3
2026-09-18 02:58:49,The Quadrant Hotel & Suites Auckland,2026-09-27,Trip.com,84,,v3
2026-09-18 02:59:00,Copthorne Hotel Auckland City,2026-09-27,Booking.com,159,Superior King,v3
2026-09-18 02:59:00,Copthorne Hotel Auckland City,2026-09-27,Expedia,159,,v3
2026-09-18 02:59:00,Copthorne Hotel Auckland City,2026-09-27,Official site,131,Parkside Hotel & Apartments,v3
2026-09-18 02:59:00,Copthorne Hotel Auckland City,2026-09-27,Super.com,131,,v3
2026-09-18 02:59:07,Albion Hotel Auckland,2026-09-27,Hotels.com,124,Standard Double Room,v3
2026-09-18 02:59:07,Albion Hotel Auckland,2026-09-27,Official site,76,Parkside Hotel & Apartments,v3
2026-09-18 02:59:07,Albion Hotel Auckland,2026-09-27,Super.com,76,,v3
2026-09-18 02:59:14,Ascotia Off Queen Auckland,2026-09-27,Expedia,100,King Room,v3
2026-09-18 02:59:14,Ascotia Off Queen Auckland,2026-09-27,Super.com,85,,v3
2026-09-18 02:59:14,Ascotia Off Queen Auckland,2026-09-27,Trip.com,91,,v3
2026-09-18 02:59:14,Ascotia Off Queen Auckland,2026-09-27,Wotif,85,Open Ascotia Off Queen in a new tab.,v3
2026-09-18 02:59:20,VR Queen Street Auckland,2026-09-28,Booking.com,110,,v3
2026-09-18 02:59:20,VR Queen Street Auckland,2026-09-28,Official site,119,,v3
2026-09-18 02:59:20,VR Queen Street Auckland,2026-09-28,Super.com,90,,v3
2026-09-18 02:59:20,VR Queen Street Auckland,2026-09-28,Wotif,90,Open VR Queen Street - Hotel & Suites in a new tab.,v3
2026-09-18 02:59:27,VR Auckland City,2026-09-28,Booking.com,108,Studio Apartment,v3
2026-09-18 02:59:27,VR Auckland City,2026-09-28,Super.com,83,,v3
2026-09-18 02:59:34,Shakespeare Hotel Auckland,2026-09-28,Booking.com,86,,v3
2026-09-18 02:59:34,Shakespeare Hotel Auckland,2026-09-28,Hotels.com,84,Double Room,v3
2026-09-18 02:59:34,Shakespeare Hotel Auckland,2026-09-28,Official site,75,Studio Steps from Sky City,v3
2026-09-18 02:59:34,Shakespeare Hotel Auckland,2026-09-28,Super.com,75,,v3
2026-09-18 02:59:40,Auckland City Hotel,2026-09-28,Agoda,128,,v3
2026-09-18 02:59:40,Auckland City Hotel,2026-09-28,Booking.com,147,Standard Queen Room,v3
2026-09-18 02:59:40,Auckland City Hotel,2026-09-28,Official site,198,,v3
2026-09-18 02:59:40,Auckland City Hotel,2026-09-28,Super.com,92,,v3
2026-09-18 02:59:40,Auckland City Hotel,2026-09-28,Wotif,92,Studio Steps from Sky City,v3
2026-09-18 02:59:47,ibis budget Auckland Central,2026-09-28,Booking.com,90,Double Studio,v3
2026-09-18 02:59:47,ibis budget Auckland Central,2026-09-28,Expedia,90,,v3
2026-09-18 02:59:47,ibis budget Auckland Central,2026-09-28,Official site,75,ibis budget Auckland Central - Double Studio,v3
2026-09-18 02:59:47,ibis budget Auckland Central,2026-09-28,Super.com,75,,v3
2026-09-18 02:59:53,The Quadrant Hotel & Suites Auckland,2026-09-28,Booking.com,113,Deluxe Queen Studio,v3
2026-09-18 02:59:53,The Quadrant Hotel & Suites Auckland,2026-09-28,Hotels.com,113,,v3
2026-09-18 02:59:53,The Quadrant Hotel & Suites Auckland,2026-09-28,Official site,84,Open The Quadrant Hotel & Suites in a new tab.,v3
2026-09-18 02:59:53,The Quadrant Hotel & Suites Auckland,2026-09-28,Super.com,84,,v3
2026-09-18 03:00:00,Copthorne Hotel Auckland City,2026-09-28,Booking.com,130,Superior 2 Double,v3
2026-09-18 03:00:00,Copthorne Hotel Auckland City,2026-09-28,Expedia,130,,v3
2026-09-18 03:00:00,Copthorne Hotel Auckland City,2026-09-28,Official site,130,,v3
2026-09-18 03:00:00,Copthorne Hotel Auckland City,2026-09-28,Super.com,107,,v3
2026-09-18 03:00:00,Copthorne Hotel Auckland City,2026-09-28,Wotif,107,Studio Steps from Sky City,v3
2026-09-18 03:00:07,Albion Hotel Auckland,2026-09-28,Expedia,124,Standard Double Room,v3
2026-09-18 03:00:07,Albion Hotel Auckland,2026-09-28,Official site,95,,v3
2026-09-18 03:00:07,Albion Hotel Auckland,2026-09-28,Super.com,76,,v3
2026-09-18 03:00:12,Ascotia Off Queen Auckland,2026-09-28,Booking.com,82,Queen Room,v3
2026-09-18 03:00:12,Ascotia Off Queen Auckland,2026-09-28,Super.com,64,,v3
2026-09-18 03:00:12,Ascotia Off Queen Auckland,2026-09-28,Trip.com,68,,v3
2026-09-18 03:00:12,Ascotia Off Queen Auckland,2026-09-28,Wotif,64,Open Ascotia Off Queen in a new tab.,v3
2026-09-18 03:00:18,VR Queen Street Auckland,2026-09-29,Booking.com,115,One-Bedroom Suite,v3
2026-09-18 03:00:18,VR Queen Street Auckland,2026-09-29,Official site,89,Open VR Queen Street - Hotel & Suites in a new tab.,v3
2026-09-18 03:00:18,VR Queen Street Auckland,2026-09-29,Super.com,89,,v3
2026-09-18 03:00:25,VR Auckland City,2026-09-29,Booking.com,112,Studio Apartment,v3
2026-09-18 03:00:25,VR Auckland City,2026-09-29,Super.com,86,,v3
2026-09-18 03:00:25,VR Auckland City,2026-09-29,Wotif,74,Parkside Hotel & Apartments,v3
2026-09-18 03:00:33,Shakespeare Hotel Auckland,2026-09-29,Agoda,84,,v3
2026-09-18 03:00:33,Shakespeare Hotel Auckland,2026-09-29,Booking.com,86,Double Room,v3
2026-09-18 03:00:33,Shakespeare Hotel Auckland,2026-09-29,Official site,75,Parkside Hotel & Apartments,v3
2026-09-18 03:00:33,Shakespeare Hotel Auckland,2026-09-29,Super.com,75,,v3
2026-09-18 03:00:39,Auckland City Hotel,2026-09-29,Booking.com,150,,v3
2026-09-18 03:00:39,Auckland City Hotel,2026-09-29,Hotels.com,125,"Standard Room, 1 Queen Bed",v3
2026-09-18 03:00:39,Auckland City Hotel,2026-09-29,Official site,92,Parkside Hotel & Apartments,v3
2026-09-18 03:00:39,Auckland City Hotel,2026-09-29,Super.com,92,,v3
2026-09-18 03:00:45,ibis budget Auckland Central,2026-09-29,Booking.com,90,Double Studio,v3
2026-09-18 03:00:45,ibis budget Auckland Central,2026-09-29,Official site,77,Parkside Hotel & Apartments,v3
2026-09-18 03:00:45,ibis budget Auckland Central,2026-09-29,Super.com,77,,v3
2026-09-18 03:00:52,The Quadrant Hotel & Suites Auckland,2026-09-29,Booking.com,107,,v3
2026-09-18 03:00:52,The Quadrant Hotel & Suites Auckland,2026-09-29,Official site,86,Open The Quadrant Hotel & Suites in a new tab.,v3
2026-09-18 03:00:52,The Quadrant Hotel & Suites Auckland,2026-09-29,Super.com,86,,v3
2026-09-18 03:00:58,Copthorne Hotel Auckland City,2026-09-29,Booking.com,139,,v3
2026-09-18 03:00:58,Copthorne Hotel Auckland City,2026-09-29,Expedia,139,Superior Accessible 1 King or 2 Doubles,v3
2026-09-18 03:00:58,Copthorne Hotel Auckland City,2026-09-29,Official site,112,Parkside Hotel & Apartments,v3
2026-09-18 03:00:58,Copthorne Hotel Auckland City,2026-09-29,Super.com,112,,v3
2026-09-18 03:01:05,Albion Hotel Auckland,2026-09-29,Expedia,124,Standard Double Room,v3
2026-09-18 03:01:05,Albion Hotel Auckland,2026-09-29,Official site,76,Parkside Hotel & Apartments,v3
2026-09-18 03:01:05,Albion Hotel Auckland,2026-09-29,Super.com,76,,v3
2026-09-18 03:01:12,Ascotia Off Queen Auckland,2026-09-29,Booking.com,82,Queen Room,v3
2026-09-18 03:01:12,Ascotia Off Queen Auckland,2026-09-29,Expedia,75,,v3
2026-09-18 03:01:12,Ascotia Off Queen Auckland,2026-09-29,Official site,64,Open Ascotia Off Queen in a new tab.,v3
2026-09-18 03:01:12,Ascotia Off Queen Auckland,2026-09-29,Super.com,64,,v3
2026-09-18 03:01:12,Ascotia Off Queen Auckland,2026-09-29,Trip.com,68,,v3
2026-09-18 03:01:18,VR Queen Street Auckland,2026-09-30,Booking.com,122,One-Bedroom Suite,v3
2026-09-18 03:01:18,VR Queen Street Auckland,2026-09-30,Official site,126,,v3
2026-09-18 03:01:18,VR Queen Street Auckland,2026-09-30,Super.com,97,,v3
2026-09-18 03:01:18,VR Queen Street Auckland,2026-09-30,Wotif,97,Open VR Queen Street - Hotel & Suites in a new tab.,v3
2026-09-18 03:01:25,VR Auckland City,2026-09-30,Booking.com,112,Studio Apartment,v3
2026-09-18 03:01:25,VR Auckland City,2026-09-30,Super.com,87,,v3
2026-09-18 03:01:33,Shakespeare Hotel Auckland,2026-09-30,Booking.com,92,,v3
2026-09-18 03:01:33,Shakespeare Hotel Auckland,2026-09-30,Expedia,103,Triple Room,v3
2026-09-18 03:01:33,Shakespeare Hotel Auckland,2026-09-30,Official site,110,,v3
2026-09-18 03:01:33,Shakespeare Hotel Auckland,2026-09-30,Super.com,80,,v3
2026-09-18 03:01:45,Auckland City Hotel,2026-09-30,Agoda,135,,v3
2026-09-18 03:01:45,Auckland City Hotel,2026-09-30,Booking.com,150,Standard Queen Room,v3
2026-09-18 03:01:45,Auckland City Hotel,2026-09-30,Official site,198,,v3
2026-09-18 03:01:45,Auckland City Hotel,2026-09-30,Super.com,92,,v3
2026-09-18 03:01:57,ibis budget Auckland Central,2026-09-30,Booking.com,90,,v3
2026-09-18 03:01:57,ibis budget Auckland Central,2026-09-30,Expedia,90,"Studio, 1 Double Bed",v3
2026-09-18 03:01:57,ibis budget Auckland Central,2026-09-30,Official site,90,,v3
2026-09-18 03:01:57,ibis budget Auckland Central,2026-09-30,Super.com,72,,v3
2026-09-18 03:01:57,ibis budget Auckland Central,2026-09-30,Wotif,72,,v3
2026-09-18 03:02:03,The Quadrant Hotel & Suites Auckland,2026-09-30,Booking.com,107,Deluxe Queen Studio,v3
2026-09-18 03:02:03,The Quadrant Hotel & Suites Auckland,2026-09-30,Expedia,117,,v3
2026-09-18 03:02:03,The Quadrant Hotel & Suites Auckland,2026-09-30,Official site,121,,v3
2026-09-18 03:02:03,The Quadrant Hotel & Suites Auckland,2026-09-30,Super.com,87,,v3
2026-09-18 03:02:03,The Quadrant Hotel & Suites Auckland,2026-09-30,Wotif,87,Open The Quadrant Hotel & Suites in a new tab.,v3
2026-09-18 03:02:10,Copthorne Hotel Auckland City,2026-09-30,Booking.com,139,,v3
2026-09-18 03:02:10,Copthorne Hotel Auckland City,2026-09-30,Expedia,139,"Superior Room, 1 King Bed",v3
2026-09-18 03:02:10,Copthorne Hotel Auckland City,2026-09-30,Official site,111,,v3
2026-09-18 03:02:10,Copthorne Hotel Auckland City,2026-09-30,Super.com,111,,v3
2026-09-18 03:02:16,Albion Hotel Auckland,2026-09-30,Expedia,124,Standard Double Room,v3
2026-09-18 03:02:16,Albion Hotel Auckland,2026-09-30,Official site,77,,v3
2026-09-18 03:02:16,Albion Hotel Auckland,2026-09-30,Super.com,77,,v3
2026-09-18 03:02:23,Ascotia Off Queen Auckland,2026-09-30,Booking.com,82,,v3
2026-09-18 03:02:23,Ascotia Off Queen Auckland,2026-09-30,Expedia,76,Queen Room,v3
2026-09-18 03:02:23,Ascotia Off Queen Auckland,2026-09-30,Super.com,65,,v3
2026-09-18 03:02:23,Ascotia Off Queen Auckland,2026-09-30,Trip.com,68,,v3
2026-09-18 03:02:29,VR Queen Street Auckland,2026-10-01,Booking.com,95,Open VR Queen Street - Hotel & Suites in a new tab.,v3
2026-09-18 03:02:29,VR Queen Street Auckland,2026-10-01,Hotels.com,108,Standard King Room,v3
2026-09-18 03:02:29,VR Queen Street Auckland,2026-10-01,Official site,125,,v3
2026-09-18 03:02:29,VR Queen Street Auckland,2026-10-01,Super.com,95,,v3
2026-09-18 03:02:35,VR Auckland City,2026-10-01,Booking.com,113,Studio Studio Apartment,v3
2026-09-18 03:02:35,VR Auckland City,2026-10-01,Super.com,90,,v3
2026-09-18 03:02:42,Shakespeare Hotel Auckland,2026-10-01,Booking.com,109,,v3
2026-09-18 03:02:42,Shakespeare Hotel Auckland,2026-10-01,Hotels.com,97,Double Room,v3
2026-09-18 03:02:42,Shakespeare Hotel Auckland,2026-10-01,Official site,130,,v3
2026-09-18 03:02:42,Shakespeare Hotel Auckland,2026-10-01,Super.com,87,,v3
2026-09-18 03:02:42,Shakespeare Hotel Auckland,2026-10-01,Wotif,87,Ramada Suites By Wyndham Victoria Street West,v3
2026-09-18 03:02:49,Auckland City Hotel,2026-10-01,Booking.com,95,Ramada Suites By Wyndham Victoria Street West,v3
2026-09-18 03:02:49,Auckland City Hotel,2026-10-01,Expedia,148,,v3
2026-09-18 03:02:49,Auckland City Hotel,2026-10-01,Official site,208,,v3
2026-09-18 03:02:49,Auckland City Hotel,2026-10-01,Super.com,95,,v3
2026-09-18 03:02:56,ibis budget Auckland Central,2026-10-01,Booking.com,108,Double Studio,v3
2026-09-18 03:02:56,ibis budget Auckland Central,2026-10-01,Official site,108,,v3
2026-09-18 03:02:56,ibis budget Auckland Central,2026-10-01,Super.com,94,,v3
2026-09-18 03:02:56,ibis budget Auckland Central,2026-10-01,Wotif,94,Ramada Suites By Wyndham Victoria Street West,v3
2026-09-18 03:03:02,The Quadrant Hotel & Suites Auckland,2026-10-01,Agoda,144,,v3
2026-09-18 03:03:02,The Quadrant Hotel & Suites Auckland,2026-10-01,Booking.com,109,Open The Quadrant Hotel & Suites in a new tab.,v3
2026-09-18 03:03:02,The Quadrant Hotel & Suites Auckland,2026-10-01,Official site,149,,v3
2026-09-18 03:03:02,The Quadrant Hotel & Suites Auckland,2026-10-01,Super.com,109,,v3
2026-09-18 03:03:09,Copthorne Hotel Auckland City,2026-10-01,Booking.com,136,Superior King,v3
2026-09-18 03:03:09,Copthorne Hotel Auckland City,2026-10-01,Official site,135,,v3
2026-09-18 03:03:09,Copthorne Hotel Auckland City,2026-10-01,Super.com,110,,v3
2026-09-18 03:03:09,Copthorne Hotel Auckland City,2026-10-01,Wotif,110,Ramada Suites By Wyndham Victoria Street West,v3
2026-09-18 03:03:16,Albion Hotel Auckland,2026-10-01,Bluepillow,98,,v3
2026-09-18 03:03:16,Albion Hotel Auckland,2026-10-01,Booking.com,98,Ramada Suites By Wyndham Victoria Street West,v3
2026-09-18 03:03:16,Albion Hotel Auckland,2026-10-01,Hotels.com,154,Standard Double Room,v3
2026-09-18 03:03:16,Albion Hotel Auckland,2026-10-01,Official site,119,,v3
2026-09-18 03:03:23,Ascotia Off Queen Auckland,2026-10-01,Booking.com,109,,v3
2026-09-18 03:03:23,Ascotia Off Queen Auckland,2026-10-01,Expedia,100,Queen Room,v3
2026-09-18 03:03:23,Ascotia Off Queen Auckland,2026-10-01,Official site,109,,v3
2026-09-18 03:03:23,Ascotia Off Queen Auckland,2026-10-01,Super.com,87,,v3
2026-09-18 03:03:27,VR Queen Street Auckland,2026-10-02,Booking.com,140,Standard King Room,v3
2026-09-18 03:03:27,VR Queen Street Auckland,2026-10-02,Hotels.com,140,,v3
2026-09-18 03:03:27,VR Queen Street Auckland,2026-10-02,Official site,110,Open VR Queen Street - Hotel & Suites in a new tab.,v3
2026-09-18 03:03:27,VR Queen Street Auckland,2026-10-02,Super.com,110,,v3
2026-09-18 03:03:34,VR Auckland City,2026-10-02,Booking.com,145,Studio Apartment,v3
2026-09-18 03:03:34,VR Auckland City,2026-10-02,Super.com,114,,v3
2026-09-18 03:03:41,Shakespeare Hotel Auckland,2026-10-02,Booking.com,109,,v3
2026-09-18 03:03:41,Shakespeare Hotel Auckland,2026-10-02,Hotels.com,104,Double Room,v3
2026-09-18 03:03:41,Shakespeare Hotel Auckland,2026-10-02,Official site,93,ibis budget Auckland Central - Double Studio,v3
2026-09-18 03:03:41,Shakespeare Hotel Auckland,2026-10-02,Super.com,93,,v3
2026-09-18 03:03:47,Auckland City Hotel,2026-10-02,Booking.com,155,Standard Queen Room,v3
2026-09-18 03:03:47,Auckland City Hotel,2026-10-02,Expedia,152,,v3
2026-09-18 03:03:47,Auckland City Hotel,2026-10-02,Official site,96,ibis budget Auckland Central - Double Studio,v3
2026-09-18 03:03:47,Auckland City Hotel,2026-10-02,Super.com,96,,v3
2026-09-18 03:03:54,ibis budget Auckland Central,2026-10-02,Booking.com,113,Double Studio,v3
2026-09-18 03:03:54,ibis budget Auckland Central,2026-10-02,Official site,113,,v3
2026-09-18 03:03:54,ibis budget Auckland Central,2026-10-02,Super.com,93,,v3
2026-09-18 03:03:59,The Quadrant Hotel & Suites Auckland,2026-10-02,Agoda,145,,v3
2026-09-18 03:03:59,The Quadrant Hotel & Suites Auckland,2026-10-02,Booking.com,133,Deluxe Queen Studio,v3
2026-09-18 03:03:59,The Quadrant Hotel & Suites Auckland,2026-10-02,Official site,149,,v3
2026-09-18 03:03:59,The Quadrant Hotel & Suites Auckland,2026-10-02,Super.com,111,,v3
2026-09-18 03:03:59,The Quadrant Hotel & Suites Auckland,2026-10-02,Wotif,111,Open The Quadrant Hotel & Suites in a new tab.,v3
2026-09-18 03:04:05,Copthorne Hotel Auckland City,2026-10-02,Booking.com,172,,v3
2026-09-18 03:04:05,Copthorne Hotel Auckland City,2026-10-02,Expedia,172,"Superior Room, 1 King Bed",v3
2026-09-18 03:04:05,Copthorne Hotel Auckland City,2026-10-02,Official site,141,ibis budget Auckland Central - Double Studio,v3
2026-09-18 03:04:05,Copthorne Hotel Auckland City,2026-10-02,Super.com,141,,v3
2026-09-18 03:04:11,Albion Hotel Auckland,2026-10-02,Expedia,168,Basic Triple Room,v3
2026-09-18 03:04:11,Albion Hotel Auckland,2026-10-02,Official site,142,,v3
2026-09-18 03:04:11,Albion Hotel Auckland,2026-10-02,Super.com,115,,v3
2026-09-18 03:04:11,Albion Hotel Auckland,2026-10-02,Wotif,115,ibis budget Auckland Central - Double Studio,v3
2026-09-18 03:04:18,Ascotia Off Queen Auckland,2026-10-02,Booking.com,119,,v3
2026-09-18 03:04:18,Ascotia Off Queen Auckland,2026-10-02,Official site,93,Open Ascotia Off Queen in a new tab.,v3
2026-09-18 03:04:18,Ascotia Off Queen Auckland,2026-10-02,Super.com,93,,v3
2026-09-18 03:04:24,VR Queen Street Auckland,2026-10-03,Booking.com,153,,v3
2026-09-18 03:04:24,VR Queen Street Auckland,2026-10-03,Hotels.com,136,Standard King Room,v3
2026-09-18 03:04:24,VR Queen Street Auckland,2026-10-03,Official site,158,,v3
2026-09-18 03:04:24,VR Queen Street Auckland,2026-10-03,Super.com,121,,v3
2026-09-18 03:04:24,VR Queen Street Auckland,2026-10-03,Wotif,121,Open VR Queen Street - Hotel & Suites in a new tab.,v3
2026-09-18 03:04:31,VR Auckland City,2026-10-03,Booking.com,158,Studio Apartment,v3
2026-09-18 03:04:31,VR Auckland City,2026-10-03,Super.com,123,,v3
2026-09-18 03:04:38,Shakespeare Hotel Auckland,2026-10-03,Booking.com,109,,v3
2026-09-18 03:04:38,Shakespeare Hotel Auckland,2026-10-03,Hotels.com,100,Double Room,v3
2026-09-18 03:04:38,Shakespeare Hotel Auckland,2026-10-03,Official site,130,,v3
2026-09-18 03:04:38,Shakespeare Hotel Auckland,2026-10-03,Super.com,90,,v3
2026-09-18 03:04:38,Shakespeare Hotel Auckland,2026-10-03,Wotif,90,Penthouse,v3
2026-09-18 03:04:45,Auckland City Hotel,2026-10-03,Agoda,160,,v3
2026-09-18 03:04:45,Auckland City Hotel,2026-10-03,Booking.com,177,Standard Queen Room,v3
2026-09-18 03:04:45,Auckland City Hotel,2026-10-03,Official site,107,Penthouse,v3
2026-09-18 03:04:45,Auckland City Hotel,2026-10-03,Super.com,107,,v3
2026-09-18 03:04:51,ibis budget Auckland Central,2026-10-03,Booking.com,122,Double Studio,v3
2026-09-18 03:04:51,ibis budget Auckland Central,2026-10-03,Official site,122,,v3
2026-09-18 03:04:51,ibis budget Auckland Central,2026-10-03,Super.com,100,,v3
2026-09-18 03:04:51,ibis budget Auckland Central,2026-10-03,Wotif,100,Penthouse,v3
2026-09-18 03:04:58,The Quadrant Hotel & Suites Auckland,2026-10-03,Booking.com,152,Classic One Bedroom Apartment,v3
2026-09-18 03:04:58,The Quadrant Hotel & Suites Auckland,2026-10-03,Official site,127,Open The Quadrant Hotel & Suites in a new tab.,v3
2026-09-18 03:04:58,The Quadrant Hotel & Suites Auckland,2026-10-03,Super.com,127,,v3
2026-09-18 03:05:05,Copthorne Hotel Auckland City,2026-10-03,Booking.com,190,Superior Accessible 1 King or 2 Singles,v3
2026-09-18 03:05:05,Copthorne Hotel Auckland City,2026-10-03,Official site,189,,v3
2026-09-18 03:05:05,Copthorne Hotel Auckland City,2026-10-03,Super.com,154,,v3
2026-09-18 03:05:05,Copthorne Hotel Auckland City,2026-10-03,Wotif,154,Penthouse,v3
2026-09-18 03:05:12,Albion Hotel Auckland,2026-10-03,Hotels.com,168,Basic Triple Room,v3
2026-09-18 03:05:12,Albion Hotel Auckland,2026-10-03,Official site,114,Penthouse,v3
2026-09-18 03:05:12,Albion Hotel Auckland,2026-10-03,Super.com,114,,v3
2026-09-18 03:05:19,Ascotia Off Queen Auckland,2026-10-03,Booking.com,119,Queen Room,v3
2026-09-18 03:05:19,Ascotia Off Queen Auckland,2026-10-03,Official site,94,Open Ascotia Off Queen in a new tab.,v3
2026-09-18 03:05:19,Ascotia Off Queen Auckland,2026-10-03,Super.com,94,,v3
2026-09-18 03:05:25,VR Queen Street Auckland,2026-10-04,Booking.com,113,,v3
2026-09-18 03:05:25,VR Queen Street Auckland,2026-10-04,Hotels.com,102,Standard King Room,v3
2026-09-18 03:05:25,VR Queen Street Auckland,2026-10-04,Official site,117,,v3
2026-09-18 03:05:25,VR Queen Street Auckland,2026-10-04,Super.com,90,,v3
2026-09-18 03:05:25,VR Queen Street Auckland,2026-10-04,Wotif,90,Open VR Queen Street - Hotel & Suites in a new tab.,v3
2026-09-18 03:05:32,VR Auckland City,2026-10-04,Booking.com,139,Studio Apartment,v3
2026-09-18 03:05:32,VR Auckland City,2026-10-04,Super.com,108,,v3
2026-09-18 03:05:32,VR Auckland City,2026-10-04,Wotif,84,VR Queen Street - Hotel & Suites,v3
2026-09-18 03:05:39,Shakespeare Hotel Auckland,2026-10-04,Booking.com,109,,v3
2026-09-18 03:05:39,Shakespeare Hotel Auckland,2026-10-04,Hotels.com,103,Double Room,v3
2026-09-18 03:05:39,Shakespeare Hotel Auckland,2026-10-04,Official site,130,,v3
2026-09-18 03:05:39,Shakespeare Hotel Auckland,2026-10-04,Super.com,92,,v3
2026-09-18 03:05:39,Shakespeare Hotel Auckland,2026-10-04,Wotif,92,VR Queen Street - Hotel & Suites,v3
2026-09-18 03:05:45,Auckland City Hotel,2026-10-04,Agoda,162,,v3
2026-09-18 03:05:45,Auckland City Hotel,2026-10-04,Booking.com,166,Standard Queen Room,v3
2026-09-18 03:05:45,Auckland City Hotel,2026-10-04,Official site,223,,v3
2026-09-18 03:05:45,Auckland City Hotel,2026-10-04,Super.com,103,,v3
2026-09-18 03:05:45,Auckland City Hotel,2026-10-04,Wotif,103,VR Queen Street - Hotel & Suites,v3
2026-09-18 03:05:52,ibis budget Auckland Central,2026-10-04,Expedia,104,"Studio, 1 Double Bed",v3
2026-09-18 03:05:52,ibis budget Auckland Central,2026-10-04,Official site,104,,v3
2026-09-18 03:05:52,ibis budget Auckland Central,2026-10-04,Super.com,86,,v3
2026-09-18 03:05:56,The Quadrant Hotel & Suites Auckland,2026-10-04,Booking.com,95,Open The Quadrant Hotel & Suites in a new tab.,v3
2026-09-18 03:05:56,The Quadrant Hotel & Suites Auckland,2026-10-04,Hotels.com,117,Classic One-Bedroom Apartment,v3
2026-09-18 03:05:56,The Quadrant Hotel & Suites Auckland,2026-10-04,Official site,134,,v3
2026-09-18 03:05:56,The Quadrant Hotel & Suites Auckland,2026-10-04,Super.com,95,,v3
2026-09-18 03:06:03,Copthorne Hotel Auckland City,2026-10-04,Booking.com,112,VR Queen Street - Hotel & Suites,v3
2026-09-18 03:06:03,Copthorne Hotel Auckland City,2026-10-04,Expedia,136,Superior Accessible 1 King or 2 Doubles,v3
2026-09-18 03:06:03,Copthorne Hotel Auckland City,2026-10-04,Official site,135,,v3
2026-09-18 03:06:03,Copthorne Hotel Auckland City,2026-10-04,Super.com,112,,v3
2026-09-18 03:06:11,Albion Hotel Auckland,2026-10-04,Hotels.com,124,Standard Double Room,v3
2026-09-18 03:06:11,Albion Hotel Auckland,2026-10-04,Official site,77,VR Queen Street - Hotel & Suites,v3
2026-09-18 03:06:11,Albion Hotel Auckland,2026-10-04,Super.com,77,,v3
2026-09-18 03:06:17,Ascotia Off Queen Auckland,2026-10-04,Booking.com,95,,v3
2026-09-18 03:06:17,Ascotia Off Queen Auckland,2026-10-04,Super.com,80,,v3
2026-09-18 03:06:17,Ascotia Off Queen Auckland,2026-10-04,Wotif,80,Open Ascotia Off Queen in a new tab.,v3
2026-09-18 03:06:24,VR Queen Street Auckland,2026-10-05,Booking.com,113,Standard King Room,v3
2026-09-18 03:06:24,VR Queen Street Auckland,2026-10-05,Hotels.com,100,,v3
2026-09-18 03:06:24,VR Queen Street Auckland,2026-10-05,Official site,117,,v3
2026-09-18 03:06:24,VR Queen Street Auckland,2026-10-05,Super.com,90,,v3
2026-09-18 03:06:24,VR Queen Street Auckland,2026-10-05,Wotif,90,Open VR Queen Street - Hotel & Suites in a new tab.,v3
2026-09-18 03:06:31,VR Auckland City,2026-10-05,Booking.com,139,Studio Apartment,v3
2026-09-18 03:06:31,VR Auckland City,2026-10-05,Super.com,109,,v3
2026-09-18 03:06:37,Shakespeare Hotel Auckland,2026-10-05,Booking.com,109,,v3
2026-09-18 03:06:37,Shakespeare Hotel Auckland,2026-10-05,Hotels.com,106,,v3
2026-09-18 03:06:37,Shakespeare Hotel Auckland,2026-10-05,Official site,130,,v3
2026-09-18 03:06:37,Shakespeare Hotel Auckland,2026-10-05,Super.com,93,,v3
2026-09-18 03:06:37,Shakespeare Hotel Auckland,2026-10-05,Wotif,93,,v3
2026-09-18 03:06:43,Auckland City Hotel,2026-10-05,Booking.com,194,Standard Room with Two Single Beds,v3
2026-09-18 03:06:43,Auckland City Hotel,2026-10-05,Expedia,134,,v3
2026-09-18 03:06:43,Auckland City Hotel,2026-10-05,Official site,213,,v3
2026-09-18 03:06:43,Auckland City Hotel,2026-10-05,Super.com,96,,v3
2026-09-18 03:06:43,Auckland City Hotel,2026-10-05,Wotif,96,,v3
2026-09-18 03:06:50,ibis budget Auckland Central,2026-10-05,Booking.com,95,Double Studio,v3
2026-09-18 03:06:50,ibis budget Auckland Central,2026-10-05,Official site,76,,v3
2026-09-18 03:06:50,ibis budget Auckland Central,2026-10-05,Super.com,76,,v3
2026-09-18 03:06:57,The Quadrant Hotel & Suites Auckland,2026-10-05,Agoda,112,,v3
2026-09-18 03:06:57,The Quadrant Hotel & Suites Auckland,2026-10-05,Booking.com,106,Classic One-Bedroom Apartment,v3
2026-09-18 03:06:57,The Quadrant Hotel & Suites Auckland,2026-10-05,Official site,92,Open The Quadrant Hotel & Suites in a new tab.,v3
2026-09-18 03:06:57,The Quadrant Hotel & Suites Auckland,2026-10-05,Super.com,92,,v3
2026-09-18 03:07:03,Copthorne Hotel Auckland City,2026-10-05,Booking.com,136,Superior King,v3
2026-09-18 03:07:03,Copthorne Hotel Auckland City,2026-10-05,Expedia,136,,v3
2026-09-18 03:07:03,Copthorne Hotel Auckland City,2026-10-05,Official site,135,,v3
2026-09-18 03:07:03,Copthorne Hotel Auckland City,2026-10-05,Super.com,110,,v3
2026-09-18 03:07:03,Copthorne Hotel Auckland City,2026-10-05,Wotif,110,,v3
2026-09-18 03:07:10,Albion Hotel Auckland,2026-10-05,Hotels.com,124,Standard Double Room,v3
2026-09-18 03:07:10,Albion Hotel Auckland,2026-10-05,Official site,76,,v3
2026-09-18 03:07:10,Albion Hotel Auckland,2026-10-05,Super.com,76,,v3
2026-09-18 03:07:17,Ascotia Off Queen Auckland,2026-10-05,Booking.com,99,Queen Room,v3
2026-09-18 03:07:17,Ascotia Off Queen Auckland,2026-10-05,Super.com,79,,v3
2026-09-18 03:07:17,Ascotia Off Queen Auckland,2026-10-05,Wotif,79,Open Ascotia Off Queen in a new tab.,v3
2026-09-18 03:07:23,VR Queen Street Auckland,2026-10-06,Booking.com,113,,v3
2026-09-18 03:07:23,VR Queen Street Auckland,2026-10-06,Hotels.com,102,Standard King Room,v3
2026-09-18 03:07:23,VR Queen Street Auckland,2026-10-06,Official site,117,,v3
2026-09-18 03:07:23,VR Queen Street Auckland,2026-10-06,Super.com,89,,v3
2026-09-18 03:07:23,VR Queen Street Auckland,2026-10-06,Wotif,89,Open VR Queen Street - Hotel & Suites in a new tab.,v3
2026-09-18 03:07:30,VR Auckland City,2026-10-06,Booking.com,139,Studio Apartment,v3
2026-09-18 03:07:30,VR Auckland City,2026-10-06,Super.com,107,,v3
2026-09-18 03:07:37,Shakespeare Hotel Auckland,2026-10-06,Booking.com,109,Double Room,v3
2026-09-18 03:07:37,Shakespeare Hotel Auckland,2026-10-06,Hotels.com,130,,v3
2026-09-18 03:07:37,Shakespeare Hotel Auckland,2026-10-06,Official site,91,,v3
2026-09-18 03:07:37,Shakespeare Hotel Auckland,2026-10-06,Super.com,91,,v3
2026-09-18 03:07:43,Auckland City Hotel,2026-10-06,Agoda,190,,v3
2026-09-18 03:07:43,Auckland City Hotel,2026-10-06,Booking.com,212,Standard Queen Room,v3
2026-09-18 03:07:43,Auckland City Hotel,2026-10-06,Official site,233,,v3
2026-09-18 03:07:43,Auckland City Hotel,2026-10-06,Super.com,107,,v3
2026-09-18 03:07:43,Auckland City Hotel,2026-10-06,Wotif,107,,v3
2026-09-18 03:07:50,ibis budget Auckland Central,2026-10-06,Booking.com,95,Double Studio,v3
2026-09-18 03:07:50,ibis budget Auckland Central,2026-10-06,Expedia,95,,v3
2026-09-18 03:07:50,ibis budget Auckland Central,2026-10-06,Official site,95,,v3
2026-09-18 03:07:50,ibis budget Auckland Central,2026-10-06,Super.com,79,,v3
2026-09-18 03:07:50,ibis budget Auckland Central,2026-10-06,Wotif,79,,v3
2026-09-18 03:07:57,The Quadrant Hotel & Suites Auckland,2026-10-06,Agoda,117,,v3
2026-09-18 03:07:57,The Quadrant Hotel & Suites Auckland,2026-10-06,Booking.com,110,Classic One-Bedroom Apartment,v3
2026-09-18 03:07:57,The Quadrant Hotel & Suites Auckland,2026-10-06,Official site,96,Open The Quadrant Hotel & Suites in a new tab.,v3
2026-09-18 03:07:57,The Quadrant Hotel & Suites Auckland,2026-10-06,Super.com,96,,v3
2026-09-18 03:08:04,Copthorne Hotel Auckland City,2026-10-06,Booking.com,136,Superior King,v3
2026-09-18 03:08:04,Copthorne Hotel Auckland City,2026-10-06,Expedia,136,,v3
2026-09-18 03:08:04,Copthorne Hotel Auckland City,2026-10-06,Official site,135,,v3
2026-09-18 03:08:04,Copthorne Hotel Auckland City,2026-10-06,Super.com,111,,v3
2026-09-18 03:08:04,Copthorne Hotel Auckland City,2026-10-06,Wotif,111,,v3
2026-09-18 03:08:11,Albion Hotel Auckland,2026-10-06,Expedia,124,Standard Double Room,v3
2026-09-18 03:08:11,Albion Hotel Auckland,2026-10-06,Official site,95,,v3
2026-09-18 03:08:11,Albion Hotel Auckland,2026-10-06,Super.com,76,,v3
2026-09-18 03:08:11,Albion Hotel Auckland,2026-10-06,Wotif,76,,v3
2026-09-18 03:08:18,Ascotia Off Queen Auckland,2026-10-06,Booking.com,99,Queen Room,v3
2026-09-18 03:08:18,Ascotia Off Queen Auckland,2026-10-06,Official site,99,,v3
2026-09-18 03:08:18,Ascotia Off Queen Auckland,2026-10-06,Super.com,79,,v3
2026-09-18 03:08:18,Ascotia Off Queen Auckland,2026-10-06,Wotif,79,Open Ascotia Off Queen in a new tab.,v3
2026-09-18 03:08:24,VR Queen Street Auckland,2026-10-07,Booking.com,108,,v3
2026-09-18 03:08:24,VR Queen Street Auckland,2026-10-07,Hotels.com,96,Standard King Room,v3
2026-09-18 03:08:24,VR Queen Street Auckland,2026-10-07,Official site,85,Open VR Queen Street - Hotel & Suites in a new tab.,v3
2026-09-18 03:08:24,VR Queen Street Auckland,2026-10-07,Super.com,85,,v3
2026-09-18 03:08:31,VR Auckland City,2026-10-07,Booking.com,139,Studio Apartment,v3
2026-09-18 03:08:31,VR Auckland City,2026-10-07,Super.com,107,,v3
2026-09-18 03:08:31,VR Auckland City,2026-10-07,Wotif,84,ibis budget Auckland Central - Double Studio,v3
2026-09-18 03:08:38,Shakespeare Hotel Auckland,2026-10-07,Booking.com,109,,v3
2026-09-18 03:08:38,Shakespeare Hotel Auckland,2026-10-07,Hotels.com,102,Double Room,v3
2026-09-18 03:08:38,Shakespeare Hotel Auckland,2026-10-07,Official site,130,,v3
2026-09-18 03:08:38,Shakespeare Hotel Auckland,2026-10-07,Super.com,95,,v3
2026-09-18 03:08:38,Shakespeare Hotel Auckland,2026-10-07,Wotif,95,ibis budget Auckland Central - Double Studio,v3
2026-09-18 03:08:44,Auckland City Hotel,2026-10-07,Booking.com,212,,v3
2026-09-18 03:08:44,Auckland City Hotel,2026-10-07,Hotels.com,165,"Studio, Kitchenette",v3
2026-09-18 03:08:44,Auckland City Hotel,2026-10-07,Official site,233,,v3
2026-09-18 03:08:44,Auckland City Hotel,2026-10-07,Super.com,107,,v3
2026-09-18 03:08:44,Auckland City Hotel,2026-10-07,Wotif,107,ibis budget Auckland Central - Double Studio,v3
2026-09-18 03:08:51,ibis budget Auckland Central,2026-10-07,Booking.com,95,,v3
2026-09-18 03:08:51,ibis budget Auckland Central,2026-10-07,Expedia,95,"Studio, 1 Double Bed",v3
2026-09-18 03:08:51,ibis budget Auckland Central,2026-10-07,Official site,74,,v3
2026-09-18 03:08:51,ibis budget Auckland Central,2026-10-07,Wotif,74,ibis budget Auckland Central - Double Studio,v3
2026-09-18 03:08:58,The Quadrant Hotel & Suites Auckland,2026-10-07,Booking.com,112,Classic One-Bedroom Apartment,v3
2026-09-18 03:08:58,The Quadrant Hotel & Suites Auckland,2026-10-07,Official site,128,,v3
2026-09-18 03:08:58,The Quadrant Hotel & Suites Auckland,2026-10-07,Super.com,94,,v3
2026-09-18 03:08:58,The Quadrant Hotel & Suites Auckland,2026-10-07,Wotif,94,Open The Quadrant Hotel & Suites in a new tab.,v3
2026-09-18 03:09:04,Copthorne Hotel Auckland City,2026-10-07,Booking.com,137,Superior Accessible 1 King or 2 Singles,v3
2026-09-18 03:09:04,Copthorne Hotel Auckland City,2026-10-07,Official site,111,ibis budget Auckland Central - Double Studio,v3
2026-09-18 03:09:04,Copthorne Hotel Auckland City,2026-10-07,Super.com,111,,v3
2026-09-18 03:09:10,Albion Hotel Auckland,2026-10-07,Hotels.com,124,Standard Double Room,v3
2026-09-18 03:09:10,Albion Hotel Auckland,2026-10-07,Official site,95,,v3
2026-09-18 03:09:10,Albion Hotel Auckland,2026-10-07,Super.com,76,,v3
2026-09-18 03:09:10,Albion Hotel Auckland,2026-10-07,Wotif,76,ibis budget Auckland Central - Double Studio,v3
2026-09-18 03:09:17,Ascotia Off Queen Auckland,2026-10-07,Booking.com,119,King Room,v3
2026-09-18 03:09:17,Ascotia Off Queen Auckland,2026-10-07,Official site,119,,v3
2026-09-18 03:09:17,Ascotia Off Queen Auckland,2026-10-07,Super.com,95,,v3
2026-09-18 03:09:17,Ascotia Off Queen Auckland,2026-10-07,Wotif,95,Open Ascotia Off Queen in a new tab.,v3
2026-09-18 03:09:24,VR Queen Street Auckland,2026-10-08,Booking.com,144,,v3
2026-09-18 03:09:24,VR Queen Street Auckland,2026-10-08,Hotels.com,129,Standard King Room,v3
2026-09-18 03:09:24,VR Queen Street Auckland,2026-10-08,Official site,149,,v3
2026-09-18 03:09:24,VR Queen Street Auckland,2026-10-08,Super.com,114,,v3
2026-09-18 03:09:24,VR Queen Street Auckland,2026-10-08,Wotif,114,Open VR Queen Street - Hotel & Suites in a new tab.,v3
2026-09-18 03:09:31,VR Auckland City,2026-10-08,Booking.com,187,Executive One-Bedroom Apartment,v3
2026-09-18 03:09:31,VR Auckland City,2026-10-08,Super.com,142,,v3
2026-09-18 03:09:31,VR Auckland City,2026-10-08,Wotif,84,Parkside Hotel & Apartments Auckland,v3
2026-09-18 03:09:37,Shakespeare Hotel Auckland,2026-10-08,Booking.com,109,Standard Queen Room,v3
2026-09-18 03:09:37,Shakespeare Hotel Auckland,2026-10-08,Hotels.com,98,,v3
2026-09-18 03:09:37,Shakespeare Hotel Auckland,2026-10-08,Official site,130,,v3
2026-09-18 03:09:37,Shakespeare Hotel Auckland,2026-10-08,Super.com,88,,v3
2026-09-18 03:09:37,Shakespeare Hotel Auckland,2026-10-08,Wotif,88,Parkside Hotel & Apartments Auckland,v3
2026-09-18 03:09:43,Auckland City Hotel,2026-10-08,Booking.com,212,Standard Room with Two Single Beds,v3
2026-09-18 03:09:43,Auckland City Hotel,2026-10-08,Expedia,146,,v3
2026-09-18 03:09:43,Auckland City Hotel,2026-10-08,Official site,233,,v3
2026-09-18 03:09:43,Auckland City Hotel,2026-10-08,Super.com,108,,v3
2026-09-18 03:09:43,Auckland City Hotel,2026-10-08,Wotif,108,Parkside Hotel & Apartments Auckland,v3
2026-09-18 03:09:50,ibis budget Auckland Central,2026-10-08,Booking.com,117,Double Studio,v3
2026-09-18 03:09:50,ibis budget Auckland Central,2026-10-08,Official site,117,,v3
2026-09-18 03:09:50,ibis budget Auckland Central,2026-10-08,Super.com,97,,v3
2026-09-18 03:09:55,The Quadrant Hotel & Suites Auckland,2026-10-08,Booking.com,121,,v3
2026-09-18 03:09:55,The Quadrant Hotel & Suites Auckland,2026-10-08,Hotels.com,121,Classic One-Bedroom Apartment,v3
2026-09-18 03:09:55,The Quadrant Hotel & Suites Auckland,2026-10-08,Official site,138,,v3
2026-09-18 03:09:55,The Quadrant Hotel & Suites Auckland,2026-10-08,Super.com,97,,v3
2026-09-18 03:09:55,The Quadrant Hotel & Suites Auckland,2026-10-08,Wotif,97,Open The Quadrant Hotel & Suites in a new tab.,v3
2026-09-18 03:10:02,Copthorne Hotel Auckland City,2026-10-08,Booking.com,145,Superior 2 Double,v3
2026-09-18 03:10:02,Copthorne Hotel Auckland City,2026-10-08,Official site,153,,v3
2026-09-18 03:10:02,Copthorne Hotel Auckland City,2026-10-08,Super.com,117,,v3
2026-09-18 03:10:02,Copthorne Hotel Auckland City,2026-10-08,Wotif,117,Parkside Hotel & Apartments Auckland,v3
2026-09-18 03:10:08,Albion Hotel Auckland,2026-10-08,Hotels.com,154,Standard Double Room,v3
2026-09-18 03:10:08,Albion Hotel Auckland,2026-10-08,Official site,93,Parkside Hotel & Apartments Auckland,v3
2026-09-18 03:10:08,Albion Hotel Auckland,2026-10-08,Super.com,93,,v3
2026-09-18 03:10:15,Ascotia Off Queen Auckland,2026-10-08,Booking.com,113,King Room,v3
2026-09-18 03:10:15,Ascotia Off Queen Auckland,2026-10-08,Super.com,96,,v3
2026-09-18 03:10:15,Ascotia Off Queen Auckland,2026-10-08,Wotif,96,Open Ascotia Off Queen in a new tab.,v3
2026-09-18 03:10:22,VR Queen Street Auckland,2026-10-09,Booking.com,284,Standard King Room,v3
2026-09-18 03:10:22,VR Queen Street Auckland,2026-10-09,Official site,292,,v3
2026-09-18 03:10:22,VR Queen Street Auckland,2026-10-09,Super.com,224,,v3
2026-09-18 03:10:28,VR Auckland City,2026-10-09,Hotels.com,330,One-Bedroom Apartment,v3
2026-09-18 03:10:28,VR Auckland City,2026-10-09,Super.com,252,,v3
2026-09-18 03:10:37,Auckland City Hotel,2026-10-09,Agoda,253,,v3
2026-09-18 03:10:37,Auckland City Hotel,2026-10-09,Booking.com,263,Standard Queen Room,v3
2026-09-18 03:10:37,Auckland City Hotel,2026-10-09,Official site,348,,v3
2026-09-18 03:10:37,Auckland City Hotel,2026-10-09,Super.com,159,,v3
2026-09-18 03:10:37,Auckland City Hotel,2026-10-09,Wotif,159,Penthouse - One-Bedroom Apartment,v3
2026-09-18 03:10:44,ibis budget Auckland Central,2026-10-09,Booking.com,221,Double Studio,v3
2026-09-18 03:10:44,ibis budget Auckland Central,2026-10-09,Official site,182,Penthouse - One-Bedroom Apartment,v3
2026-09-18 03:10:44,ibis budget Auckland Central,2026-10-09,Super.com,182,,v3
2026-09-18 03:10:50,The Quadrant Hotel & Suites Auckland,2026-10-09,Booking.com,259,,v3
2026-09-18 03:10:50,The Quadrant Hotel & Suites Auckland,2026-10-09,Hotels.com,283,Classic One-Bedroom Apartment,v3
2026-09-18 03:10:50,The Quadrant Hotel & Suites Auckland,2026-10-09,Official site,214,Open The Quadrant Hotel & Suites in a new tab.,v3
2026-09-18 03:10:50,The Quadrant Hotel & Suites Auckland,2026-10-09,Super.com,214,,v3
2026-09-18 03:10:57,Copthorne Hotel Auckland City,2026-10-09,Booking.com,349,,v3
2026-09-18 03:10:57,Copthorne Hotel Auckland City,2026-10-09,Official site,349,,v3
2026-09-18 03:10:57,Copthorne Hotel Auckland City,2026-10-09,Super.com,265,,v3
2026-09-18 03:11:02,Albion Hotel Auckland,2026-10-09,Expedia,214,Standard Double Room,v3
2026-09-18 03:11:02,Albion Hotel Auckland,2026-10-09,Official site,171,,v3
2026-09-18 03:11:02,Albion Hotel Auckland,2026-10-09,Super.com,138,,v3
2026-09-18 03:11:02,Albion Hotel Auckland,2026-10-09,Wotif,138,Penthouse - One-Bedroom Apartment,v3
2026-09-18 03:11:08,Ascotia Off Queen Auckland,2026-10-09,Booking.com,155,,v3
2026-09-18 03:11:08,Ascotia Off Queen Auckland,2026-10-09,Official site,124,Open Ascotia Off Queen in a new tab.,v3
2026-09-18 03:11:08,Ascotia Off Queen Auckland,2026-10-09,Super.com,124,,v3
2026-09-18 03:11:08,Ascotia Off Queen Auckland,2026-10-09,Trip.com,132,,v3
2026-09-18 03:11:14,VR Queen Street Auckland,2026-10-10,Booking.com,290,,v3
2026-09-18 03:11:14,VR Queen Street Auckland,2026-10-10,Hotels.com,263,Standard King Room,v3
2026-09-18 03:11:14,VR Queen Street Auckland,2026-10-10,Official site,227,Open VR Queen Street - Hotel & Suites in a new tab.,v3
2026-09-18 03:11:14,VR Queen Street Auckland,2026-10-10,Super.com,227,,v3
2026-09-18 03:11:21,VR Auckland City,2026-10-10,Booking.com,590,Studio Apartment,v3
2026-09-18 03:11:21,VR Auckland City,2026-10-10,Super.com,457,,v3
2026-09-18 03:11:33,Auckland City Hotel,2026-10-10,Agoda,333,,v3
2026-09-18 03:11:33,Auckland City Hotel,2026-10-10,Booking.com,319,Standard Room with Two Single Beds,v3
2026-09-18 03:11:33,Auckland City Hotel,2026-10-10,Official site,226,,v3
2026-09-18 03:11:33,Auckland City Hotel,2026-10-10,Wotif,226,Nice City Studio with Ponsonby View,v3
2026-09-18 03:11:40,ibis budget Auckland Central,2026-10-10,Booking.com,279,Double Studio,v3
2026-09-18 03:11:40,ibis budget Auckland Central,2026-10-10,Official site,279,,v3
2026-09-18 03:11:40,ibis budget Auckland Central,2026-10-10,Super.com,231,,v3
2026-09-18 03:11:40,ibis budget Auckland Central,2026-10-10,Wotif,231,Nice City Studio with Ponsonby View,v3
2026-09-18 03:11:47,The Quadrant Hotel & Suites Auckland,2026-10-10,Agoda,337,,v3
2026-09-18 03:11:47,The Quadrant Hotel & Suites Auckland,2026-10-10,Booking.com,337,Classic One-Bedroom Apartment,v3
2026-09-18 03:11:47,The Quadrant Hotel & Suites Auckland,2026-10-10,Official site,347,,v3
2026-09-18 03:11:47,The Quadrant Hotel & Suites Auckland,2026-10-10,Super.com,255,,v3
2026-09-18 03:11:47,The Quadrant Hotel & Suites Auckland,2026-10-10,Wotif,255,Open The Quadrant Hotel & Suites in a new tab.,v3
2026-09-18 03:11:53,Copthorne Hotel Auckland City,2026-10-10,Booking.com,376,Superior King,v3
2026-09-18 03:11:53,Copthorne Hotel Auckland City,2026-10-10,Official site,399,,v3
2026-09-18 03:11:53,Copthorne Hotel Auckland City,2026-10-10,Super.com,296,,v3
2026-09-18 03:11:53,Copthorne Hotel Auckland City,2026-10-10,Wotif,296,Nice City Studio with Ponsonby View,v3
2026-09-18 03:12:00,Albion Hotel Auckland,2026-10-10,Hotels.com,333,Standard Room,v3
2026-09-18 03:12:00,Albion Hotel Auckland,2026-10-10,Official site,197,Nice City Studio with Ponsonby View,v3
2026-09-18 03:12:00,Albion Hotel Auckland,2026-10-10,Super.com,197,,v3
2026-09-18 03:12:06,Ascotia Off Queen Auckland,2026-10-10,Bluepillow,274,,v3
2026-09-18 03:12:06,Ascotia Off Queen Auckland,2026-10-10,Expedia,298,King Room,v3
2026-09-18 03:12:06,Ascotia Off Queen Auckland,2026-10-10,Hotels.com,290,,v3
2026-09-18 03:12:06,Ascotia Off Queen Auckland,2026-10-10,Wotif,274,Open Ascotia Off Queen in a new tab.,v3
2026-09-18 03:12:13,VR Queen Street Auckland,2026-10-11,Booking.com,122,Standard King Room,v3
2026-09-18 03:12:13,VR Queen Street Auckland,2026-10-11,Official site,96,Open VR Queen Street - Hotel & Suites in a new tab.,v3
2026-09-18 03:12:13,VR Queen Street Auckland,2026-10-11,Super.com,96,,v3
2026-09-18 03:12:20,VR Auckland City,2026-10-11,Booking.com,112,Studio Apartment,v3
2026-09-18 03:12:20,VR Auckland City,2026-10-11,Super.com,89,,v3
2026-09-18 03:12:20,VR Auckland City,2026-10-11,Wotif,84,Chic Princes Wharf Studio | City View | Parking,v3
2026-09-18 03:12:26,Shakespeare Hotel Auckland,2026-10-11,Booking.com,109,Standard Queen Room,v3
2026-09-18 03:12:26,Shakespeare Hotel Auckland,2026-10-11,Hotels.com,102,,v3
2026-09-18 03:12:26,Shakespeare Hotel Auckland,2026-10-11,Official site,91,Chic Princes Wharf Studio | City View | Parking,v3
2026-09-18 03:12:26,Shakespeare Hotel Auckland,2026-10-11,Super.com,91,,v3
2026-09-18 03:12:33,Auckland City Hotel,2026-10-11,Booking.com,129,Standard Room with Two Single Beds,v3
2026-09-18 03:12:33,Auckland City Hotel,2026-10-11,Official site,101,Chic Princes Wharf Studio | City View | Parking,v3
2026-09-18 03:12:33,Auckland City Hotel,2026-10-11,Super.com,101,,v3
2026-09-18 03:12:39,ibis budget Auckland Central,2026-10-11,Booking.com,95,Double Studio,v3
2026-09-18 03:12:39,ibis budget Auckland Central,2026-10-11,Official site,95,,v3
2026-09-18 03:12:39,ibis budget Auckland Central,2026-10-11,Super.com,76,,v3
2026-09-18 03:12:39,ibis budget Auckland Central,2026-10-11,Wotif,76,Chic Princes Wharf Studio | City View | Parking,v3
2026-09-18 03:12:46,The Quadrant Hotel & Suites Auckland,2026-10-11,Booking.com,102,,v3
2026-09-18 03:12:46,The Quadrant Hotel & Suites Auckland,2026-10-11,Hotels.com,108,Classic One-Bedroom Apartment,v3
2026-09-18 03:12:46,The Quadrant Hotel & Suites Auckland,2026-10-11,Official site,123,,v3
2026-09-18 03:12:46,The Quadrant Hotel & Suites Auckland,2026-10-11,Super.com,86,,v3
2026-09-18 03:12:46,The Quadrant Hotel & Suites Auckland,2026-10-11,Wotif,86,Open The Quadrant Hotel & Suites in a new tab.,v3
2026-09-18 03:12:52,Copthorne Hotel Auckland City,2026-10-11,Booking.com,136,,v3
2026-09-18 03:12:52,Copthorne Hotel Auckland City,2026-10-11,Official site,135,,v3
2026-09-18 03:12:52,Copthorne Hotel Auckland City,2026-10-11,Super.com,101,,v3
2026-09-18 03:12:52,Copthorne Hotel Auckland City,2026-10-11,Wotif,101,Chic Princes Wharf Studio | City View | Parking,v3
2026-09-18 03:12:59,Albion Hotel Auckland,2026-10-11,Expedia,124,Standard Double Room,v3
2026-09-18 03:12:59,Albion Hotel Auckland,2026-10-11,Official site,95,,v3
2026-09-18 03:12:59,Albion Hotel Auckland,2026-10-11,Super.com,76,,v3
2026-09-18 03:12:59,Albion Hotel Auckland,2026-10-11,Wotif,76,Chic Princes Wharf Studio | City View | Parking,v3
2026-09-18 03:13:05,Ascotia Off Queen Auckland,2026-10-11,Booking.com,109,,v3
2026-09-18 03:13:05,Ascotia Off Queen Auckland,2026-10-11,Expedia,109,Queen Room,v3
2026-09-18 03:13:05,Ascotia Off Queen Auckland,2026-10-11,Official site,109,,v3
2026-09-18 03:13:05,Ascotia Off Queen Auckland,2026-10-11,Super.com,87,,v3
2026-09-18 03:13:05,Ascotia Off Queen Auckland,2026-10-11,Wotif,87,Open Ascotia Off Queen in a new tab.,v3
2026-09-18 03:13:12,VR Queen Street Auckland,2026-10-12,Booking.com,122,Standard King Room,v3
2026-09-18 03:13:12,VR Queen Street Auckland,2026-10-12,Official site,96,Open VR Queen Street - Hotel & Suites in a new tab.,v3
2026-09-18 03:13:12,VR Queen Street Auckland,2026-10-12,Super.com,96,,v3
2026-09-18 03:13:19,VR Auckland City,2026-10-12,Booking.com,131,Studio Apartment,v3
2026-09-18 03:13:19,VR Auckland City,2026-10-12,Super.com,101,,v3
2026-09-18 03:13:19,VR Auckland City,2026-10-12,Wotif,84,ibis budget Auckland Central - Double Studio,v3
2026-09-18 03:13:25,Shakespeare Hotel Auckland,2026-10-12,Booking.com,104,,v3
2026-09-18 03:13:25,Shakespeare Hotel Auckland,2026-10-12,Hotels.com,120,Triple Room,v3
2026-09-18 03:13:25,Shakespeare Hotel Auckland,2026-10-12,Official site,130,,v3
2026-09-18 03:13:25,Shakespeare Hotel Auckland,2026-10-12,Super.com,89,,v3
2026-09-18 03:13:25,Shakespeare Hotel Auckland,2026-10-12,Wotif,89,ibis budget Auckland Central - Double Studio,v3
2026-09-18 03:13:32,Auckland City Hotel,2026-10-12,Booking.com,156,,v3
2026-09-18 03:13:32,Auckland City Hotel,2026-10-12,Hotels.com,134,Standard Twin Room,v3
2026-09-18 03:13:32,Auckland City Hotel,2026-10-12,Official site,213,,v3
2026-09-18 03:13:32,Auckland City Hotel,2026-10-12,Super.com,98,,v3
2026-09-18 03:13:32,Auckland City Hotel,2026-10-12,Wotif,98,ibis budget Auckland Central - Double Studio,v3
2026-09-18 03:13:39,ibis budget Auckland Central,2026-10-12,Booking.com,104,Double Studio,v3
2026-09-18 03:13:39,ibis budget Auckland Central,2026-10-12,Official site,104,,v3
2026-09-18 03:13:39,ibis budget Auckland Central,2026-10-12,Super.com,88,,v3
2026-09-18 03:13:39,ibis budget Auckland Central,2026-10-12,Wotif,88,ibis budget Auckland Central - Double Studio,v3
2026-09-18 03:13:45,The Quadrant Hotel & Suites Auckland,2026-10-12,Agoda,97,,v3
2026-09-18 03:13:45,The Quadrant Hotel & Suites Auckland,2026-10-12,Booking.com,97,Deluxe Queen Studio,v3
2026-09-18 03:13:45,The Quadrant Hotel & Suites Auckland,2026-10-12,Official site,77,Open The Quadrant Hotel & Suites in a new tab.,v3
2026-09-18 03:13:45,The Quadrant Hotel & Suites Auckland,2026-10-12,Super.com,77,,v3
2026-09-18 03:13:52,Copthorne Hotel Auckland City,2026-10-12,Booking.com,141,,v3
2026-09-18 03:13:52,Copthorne Hotel Auckland City,2026-10-12,Official site,140,,v3
2026-09-18 03:13:52,Copthorne Hotel Auckland City,2026-10-12,Super.com,107,,v3
2026-09-18 03:13:52,Copthorne Hotel Auckland City,2026-10-12,Wotif,107,ibis budget Auckland Central - Double Studio,v3
2026-09-18 03:13:58,Albion Hotel Auckland,2026-10-12,Expedia,124,Standard Double Room,v3
2026-09-18 03:13:58,Albion Hotel Auckland,2026-10-12,Official site,95,,v3
2026-09-18 03:13:58,Albion Hotel Auckland,2026-10-12,Super.com,76,,v3
2026-09-18 03:14:03,Ascotia Off Queen Auckland,2026-10-12,Bluepillow,93,,v3
2026-09-18 03:14:03,Ascotia Off Queen Auckland,2026-10-12,Booking.com,109,Queen Room,v3
2026-09-18 03:14:03,Ascotia Off Queen Auckland,2026-10-12,Super.com,88,,v3
2026-09-18 03:14:03,Ascotia Off Queen Auckland,2026-10-12,Wotif,88,Open Ascotia Off Queen in a new tab.,v3
2026-09-18 03:14:10,VR Queen Street Auckland,2026-10-13,Booking.com,122,Standard King Room,v3
2026-09-18 03:14:10,VR Queen Street Auckland,2026-10-13,Hotels.com,108,,v3
2026-09-18 03:14:10,VR Queen Street Auckland,2026-10-13,Official site,96,Open VR Queen Street - Hotel & Suites in a new tab.,v3
2026-09-18 03:14:10,VR Queen Street Auckland,2026-10-13,Super.com,96,,v3
2026-09-18 03:14:16,VR Auckland City,2026-10-13,Booking.com,113,Studio Studio Apartment,v3
2026-09-18 03:14:16,VR Auckland City,2026-10-13,Super.com,91,,v3
2026-09-18 03:14:21,Shakespeare Hotel Auckland,2026-10-13,Agoda,92,,v3
2026-09-18 03:14:21,Shakespeare Hotel Auckland,2026-10-13,Bluepillow,90,,v3
2026-09-18 03:14:21,Shakespeare Hotel Auckland,2026-10-13,Booking.com,109,Double Room,v3
2026-09-18 03:14:21,Shakespeare Hotel Auckland,2026-10-13,Official site,90,Auckland Harbour Suites,v3
2026-09-18 03:14:27,Auckland City Hotel,2026-10-13,Agoda,157,,v3
2026-09-18 03:14:27,Auckland City Hotel,2026-10-13,Booking.com,161,Standard Queen Room,v3
2026-09-18 03:14:27,Auckland City Hotel,2026-10-13,Official site,101,Auckland Harbour Suites,v3
2026-09-18 03:14:27,Auckland City Hotel,2026-10-13,Super.com,101,,v3
2026-09-18 03:14:34,ibis budget Auckland Central,2026-10-13,Booking.com,104,Double Studio,v3
2026-09-18 03:14:34,ibis budget Auckland Central,2026-10-13,Expedia,104,,v3
2026-09-18 03:14:34,ibis budget Auckland Central,2026-10-13,Official site,84,Auckland Harbour Suites,v3
2026-09-18 03:14:34,ibis budget Auckland Central,2026-10-13,Super.com,84,,v3
2026-09-18 03:14:41,The Quadrant Hotel & Suites Auckland,2026-10-13,Booking.com,113,Classic One-Bedroom Apartment,v3
2026-09-18 03:14:41,The Quadrant Hotel & Suites Auckland,2026-10-13,Official site,92,Open The Quadrant Hotel & Suites in a new tab.,v3
2026-09-18 03:14:41,The Quadrant Hotel & Suites Auckland,2026-10-13,Super.com,92,,v3
2026-09-18 03:14:48,Copthorne Hotel Auckland City,2026-10-13,Booking.com,159,Superior King,v3
2026-09-18 03:14:48,Copthorne Hotel Auckland City,2026-10-13,Expedia,159,,v3
2026-09-18 03:14:48,Copthorne Hotel Auckland City,2026-10-13,Official site,118,Auckland Harbour Suites,v3
2026-09-18 03:14:48,Copthorne Hotel Auckland City,2026-10-13,Super.com,118,,v3
2026-09-18 03:14:54,Albion Hotel Auckland,2026-10-13,Bluepillow,80,,v3
2026-09-18 03:14:54,Albion Hotel Auckland,2026-10-13,Hotels.com,124,Standard Double Room,v3
2026-09-18 03:14:54,Albion Hotel Auckland,2026-10-13,Official site,80,Auckland Harbour Suites,v3
2026-09-18 03:15:00,Ascotia Off Queen Auckland,2026-10-13,Bluepillow,93,,v3
2026-09-18 03:15:00,Ascotia Off Queen Auckland,2026-10-13,Booking.com,109,Queen Room,v3
2026-09-18 03:15:00,Ascotia Off Queen Auckland,2026-10-13,Expedia,100,,v3
2026-09-18 03:15:00,Ascotia Off Queen Auckland,2026-10-13,Official site,93,Open Ascotia Off Queen in a new tab.,v3
2026-09-18 03:15:07,VR Queen Street Auckland,2026-10-14,Booking.com,122,Standard King Room,v3
2026-09-18 03:15:07,VR Queen Street Auckland,2026-10-14,Hotels.com,108,,v3
2026-09-18 03:15:07,VR Queen Street Auckland,2026-10-14,Official site,125,,v3
2026-09-18 03:15:07,VR Queen Street Auckland,2026-10-14,Super.com,96,,v3
2026-09-18 03:15:07,VR Queen Street Auckland,2026-10-14,Wotif,96,Open VR Queen Street - Hotel & Suites in a new tab.,v3
2026-09-18 03:15:14,VR Auckland City,2026-10-14,Booking.com,117,Studio Apartment,v3
2026-09-18 03:15:14,VR Auckland City,2026-10-14,Super.com,91,,v3
2026-09-18 03:15:20,Shakespeare Hotel Auckland,2026-10-14,Agoda,95,,v3
2026-09-18 03:15:20,Shakespeare Hotel Auckland,2026-10-14,Booking.com,109,Standard Queen Room,v3
2026-09-18 03:15:20,Shakespeare Hotel Auckland,2026-10-14,Official site,87,The Quadrant Hotel & Suites,v3
2026-09-18 03:15:20,Shakespeare Hotel Auckland,2026-10-14,Super.com,87,,v3
2026-09-18 03:15:27,Auckland City Hotel,2026-10-14,Agoda,143,,v3
2026-09-18 03:15:27,Auckland City Hotel,2026-10-14,Booking.com,156,Standard Queen Room,v3
2026-09-18 03:15:27,Auckland City Hotel,2026-10-14,Official site,213,,v3
2026-09-18 03:15:27,Auckland City Hotel,2026-10-14,Super.com,101,,v3
2026-09-18 03:15:27,Auckland City Hotel,2026-10-14,Wotif,101,The Quadrant Hotel & Suites,v3
2026-09-18 03:15:33,ibis budget Auckland Central,2026-10-14,Booking.com,95,Double Studio,v3
2026-09-18 03:15:33,ibis budget Auckland Central,2026-10-14,Official site,78,The Quadrant Hotel & Suites,v3
2026-09-18 03:15:33,ibis budget Auckland Central,2026-10-14,Super.com,78,,v3
2026-09-18 03:15:40,The Quadrant Hotel & Suites Auckland,2026-10-14,Booking.com,109,,v3
2026-09-18 03:15:40,The Quadrant Hotel & Suites Auckland,2026-10-14,Hotels.com,109,Classic One-Bedroom Apartment,v3
2026-09-18 03:15:40,The Quadrant Hotel & Suites Auckland,2026-10-14,Official site,87,Open The Quadrant Hotel & Suites in a new tab.,v3
2026-09-18 03:15:40,The Quadrant Hotel & Suites Auckland,2026-10-14,Super.com,87,,v3
2026-09-18 03:15:46,Copthorne Hotel Auckland City,2026-10-14,Booking.com,145,,v3
2026-09-18 03:15:46,Copthorne Hotel Auckland City,2026-10-14,Official site,108,The Quadrant Hotel & Suites,v3
2026-09-18 03:15:46,Copthorne Hotel Auckland City,2026-10-14,Super.com,108,,v3
2026-09-18 03:15:53,Albion Hotel Auckland,2026-10-14,Hotels.com,124,Standard Double Room,v3
2026-09-18 03:15:53,Albion Hotel Auckland,2026-10-14,Official site,95,,v3
2026-09-18 03:15:53,Albion Hotel Auckland,2026-10-14,Super.com,77,,v3
2026-09-18 03:15:53,Albion Hotel Auckland,2026-10-14,Wotif,77,The Quadrant Hotel & Suites,v3
2026-09-18 03:15:59,Ascotia Off Queen Auckland,2026-10-14,Bluepillow,93,,v3
2026-09-18 03:15:59,Ascotia Off Queen Auckland,2026-10-14,Booking.com,109,Queen Room,v3
2026-09-18 03:15:59,Ascotia Off Queen Auckland,2026-10-14,Super.com,88,,v3
2026-09-18 03:16:04,VR Queen Street Auckland,2026-10-15,Booking.com,122,Standard King Room,v3
2026-09-18 03:16:04,VR Queen Street Auckland,2026-10-15,Hotels.com,108,,v3
2026-09-18 03:16:04,VR Queen Street Auckland,2026-10-15,Official site,125,,v3
2026-09-18 03:16:04,VR Queen Street Auckland,2026-10-15,Super.com,100,,v3
2026-09-18 03:16:04,VR Queen Street Auckland,2026-10-15,Wotif,100,Open VR Queen Street - Hotel & Suites in a new tab.,v3
2026-09-18 03:16:11,VR Auckland City,2026-10-15,Booking.com,126,One-Bedroom Apartment,v3
2026-09-18 03:16:11,VR Auckland City,2026-10-15,Super.com,97,,v3
2026-09-18 03:16:17,Shakespeare Hotel Auckland,2026-10-15,Booking.com,109,,v3
2026-09-18 03:16:17,Shakespeare Hotel Auckland,2026-10-15,Hotels.com,97,Double Room,v3
2026-09-18 03:16:17,Shakespeare Hotel Auckland,2026-10-15,Official site,130,,v3
2026-09-18 03:16:17,Shakespeare Hotel Auckland,2026-10-15,Super.com,87,,v3
2026-09-18 03:16:17,Shakespeare Hotel Auckland,2026-10-15,Wotif,87,ibis budget Auckland Central - Double Studio,v3
2026-09-18 03:16:24,Auckland City Hotel,2026-10-15,Booking.com,161,Standard Queen Room,v3
2026-09-18 03:16:24,Auckland City Hotel,2026-10-15,Expedia,134,,v3
2026-09-18 03:16:24,Auckland City Hotel,2026-10-15,Official site,98,ibis budget Auckland Central - Double Studio,v3
2026-09-18 03:16:24,Auckland City Hotel,2026-10-15,Super.com,98,,v3
2026-09-18 03:16:30,ibis budget Auckland Central,2026-10-15,Booking.com,108,,v3
2026-09-18 03:16:30,ibis budget Auckland Central,2026-10-15,Expedia,108,"Studio, 1 Double Bed",v3
2026-09-18 03:16:30,ibis budget Auckland Central,2026-10-15,Official site,108,,v3
2026-09-18 03:16:30,ibis budget Auckland Central,2026-10-15,Super.com,89,,v3
2026-09-18 03:16:30,ibis budget Auckland Central,2026-10-15,Wotif,89,ibis budget Auckland Central - Double Studio,v3
2026-09-18 03:16:37,The Quadrant Hotel & Suites Auckland,2026-10-15,Agoda,113,,v3
2026-09-18 03:16:37,The Quadrant Hotel & Suites Auckland,2026-10-15,Booking.com,113,Classic One-Bedroom Apartment,v3
2026-09-18 03:16:37,The Quadrant Hotel & Suites Auckland,2026-10-15,Official site,129,,v3
2026-09-18 03:16:37,The Quadrant Hotel & Suites Auckland,2026-10-15,Super.com,93,,v3
2026-09-18 03:16:37,The Quadrant Hotel & Suites Auckland,2026-10-15,Wotif,93,Open The Quadrant Hotel & Suites in a new tab.,v3
2026-09-18 03:16:43,Copthorne Hotel Auckland City,2026-10-15,Booking.com,141,Superior 2 Double,v3
2026-09-18 03:16:43,Copthorne Hotel Auckland City,2026-10-15,Expedia,141,,v3
2026-09-18 03:16:43,Copthorne Hotel Auckland City,2026-10-15,Official site,140,,v3
2026-09-18 03:16:43,Copthorne Hotel Auckland City,2026-10-15,Super.com,107,,v3
2026-09-18 03:16:48,Albion Hotel Auckland,2026-10-15,Expedia,154,Standard Double Room,v3
2026-09-18 03:16:48,Albion Hotel Auckland,2026-10-15,Official site,119,,v3
2026-09-18 03:16:48,Albion Hotel Auckland,2026-10-15,Super.com,94,,v3
2026-09-18 03:16:48,Albion Hotel Auckland,2026-10-15,Wotif,94,ibis budget Auckland Central - Double Studio,v3
2026-09-18 03:16:55,Ascotia Off Queen Auckland,2026-10-15,Bluepillow,93,,v3
2026-09-18 03:16:55,Ascotia Off Queen Auckland,2026-10-15,Booking.com,109,Queen Room,v3
2026-09-18 03:16:55,Ascotia Off Queen Auckland,2026-10-15,Expedia,100,,v3
2026-09-18 03:16:55,Ascotia Off Queen Auckland,2026-10-15,Official site,87,Open Ascotia Off Queen in a new tab.,v3
2026-09-18 03:16:55,Ascotia Off Queen Auckland,2026-10-15,Super.com,87,,v3
2026-09-18 03:17:01,VR Queen Street Auckland,2026-10-16,Booking.com,167,,v3
2026-09-18 03:17:01,VR Queen Street Auckland,2026-10-16,Hotels.com,150,Standard King Room,v3
2026-09-18 03:17:01,VR Queen Street Auckland,2026-10-16,Official site,130,Open VR Queen Street - Hotel & Suites in a new tab.,v3
2026-09-18 03:17:01,VR Queen Street Auckland,2026-10-16,Super.com,130,,v3
2026-09-18 03:17:10,VR Auckland City,2026-10-16,Booking.com,184,Executive One-Bedroom Apartment,v3
2026-09-18 03:17:10,VR Auckland City,2026-10-16,Super.com,141,,v3
2026-09-18 03:17:10,VR Auckland City,2026-10-16,Wotif,102,Penthouse,v3
2026-09-18 03:17:17,Shakespeare Hotel Auckland,2026-10-16,Booking.com,109,Standard Queen Room,v3
2026-09-18 03:17:17,Shakespeare Hotel Auckland,2026-10-16,Hotels.com,96,,v3
2026-09-18 03:17:17,Shakespeare Hotel Auckland,2026-10-16,Official site,85,Penthouse,v3
2026-09-18 03:17:17,Shakespeare Hotel Auckland,2026-10-16,Super.com,85,,v3
2026-09-18 03:17:24,Auckland City Hotel,2026-10-16,Booking.com,218,Standard Queen Room,v3
2026-09-18 03:17:24,Auckland City Hotel,2026-10-16,Expedia,186,,v3
2026-09-18 03:17:24,Auckland City Hotel,2026-10-16,Official site,140,Penthouse,v3
2026-09-18 03:17:24,Auckland City Hotel,2026-10-16,Super.com,140,,v3
2026-09-18 03:17:31,ibis budget Auckland Central,2026-10-16,Booking.com,158,Double Studio,v3
2026-09-18 03:17:31,ibis budget Auckland Central,2026-10-16,Official site,158,,v3
2026-09-18 03:17:31,ibis budget Auckland Central,2026-10-16,Super.com,132,,v3
2026-09-18 03:17:31,ibis budget Auckland Central,2026-10-16,Wotif,132,Penthouse,v3
2026-09-18 03:17:37,The Quadrant Hotel & Suites Auckland,2026-10-16,Booking.com,193,Classic One-Bedroom Apartment,v3
2026-09-18 03:17:37,The Quadrant Hotel & Suites Auckland,2026-10-16,Official site,199,,v3
2026-09-18 03:17:37,The Quadrant Hotel & Suites Auckland,2026-10-16,Super.com,146,,v3
2026-09-18 03:17:37,The Quadrant Hotel & Suites Auckland,2026-10-16,Wotif,146,Open The Quadrant Hotel & Suites in a new tab.,v3
2026-09-18 03:17:44,Copthorne Hotel Auckland City,2026-10-16,Booking.com,188,Superior 2 Double,v3
2026-09-18 03:17:44,Copthorne Hotel Auckland City,2026-10-16,Official site,199,,v3
2026-09-18 03:17:44,Copthorne Hotel Auckland City,2026-10-16,Super.com,152,,v3
2026-09-18 03:17:44,Copthorne Hotel Auckland City,2026-10-16,Wotif,152,Penthouse,v3
2026-09-18 03:17:50,Albion Hotel Auckland,2026-10-16,Hotels.com,168,Basic Triple Room,v3
2026-09-18 03:17:50,Albion Hotel Auckland,2026-10-16,Official site,113,Penthouse,v3
2026-09-18 03:17:50,Albion Hotel Auckland,2026-10-16,Super.com,113,,v3
2026-09-18 03:17:57,Ascotia Off Queen Auckland,2026-10-16,Booking.com,165,,v3
2026-09-18 03:17:57,Ascotia Off Queen Auckland,2026-10-16,Expedia,154,Queen Room,v3
2026-09-18 03:17:57,Ascotia Off Queen Auckland,2026-10-16,Official site,135,Open Ascotia Off Queen in a new tab.,v3
2026-09-18 03:17:57,Ascotia Off Queen Auckland,2026-10-16,Super.com,135,,v3
2026-09-18 03:17:57,Ascotia Off Queen Auckland,2026-10-16,Trip.com,141,,v3
2026-09-18 03:18:40,VR Queen Street Auckland,2026-09-18,Booking.com,167,Standard King Room,v3
2026-09-18 03:18:40,VR Queen Street Auckland,2026-09-18,Hotels.com,158,,v3
2026-09-18 03:18:40,VR Queen Street Auckland,2026-09-18,Official site,181,,v3
2026-09-18 03:18:40,VR Queen Street Auckland,2026-09-18,Super.com,139,,v3
2026-09-18 03:18:46,VR Auckland City,2026-09-18,Booking.com,162,,v3
2026-09-18 03:18:46,VR Auckland City,2026-09-18,Hotels.com,162,One-Bedroom Apartment,v3
2026-09-18 03:18:46,VR Auckland City,2026-09-18,Super.com,146,,v3
2026-09-18 03:18:54,Shakespeare Hotel Auckland,2026-09-18,Booking.com,89,,v3
2026-09-18 03:18:54,Shakespeare Hotel Auckland,2026-09-18,Hotels.com,110,"Double Room, 1 Queen Bed",v3
2026-09-18 03:18:54,Shakespeare Hotel Auckland,2026-09-18,Official site,110,,v3
2026-09-18 03:18:54,Shakespeare Hotel Auckland,2026-09-18,Super.com,77,,v3
2026-09-18 03:18:59,Auckland City Hotel,2026-09-18,Booking.com,142,,v3
2026-09-18 03:18:59,Auckland City Hotel,2026-09-18,Hotels.com,117,"Standard Room, 1 Queen Bed",v3
2026-09-18 03:18:59,Auckland City Hotel,2026-09-18,Official site,198,,v3
2026-09-18 03:18:59,Auckland City Hotel,2026-09-18,Super.com,89,,v3
2026-09-18 03:19:12,ibis budget Auckland Central,2026-09-18,Booking.com,117,,v3
2026-09-18 03:19:12,ibis budget Auckland Central,2026-09-18,Expedia,117,"Studio, 1 Double Bed",v3
2026-09-18 03:19:12,ibis budget Auckland Central,2026-09-18,Official site,117,,v3
2026-09-18 03:19:12,ibis budget Auckland Central,2026-09-18,Super.com,97,,v3
2026-09-18 03:19:25,The Quadrant Hotel & Suites Auckland,2026-09-18,Booking.com,164,Deluxe Queen Studio,v3
2026-09-18 03:19:25,The Quadrant Hotel & Suites Auckland,2026-09-18,Official site,236,,v3
2026-09-18 03:19:25,The Quadrant Hotel & Suites Auckland,2026-09-18,Trip.com,154,,v3
2026-09-18 03:19:36,Copthorne Hotel Auckland City,2026-09-18,Booking.com,159,,v3
2026-09-18 03:19:36,Copthorne Hotel Auckland City,2026-09-18,Hotels.com,159,Superior Accessible 1 King or 2 Doubles,v3
2026-09-18 03:19:36,Copthorne Hotel Auckland City,2026-09-18,Official site,159,,v3
2026-09-18 03:19:36,Copthorne Hotel Auckland City,2026-09-18,Super.com,131,,v3
2026-09-18 03:19:49,Albion Hotel Auckland,2026-09-18,Expedia,130,Standard Double Room,v3
2026-09-18 03:19:49,Albion Hotel Auckland,2026-09-18,Official site,82,,v3
2026-09-18 03:19:49,Albion Hotel Auckland,2026-09-18,Super.com,82,,v3
2026-09-18 03:20:01,Ascotia Off Queen Auckland,2026-09-18,Bluepillow,86,,v3
2026-09-18 03:20:01,Ascotia Off Queen Auckland,2026-09-18,Booking.com,102,King Room,v3
2026-09-18 03:20:01,Ascotia Off Queen Auckland,2026-09-18,Trip.com,85,,v3
2026-09-18 03:20:06,VR Queen Street Auckland,2026-09-19,Booking.com,176,Standard King Room,v3
2026-09-18 03:20:06,VR Queen Street Auckland,2026-09-19,Hotels.com,156,,v3
2026-09-18 03:20:06,VR Queen Street Auckland,2026-09-19,Official site,181,,v3
2026-09-18 03:20:06,VR Queen Street Auckland,2026-09-19,Super.com,137,,v3
2026-09-18 03:20:06,VR Queen Street Auckland,2026-09-19,Wotif,112,Lovely apartment with WiFi in vibrant central Auckland,v3
2026-09-18 03:20:14,VR Auckland City,2026-09-19,Booking.com,145,,v3
2026-09-18 03:20:14,VR Auckland City,2026-09-19,Hotels.com,145,Studio Apartment,v3
2026-09-18 03:20:14,VR Auckland City,2026-09-19,Super.com,115,,v3
2026-09-18 03:20:21,Shakespeare Hotel Auckland,2026-09-19,Booking.com,89,,v3
2026-09-18 03:20:21,Shakespeare Hotel Auckland,2026-09-19,Hotels.com,88,"Double Room, 1 Queen Bed",v3
2026-09-18 03:20:21,Shakespeare Hotel Auckland,2026-09-19,Official site,110,,v3
2026-09-18 03:20:21,Shakespeare Hotel Auckland,2026-09-19,Super.com,77,,v3
2026-09-18 03:20:26,Auckland City Hotel,2026-09-19,Booking.com,150,,v3
2026-09-18 03:20:26,Auckland City Hotel,2026-09-19,Hotels.com,112,"Standard Room, 1 Queen Bed",v3
2026-09-18 03:20:26,Auckland City Hotel,2026-09-19,Official site,88,Lovely apartment with WiFi in vibrant central Auckland,v3
2026-09-18 03:20:26,Auckland City Hotel,2026-09-19,Super.com,88,,v3
2026-09-18 03:20:33,ibis budget Auckland Central,2026-09-19,Booking.com,115,Double Studio,v3
2026-09-18 03:20:33,ibis budget Auckland Central,2026-09-19,Official site,115,,v3
2026-09-18 03:20:33,ibis budget Auckland Central,2026-09-19,Super.com,95,,v3
2026-09-18 03:20:37,The Quadrant Hotel & Suites Auckland,2026-09-19,Booking.com,166,,v3
2026-09-18 03:20:37,The Quadrant Hotel & Suites Auckland,2026-09-19,Hotels.com,166,Deluxe Queen Studio,v3
2026-09-18 03:20:37,The Quadrant Hotel & Suites Auckland,2026-09-19,Official site,171,,v3
2026-09-18 03:20:37,The Quadrant Hotel & Suites Auckland,2026-09-19,Super.com,126,,v3
2026-09-18 03:20:42,Copthorne Hotel Auckland City,2026-09-19,Booking.com,159,Superior King,v3
2026-09-18 03:20:42,Copthorne Hotel Auckland City,2026-09-19,Official site,112,Lovely apartment with WiFi in vibrant central Auckland,v3
2026-09-18 03:20:42,Copthorne Hotel Auckland City,2026-09-19,Super.com,130,,v3
2026-09-18 03:20:49,Albion Hotel Auckland,2026-09-19,Expedia,130,Standard Double Room,v3
2026-09-18 03:20:49,Albion Hotel Auckland,2026-09-19,Official site,100,,v3
2026-09-18 03:20:49,Albion Hotel Auckland,2026-09-19,Super.com,81,,v3
2026-09-18 03:20:54,Ascotia Off Queen Auckland,2026-09-19,Bluepillow,90,,v3
2026-09-18 03:20:54,Ascotia Off Queen Auckland,2026-09-19,Booking.com,108,,v3
2026-09-18 03:20:54,Ascotia Off Queen Auckland,2026-09-19,Hotels.com,97,Queen Room,v3
2026-09-18 03:20:59,VR Queen Street Auckland,2026-09-20,Booking.com,104,One-Bedroom Suite,v3
2026-09-18 03:20:59,VR Queen Street Auckland,2026-09-20,Hotels.com,93,,v3
2026-09-18 03:20:59,VR Queen Street Auckland,2026-09-20,Official site,107,,v3
2026-09-18 03:20:59,VR Queen Street Auckland,2026-09-20,Super.com,82,,v3
2026-09-18 03:21:04,VR Auckland City,2026-09-20,Booking.com,108,,v3
2026-09-18 03:21:04,VR Auckland City,2026-09-20,Hotels.com,108,Studio Apartment,v3
2026-09-18 03:21:04,VR Auckland City,2026-09-20,Super.com,84,,v3
2026-09-18 03:21:10,Shakespeare Hotel Auckland,2026-09-20,Agoda,86,,v3
2026-09-18 03:21:10,Shakespeare Hotel Auckland,2026-09-20,Hotels.com,89,Double Room,v3
2026-09-18 03:21:10,Shakespeare Hotel Auckland,2026-09-20,Official site,110,,v3
2026-09-18 03:21:10,Shakespeare Hotel Auckland,2026-09-20,Super.com,79,,v3
2026-09-18 03:21:15,Auckland City Hotel,2026-09-20,Booking.com,135,Standard Room with Two Single Beds,v3
2026-09-18 03:21:15,Auckland City Hotel,2026-09-20,Expedia,112,,v3
2026-09-18 03:21:15,Auckland City Hotel,2026-09-20,Official site,198,,v3
2026-09-18 03:21:15,Auckland City Hotel,2026-09-20,Super.com,84,,v3
2026-09-18 03:21:20,ibis budget Auckland Central,2026-09-20,Booking.com,95,,v3
2026-09-18 03:21:20,ibis budget Auckland Central,2026-09-20,Expedia,105,"Studio, 1 Double Bed",v3
2026-09-18 03:21:20,ibis budget Auckland Central,2026-09-20,Official site,89,,v3
2026-09-18 03:21:20,ibis budget Auckland Central,2026-09-20,Super.com,89,,v3
2026-09-18 03:21:26,The Quadrant Hotel & Suites Auckland,2026-09-20,Agoda,144,,v3
2026-09-18 03:21:26,The Quadrant Hotel & Suites Auckland,2026-09-20,Booking.com,144,Classic One-Bedroom Apartment,v3
2026-09-18 03:21:26,The Quadrant Hotel & Suites Auckland,2026-09-20,Official site,165,,v3
2026-09-18 03:21:26,The Quadrant Hotel & Suites Auckland,2026-09-20,Super.com,121,,v3
2026-09-18 03:21:26,The Quadrant Hotel & Suites Auckland,2026-09-20,Wotif,121,Open The Quadrant Hotel & Suites in a new tab.,v3
2026-09-18 03:21:34,Copthorne Hotel Auckland City,2026-09-20,Booking.com,129,Superior 2 Double,v3
2026-09-18 03:21:34,Copthorne Hotel Auckland City,2026-09-20,Official site,106,,v3
2026-09-18 03:21:34,Copthorne Hotel Auckland City,2026-09-20,Super.com,106,,v3
2026-09-18 03:21:40,Albion Hotel Auckland,2026-09-20,Hotels.com,118,Standard Double Room,v3
2026-09-18 03:21:40,Albion Hotel Auckland,2026-09-20,Official site,99,,v3
2026-09-18 03:21:40,Albion Hotel Auckland,2026-09-20,Super.com,80,,v3
2026-09-18 03:21:45,Ascotia Off Queen Auckland,2026-09-20,Booking.com,82,Queen Room,v3
2026-09-18 03:21:45,Ascotia Off Queen Auckland,2026-09-20,Super.com,66,,v3
2026-09-18 03:21:45,Ascotia Off Queen Auckland,2026-09-20,Trip.com,68,,v3
2026-09-18 03:21:50,VR Queen Street Auckland,2026-09-21,Booking.com,95,,v3
2026-09-18 03:21:50,VR Queen Street Auckland,2026-09-21,Hotels.com,84,Standard King Room,v3
2026-09-18 03:21:50,VR Queen Street Auckland,2026-09-21,Official site,74,Open VR Queen Street - Hotel & Suites in a new tab.,v3
2026-09-18 03:21:50,VR Queen Street Auckland,2026-09-21,Super.com,74,,v3
2026-09-18 03:21:57,VR Auckland City,2026-09-21,Booking.com,108,Studio Apartment,v3
2026-09-18 03:21:57,VR Auckland City,2026-09-21,Super.com,85,,v3
2026-09-18 03:22:02,Shakespeare Hotel Auckland,2026-09-21,Booking.com,92,Standard Queen Room,v3
2026-09-18 03:22:02,Shakespeare Hotel Auckland,2026-09-21,Hotels.com,84,,v3
2026-09-18 03:22:02,Shakespeare Hotel Auckland,2026-09-21,Official site,75,Auckland Harbour Suites,v3
2026-09-18 03:22:02,Shakespeare Hotel Auckland,2026-09-21,Super.com,75,,v3
2026-09-18 03:22:08,Auckland City Hotel,2026-09-21,Agoda,118,,v3
2026-09-18 03:22:08,Auckland City Hotel,2026-09-21,Booking.com,89,Auckland Harbour Suites,v3
2026-09-18 03:22:08,Auckland City Hotel,2026-09-21,Official site,198,,v3
2026-09-18 03:22:08,Auckland City Hotel,2026-09-21,Super.com,89,,v3
2026-09-18 03:22:16,ibis budget Auckland Central,2026-09-21,Booking.com,95,Double Studio,v3
2026-09-18 03:22:16,ibis budget Auckland Central,2026-09-21,Official site,78,Auckland Harbour Suites,v3
2026-09-18 03:22:16,ibis budget Auckland Central,2026-09-21,Super.com,78,,v3
2026-09-18 03:22:23,The Quadrant Hotel & Suites Auckland,2026-09-21,Booking.com,126,,v3
2026-09-18 03:22:23,The Quadrant Hotel & Suites Auckland,2026-09-21,Hotels.com,126,Deluxe Queen Studio,v3
2026-09-18 03:22:23,The Quadrant Hotel & Suites Auckland,2026-09-21,Official site,130,,v3
2026-09-18 03:22:23,The Quadrant Hotel & Suites Auckland,2026-09-21,Super.com,96,,v3
2026-09-18 03:22:27,Copthorne Hotel Auckland City,2026-09-21,Booking.com,129,Superior King,v3
2026-09-18 03:22:27,Copthorne Hotel Auckland City,2026-09-21,Official site,105,Auckland Harbour Suites,v3
2026-09-18 03:22:27,Copthorne Hotel Auckland City,2026-09-21,Super.com,105,,v3
2026-09-18 03:22:34,Albion Hotel Auckland,2026-09-21,Expedia,129,Standard Double Room,v3
2026-09-18 03:22:34,Albion Hotel Auckland,2026-09-21,Official site,81,Auckland Harbour Suites,v3
2026-09-18 03:22:34,Albion Hotel Auckland,2026-09-21,Super.com,81,,v3
2026-09-18 03:22:41,Ascotia Off Queen Auckland,2026-09-21,Booking.com,82,Queen Room,v3
2026-09-18 03:22:41,Ascotia Off Queen Auckland,2026-09-21,Official site,64,Open Ascotia Off Queen in a new tab.,v3
2026-09-18 03:22:41,Ascotia Off Queen Auckland,2026-09-21,Super.com,64,,v3
2026-09-18 03:22:41,Ascotia Off Queen Auckland,2026-09-21,Trip.com,68,,v3
2026-09-18 03:22:48,VR Queen Street Auckland,2026-09-22,Booking.com,104,,v3
2026-09-18 03:22:48,VR Queen Street Auckland,2026-09-22,Hotels.com,93,Standard King Room,v3
2026-09-18 03:22:48,VR Queen Street Auckland,2026-09-22,Official site,107,,v3
2026-09-18 03:22:48,VR Queen Street Auckland,2026-09-22,Super.com,81,,v3
2026-09-18 03:22:48,VR Queen Street Auckland,2026-09-22,Wotif,81,Open VR Queen Street - Hotel & Suites in a new tab.,v3
2026-09-18 03:22:54,VR Auckland City,2026-09-22,Booking.com,112,Studio Apartment,v3
2026-09-18 03:22:54,VR Auckland City,2026-09-22,Super.com,88,,v3
2026-09-18 03:23:01,Shakespeare Hotel Auckland,2026-09-22,Booking.com,92,,v3
2026-09-18 03:23:01,Shakespeare Hotel Auckland,2026-09-22,Hotels.com,88,Double Room,v3
2026-09-18 03:23:01,Shakespeare Hotel Auckland,2026-09-22,Official site,79,Chic Princes Wharf Studio | City View | Parking,v3
2026-09-18 03:23:01,Shakespeare Hotel Auckland,2026-09-22,Super.com,79,,v3
2026-09-18 03:23:08,Auckland City Hotel,2026-09-22,Agoda,128,,v3
2026-09-18 03:23:08,Auckland City Hotel,2026-09-22,Booking.com,161,Standard Room with Two Single Beds,v3
2026-09-18 03:23:08,Auckland City Hotel,2026-09-22,Official site,92,Chic Princes Wharf Studio | City View | Parking,v3
2026-09-18 03:23:08,Auckland City Hotel,2026-09-22,Super.com,92,,v3
2026-09-18 03:23:15,ibis budget Auckland Central,2026-09-22,Booking.com,99,,v3
2026-09-18 03:23:15,ibis budget Auckland Central,2026-09-22,Expedia,108,"Studio, 2 Twin Beds",v3
2026-09-18 03:23:15,ibis budget Auckland Central,2026-09-22,Official site,87,Chic Princes Wharf Studio | City View | Parking,v3
2026-09-18 03:23:15,ibis budget Auckland Central,2026-09-22,Super.com,87,,v3
2026-09-18 03:23:22,The Quadrant Hotel & Suites Auckland,2026-09-22,Booking.com,189,Deluxe Queen Studio,v3
2026-09-18 03:23:22,The Quadrant Hotel & Suites Auckland,2026-09-22,Official site,150,Open The Quadrant Hotel & Suites in a new tab.,v3
2026-09-18 03:23:22,The Quadrant Hotel & Suites Auckland,2026-09-22,Super.com,150,,v3
2026-09-18 03:23:28,Copthorne Hotel Auckland City,2026-09-22,Booking.com,140,Superior King,v3
2026-09-18 03:23:28,Copthorne Hotel Auckland City,2026-09-22,Expedia,140,,v3
2026-09-18 03:23:28,Copthorne Hotel Auckland City,2026-09-22,Official site,114,Chic Princes Wharf Studio | City View | Parking,v3
2026-09-18 03:23:28,Copthorne Hotel Auckland City,2026-09-22,Super.com,114,,v3
2026-09-18 03:23:36,Albion Hotel Auckland,2026-09-22,Hotels.com,129,Standard Double Room,v3
2026-09-18 03:23:36,Albion Hotel Auckland,2026-09-22,Official site,81,Chic Princes Wharf Studio | City View | Parking,v3
2026-09-18 03:23:36,Albion Hotel Auckland,2026-09-22,Super.com,81,,v3
2026-09-18 03:23:42,Ascotia Off Queen Auckland,2026-09-22,Booking.com,82,Queen Room,v3
2026-09-18 03:23:42,Ascotia Off Queen Auckland,2026-09-22,Official site,65,Open Ascotia Off Queen in a new tab.,v3
2026-09-18 03:23:42,Ascotia Off Queen Auckland,2026-09-22,Super.com,65,,v3
2026-09-18 03:23:42,Ascotia Off Queen Auckland,2026-09-22,Trip.com,68,,v3
2026-09-18 03:23:49,VR Queen Street Auckland,2026-09-23,Booking.com,90,Open VR Queen Street - Hotel & Suites in a new tab.,v3
2026-09-18 03:23:49,VR Queen Street Auckland,2026-09-23,Hotels.com,115,Suite · Suite,v3
2026-09-18 03:23:49,VR Queen Street Auckland,2026-09-23,Official site,119,,v3
2026-09-18 03:23:49,VR Queen Street Auckland,2026-09-23,Super.com,90,,v3
2026-09-18 03:23:55,VR Auckland City,2026-09-23,Booking.com,107,Studio Studio Apartment,v3
2026-09-18 03:23:55,VR Auckland City,2026-09-23,Super.com,85,,v3
2026-09-18 03:23:55,VR Auckland City,2026-09-23,Wotif,73,Parkside Hotel & Apartments,v3
2026-09-18 03:24:02,Shakespeare Hotel Auckland,2026-09-23,Booking.com,92,,v3
2026-09-18 03:24:02,Shakespeare Hotel Auckland,2026-09-23,Hotels.com,85,Double Room,v3
2026-09-18 03:24:02,Shakespeare Hotel Auckland,2026-09-23,Official site,110,,v3
2026-09-18 03:24:02,Shakespeare Hotel Auckland,2026-09-23,Super.com,77,,v3
2026-09-18 03:24:02,Shakespeare Hotel Auckland,2026-09-23,Wotif,77,Parkside Hotel & Apartments,v3
2026-09-18 03:24:09,Auckland City Hotel,2026-09-23,Agoda,138,,v3
2026-09-18 03:24:09,Auckland City Hotel,2026-09-23,Booking.com,161,Standard Room with Two Single Beds,v3
2026-09-18 03:24:09,Auckland City Hotel,2026-09-23,Official site,111,Parkside Hotel & Apartments,v3
2026-09-18 03:24:09,Auckland City Hotel,2026-09-23,Super.com,111,,v3
2026-09-18 03:24:16,ibis budget Auckland Central,2026-09-23,Booking.com,104,Twin Studio,v3
2026-09-18 03:24:16,ibis budget Auckland Central,2026-09-23,Official site,86,Parkside Hotel & Apartments,v3
2026-09-18 03:24:16,ibis budget Auckland Central,2026-09-23,Super.com,86,,v3
2026-09-18 03:24:23,The Quadrant Hotel & Suites Auckland,2026-09-23,Booking.com,110,,v3
2026-09-18 03:24:23,The Quadrant Hotel & Suites Auckland,2026-09-23,Hotels.com,117,Deluxe Queen Studio,v3
2026-09-18 03:24:23,The Quadrant Hotel & Suites Auckland,2026-09-23,Official site,121,,v3
2026-09-18 03:24:23,The Quadrant Hotel & Suites Auckland,2026-09-23,Super.com,92,,v3
2026-09-18 03:24:28,Copthorne Hotel Auckland City,2026-09-23,Booking.com,149,Superior King,v3
2026-09-18 03:24:28,Copthorne Hotel Auckland City,2026-09-23,Official site,121,Parkside Hotel & Apartments,v3
2026-09-18 03:24:28,Copthorne Hotel Auckland City,2026-09-23,Super.com,121,,v3
2026-09-18 03:24:36,Albion Hotel Auckland,2026-09-23,Expedia,129,Standard Double Room,v3
2026-09-18 03:24:36,Albion Hotel Auckland,2026-09-23,Hotels.com,129,,v3
2026-09-18 03:24:36,Albion Hotel Auckland,2026-09-23,Official site,81,Parkside Hotel & Apartments,v3
2026-09-18 03:24:36,Albion Hotel Auckland,2026-09-23,Super.com,81,,v3
2026-09-18 03:24:43,Ascotia Off Queen Auckland,2026-09-23,Bluepillow,69,,v3
2026-09-18 03:24:43,Ascotia Off Queen Auckland,2026-09-23,Booking.com,82,Queen Room,v3
2026-09-18 03:24:43,Ascotia Off Queen Auckland,2026-09-23,Expedia,82,,v3
2026-09-18 03:24:43,Ascotia Off Queen Auckland,2026-09-23,Super.com,64,,v3
2026-09-18 03:24:43,Ascotia Off Queen Auckland,2026-09-23,Wotif,64,Open Ascotia Off Queen in a new tab.,v3
2026-09-18 03:24:49,VR Queen Street Auckland,2026-09-24,Booking.com,115,,v3
2026-09-18 03:24:49,VR Queen Street Auckland,2026-09-24,Hotels.com,104,Suite · Suite,v3
2026-09-18 03:24:49,VR Queen Street Auckland,2026-09-24,Official site,119,,v3
2026-09-18 03:24:49,VR Queen Street Auckland,2026-09-24,Super.com,89,,v3
2026-09-18 03:24:54,VR Auckland City,2026-09-24,Booking.com,112,Studio Apartment,v3
2026-09-18 03:24:54,VR Auckland City,2026-09-24,Super.com,86,,v3
2026-09-18 03:25:07,Shakespeare Hotel Auckland,2026-09-24,Booking.com,92,,v3
2026-09-18 03:25:07,Shakespeare Hotel Auckland,2026-09-24,Hotels.com,110,Double Room,v3
2026-09-18 03:25:07,Shakespeare Hotel Auckland,2026-09-24,Official site,110,,v3
2026-09-18 03:25:07,Shakespeare Hotel Auckland,2026-09-24,Super.com,82,,v3
2026-09-18 03:25:18,Auckland City Hotel,2026-09-24,Booking.com,161,Standard Room with Two Single Beds,v3
2026-09-18 03:25:18,Auckland City Hotel,2026-09-24,Hotels.com,118,,v3
2026-09-18 03:25:18,Auckland City Hotel,2026-09-24,Official site,198,,v3
2026-09-18 03:25:18,Auckland City Hotel,2026-09-24,Super.com,88,,v3
2026-09-18 03:25:31,ibis budget Auckland Central,2026-09-24,Booking.com,95,Double Studio,v3
2026-09-18 03:25:31,ibis budget Auckland Central,2026-09-24,Official site,95,,v3
2026-09-18 03:25:31,ibis budget Auckland Central,2026-09-24,Super.com,83,,v3
2026-09-18 03:25:43,The Quadrant Hotel & Suites Auckland,2026-09-24,Agoda,117,,v3
2026-09-18 03:25:43,The Quadrant Hotel & Suites Auckland,2026-09-24,Booking.com,107,Deluxe Queen Studio,v3
2026-09-18 03:25:43,The Quadrant Hotel & Suites Auckland,2026-09-24,Official site,89,Open The Quadrant Hotel & Suites in a new tab.,v3
2026-09-18 03:25:43,The Quadrant Hotel & Suites Auckland,2026-09-24,Super.com,89,,v3
2026-09-18 03:25:57,Copthorne Hotel Auckland City,2026-09-24,Booking.com,149,,v3
2026-09-18 03:25:57,Copthorne Hotel Auckland City,2026-09-24,Expedia,149,"Superior Room, 1 King Bed",v3
2026-09-18 03:25:57,Copthorne Hotel Auckland City,2026-09-24,Official site,149,,v3
2026-09-18 03:25:57,Copthorne Hotel Auckland City,2026-09-24,Super.com,121,,v3
2026-09-18 03:26:02,Albion Hotel Auckland,2026-09-24,Bluepillow,86,,v3
2026-09-18 03:26:02,Albion Hotel Auckland,2026-09-24,Expedia,129,Standard Double Room,v3
2026-09-18 03:26:02,Albion Hotel Auckland,2026-09-24,Hotels.com,129,,v3
2026-09-18 03:26:02,Albion Hotel Auckland,2026-09-24,Official site,86,Parkside Hotel & Apartments,v3
2026-09-18 03:26:09,Ascotia Off Queen Auckland,2026-09-24,Booking.com,82,Queen Room,v3
2026-09-18 03:26:09,Ascotia Off Queen Auckland,2026-09-24,Official site,64,Open Ascotia Off Queen in a new tab.,v3
2026-09-18 03:26:09,Ascotia Off Queen Auckland,2026-09-24,Super.com,64,,v3
2026-09-18 03:26:09,Ascotia Off Queen Auckland,2026-09-24,Trip.com,68,,v3
2026-09-18 03:26:15,VR Queen Street Auckland,2026-09-25,Booking.com,144,,v3
2026-09-18 03:26:15,VR Queen Street Auckland,2026-09-25,Hotels.com,128,Standard King Room,v3
2026-09-18 03:26:15,VR Queen Street Auckland,2026-09-25,Official site,149,,v3
2026-09-18 03:26:15,VR Queen Street Auckland,2026-09-25,Super.com,115,,v3
2026-09-18 03:26:30,VR Auckland City,2026-09-25,Booking.com,169,One-Bedroom Apartment,v3
2026-09-18 03:26:30,VR Auckland City,2026-09-25,Super.com,130,,v3
2026-09-18 03:26:30,VR Auckland City,2026-09-25,Wotif,88,ibis budget Auckland Central - Double Studio,v3
2026-09-18 03:27:00,Auckland City Hotel,2026-09-25,Booking.com,347,,v3
2026-09-18 03:27:00,Auckland City Hotel,2026-09-25,Hotels.com,353,"Apartment, 2 Bedrooms (Queen, Single)",v3
2026-09-18 03:27:00,Auckland City Hotel,2026-09-25,Official site,160,ibis budget Auckland Central - Double Studio,v3
2026-09-18 03:27:00,Auckland City Hotel,2026-09-25,Super.com,160,,v3
2026-09-18 03:27:15,ibis budget Auckland Central,2026-09-25,Booking.com,135,,v3
2026-09-18 03:27:15,ibis budget Auckland Central,2026-09-25,Expedia,135,"Studio, 2 Twin Beds",v3
2026-09-18 03:27:15,ibis budget Auckland Central,2026-09-25,Official site,135,,v3
2026-09-18 03:27:15,ibis budget Auckland Central,2026-09-25,Super.com,109,,v3
2026-09-18 03:27:15,ibis budget Auckland Central,2026-09-25,Wotif,109,ibis budget Auckland Central - Double Studio,v3
2026-09-18 03:27:21,The Quadrant Hotel & Suites Auckland,2026-09-25,Booking.com,261,Deluxe Queen Studio,v3
2026-09-18 03:27:21,The Quadrant Hotel & Suites Auckland,2026-09-25,Official site,293,,v3
2026-09-18 03:27:21,The Quadrant Hotel & Suites Auckland,2026-09-25,Super.com,220,,v3
2026-09-18 03:27:36,Copthorne Hotel Auckland City,2026-09-25,Booking.com,269,,v3
2026-09-18 03:27:36,Copthorne Hotel Auckland City,2026-09-25,Expedia,255,Suite 1 King,v3
2026-09-18 03:27:36,Copthorne Hotel Auckland City,2026-09-25,Official site,269,,v3
2026-09-18 03:27:36,Copthorne Hotel Auckland City,2026-09-25,Super.com,207,,v3
2026-09-18 03:27:50,Albion Hotel Auckland,2026-09-25,Hotels.com,154,Standard Double Room,v3
2026-09-18 03:27:50,Albion Hotel Auckland,2026-09-25,Official site,124,,v3
2026-09-18 03:27:50,Albion Hotel Auckland,2026-09-25,Super.com,101,,v3
2026-09-18 03:27:50,Albion Hotel Auckland,2026-09-25,Wotif,101,ibis budget Auckland Central - Double Studio,v3
2026-09-18 03:28:09,Ascotia Off Queen Auckland,2026-09-25,Booking.com,159,Queen Room,v3
2026-09-18 03:28:09,Ascotia Off Queen Auckland,2026-09-25,Official site,125,Open Ascotia Off Queen in a new tab.,v3
2026-09-18 03:28:09,Ascotia Off Queen Auckland,2026-09-25,Super.com,125,,v3
2026-09-18 03:28:15,VR Queen Street Auckland,2026-09-26,Booking.com,141,,v3
2026-09-18 03:28:15,VR Queen Street Auckland,2026-09-26,Official site,153,,v3
2026-09-18 03:28:15,VR Queen Street Auckland,2026-09-26,Super.com,117,,v3
2026-09-18 03:28:15,VR Queen Street Auckland,2026-09-26,Wotif,117,Open VR Queen Street - Hotel & Suites in a new tab.,v3
2026-09-18 03:28:22,VR Auckland City,2026-09-26,Booking.com,194,Studio Apartment,v3
2026-09-18 03:28:22,VR Auckland City,2026-09-26,Super.com,153,,v3
2026-09-18 03:28:22,VR Auckland City,2026-09-26,Wotif,97,The Quadrant Hotel & Suites,v3
2026-09-18 03:28:28,Shakespeare Hotel Auckland,2026-09-26,Booking.com,92,,v3
2026-09-18 03:28:28,Shakespeare Hotel Auckland,2026-09-26,Hotels.com,89,"Double Room, 1 Queen Bed",v3
2026-09-18 03:28:28,Shakespeare Hotel Auckland,2026-09-26,Official site,110,,v3
2026-09-18 03:28:28,Shakespeare Hotel Auckland,2026-09-26,Super.com,72,,v3
2026-09-18 03:28:28,Shakespeare Hotel Auckland,2026-09-26,Wotif,72,The Quadrant Hotel & Suites,v3
2026-09-18 03:28:35,Auckland City Hotel,2026-09-26,Booking.com,161,Standard Room with Two Single Beds,v3
2026-09-18 03:28:35,Auckland City Hotel,2026-09-26,Expedia,150,,v3
2026-09-18 03:28:35,Auckland City Hotel,2026-09-26,Official site,227,,v3
2026-09-18 03:28:35,Auckland City Hotel,2026-09-26,Super.com,105,,v3
2026-09-18 03:28:35,Auckland City Hotel,2026-09-26,Wotif,105,The Quadrant Hotel & Suites,v3
2026-09-18 03:28:42,ibis budget Auckland Central,2026-09-26,Booking.com,122,Double Studio,v3
2026-09-18 03:28:42,ibis budget Auckland Central,2026-09-26,Official site,122,,v3
2026-09-18 03:28:42,ibis budget Auckland Central,2026-09-26,Super.com,101,,v3
2026-09-18 03:28:42,ibis budget Auckland Central,2026-09-26,Wotif,101,The Quadrant Hotel & Suites,v3
2026-09-18 03:28:48,The Quadrant Hotel & Suites Auckland,2026-09-26,Agoda,136,,v3
2026-09-18 03:28:48,The Quadrant Hotel & Suites Auckland,2026-09-26,Booking.com,127,Deluxe Queen Studio,v3
2026-09-18 03:28:48,The Quadrant Hotel & Suites Auckland,2026-09-26,Official site,140,,v3
2026-09-18 03:28:48,The Quadrant Hotel & Suites Auckland,2026-09-26,Super.com,104,,v3
2026-09-18 03:28:48,The Quadrant Hotel & Suites Auckland,2026-09-26,Wotif,104,Open The Quadrant Hotel & Suites in a new tab.,v3
2026-09-18 03:28:55,Copthorne Hotel Auckland City,2026-09-26,Booking.com,209,Superior King,v3
2026-09-18 03:28:55,Copthorne Hotel Auckland City,2026-09-26,Official site,209,,v3
2026-09-18 03:28:55,Copthorne Hotel Auckland City,2026-09-26,Super.com,167,,v3
2026-09-18 03:28:55,Copthorne Hotel Auckland City,2026-09-26,Wotif,167,The Quadrant Hotel & Suites,v3
2026-09-18 03:29:01,Albion Hotel Auckland,2026-09-26,Expedia,154,Standard Double Room,v3
2026-09-18 03:29:01,Albion Hotel Auckland,2026-09-26,Official site,124,,v3
2026-09-18 03:29:01,Albion Hotel Auckland,2026-09-26,Super.com,100,,v3
2026-09-18 03:29:01,Albion Hotel Auckland,2026-09-26,Wotif,100,The Quadrant Hotel & Suites,v3
2026-09-18 03:29:08,Ascotia Off Queen Auckland,2026-09-26,Booking.com,116,,v3
2026-09-18 03:29:08,Ascotia Off Queen Auckland,2026-09-26,Super.com,116,,v3
2026-09-18 03:29:08,Ascotia Off Queen Auckland,2026-09-26,Wotif,116,Open Ascotia Off Queen in a new tab.,v3
2026-09-18 03:29:14,VR Queen Street Auckland,2026-09-27,Booking.com,115,,v3
2026-09-18 03:29:14,VR Queen Street Auckland,2026-09-27,Hotels.com,101,Suite · Suite,v3
2026-09-18 03:29:14,VR Queen Street Auckland,2026-09-27,Official site,90,Open VR Queen Street - Hotel & Suites in a new tab.,v3
2026-09-18 03:29:14,VR Queen Street Auckland,2026-09-27,Super.com,90,,v3
2026-09-18 03:29:22,VR Auckland City,2026-09-27,Booking.com,140,Studio Apartment,v3
2026-09-18 03:29:22,VR Auckland City,2026-09-27,Super.com,108,,v3
2026-09-18 03:29:28,Shakespeare Hotel Auckland,2026-09-27,Booking.com,87,,v3
2026-09-18 03:29:28,Shakespeare Hotel Auckland,2026-09-27,Hotels.com,87,"Double Room, 1 Queen Bed",v3
2026-09-18 03:29:28,Shakespeare Hotel Auckland,2026-09-27,Official site,76,Parkside Hotel & Apartments,v3
2026-09-18 03:29:28,Shakespeare Hotel Auckland,2026-09-27,Super.com,76,,v3
2026-09-18 03:29:35,Auckland City Hotel,2026-09-27,Agoda,131,,v3
2026-09-18 03:29:35,Auckland City Hotel,2026-09-27,Booking.com,90,Parkside Hotel & Apartments,v3
2026-09-18 03:29:35,Auckland City Hotel,2026-09-27,Official site,198,,v3
2026-09-18 03:29:35,Auckland City Hotel,2026-09-27,Super.com,90,,v3
2026-09-18 03:29:41,ibis budget Auckland Central,2026-09-27,Booking.com,76,Parkside Hotel & Apartments,v3
2026-09-18 03:29:41,ibis budget Auckland Central,2026-09-27,Expedia,95,,v3
2026-09-18 03:29:41,ibis budget Auckland Central,2026-09-27,Official site,95,,v3
2026-09-18 03:29:41,ibis budget Auckland Central,2026-09-27,Super.com,76,,v3
2026-09-18 03:29:48,The Quadrant Hotel & Suites Auckland,2026-09-27,Booking.com,84,Open The Quadrant Hotel & Suites in a new tab.,v3
2026-09-18 03:29:48,The Quadrant Hotel & Suites Auckland,2026-09-27,Official site,125,,v3
2026-09-18 03:29:48,The Quadrant Hotel & Suites Auckland,2026-09-27,Trip.com,84,,v3
2026-09-18 03:29:55,Copthorne Hotel Auckland City,2026-09-27,Booking.com,131,Parkside Hotel & Apartments,v3
2026-09-18 03:29:55,Copthorne Hotel Auckland City,2026-09-27,Official site,159,,v3
2026-09-18 03:29:55,Copthorne Hotel Auckland City,2026-09-27,Super.com,131,,v3
2026-09-18 03:30:01,Albion Hotel Auckland,2026-09-27,Booking.com,76,Parkside Hotel & Apartments,v3
2026-09-18 03:30:01,Albion Hotel Auckland,2026-09-27,Hotels.com,124,Standard Double Room,v3
2026-09-18 03:30:01,Albion Hotel Auckland,2026-09-27,Official site,95,,v3
2026-09-18 03:30:01,Albion Hotel Auckland,2026-09-27,Super.com,76,,v3
2026-09-18 03:30:08,Ascotia Off Queen Auckland,2026-09-27,Booking.com,110,King Room,v3
2026-09-18 03:30:08,Ascotia Off Queen Auckland,2026-09-27,Official site,85,Open Ascotia Off Queen in a new tab.,v3
2026-09-18 03:30:08,Ascotia Off Queen Auckland,2026-09-27,Super.com,85,,v3
2026-09-18 03:30:08,Ascotia Off Queen Auckland,2026-09-27,Trip.com,91,,v3
2026-09-18 03:30:14,VR Queen Street Auckland,2026-09-28,Booking.com,110,One-Bedroom Suite,v3
2026-09-18 03:30:14,VR Queen Street Auckland,2026-09-28,Official site,119,,v3
2026-09-18 03:30:14,VR Queen Street Auckland,2026-09-28,Super.com,90,,v3
2026-09-18 03:30:14,VR Queen Street Auckland,2026-09-28,Wotif,90,Open VR Queen Street - Hotel & Suites in a new tab.,v3
2026-09-18 03:30:21,VR Auckland City,2026-09-28,Booking.com,108,Studio Apartment,v3
2026-09-18 03:30:21,VR Auckland City,2026-09-28,Super.com,83,,v3
2026-09-18 03:30:27,Shakespeare Hotel Auckland,2026-09-28,Booking.com,86,Double Room,v3
2026-09-18 03:30:27,Shakespeare Hotel Auckland,2026-09-28,Hotels.com,84,,v3
2026-09-18 03:30:27,Shakespeare Hotel Auckland,2026-09-28,Official site,75,ibis budget Auckland Central - Double Studio,v3
2026-09-18 03:30:27,Shakespeare Hotel Auckland,2026-09-28,Super.com,75,,v3
2026-09-18 03:30:34,Auckland City Hotel,2026-09-28,Agoda,123,,v3
2026-09-18 03:30:34,Auckland City Hotel,2026-09-28,Booking.com,150,Standard Queen Room,v3
2026-09-18 03:30:34,Auckland City Hotel,2026-09-28,Official site,198,,v3
2026-09-18 03:30:34,Auckland City Hotel,2026-09-28,Super.com,90,,v3
2026-09-18 03:30:34,Auckland City Hotel,2026-09-28,Wotif,90,ibis budget Auckland Central - Double Studio,v3
2026-09-18 03:30:40,ibis budget Auckland Central,2026-09-28,Booking.com,90,,v3
2026-09-18 03:30:40,ibis budget Auckland Central,2026-09-28,Expedia,90,"Studio, 1 Double Bed",v3
2026-09-18 03:30:40,ibis budget Auckland Central,2026-09-28,Official site,90,,v3
2026-09-18 03:30:40,ibis budget Auckland Central,2026-09-28,Super.com,74,,v3
2026-09-18 03:30:40,ibis budget Auckland Central,2026-09-28,Wotif,74,ibis budget Auckland Central - Double Studio,v3
2026-09-18 03:30:47,The Quadrant Hotel & Suites Auckland,2026-09-28,Agoda,113,,v3
2026-09-18 03:30:47,The Quadrant Hotel & Suites Auckland,2026-09-28,Booking.com,113,Deluxe Queen Studio,v3
2026-09-18 03:30:47,The Quadrant Hotel & Suites Auckland,2026-09-28,Official site,116,,v3
2026-09-18 03:30:47,The Quadrant Hotel & Suites Auckland,2026-09-28,Super.com,85,,v3
2026-09-18 03:30:47,The Quadrant Hotel & Suites Auckland,2026-09-28,Wotif,85,Open The Quadrant Hotel & Suites in a new tab.,v3
2026-09-18 03:30:54,Copthorne Hotel Auckland City,2026-09-28,Booking.com,130,Superior King,v3
2026-09-18 03:30:54,Copthorne Hotel Auckland City,2026-09-28,Expedia,130,,v3
2026-09-18 03:30:54,Copthorne Hotel Auckland City,2026-09-28,Official site,130,,v3
2026-09-18 03:30:54,Copthorne Hotel Auckland City,2026-09-28,Super.com,106,,v3
2026-09-18 03:30:54,Copthorne Hotel Auckland City,2026-09-28,Wotif,106,ibis budget Auckland Central - Double Studio,v3
2026-09-18 03:31:01,Albion Hotel Auckland,2026-09-28,Expedia,124,Standard Double Room,v3
2026-09-18 03:31:01,Albion Hotel Auckland,2026-09-28,Official site,95,,v3
2026-09-18 03:31:01,Albion Hotel Auckland,2026-09-28,Super.com,76,,v3
2026-09-18 03:31:01,Albion Hotel Auckland,2026-09-28,Wotif,76,,v3
2026-09-18 03:31:07,Ascotia Off Queen Auckland,2026-09-28,Booking.com,82,,v3
2026-09-18 03:31:07,Ascotia Off Queen Auckland,2026-09-28,Expedia,76,Queen Room,v3
2026-09-18 03:31:07,Ascotia Off Queen Auckland,2026-09-28,Super.com,64,,v3
2026-09-18 03:31:07,Ascotia Off Queen Auckland,2026-09-28,Trip.com,68,,v3
2026-09-18 03:31:07,Ascotia Off Queen Auckland,2026-09-28,Wotif,64,Open Ascotia Off Queen in a new tab.,v3
2026-09-18 03:31:15,VR Queen Street Auckland,2026-09-29,Booking.com,115,,v3
2026-09-18 03:31:15,VR Queen Street Auckland,2026-09-29,Hotels.com,102,Suite · Suite,v3
2026-09-18 03:31:15,VR Queen Street Auckland,2026-09-29,Official site,119,,v3
2026-09-18 03:31:15,VR Queen Street Auckland,2026-09-29,Super.com,89,,v3
2026-09-18 03:31:15,VR Queen Street Auckland,2026-09-29,Wotif,89,Open VR Queen Street - Hotel & Suites in a new tab.,v3
2026-09-18 03:31:21,VR Auckland City,2026-09-29,Booking.com,112,Studio Apartment,v3
2026-09-18 03:31:21,VR Auckland City,2026-09-29,Super.com,86,,v3
2026-09-18 03:31:28,Shakespeare Hotel Auckland,2026-09-29,Booking.com,86,,v3
2026-09-18 03:31:28,Shakespeare Hotel Auckland,2026-09-29,Hotels.com,83,Double Room,v3
2026-09-18 03:31:28,Shakespeare Hotel Auckland,2026-09-29,Official site,75,VR Queen Street - Hotel & Suites,v3
2026-09-18 03:31:28,Shakespeare Hotel Auckland,2026-09-29,Super.com,75,,v3
2026-09-18 03:31:34,Auckland City Hotel,2026-09-29,Booking.com,111,Standard Room with Two Single Beds,v3
2026-09-18 03:31:34,Auckland City Hotel,2026-09-29,Official site,92,VR Queen Street - Hotel & Suites,v3
2026-09-18 03:31:34,Auckland City Hotel,2026-09-29,Super.com,92,,v3
2026-09-18 03:31:41,ibis budget Auckland Central,2026-09-29,Booking.com,90,Double Studio,v3
2026-09-18 03:31:41,ibis budget Auckland Central,2026-09-29,Official site,73,VR Queen Street - Hotel & Suites,v3
2026-09-18 03:31:41,ibis budget Auckland Central,2026-09-29,Super.com,73,,v3
2026-09-18 03:31:48,The Quadrant Hotel & Suites Auckland,2026-09-29,Booking.com,107,,v3
2026-09-18 03:31:48,The Quadrant Hotel & Suites Auckland,2026-09-29,Hotels.com,113,Deluxe Queen Studio,v3
2026-09-18 03:31:48,The Quadrant Hotel & Suites Auckland,2026-09-29,Official site,86,Open The Quadrant Hotel & Suites in a new tab.,v3
2026-09-18 03:31:48,The Quadrant Hotel & Suites Auckland,2026-09-29,Super.com,86,,v3
2026-09-18 03:31:54,Copthorne Hotel Auckland City,2026-09-29,Booking.com,139,Superior King,v3
2026-09-18 03:31:54,Copthorne Hotel Auckland City,2026-09-29,Expedia,139,,v3
2026-09-18 03:31:54,Copthorne Hotel Auckland City,2026-09-29,Official site,112,VR Queen Street - Hotel & Suites,v3
2026-09-18 03:31:54,Copthorne Hotel Auckland City,2026-09-29,Super.com,112,,v3
2026-09-18 03:32:01,Albion Hotel Auckland,2026-09-29,Expedia,124,Standard Double Room,v3
2026-09-18 03:32:01,Albion Hotel Auckland,2026-09-29,Official site,76,VR Queen Street - Hotel & Suites,v3
2026-09-18 03:32:01,Albion Hotel Auckland,2026-09-29,Super.com,76,,v3
2026-09-18 03:32:08,Ascotia Off Queen Auckland,2026-09-29,Booking.com,82,,v3
2026-09-18 03:32:08,Ascotia Off Queen Auckland,2026-09-29,Expedia,75,Queen Room,v3
2026-09-18 03:32:08,Ascotia Off Queen Auckland,2026-09-29,Official site,64,Open Ascotia Off Queen in a new tab.,v3
2026-09-18 03:32:08,Ascotia Off Queen Auckland,2026-09-29,Super.com,64,,v3
2026-09-18 03:32:08,Ascotia Off Queen Auckland,2026-09-29,Trip.com,68,,v3
2026-09-18 03:32:15,VR Queen Street Auckland,2026-09-30,Booking.com,122,One-Bedroom Suite,v3
2026-09-18 03:32:15,VR Queen Street Auckland,2026-09-30,Official site,97,Open VR Queen Street - Hotel & Suites in a new tab.,v3
2026-09-18 03:32:15,VR Queen Street Auckland,2026-09-30,Super.com,97,,v3
2026-09-18 03:32:22,VR Auckland City,2026-09-30,Booking.com,112,Studio Apartment,v3
2026-09-18 03:32:22,VR Auckland City,2026-09-30,Super.com,87,,v3
2026-09-18 03:32:28,Shakespeare Hotel Auckland,2026-09-30,Booking.com,92,,v3
2026-09-18 03:32:28,Shakespeare Hotel Auckland,2026-09-30,Expedia,103,Triple Room,v3
2026-09-18 03:32:28,Shakespeare Hotel Auckland,2026-09-30,Official site,80,Princes Wharf Boutique Apartment,v3
2026-09-18 03:32:28,Shakespeare Hotel Auckland,2026-09-30,Super.com,80,,v3
2026-09-18 03:32:35,Auckland City Hotel,2026-09-30,Booking.com,161,,v3
2026-09-18 03:32:35,Auckland City Hotel,2026-09-30,Hotels.com,138,"Standard Room, 1 Queen Bed",v3
2026-09-18 03:32:35,Auckland City Hotel,2026-09-30,Official site,198,,v3
2026-09-18 03:32:35,Auckland City Hotel,2026-09-30,Super.com,91,,v3
2026-09-18 03:32:35,Auckland City Hotel,2026-09-30,Wotif,91,Princes Wharf Boutique Apartment,v3
2026-09-18 03:32:42,ibis budget Auckland Central,2026-09-30,Booking.com,90,,v3
2026-09-18 03:32:42,ibis budget Auckland Central,2026-09-30,Expedia,90,"Studio, 1 Double Bed",v3
2026-09-18 03:32:42,ibis budget Auckland Central,2026-09-30,Official site,90,,v3
2026-09-18 03:32:42,ibis budget Auckland Central,2026-09-30,Super.com,74,,v3
2026-09-18 03:32:42,ibis budget Auckland Central,2026-09-30,Wotif,74,Princes Wharf Boutique Apartment,v3
2026-09-18 03:32:48,The Quadrant Hotel & Suites Auckland,2026-09-30,Agoda,117,,v3
2026-09-18 03:32:48,The Quadrant Hotel & Suites Auckland,2026-09-30,Booking.com,107,Deluxe Queen Studio,v3
2026-09-18 03:32:48,The Quadrant Hotel & Suites Auckland,2026-09-30,Official site,121,,v3
2026-09-18 03:32:48,The Quadrant Hotel & Suites Auckland,2026-09-30,Super.com,88,,v3
2026-09-18 03:32:48,The Quadrant Hotel & Suites Auckland,2026-09-30,Wotif,88,Open The Quadrant Hotel & Suites in a new tab.,v3
2026-09-18 03:32:55,Copthorne Hotel Auckland City,2026-09-30,Booking.com,139,,v3
2026-09-18 03:32:55,Copthorne Hotel Auckland City,2026-09-30,Expedia,139,"Superior Room, 1 King Bed",v3
2026-09-18 03:32:55,Copthorne Hotel Auckland City,2026-09-30,Official site,114,Princes Wharf Boutique Apartment,v3
2026-09-18 03:32:55,Copthorne Hotel Auckland City,2026-09-30,Super.com,114,,v3
2026-09-18 03:33:02,Albion Hotel Auckland,2026-09-30,Expedia,124,Standard Double Room,v3
2026-09-18 03:33:02,Albion Hotel Auckland,2026-09-30,Official site,95,,v3
2026-09-18 03:33:02,Albion Hotel Auckland,2026-09-30,Super.com,77,,v3
2026-09-18 03:33:02,Albion Hotel Auckland,2026-09-30,Wotif,77,Princes Wharf Boutique Apartment,v3
2026-09-18 03:33:08,Ascotia Off Queen Auckland,2026-09-30,Booking.com,82,Queen Room,v3
2026-09-18 03:33:08,Ascotia Off Queen Auckland,2026-09-30,Super.com,65,,v3
2026-09-18 03:33:08,Ascotia Off Queen Auckland,2026-09-30,Trip.com,68,,v3
2026-09-18 03:33:08,Ascotia Off Queen Auckland,2026-09-30,Wotif,65,Open Ascotia Off Queen in a new tab.,v3
2026-09-18 03:33:15,VR Queen Street Auckland,2026-10-01,Booking.com,122,,v3
2026-09-18 03:33:15,VR Queen Street Auckland,2026-10-01,Hotels.com,108,Standard King Room,v3
2026-09-18 03:33:15,VR Queen Street Auckland,2026-10-01,Official site,125,,v3
2026-09-18 03:33:15,VR Queen Street Auckland,2026-10-01,Super.com,95,,v3
2026-09-18 03:33:15,VR Queen Street Auckland,2026-10-01,Wotif,95,Open VR Queen Street - Hotel & Suites in a new tab.,v3
2026-09-18 03:33:22,VR Auckland City,2026-10-01,Booking.com,113,Studio Studio Apartment,v3
2026-09-18 03:33:22,VR Auckland City,2026-10-01,Super.com,90,,v3
2026-09-18 03:33:29,Shakespeare Hotel Auckland,2026-10-01,Booking.com,109,,v3
2026-09-18 03:33:29,Shakespeare Hotel Auckland,2026-10-01,Hotels.com,97,Double Room,v3
2026-09-18 03:33:29,Shakespeare Hotel Auckland,2026-10-01,Official site,87,ibis budget Auckland Central - Double Studio,v3
2026-09-18 03:33:29,Shakespeare Hotel Auckland,2026-10-01,Super.com,87,,v3
2026-09-18 03:33:36,Auckland City Hotel,2026-10-01,Agoda,143,,v3
2026-09-18 03:33:36,Auckland City Hotel,2026-10-01,Hotels.com,148,"Standard Room, 1 Queen Bed",v3
2026-09-18 03:33:36,Auckland City Hotel,2026-10-01,Official site,95,ibis budget Auckland Central - Double Studio,v3
2026-09-18 03:33:36,Auckland City Hotel,2026-10-01,Super.com,95,,v3
2026-09-18 03:33:43,ibis budget Auckland Central,2026-10-01,Booking.com,108,Double Studio,v3
2026-09-18 03:33:43,ibis budget Auckland Central,2026-10-01,Official site,108,,v3
2026-09-18 03:33:43,ibis budget Auckland Central,2026-10-01,Super.com,94,,v3
2026-09-18 03:33:43,ibis budget Auckland Central,2026-10-01,Wotif,94,ibis budget Auckland Central - Double Studio,v3
2026-09-18 03:33:49,The Quadrant Hotel & Suites Auckland,2026-10-01,Booking.com,121,,v3
2026-09-18 03:33:49,The Quadrant Hotel & Suites Auckland,2026-10-01,Hotels.com,137,Deluxe Queen Studio,v3
2026-09-18 03:33:49,The Quadrant Hotel & Suites Auckland,2026-10-01,Official site,149,,v3
2026-09-18 03:33:49,The Quadrant Hotel & Suites Auckland,2026-10-01,Super.com,109,,v3
2026-09-18 03:33:49,The Quadrant Hotel & Suites Auckland,2026-10-01,Wotif,109,Open The Quadrant Hotel & Suites in a new tab.,v3
2026-09-18 03:33:56,Copthorne Hotel Auckland City,2026-10-01,Booking.com,136,,v3
2026-09-18 03:33:56,Copthorne Hotel Auckland City,2026-10-01,Expedia,136,"Superior Room, 1 King Bed",v3
2026-09-18 03:33:56,Copthorne Hotel Auckland City,2026-10-01,Official site,135,,v3
2026-09-18 03:33:56,Copthorne Hotel Auckland City,2026-10-01,Super.com,110,,v3
2026-09-18 03:33:56,Copthorne Hotel Auckland City,2026-10-01,Wotif,110,ibis budget Auckland Central - Double Studio,v3
2026-09-18 03:34:02,Albion Hotel Auckland,2026-10-01,Bluepillow,98,,v3
2026-09-18 03:34:02,Albion Hotel Auckland,2026-10-01,Hotels.com,154,Standard Double Room,v3
2026-09-18 03:34:02,Albion Hotel Auckland,2026-10-01,Official site,119,,v3
2026-09-18 03:34:02,Albion Hotel Auckland,2026-10-01,Wotif,98,ibis budget Auckland Central - Double Studio,v3
2026-09-18 03:34:09,Ascotia Off Queen Auckland,2026-10-01,Booking.com,87,Open Ascotia Off Queen in a new tab.,v3
2026-09-18 03:34:09,Ascotia Off Queen Auckland,2026-10-01,Official site,109,,v3
2026-09-18 03:34:09,Ascotia Off Queen Auckland,2026-10-01,Super.com,87,,v3
2026-09-18 03:34:15,VR Queen Street Auckland,2026-10-02,Booking.com,140,,v3
2026-09-18 03:34:15,VR Queen Street Auckland,2026-10-02,Hotels.com,140,Standard King Room,v3
2026-09-18 03:34:15,VR Queen Street Auckland,2026-10-02,Official site,110,Open VR Queen Street - Hotel & Suites in a new tab.,v3
2026-09-18 03:34:15,VR Queen Street Auckland,2026-10-02,Super.com,110,,v3
2026-09-18 03:34:22,VR Auckland City,2026-10-02,Booking.com,114,Chic Princes Wharf Studio | City View | Parking,v3
2026-09-18 03:34:22,VR Auckland City,2026-10-02,Super.com,114,,v3
2026-09-18 03:34:29,Shakespeare Hotel Auckland,2026-10-02,Booking.com,109,Double Room,v3
2026-09-18 03:34:29,Shakespeare Hotel Auckland,2026-10-02,Hotels.com,104,,v3
2026-09-18 03:34:29,Shakespeare Hotel Auckland,2026-10-02,Official site,93,Chic Princes Wharf Studio | City View | Parking,v3
2026-09-18 03:34:29,Shakespeare Hotel Auckland,2026-10-02,Super.com,93,,v3
2026-09-18 03:34:35,Auckland City Hotel,2026-10-02,Booking.com,155,Standard Queen Room,v3
2026-09-18 03:34:35,Auckland City Hotel,2026-10-02,Expedia,152,,v3
2026-09-18 03:34:35,Auckland City Hotel,2026-10-02,Official site,96,Chic Princes Wharf Studio | City View | Parking,v3
2026-09-18 03:34:35,Auckland City Hotel,2026-10-02,Super.com,96,,v3
2026-09-18 03:34:42,ibis budget Auckland Central,2026-10-02,Expedia,113,"Studio, 1 Double Bed",v3
2026-09-18 03:34:42,ibis budget Auckland Central,2026-10-02,Official site,93,Chic Princes Wharf Studio | City View | Parking,v3
2026-09-18 03:34:42,ibis budget Auckland Central,2026-10-02,Super.com,93,,v3
2026-09-18 03:34:48,The Quadrant Hotel & Suites Auckland,2026-10-02,Agoda,145,,v3
2026-09-18 03:34:48,The Quadrant Hotel & Suites Auckland,2026-10-02,Booking.com,133,Deluxe Queen Studio,v3
2026-09-18 03:34:48,The Quadrant Hotel & Suites Auckland,2026-10-02,Official site,111,Open The Quadrant Hotel & Suites in a new tab.,v3
2026-09-18 03:34:48,The Quadrant Hotel & Suites Auckland,2026-10-02,Super.com,111,,v3
2026-09-18 03:34:54,Copthorne Hotel Auckland City,2026-10-02,Booking.com,172,,v3
2026-09-18 03:34:54,Copthorne Hotel Auckland City,2026-10-02,Expedia,172,"Superior Room, 1 King Bed",v3
2026-09-18 03:34:54,Copthorne Hotel Auckland City,2026-10-02,Official site,141,Chic Princes Wharf Studio | City View | Parking,v3
2026-09-18 03:34:54,Copthorne Hotel Auckland City,2026-10-02,Super.com,141,,v3
2026-09-18 03:35:01,Albion Hotel Auckland,2026-10-02,Hotels.com,168,Basic Triple Room,v3
2026-09-18 03:35:01,Albion Hotel Auckland,2026-10-02,Official site,115,Chic Princes Wharf Studio | City View | Parking,v3
2026-09-18 03:35:01,Albion Hotel Auckland,2026-10-02,Super.com,115,,v3
2026-09-18 03:35:08,Ascotia Off Queen Auckland,2026-10-02,Booking.com,119,,v3
2026-09-18 03:35:08,Ascotia Off Queen Auckland,2026-10-02,Official site,93,Open Ascotia Off Queen in a new tab.,v3
2026-09-18 03:35:08,Ascotia Off Queen Auckland,2026-10-02,Super.com,93,,v3
2026-09-18 03:35:14,VR Queen Street Auckland,2026-10-03,Booking.com,153,,v3
2026-09-18 03:35:14,VR Queen Street Auckland,2026-10-03,Hotels.com,136,Standard King Room,v3
2026-09-18 03:35:14,VR Queen Street Auckland,2026-10-03,Official site,158,,v3
2026-09-18 03:35:14,VR Queen Street Auckland,2026-10-03,Super.com,121,,v3
2026-09-18 03:35:14,VR Queen Street Auckland,2026-10-03,Wotif,121,Open VR Queen Street - Hotel & Suites in a new tab.,v3
2026-09-18 03:35:21,VR Auckland City,2026-10-03,Booking.com,158,,v3
2026-09-18 03:35:21,VR Auckland City,2026-10-03,Super.com,123,,v3
2026-09-18 03:35:27,Shakespeare Hotel Auckland,2026-10-03,Booking.com,109,,v3
2026-09-18 03:35:27,Shakespeare Hotel Auckland,2026-10-03,Hotels.com,100,Double Room,v3
2026-09-18 03:35:27,Shakespeare Hotel Auckland,2026-10-03,Official site,130,,v3
2026-09-18 03:35:27,Shakespeare Hotel Auckland,2026-10-03,Super.com,89,,v3
2026-09-18 03:35:27,Shakespeare Hotel Auckland,2026-10-03,Wotif,89,Penthouse,v3
2026-09-18 03:35:34,Auckland City Hotel,2026-10-03,Agoda,160,,v3
2026-09-18 03:35:34,Auckland City Hotel,2026-10-03,Booking.com,177,Standard Queen Room,v3
2026-09-18 03:35:34,Auckland City Hotel,2026-10-03,Official site,233,,v3
2026-09-18 03:35:34,Auckland City Hotel,2026-10-03,Super.com,108,,v3
2026-09-18 03:35:34,Auckland City Hotel,2026-10-03,Wotif,108,Penthouse,v3
2026-09-18 03:35:41,ibis budget Auckland Central,2026-10-03,Booking.com,122,Double Studio,v3
2026-09-18 03:35:41,ibis budget Auckland Central,2026-10-03,Official site,122,,v3
2026-09-18 03:35:41,ibis budget Auckland Central,2026-10-03,Super.com,98,,v3
2026-09-18 03:35:41,ibis budget Auckland Central,2026-10-03,Wotif,98,Penthouse,v3
2026-09-18 03:35:47,The Quadrant Hotel & Suites Auckland,2026-10-03,Agoda,167,,v3
2026-09-18 03:35:47,The Quadrant Hotel & Suites Auckland,2026-10-03,Booking.com,152,Classic One Bedroom Apartment,v3
2026-09-18 03:35:47,The Quadrant Hotel & Suites Auckland,2026-10-03,Official site,172,,v3
2026-09-18 03:35:47,The Quadrant Hotel & Suites Auckland,2026-10-03,Super.com,127,,v3
2026-09-18 03:35:47,The Quadrant Hotel & Suites Auckland,2026-10-03,Wotif,127,Open The Quadrant Hotel & Suites in a new tab.,v3
2026-09-18 03:35:53,Copthorne Hotel Auckland City,2026-10-03,Booking.com,190,,v3
2026-09-18 03:35:53,Copthorne Hotel Auckland City,2026-10-03,Expedia,190,Superior Accessible 1 King or 2 Doubles,v3
2026-09-18 03:35:53,Copthorne Hotel Auckland City,2026-10-03,Official site,156,Penthouse,v3
2026-09-18 03:35:53,Copthorne Hotel Auckland City,2026-10-03,Super.com,156,,v3
2026-09-18 03:36:00,Albion Hotel Auckland,2026-10-03,Expedia,168,Basic Triple Room,v3
2026-09-18 03:36:00,Albion Hotel Auckland,2026-10-03,Official site,142,,v3
2026-09-18 03:36:00,Albion Hotel Auckland,2026-10-03,Super.com,114,,v3
2026-09-18 03:36:00,Albion Hotel Auckland,2026-10-03,Wotif,114,Penthouse,v3
2026-09-18 03:36:07,Ascotia Off Queen Auckland,2026-10-03,Booking.com,119,Queen Room,v3
2026-09-18 03:36:07,Ascotia Off Queen Auckland,2026-10-03,Official site,94,Open Ascotia Off Queen in a new tab.,v3
2026-09-18 03:36:07,Ascotia Off Queen Auckland,2026-10-03,Super.com,94,,v3
2026-09-18 03:36:13,VR Queen Street Auckland,2026-10-04,Booking.com,90,Open VR Queen Street - Hotel & Suites in a new tab.,v3
2026-09-18 03:36:13,VR Queen Street Auckland,2026-10-04,Official site,117,,v3
2026-09-18 03:36:13,VR Queen Street Auckland,2026-10-04,Super.com,90,,v3
2026-09-18 03:36:20,VR Auckland City,2026-10-04,Booking.com,139,Studio Apartment,v3
2026-09-18 03:36:20,VR Auckland City,2026-10-04,Super.com,108,,v3
2026-09-18 03:36:26,Shakespeare Hotel Auckland,2026-10-04,Agoda,100,,v3
2026-09-18 03:36:26,Shakespeare Hotel Auckland,2026-10-04,Booking.com,109,Standard Queen Room,v3
2026-09-18 03:36:26,Shakespeare Hotel Auckland,2026-10-04,Official site,130,,v3
2026-09-18 03:36:26,Shakespeare Hotel Auckland,2026-10-04,Super.com,92,,v3
2026-09-18 03:36:26,Shakespeare Hotel Auckland,2026-10-04,Wotif,92,Auckland Harbour Suites,v3
2026-09-18 03:36:33,Auckland City Hotel,2026-10-04,Agoda,162,,v3
2026-09-18 03:36:33,Auckland City Hotel,2026-10-04,Booking.com,166,Standard Queen Room,v3
2026-09-18 03:36:33,Auckland City Hotel,2026-10-04,Official site,103,Auckland Harbour Suites,v3
2026-09-18 03:36:33,Auckland City Hotel,2026-10-04,Super.com,103,,v3
2026-09-18 03:36:39,ibis budget Auckland Central,2026-10-04,Booking.com,104,Double Studio,v3
2026-09-18 03:36:39,ibis budget Auckland Central,2026-10-04,Official site,104,,v3
2026-09-18 03:36:39,ibis budget Auckland Central,2026-10-04,Super.com,86,,v3
2026-09-18 03:36:39,ibis budget Auckland Central,2026-10-04,Wotif,86,Auckland Harbour Suites,v3
2026-09-18 03:36:45,The Quadrant Hotel & Suites Auckland,2026-10-04,Booking.com,117,,v3
2026-09-18 03:36:45,The Quadrant Hotel & Suites Auckland,2026-10-04,Hotels.com,117,Classic One-Bedroom Apartment,v3
2026-09-18 03:36:45,The Quadrant Hotel & Suites Auckland,2026-10-04,Official site,134,,v3
2026-09-18 03:36:45,The Quadrant Hotel & Suites Auckland,2026-10-04,Super.com,94,,v3
2026-09-18 03:36:45,The Quadrant Hotel & Suites Auckland,2026-10-04,Wotif,94,Open The Quadrant Hotel & Suites in a new tab.,v3
2026-09-18 03:36:52,Copthorne Hotel Auckland City,2026-10-04,Booking.com,136,Superior King,v3
2026-09-18 03:36:52,Copthorne Hotel Auckland City,2026-10-04,Expedia,136,,v3
2026-09-18 03:36:52,Copthorne Hotel Auckland City,2026-10-04,Official site,135,,v3
2026-09-18 03:36:52,Copthorne Hotel Auckland City,2026-10-04,Super.com,111,,v3
2026-09-18 03:36:52,Copthorne Hotel Auckland City,2026-10-04,Wotif,111,Auckland Harbour Suites,v3
2026-09-18 03:36:59,Albion Hotel Auckland,2026-10-04,Booking.com,77,Auckland Harbour Suites,v3
2026-09-18 03:36:59,Albion Hotel Auckland,2026-10-04,Hotels.com,124,Standard Double Room,v3
2026-09-18 03:36:59,Albion Hotel Auckland,2026-10-04,Official site,95,,v3
2026-09-18 03:36:59,Albion Hotel Auckland,2026-10-04,Super.com,77,,v3
2026-09-18 03:37:05,Ascotia Off Queen Auckland,2026-10-04,Booking.com,95,,v3
2026-09-18 03:37:05,Ascotia Off Queen Auckland,2026-10-04,Official site,81,Open Ascotia Off Queen in a new tab.,v3
2026-09-18 03:37:05,Ascotia Off Queen Auckland,2026-10-04,Super.com,81,,v3
2026-09-18 03:37:12,VR Queen Street Auckland,2026-10-05,Booking.com,113,Standard King Room,v3
2026-09-18 03:37:12,VR Queen Street Auckland,2026-10-05,Hotels.com,100,,v3
2026-09-18 03:37:12,VR Queen Street Auckland,2026-10-05,Official site,90,Open VR Queen Street - Hotel & Suites in a new tab.,v3
2026-09-18 03:37:12,VR Queen Street Auckland,2026-10-05,Super.com,90,,v3
2026-09-18 03:37:19,VR Auckland City,2026-10-05,Booking.com,139,,v3
2026-09-18 03:37:19,VR Auckland City,2026-10-05,Super.com,109,,v3
2026-09-18 03:37:19,VR Auckland City,2026-10-05,Wotif,84,Auckland Harbour Suites,v3
2026-09-18 03:37:25,Shakespeare Hotel Auckland,2026-10-05,Booking.com,109,,v3
2026-09-18 03:37:25,Shakespeare Hotel Auckland,2026-10-05,Hotels.com,106,Double Room,v3
2026-09-18 03:37:25,Shakespeare Hotel Auckland,2026-10-05,Official site,130,,v3
2026-09-18 03:37:25,Shakespeare Hotel Auckland,2026-10-05,Super.com,93,,v3
2026-09-18 03:37:25,Shakespeare Hotel Auckland,2026-10-05,Wotif,93,Auckland Harbour Suites,v3
2026-09-18 03:37:31,Auckland City Hotel,2026-10-05,Booking.com,194,Standard Room with Two Single Beds,v3
2026-09-18 03:37:31,Auckland City Hotel,2026-10-05,Expedia,134,,v3
2026-09-18 03:37:31,Auckland City Hotel,2026-10-05,Official site,213,,v3
2026-09-18 03:37:31,Auckland City Hotel,2026-10-05,Super.com,97,,v3
2026-09-18 03:37:31,Auckland City Hotel,2026-10-05,Wotif,97,Auckland Harbour Suites,v3
2026-09-18 03:37:38,ibis budget Auckland Central,2026-10-05,Booking.com,95,Double Studio,v3
2026-09-18 03:37:38,ibis budget Auckland Central,2026-10-05,Official site,95,,v3
2026-09-18 03:37:38,ibis budget Auckland Central,2026-10-05,Super.com,76,,v3
2026-09-18 03:37:38,ibis budget Auckland Central,2026-10-05,Wotif,76,Auckland Harbour Suites,v3
2026-09-18 03:37:45,The Quadrant Hotel & Suites Auckland,2026-10-05,Agoda,112,,v3
2026-09-18 03:37:45,The Quadrant Hotel & Suites Auckland,2026-10-05,Booking.com,106,Classic One-Bedroom Apartment,v3
2026-09-18 03:37:45,The Quadrant Hotel & Suites Auckland,2026-10-05,Official site,92,Open The Quadrant Hotel & Suites in a new tab.,v3
2026-09-18 03:37:45,The Quadrant Hotel & Suites Auckland,2026-10-05,Super.com,92,,v3
2026-09-18 03:37:51,Copthorne Hotel Auckland City,2026-10-05,Booking.com,136,,v3
2026-09-18 03:37:51,Copthorne Hotel Auckland City,2026-10-05,Expedia,136,Superior Accessible 1 King or 2 Doubles,v3
2026-09-18 03:37:51,Copthorne Hotel Auckland City,2026-10-05,Official site,135,,v3
2026-09-18 03:37:51,Copthorne Hotel Auckland City,2026-10-05,Super.com,110,,v3
2026-09-18 03:37:51,Copthorne Hotel Auckland City,2026-10-05,Wotif,110,Auckland Harbour Suites,v3
2026-09-18 03:37:58,Albion Hotel Auckland,2026-10-05,Expedia,124,Standard Double Room,v3
2026-09-18 03:37:58,Albion Hotel Auckland,2026-10-05,Official site,76,Auckland Harbour Suites,v3
2026-09-18 03:37:58,Albion Hotel Auckland,2026-10-05,Super.com,76,,v3
2026-09-18 03:38:04,Ascotia Off Queen Auckland,2026-10-05,Booking.com,99,,v3
2026-09-18 03:38:04,Ascotia Off Queen Auckland,2026-10-05,Official site,79,Open Ascotia Off Queen in a new tab.,v3
2026-09-18 03:38:04,Ascotia Off Queen Auckland,2026-10-05,Super.com,79,,v3
2026-09-18 03:38:11,VR Queen Street Auckland,2026-10-06,Booking.com,113,,v3
2026-09-18 03:38:11,VR Queen Street Auckland,2026-10-06,Hotels.com,102,Standard King Room,v3
2026-09-18 03:38:11,VR Queen Street Auckland,2026-10-06,Official site,90,Open VR Queen Street - Hotel & Suites in a new tab.,v3
2026-09-18 03:38:11,VR Queen Street Auckland,2026-10-06,Super.com,90,,v3
2026-09-18 03:38:17,VR Auckland City,2026-10-06,Booking.com,139,,v3
2026-09-18 03:38:17,VR Auckland City,2026-10-06,Super.com,107,,v3
2026-09-18 03:38:17,VR Auckland City,2026-10-06,Wotif,84,The Quadrant Hotel & Suites,v3
2026-09-18 03:38:23,Shakespeare Hotel Auckland,2026-10-06,Agoda,99,,v3
2026-09-18 03:38:23,Shakespeare Hotel Auckland,2026-10-06,Booking.com,109,Double Room,v3
2026-09-18 03:38:23,Shakespeare Hotel Auckland,2026-10-06,Official site,130,,v3
2026-09-18 03:38:23,Shakespeare Hotel Auckland,2026-10-06,Super.com,91,,v3
2026-09-18 03:38:23,Shakespeare Hotel Auckland,2026-10-06,Wotif,91,The Quadrant Hotel & Suites,v3
2026-09-18 03:38:30,Auckland City Hotel,2026-10-06,Booking.com,128,Studio with Two Double Beds,v3
2026-09-18 03:38:30,Auckland City Hotel,2026-10-06,Official site,108,The Quadrant Hotel & Suites,v3
2026-09-18 03:38:30,Auckland City Hotel,2026-10-06,Super.com,108,,v3
2026-09-18 03:38:37,ibis budget Auckland Central,2026-10-06,Booking.com,95,Double Studio,v3
2026-09-18 03:38:37,ibis budget Auckland Central,2026-10-06,Expedia,95,,v3
2026-09-18 03:38:37,ibis budget Auckland Central,2026-10-06,Official site,95,,v3
2026-09-18 03:38:37,ibis budget Auckland Central,2026-10-06,Super.com,78,,v3
2026-09-18 03:38:37,ibis budget Auckland Central,2026-10-06,Wotif,78,The Quadrant Hotel & Suites,v3
2026-09-18 03:38:43,The Quadrant Hotel & Suites Auckland,2026-10-06,Booking.com,110,Classic One-Bedroom Apartment,v3
2026-09-18 03:38:43,The Quadrant Hotel & Suites Auckland,2026-10-06,Official site,94,Open The Quadrant Hotel & Suites in a new tab.,v3
2026-09-18 03:38:43,The Quadrant Hotel & Suites Auckland,2026-10-06,Super.com,94,,v3
2026-09-18 03:38:50,Copthorne Hotel Auckland City,2026-10-06,Booking.com,136,,v3
2026-09-18 03:38:50,Copthorne Hotel Auckland City,2026-10-06,Expedia,136,Superior Accessible 1 King or 2 Doubles,v3
2026-09-18 03:38:50,Copthorne Hotel Auckland City,2026-10-06,Official site,111,The Quadrant Hotel & Suites,v3
2026-09-18 03:38:50,Copthorne Hotel Auckland City,2026-10-06,Super.com,111,,v3
2026-09-18 03:38:57,Albion Hotel Auckland,2026-10-06,Expedia,124,Standard Double Room,v3
2026-09-18 03:38:57,Albion Hotel Auckland,2026-10-06,Official site,95,,v3
2026-09-18 03:38:57,Albion Hotel Auckland,2026-10-06,Super.com,76,,v3
2026-09-18 03:38:57,Albion Hotel Auckland,2026-10-06,Wotif,76,The Quadrant Hotel & Suites,v3
2026-09-18 03:39:04,Ascotia Off Queen Auckland,2026-10-06,Booking.com,99,,v3
2026-09-18 03:39:04,Ascotia Off Queen Auckland,2026-10-06,Official site,99,,v3
2026-09-18 03:39:04,Ascotia Off Queen Auckland,2026-10-06,Super.com,79,,v3
2026-09-18 03:39:04,Ascotia Off Queen Auckland,2026-10-06,Wotif,79,Open Ascotia Off Queen in a new tab.,v3
2026-09-18 03:39:11,VR Queen Street Auckland,2026-10-07,Booking.com,108,Standard King Room,v3
2026-09-18 03:39:11,VR Queen Street Auckland,2026-10-07,Official site,111,,v3
2026-09-18 03:39:11,VR Queen Street Auckland,2026-10-07,Super.com,85,,v3
2026-09-18 03:39:11,VR Queen Street Auckland,2026-10-07,Wotif,85,Open VR Queen Street - Hotel & Suites in a new tab.,v3
2026-09-18 03:39:18,VR Auckland City,2026-10-07,Booking.com,139,,v3
2026-09-18 03:39:18,VR Auckland City,2026-10-07,Super.com,107,,v3
2026-09-18 03:39:24,Shakespeare Hotel Auckland,2026-10-07,Booking.com,109,,v3
2026-09-18 03:39:24,Shakespeare Hotel Auckland,2026-10-07,Hotels.com,102,Double Room,v3
2026-09-18 03:39:24,Shakespeare Hotel Auckland,2026-10-07,Official site,130,,v3
2026-09-18 03:39:24,Shakespeare Hotel Auckland,2026-10-07,Super.com,95,,v3
2026-09-18 03:39:24,Shakespeare Hotel Auckland,2026-10-07,Wotif,95,Mercure Auckland Queen Street,v3
2026-09-18 03:39:30,Auckland City Hotel,2026-10-07,Agoda,171,,v3
2026-09-18 03:39:30,Auckland City Hotel,2026-10-07,Booking.com,212,Standard Queen Room,v3
2026-09-18 03:39:30,Auckland City Hotel,2026-10-07,Official site,233,,v3
2026-09-18 03:39:30,Auckland City Hotel,2026-10-07,Super.com,107,,v3
2026-09-18 03:39:30,Auckland City Hotel,2026-10-07,Wotif,107,Mercure Auckland Queen Street,v3
2026-09-18 03:39:37,ibis budget Auckland Central,2026-10-07,Booking.com,95,Double Studio,v3
2026-09-18 03:39:37,ibis budget Auckland Central,2026-10-07,Official site,74,,v3
2026-09-18 03:39:37,ibis budget Auckland Central,2026-10-07,Wotif,74,Mercure Auckland Queen Street,v3
2026-09-18 03:39:44,The Quadrant Hotel & Suites Auckland,2026-10-07,Agoda,112,,v3
2026-09-18 03:39:44,The Quadrant Hotel & Suites Auckland,2026-10-07,Booking.com,112,Classic One-Bedroom Apartment,v3
2026-09-18 03:39:44,The Quadrant Hotel & Suites Auckland,2026-10-07,Official site,128,,v3
2026-09-18 03:39:44,The Quadrant Hotel & Suites Auckland,2026-10-07,Super.com,94,,v3
2026-09-18 03:39:44,The Quadrant Hotel & Suites Auckland,2026-10-07,Wotif,94,Open The Quadrant Hotel & Suites in a new tab.,v3
2026-09-18 03:39:50,Copthorne Hotel Auckland City,2026-10-07,Booking.com,137,,v3
2026-09-18 03:39:50,Copthorne Hotel Auckland City,2026-10-07,Expedia,137,Superior Accessible 1 King or 2 Doubles,v3
2026-09-18 03:39:50,Copthorne Hotel Auckland City,2026-10-07,Official site,136,,v3
2026-09-18 03:39:50,Copthorne Hotel Auckland City,2026-10-07,Super.com,111,,v3
2026-09-18 03:39:50,Copthorne Hotel Auckland City,2026-10-07,Wotif,111,Mercure Auckland Queen Street,v3
2026-09-18 03:39:57,Albion Hotel Auckland,2026-10-07,Expedia,124,Standard Double Room,v3
2026-09-18 03:39:57,Albion Hotel Auckland,2026-10-07,Official site,76,Mercure Auckland Queen Street,v3
2026-09-18 03:39:57,Albion Hotel Auckland,2026-10-07,Super.com,76,,v3
2026-09-18 03:40:03,Ascotia Off Queen Auckland,2026-10-07,Booking.com,119,King Room,v3
2026-09-18 03:40:03,Ascotia Off Queen Auckland,2026-10-07,Official site,119,,v3
2026-09-18 03:40:03,Ascotia Off Queen Auckland,2026-10-07,Super.com,95,,v3
2026-09-18 03:40:03,Ascotia Off Queen Auckland,2026-10-07,Wotif,95,Open Ascotia Off Queen in a new tab.,v3
2026-09-18 03:40:10,VR Queen Street Auckland,2026-10-08,Booking.com,144,Standard King Room,v3
2026-09-18 03:40:10,VR Queen Street Auckland,2026-10-08,Official site,149,,v3
2026-09-18 03:40:10,VR Queen Street Auckland,2026-10-08,Super.com,117,,v3
2026-09-18 03:40:10,VR Queen Street Auckland,2026-10-08,Wotif,117,Open VR Queen Street - Hotel & Suites in a new tab.,v3
2026-09-18 03:40:16,VR Auckland City,2026-10-08,Booking.com,187,Executive One-Bedroom Apartment,v3
2026-09-18 03:40:16,VR Auckland City,2026-10-08,Super.com,141,,v3
2026-09-18 03:40:16,VR Auckland City,2026-10-08,Wotif,84,The Quadrant Hotel & Suites,v3
2026-09-18 03:40:23,Shakespeare Hotel Auckland,2026-10-08,Booking.com,109,,v3
2026-09-18 03:40:23,Shakespeare Hotel Auckland,2026-10-08,Hotels.com,98,"Double Room, 1 Queen Bed",v3
2026-09-18 03:40:23,Shakespeare Hotel Auckland,2026-10-08,Official site,88,The Quadrant Hotel & Suites,v3
2026-09-18 03:40:23,Shakespeare Hotel Auckland,2026-10-08,Super.com,88,,v3
2026-09-18 03:40:30,Auckland City Hotel,2026-10-08,Agoda,156,,v3
2026-09-18 03:40:30,Auckland City Hotel,2026-10-08,Booking.com,212,Standard Room with Two Single Beds,v3
2026-09-18 03:40:30,Auckland City Hotel,2026-10-08,Official site,107,The Quadrant Hotel & Suites,v3
2026-09-18 03:40:30,Auckland City Hotel,2026-10-08,Super.com,107,,v3
2026-09-18 03:40:36,ibis budget Auckland Central,2026-10-08,Booking.com,117,Double Studio,v3
2026-09-18 03:40:36,ibis budget Auckland Central,2026-10-08,Official site,117,,v3
2026-09-18 03:40:36,ibis budget Auckland Central,2026-10-08,Super.com,99,,v3
2026-09-18 03:40:36,ibis budget Auckland Central,2026-10-08,Wotif,99,The Quadrant Hotel & Suites,v3
2026-09-18 03:40:42,The Quadrant Hotel & Suites Auckland,2026-10-08,Agoda,121,,v3
2026-09-18 03:40:42,The Quadrant Hotel & Suites Auckland,2026-10-08,Booking.com,121,Classic One-Bedroom Apartment,v3
2026-09-18 03:40:42,The Quadrant Hotel & Suites Auckland,2026-10-08,Official site,138,,v3
2026-09-18 03:40:42,The Quadrant Hotel & Suites Auckland,2026-10-08,Super.com,99,,v3
2026-09-18 03:40:42,The Quadrant Hotel & Suites Auckland,2026-10-08,Wotif,99,Open The Quadrant Hotel & Suites in a new tab.,v3
2026-09-18 03:40:49,Copthorne Hotel Auckland City,2026-10-08,Booking.com,154,,v3
2026-09-18 03:40:49,Copthorne Hotel Auckland City,2026-10-08,Expedia,154,Superior Accessible 1 King or 2 Doubles,v3
2026-09-18 03:40:49,Copthorne Hotel Auckland City,2026-10-08,Official site,119,The Quadrant Hotel & Suites,v3
2026-09-18 03:40:49,Copthorne Hotel Auckland City,2026-10-08,Super.com,119,,v3
2026-09-18 03:40:55,Albion Hotel Auckland,2026-10-08,Expedia,154,Standard Double Room,v3
2026-09-18 03:40:55,Albion Hotel Auckland,2026-10-08,Official site,119,,v3
2026-09-18 03:40:55,Albion Hotel Auckland,2026-10-08,Super.com,93,,v3
2026-09-18 03:40:55,Albion Hotel Auckland,2026-10-08,Wotif,93,The Quadrant Hotel & Suites,v3
2026-09-18 03:41:02,Ascotia Off Queen Auckland,2026-10-08,Booking.com,113,King Room,v3
2026-09-18 03:41:02,Ascotia Off Queen Auckland,2026-10-08,Official site,96,Open Ascotia Off Queen in a new tab.,v3
2026-09-18 03:41:02,Ascotia Off Queen Auckland,2026-10-08,Super.com,96,,v3
2026-09-18 03:41:09,VR Queen Street Auckland,2026-10-09,Booking.com,284,,v3
2026-09-18 03:41:09,VR Queen Street Auckland,2026-10-09,Hotels.com,257,Standard King Room,v3
2026-09-18 03:41:09,VR Queen Street Auckland,2026-10-09,Official site,292,,v3
2026-09-18 03:41:09,VR Queen Street Auckland,2026-10-09,Super.com,222,,v3
2026-09-18 03:41:09,VR Queen Street Auckland,2026-10-09,Wotif,222,Open VR Queen Street - Hotel & Suites in a new tab.,v3
2026-09-18 03:41:15,VR Auckland City,2026-10-09,Expedia,330,,v3
2026-09-18 03:41:15,VR Auckland City,2026-10-09,Super.com,253,,v3
2026-09-18 03:41:15,VR Auckland City,2026-10-09,Wotif,102,,v3
2026-09-18 03:41:24,Auckland City Hotel,2026-10-09,Agoda,253,,v3
2026-09-18 03:41:24,Auckland City Hotel,2026-10-09,Booking.com,263,Standard Queen Room,v3
2026-09-18 03:41:24,Auckland City Hotel,2026-10-09,Official site,159,,v3
2026-09-18 03:41:24,Auckland City Hotel,2026-10-09,Super.com,159,,v3
2026-09-18 03:41:31,ibis budget Auckland Central,2026-10-09,Booking.com,221,Double Studio,v3
2026-09-18 03:41:31,ibis budget Auckland Central,2026-10-09,Official site,182,,v3
2026-09-18 03:41:31,ibis budget Auckland Central,2026-10-09,Super.com,182,,v3
2026-09-18 03:41:38,The Quadrant Hotel & Suites Auckland,2026-10-09,Booking.com,259,Classic One Bedroom Apartment,v3
2026-09-18 03:41:38,The Quadrant Hotel & Suites Auckland,2026-10-09,Official site,215,Open The Quadrant Hotel & Suites in a new tab.,v3
2026-09-18 03:41:38,The Quadrant Hotel & Suites Auckland,2026-10-09,Super.com,215,,v3
2026-09-18 03:41:45,Copthorne Hotel Auckland City,2026-10-09,Booking.com,349,,v3
2026-09-18 03:41:45,Copthorne Hotel Auckland City,2026-10-09,Official site,265,,v3
2026-09-18 03:41:45,Copthorne Hotel Auckland City,2026-10-09,Super.com,265,,v3
2026-09-18 03:41:51,Albion Hotel Auckland,2026-10-09,Expedia,214,Standard Double Room,v3
2026-09-18 03:41:51,Albion Hotel Auckland,2026-10-09,Official site,139,,v3
2026-09-18 03:41:51,Albion Hotel Auckland,2026-10-09,Super.com,139,,v3
2026-09-18 03:41:58,Ascotia Off Queen Auckland,2026-10-09,Booking.com,155,King Room,v3
2026-09-18 03:41:58,Ascotia Off Queen Auckland,2026-10-09,Official site,124,Open Ascotia Off Queen in a new tab.,v3
2026-09-18 03:41:58,Ascotia Off Queen Auckland,2026-10-09,Super.com,124,,v3
2026-09-18 03:41:58,Ascotia Off Queen Auckland,2026-10-09,Trip.com,132,,v3
2026-09-18 03:42:05,VR Queen Street Auckland,2026-10-10,Booking.com,290,Standard King Room,v3
2026-09-18 03:42:05,VR Queen Street Auckland,2026-10-10,Hotels.com,263,,v3
2026-09-18 03:42:05,VR Queen Street Auckland,2026-10-10,Official site,227,Open VR Queen Street - Hotel & Suites in a new tab.,v3
2026-09-18 03:42:05,VR Queen Street Auckland,2026-10-10,Super.com,227,,v3
2026-09-18 03:42:11,VR Auckland City,2026-10-10,Booking.com,590,,v3
2026-09-18 03:42:11,VR Auckland City,2026-10-10,Super.com,452,,v3
2026-09-18 03:42:21,Auckland City Hotel,2026-10-10,Booking.com,226,,v3
2026-09-18 03:42:21,Auckland City Hotel,2026-10-10,Hotels.com,311,Standard Twin Room,v3
2026-09-18 03:42:21,Auckland City Hotel,2026-10-10,Official site,226,,v3
2026-09-18 03:42:21,Auckland City Hotel,2026-10-10,Super.com,233,,v3
2026-09-18 03:42:28,ibis budget Auckland Central,2026-10-10,Booking.com,279,Double Studio,v3
2026-09-18 03:42:28,ibis budget Auckland Central,2026-10-10,Official site,236,,v3
2026-09-18 03:42:28,ibis budget Auckland Central,2026-10-10,Super.com,236,,v3
2026-09-18 03:42:34,The Quadrant Hotel & Suites Auckland,2026-10-10,Booking.com,337,,v3
2026-09-18 03:42:34,The Quadrant Hotel & Suites Auckland,2026-10-10,Hotels.com,337,Classic One-Bedroom Apartment,v3
2026-09-18 03:42:34,The Quadrant Hotel & Suites Auckland,2026-10-10,Official site,347,,v3
2026-09-18 03:42:34,The Quadrant Hotel & Suites Auckland,2026-10-10,Super.com,255,,v3
2026-09-18 03:42:34,The Quadrant Hotel & Suites Auckland,2026-10-10,Wotif,255,Open The Quadrant Hotel & Suites in a new tab.,v3
2026-09-18 03:42:41,Copthorne Hotel Auckland City,2026-10-10,Booking.com,376,Superior King,v3
2026-09-18 03:42:41,Copthorne Hotel Auckland City,2026-10-10,Official site,399,,v3
2026-09-18 03:42:41,Copthorne Hotel Auckland City,2026-10-10,Super.com,309,,v3
2026-09-18 03:42:41,Copthorne Hotel Auckland City,2026-10-10,Wotif,309,,v3
2026-09-18 03:42:48,Albion Hotel Auckland,2026-10-10,Hotels.com,333,Standard Room,v3
2026-09-18 03:42:48,Albion Hotel Auckland,2026-10-10,Official site,197,,v3
2026-09-18 03:42:48,Albion Hotel Auckland,2026-10-10,Super.com,197,,v3
2026-09-18 03:42:55,Ascotia Off Queen Auckland,2026-10-10,Booking.com,320,King Room,v3
2026-09-18 03:42:55,Ascotia Off Queen Auckland,2026-10-10,Expedia,298,,v3
2026-09-18 03:42:55,Ascotia Off Queen Auckland,2026-10-10,Hotels.com,290,,v3
2026-09-18 03:42:55,Ascotia Off Queen Auckland,2026-10-10,Trip.com,273,,v3
2026-09-18 03:42:55,Ascotia Off Queen Auckland,2026-10-10,Wotif,273,Open Ascotia Off Queen in a new tab.,v3
2026-09-18 03:43:01,VR Queen Street Auckland,2026-10-11,Booking.com,122,Standard King Room,v3
2026-09-18 03:43:01,VR Queen Street Auckland,2026-10-11,Official site,96,Open VR Queen Street - Hotel & Suites in a new tab.,v3
2026-09-18 03:43:01,VR Queen Street Auckland,2026-10-11,Super.com,96,,v3
2026-09-18 03:43:08,VR Auckland City,2026-10-11,Booking.com,112,Studio Apartment,v3
2026-09-18 03:43:08,VR Auckland City,2026-10-11,Super.com,89,,v3
2026-09-18 03:43:08,VR Auckland City,2026-10-11,Wotif,84,Chic Princes Wharf Studio | City View | Parking,v3
2026-09-18 03:43:15,Shakespeare Hotel Auckland,2026-10-11,Booking.com,109,Standard Queen Room,v3
2026-09-18 03:43:15,Shakespeare Hotel Auckland,2026-10-11,Hotels.com,102,,v3
2026-09-18 03:43:15,Shakespeare Hotel Auckland,2026-10-11,Official site,130,,v3
2026-09-18 03:43:15,Shakespeare Hotel Auckland,2026-10-11,Super.com,91,,v3
2026-09-18 03:43:15,Shakespeare Hotel Auckland,2026-10-11,Wotif,91,Chic Princes Wharf Studio | City View | Parking,v3
2026-09-18 03:43:22,Auckland City Hotel,2026-10-11,Agoda,162,,v3
2026-09-18 03:43:22,Auckland City Hotel,2026-10-11,Booking.com,161,Standard Queen Room,v3
2026-09-18 03:43:22,Auckland City Hotel,2026-10-11,Official site,213,,v3
2026-09-18 03:43:22,Auckland City Hotel,2026-10-11,Super.com,101,,v3
2026-09-18 03:43:22,Auckland City Hotel,2026-10-11,Wotif,101,Chic Princes Wharf Studio | City View | Parking,v3
2026-09-18 03:43:28,ibis budget Auckland Central,2026-10-11,Booking.com,95,Double Studio,v3
2026-09-18 03:43:28,ibis budget Auckland Central,2026-10-11,Official site,95,,v3
2026-09-18 03:43:28,ibis budget Auckland Central,2026-10-11,Super.com,76,,v3
2026-09-18 03:43:28,ibis budget Auckland Central,2026-10-11,Wotif,76,Chic Princes Wharf Studio | City View | Parking,v3
2026-09-18 03:43:35,The Quadrant Hotel & Suites Auckland,2026-10-11,Booking.com,102,,v3
2026-09-18 03:43:35,The Quadrant Hotel & Suites Auckland,2026-10-11,Hotels.com,108,Classic One-Bedroom Apartment,v3
2026-09-18 03:43:35,The Quadrant Hotel & Suites Auckland,2026-10-11,Official site,86,Open The Quadrant Hotel & Suites in a new tab.,v3
2026-09-18 03:43:35,The Quadrant Hotel & Suites Auckland,2026-10-11,Super.com,86,,v3
2026-09-18 03:43:41,Copthorne Hotel Auckland City,2026-10-11,Booking.com,127,Superior 2 Double,v3
2026-09-18 03:43:41,Copthorne Hotel Auckland City,2026-10-11,Official site,101,Chic Princes Wharf Studio | City View | Parking,v3
2026-09-18 03:43:41,Copthorne Hotel Auckland City,2026-10-11,Super.com,101,,v3
2026-09-18 03:43:48,Albion Hotel Auckland,2026-10-11,Expedia,124,Standard Double Room,v3
2026-09-18 03:43:48,Albion Hotel Auckland,2026-10-11,Official site,76,Chic Princes Wharf Studio | City View | Parking,v3
2026-09-18 03:43:48,Albion Hotel Auckland,2026-10-11,Super.com,76,,v3
2026-09-18 03:43:54,Ascotia Off Queen Auckland,2026-10-11,Booking.com,109,Queen Room,v3
2026-09-18 03:43:54,Ascotia Off Queen Auckland,2026-10-11,Expedia,109,,v3
2026-09-18 03:43:54,Ascotia Off Queen Auckland,2026-10-11,Official site,87,Open Ascotia Off Queen in a new tab.,v3
2026-09-18 03:43:54,Ascotia Off Queen Auckland,2026-10-11,Super.com,87,,v3
2026-09-18 03:44:01,VR Queen Street Auckland,2026-10-12,Booking.com,122,Standard King Room,v3
2026-09-18 03:44:01,VR Queen Street Auckland,2026-10-12,Hotels.com,108,,v3
2026-09-18 03:44:01,VR Queen Street Auckland,2026-10-12,Official site,125,,v3
2026-09-18 03:44:01,VR Queen Street Auckland,2026-10-12,Super.com,96,,v3
2026-09-18 03:44:01,VR Queen Street Auckland,2026-10-12,Wotif,96,Open VR Queen Street - Hotel & Suites in a new tab.,v3
2026-09-18 03:44:07,VR Auckland City,2026-10-12,Booking.com,131,Studio Apartment,v3
2026-09-18 03:44:07,VR Auckland City,2026-10-12,Super.com,102,,v3
2026-09-18 03:44:14,Shakespeare Hotel Auckland,2026-10-12,Booking.com,104,,v3
2026-09-18 03:44:14,Shakespeare Hotel Auckland,2026-10-12,Hotels.com,120,Triple Room,v3
2026-09-18 03:44:14,Shakespeare Hotel Auckland,2026-10-12,Official site,130,,v3
2026-09-18 03:44:14,Shakespeare Hotel Auckland,2026-10-12,Super.com,89,,v3
2026-09-18 03:44:14,Shakespeare Hotel Auckland,2026-10-12,Wotif,89,ibis budget Auckland Central - Double Studio,v3
2026-09-18 03:44:20,Auckland City Hotel,2026-10-12,Booking.com,156,,v3
2026-09-18 03:44:20,Auckland City Hotel,2026-10-12,Hotels.com,134,Standard Twin Room,v3
2026-09-18 03:44:20,Auckland City Hotel,2026-10-12,Official site,213,,v3
2026-09-18 03:44:20,Auckland City Hotel,2026-10-12,Super.com,98,,v3
2026-09-18 03:44:20,Auckland City Hotel,2026-10-12,Wotif,98,ibis budget Auckland Central - Double Studio,v3
2026-09-18 03:44:27,ibis budget Auckland Central,2026-10-12,Expedia,104,"Studio, 1 Double Bed",v3
2026-09-18 03:44:27,ibis budget Auckland Central,2026-10-12,Official site,104,,v3
2026-09-18 03:44:27,ibis budget Auckland Central,2026-10-12,Super.com,88,,v3
2026-09-18 03:44:27,ibis budget Auckland Central,2026-10-12,Wotif,88,ibis budget Auckland Central - Double Studio,v3
2026-09-18 03:44:33,The Quadrant Hotel & Suites Auckland,2026-10-12,Booking.com,97,Deluxe Queen Studio,v3
2026-09-18 03:44:33,The Quadrant Hotel & Suites Auckland,2026-10-12,Expedia,97,,v3
2026-09-18 03:44:33,The Quadrant Hotel & Suites Auckland,2026-10-12,Official site,100,,v3
2026-09-18 03:44:33,The Quadrant Hotel & Suites Auckland,2026-10-12,Super.com,75,,v3
2026-09-18 03:44:33,The Quadrant Hotel & Suites Auckland,2026-10-12,Wotif,75,Open The Quadrant Hotel & Suites in a new tab.,v3
2026-09-18 03:44:40,Copthorne Hotel Auckland City,2026-10-12,Booking.com,141,Superior King,v3
2026-09-18 03:44:40,Copthorne Hotel Auckland City,2026-10-12,Official site,107,ibis budget Auckland Central - Double Studio,v3
2026-09-18 03:44:40,Copthorne Hotel Auckland City,2026-10-12,Super.com,107,,v3
2026-09-18 03:44:46,Albion Hotel Auckland,2026-10-12,Expedia,124,Standard Double Room,v3
2026-09-18 03:44:46,Albion Hotel Auckland,2026-10-12,Official site,95,,v3
2026-09-18 03:44:46,Albion Hotel Auckland,2026-10-12,Super.com,76,,v3
2026-09-18 03:44:46,Albion Hotel Auckland,2026-10-12,Wotif,76,ibis budget Auckland Central - Double Studio,v3
2026-09-18 03:44:53,Ascotia Off Queen Auckland,2026-10-12,Booking.com,109,Queen Room,v3
2026-09-18 03:44:53,Ascotia Off Queen Auckland,2026-10-12,Super.com,88,,v3
2026-09-18 03:44:53,Ascotia Off Queen Auckland,2026-10-12,Trip.com,93,,v3
2026-09-18 03:44:53,Ascotia Off Queen Auckland,2026-10-12,Wotif,88,Open Ascotia Off Queen in a new tab.,v3
2026-09-18 03:44:59,VR Queen Street Auckland,2026-10-13,Booking.com,122,Standard King Room,v3
2026-09-18 03:44:59,VR Queen Street Auckland,2026-10-13,Hotels.com,108,,v3
2026-09-18 03:44:59,VR Queen Street Auckland,2026-10-13,Official site,96,Open VR Queen Street - Hotel & Suites in a new tab.,v3
2026-09-18 03:44:59,VR Queen Street Auckland,2026-10-13,Super.com,96,,v3
2026-09-18 03:45:06,VR Auckland City,2026-10-13,Booking.com,113,Studio Studio Apartment,v3
2026-09-18 03:45:06,VR Auckland City,2026-10-13,Super.com,91,,v3
2026-09-18 03:45:12,Shakespeare Hotel Auckland,2026-10-13,Bluepillow,90,,v3
2026-09-18 03:45:12,Shakespeare Hotel Auckland,2026-10-13,Booking.com,109,,v3
2026-09-18 03:45:12,Shakespeare Hotel Auckland,2026-10-13,Hotels.com,93,,v3
2026-09-18 03:45:12,Shakespeare Hotel Auckland,2026-10-13,Official site,130,,v3
2026-09-18 03:45:17,Auckland City Hotel,2026-10-13,Agoda,162,,v3
2026-09-18 03:45:17,Auckland City Hotel,2026-10-13,Booking.com,161,Standard Queen Room,v3
2026-09-18 03:45:17,Auckland City Hotel,2026-10-13,Official site,101,Parkside Hotel & Apartments Auckland,v3
2026-09-18 03:45:17,Auckland City Hotel,2026-10-13,Super.com,101,,v3
2026-09-18 03:45:23,ibis budget Auckland Central,2026-10-13,Booking.com,104,,v3
2026-09-18 03:45:23,ibis budget Auckland Central,2026-10-13,Expedia,104,"Studio, 1 Double Bed",v3
2026-09-18 03:45:23,ibis budget Auckland Central,2026-10-13,Official site,84,Parkside Hotel & Apartments Auckland,v3
2026-09-18 03:45:23,ibis budget Auckland Central,2026-10-13,Super.com,84,,v3
2026-09-18 03:45:29,The Quadrant Hotel & Suites Auckland,2026-10-13,Booking.com,113,,v3
2026-09-18 03:45:29,The Quadrant Hotel & Suites Auckland,2026-10-13,Hotels.com,113,,v3
2026-09-18 03:45:29,The Quadrant Hotel & Suites Auckland,2026-10-13,Official site,92,Open The Quadrant Hotel & Suites in a new tab.,v3
2026-09-18 03:45:29,The Quadrant Hotel & Suites Auckland,2026-10-13,Super.com,92,,v3
2026-09-18 03:45:36,Copthorne Hotel Auckland City,2026-10-13,Booking.com,159,,v3
2026-09-18 03:45:36,Copthorne Hotel Auckland City,2026-10-13,Official site,118,Parkside Hotel & Apartments Auckland,v3
2026-09-18 03:45:36,Copthorne Hotel Auckland City,2026-10-13,Super.com,118,,v3
2026-09-18 03:45:43,Albion Hotel Auckland,2026-10-13,Bluepillow,80,,v3
2026-09-18 03:45:43,Albion Hotel Auckland,2026-10-13,Expedia,124,Standard Double Room,v3
2026-09-18 03:45:43,Albion Hotel Auckland,2026-10-13,Official site,80,Parkside Hotel & Apartments Auckland,v3
2026-09-18 03:45:49,Ascotia Off Queen Auckland,2026-10-13,Bluepillow,94,,v3
2026-09-18 03:45:49,Ascotia Off Queen Auckland,2026-10-13,Booking.com,109,Queen Room,v3
2026-09-18 03:45:49,Ascotia Off Queen Auckland,2026-10-13,Expedia,100,,v3
2026-09-18 03:45:49,Ascotia Off Queen Auckland,2026-10-13,Official site,94,Open Ascotia Off Queen in a new tab.,v3
2026-09-18 03:45:55,VR Queen Street Auckland,2026-10-14,Booking.com,122,Standard King Room,v3
2026-09-18 03:45:55,VR Queen Street Auckland,2026-10-14,Hotels.com,108,,v3
2026-09-18 03:45:55,VR Queen Street Auckland,2026-10-14,Official site,125,,v3
2026-09-18 03:45:55,VR Queen Street Auckland,2026-10-14,Super.com,95,,v3
2026-09-18 03:45:55,VR Queen Street Auckland,2026-10-14,Wotif,95,Open VR Queen Street - Hotel & Suites in a new tab.,v3
2026-09-18 03:46:02,VR Auckland City,2026-10-14,Booking.com,117,Studio Apartment,v3
2026-09-18 03:46:02,VR Auckland City,2026-10-14,Super.com,91,,v3
2026-09-18 03:46:02,VR Auckland City,2026-10-14,Wotif,84,ibis budget Auckland Central - Double Studio,v3
2026-09-18 03:46:08,Shakespeare Hotel Auckland,2026-10-14,Booking.com,109,,v3
2026-09-18 03:46:08,Shakespeare Hotel Auckland,2026-10-14,Hotels.com,98,Double Room,v3
2026-09-18 03:46:08,Shakespeare Hotel Auckland,2026-10-14,Official site,88,ibis budget Auckland Central - Double Studio,v3
2026-09-18 03:46:08,Shakespeare Hotel Auckland,2026-10-14,Super.com,88,,v3
2026-09-18 03:46:15,Auckland City Hotel,2026-10-14,Booking.com,128,Standard Room with Two Single Beds,v3
2026-09-18 03:46:15,Auckland City Hotel,2026-10-14,Official site,100,ibis budget Auckland Central - Double Studio,v3
2026-09-18 03:46:15,Auckland City Hotel,2026-10-14,Super.com,100,,v3
2026-09-18 03:46:22,ibis budget Auckland Central,2026-10-14,Booking.com,95,Double Studio,v3
2026-09-18 03:46:22,ibis budget Auckland Central,2026-10-14,Official site,95,,v3
2026-09-18 03:46:22,ibis budget Auckland Central,2026-10-14,Super.com,80,,v3
2026-09-18 03:46:22,ibis budget Auckland Central,2026-10-14,Wotif,80,ibis budget Auckland Central - Double Studio,v3
2026-09-18 03:46:28,The Quadrant Hotel & Suites Auckland,2026-10-14,Booking.com,109,Classic One-Bedroom Apartment,v3
2026-09-18 03:46:28,The Quadrant Hotel & Suites Auckland,2026-10-14,Official site,89,Open The Quadrant Hotel & Suites in a new tab.,v3
2026-09-18 03:46:28,The Quadrant Hotel & Suites Auckland,2026-10-14,Super.com,89,,v3
2026-09-18 03:46:35,Copthorne Hotel Auckland City,2026-10-14,Booking.com,136,Superior 2 Double,v3
2026-09-18 03:46:35,Copthorne Hotel Auckland City,2026-10-14,Official site,144,,v3
2026-09-18 03:46:35,Copthorne Hotel Auckland City,2026-10-14,Super.com,110,,v3
2026-09-18 03:46:35,Copthorne Hotel Auckland City,2026-10-14,Wotif,110,ibis budget Auckland Central - Double Studio,v3
2026-09-18 03:46:41,Albion Hotel Auckland,2026-10-14,Hotels.com,124,Standard Double Room,v3
2026-09-18 03:46:41,Albion Hotel Auckland,2026-10-14,Official site,95,,v3
2026-09-18 03:46:41,Albion Hotel Auckland,2026-10-14,Super.com,77,,v3
2026-09-18 03:46:41,Albion Hotel Auckland,2026-10-14,Wotif,77,ibis budget Auckland Central - Double Studio,v3
2026-09-18 03:46:48,Ascotia Off Queen Auckland,2026-10-14,Bluepillow,94,,v3
2026-09-18 03:46:48,Ascotia Off Queen Auckland,2026-10-14,Booking.com,109,Queen Room,v3
2026-09-18 03:46:48,Ascotia Off Queen Auckland,2026-10-14,Official site,88,Open Ascotia Off Queen in a new tab.,v3
2026-09-18 03:46:48,Ascotia Off Queen Auckland,2026-10-14,Super.com,88,,v3
2026-09-18 03:46:54,VR Queen Street Auckland,2026-10-15,Booking.com,122,Standard King Room,v3
2026-09-18 03:46:54,VR Queen Street Auckland,2026-10-15,Official site,125,,v3
2026-09-18 03:46:54,VR Queen Street Auckland,2026-10-15,Super.com,96,,v3
2026-09-18 03:46:54,VR Queen Street Auckland,2026-10-15,Wotif,96,Open VR Queen Street - Hotel & Suites in a new tab.,v3
2026-09-18 03:47:01,VR Auckland City,2026-10-15,Booking.com,126,One-Bedroom Apartment,v3
2026-09-18 03:47:01,VR Auckland City,2026-10-15,Super.com,97,,v3
2026-09-18 03:47:07,Shakespeare Hotel Auckland,2026-10-15,Booking.com,109,,v3
2026-09-18 03:47:07,Shakespeare Hotel Auckland,2026-10-15,Hotels.com,97,Double Room,v3
2026-09-18 03:47:07,Shakespeare Hotel Auckland,2026-10-15,Official site,130,,v3
2026-09-18 03:47:07,Shakespeare Hotel Auckland,2026-10-15,Super.com,87,,v3
2026-09-18 03:47:07,Shakespeare Hotel Auckland,2026-10-15,Wotif,87,ibis budget Auckland Central - Double Studio,v3
2026-09-18 03:47:13,Auckland City Hotel,2026-10-15,Booking.com,194,Standard Room with Two Single Beds,v3
2026-09-18 03:47:13,Auckland City Hotel,2026-10-15,Expedia,134,,v3
2026-09-18 03:47:13,Auckland City Hotel,2026-10-15,Official site,101,ibis budget Auckland Central - Double Studio,v3
2026-09-18 03:47:13,Auckland City Hotel,2026-10-15,Super.com,101,,v3
2026-09-18 03:47:20,ibis budget Auckland Central,2026-10-15,Booking.com,108,Double Studio,v3
2026-09-18 03:47:20,ibis budget Auckland Central,2026-10-15,Official site,108,,v3
2026-09-18 03:47:20,ibis budget Auckland Central,2026-10-15,Super.com,89,,v3
2026-09-18 03:47:24,The Quadrant Hotel & Suites Auckland,2026-10-15,Agoda,113,,v3
2026-09-18 03:47:24,The Quadrant Hotel & Suites Auckland,2026-10-15,Booking.com,113,Classic One-Bedroom Apartment,v3
2026-09-18 03:47:24,The Quadrant Hotel & Suites Auckland,2026-10-15,Official site,93,Open The Quadrant Hotel & Suites in a new tab.,v3
2026-09-18 03:47:24,The Quadrant Hotel & Suites Auckland,2026-10-15,Super.com,93,,v3
2026-09-18 03:47:31,Copthorne Hotel Auckland City,2026-10-15,Booking.com,132,Superior 2 Double,v3
2026-09-18 03:47:31,Copthorne Hotel Auckland City,2026-10-15,Official site,140,,v3
2026-09-18 03:47:31,Copthorne Hotel Auckland City,2026-10-15,Super.com,105,,v3
2026-09-18 03:47:36,Albion Hotel Auckland,2026-10-15,Hotels.com,154,Standard Double Room,v3
2026-09-18 03:47:36,Albion Hotel Auckland,2026-10-15,Official site,119,,v3
2026-09-18 03:47:36,Albion Hotel Auckland,2026-10-15,Super.com,94,,v3
2026-09-18 03:47:36,Albion Hotel Auckland,2026-10-15,Wotif,94,ibis budget Auckland Central - Double Studio,v3
2026-09-18 03:47:42,Ascotia Off Queen Auckland,2026-10-15,Bluepillow,94,,v3
2026-09-18 03:47:42,Ascotia Off Queen Auckland,2026-10-15,Booking.com,109,Queen Room,v3
2026-09-18 03:47:42,Ascotia Off Queen Auckland,2026-10-15,Official site,87,Open Ascotia Off Queen in a new tab.,v3
2026-09-18 03:47:42,Ascotia Off Queen Auckland,2026-10-15,Super.com,87,,v3
2026-09-18 03:47:49,VR Queen Street Auckland,2026-10-16,Booking.com,167,,v3
2026-09-18 03:47:49,VR Queen Street Auckland,2026-10-16,Hotels.com,150,Standard King Room,v3
2026-09-18 03:47:49,VR Queen Street Auckland,2026-10-16,Official site,130,Open VR Queen Street - Hotel & Suites in a new tab.,v3
2026-09-18 03:47:49,VR Queen Street Auckland,2026-10-16,Super.com,130,,v3
2026-09-18 03:47:55,VR Auckland City,2026-10-16,Booking.com,184,Executive One-Bedroom Apartment,v3
2026-09-18 03:47:55,VR Auckland City,2026-10-16,Super.com,141,,v3
2026-09-18 03:48:00,Shakespeare Hotel Auckland,2026-10-16,Agoda,93,,v3
2026-09-18 03:48:00,Shakespeare Hotel Auckland,2026-10-16,Booking.com,109,Standard Queen Room,v3
2026-09-18 03:48:00,Shakespeare Hotel Auckland,2026-10-16,Official site,85,Penthouse,v3
2026-09-18 03:48:00,Shakespeare Hotel Auckland,2026-10-16,Super.com,85,,v3
2026-09-18 03:48:07,Auckland City Hotel,2026-10-16,Booking.com,218,,v3
2026-09-18 03:48:07,Auckland City Hotel,2026-10-16,Hotels.com,186,Standard Twin Room,v3
2026-09-18 03:48:07,Auckland City Hotel,2026-10-16,Official site,140,Penthouse,v3
2026-09-18 03:48:07,Auckland City Hotel,2026-10-16,Super.com,140,,v3
2026-09-18 03:48:13,ibis budget Auckland Central,2026-10-16,Booking.com,158,,v3
2026-09-18 03:48:13,ibis budget Auckland Central,2026-10-16,Official site,132,Penthouse,v3
2026-09-18 03:48:13,ibis budget Auckland Central,2026-10-16,Super.com,132,,v3
2026-09-18 03:48:19,The Quadrant Hotel & Suites Auckland,2026-10-16,Booking.com,193,Classic One-Bedroom Apartment,v3
2026-09-18 03:48:19,The Quadrant Hotel & Suites Auckland,2026-10-16,Official site,146,Open The Quadrant Hotel & Suites in a new tab.,v3
2026-09-18 03:48:19,The Quadrant Hotel & Suites Auckland,2026-10-16,Super.com,146,,v3
2026-09-18 03:48:26,Copthorne Hotel Auckland City,2026-10-16,Booking.com,200,Superior King,v3
2026-09-18 03:48:26,Copthorne Hotel Auckland City,2026-10-16,Official site,199,,v3
2026-09-18 03:48:26,Copthorne Hotel Auckland City,2026-10-16,Super.com,152,,v3
2026-09-18 03:48:26,Copthorne Hotel Auckland City,2026-10-16,Wotif,152,Penthouse,v3
2026-09-18 03:48:33,Albion Hotel Auckland,2026-10-16,Expedia,168,Basic Triple Room,v3
2026-09-18 03:48:33,Albion Hotel Auckland,2026-10-16,Official site,113,Penthouse,v3
2026-09-18 03:48:33,Albion Hotel Auckland,2026-10-16,Super.com,113,,v3
2026-09-18 03:48:39,Ascotia Off Queen Auckland,2026-10-16,Booking.com,165,Queen Room,v3
2026-09-18 03:48:39,Ascotia Off Queen Auckland,2026-10-16,Expedia,154,,v3
2026-09-18 03:48:39,Ascotia Off Queen Auckland,2026-10-16,Official site,135,Open Ascotia Off Queen in a new tab.,v3
2026-09-18 03:48:39,Ascotia Off Queen Auckland,2026-10-16,Super.com,135,,v3
2026-09-18 03:48:39,Ascotia Off Queen Auckland,2026-10-16,Trip.com,141,,v3
2026-09-18 03:48:46,VR Queen Street Auckland,2026-09-18,Booking.com,167,Standard King Room,v3
2026-09-18 03:48:46,VR Queen Street Auckland,2026-09-18,Hotels.com,158,,v3
2026-09-18 03:48:46,VR Queen Street Auckland,2026-09-18,Official site,181,,v3
2026-09-18 03:48:46,VR Queen Street Auckland,2026-09-18,Super.com,139,,v3
2026-09-18 03:48:52,VR Auckland City,2026-09-18,Booking.com,162,,v3
2026-09-18 03:48:52,VR Auckland City,2026-09-18,Hotels.com,162,One-Bedroom Apartment,v3
2026-09-18 03:48:52,VR Auckland City,2026-09-18,Super.com,147,,v3
2026-09-18 03:48:57,Shakespeare Hotel Auckland,2026-09-18,Agoda,83,,v3
2026-09-18 03:48:57,Shakespeare Hotel Auckland,2026-09-18,Booking.com,77,,v3
2026-09-18 03:48:57,Shakespeare Hotel Auckland,2026-09-18,Hotels.com,110,"Double Room, 1 Queen Bed",v3
2026-09-18 03:48:57,Shakespeare Hotel Auckland,2026-09-18,Official site,110,,v3
2026-09-18 03:48:57,Shakespeare Hotel Auckland,2026-09-18,Super.com,77,,v3
2026-09-18 03:49:04,Auckland City Hotel,2026-09-18,Agoda,110,,v3
2026-09-18 03:49:04,Auckland City Hotel,2026-09-18,Booking.com,89,,v3
2026-09-18 03:49:04,Auckland City Hotel,2026-09-18,Official site,198,,v3
2026-09-18 03:49:04,Auckland City Hotel,2026-09-18,Super.com,89,,v3
2026-09-18 03:49:11,ibis budget Auckland Central,2026-09-18,Booking.com,97,,v3
2026-09-18 03:49:11,ibis budget Auckland Central,2026-09-18,Expedia,117,,v3
2026-09-18 03:49:11,ibis budget Auckland Central,2026-09-18,Official site,117,,v3
2026-09-18 03:49:11,ibis budget Auckland Central,2026-09-18,Super.com,97,,v3
2026-09-18 03:49:18,The Quadrant Hotel & Suites Auckland,2026-09-18,Agoda,229,,v3
2026-09-18 03:49:18,The Quadrant Hotel & Suites Auckland,2026-09-18,Booking.com,229,Executive Two-Bedroom Apartment,v3
2026-09-18 03:49:18,The Quadrant Hotel & Suites Auckland,2026-09-18,Official site,158,Open The Quadrant Hotel & Suites in a new tab.,v3
2026-09-18 03:49:18,The Quadrant Hotel & Suites Auckland,2026-09-18,Super.com,158,,v3
2026-09-18 03:49:26,Copthorne Hotel Auckland City,2026-09-18,Booking.com,159,,v3
2026-09-18 03:49:26,Copthorne Hotel Auckland City,2026-09-18,Hotels.com,159,Superior Accessible 1 King or 2 Doubles,v3
2026-09-18 03:49:26,Copthorne Hotel Auckland City,2026-09-18,Official site,159,,v3
2026-09-18 03:49:26,Copthorne Hotel Auckland City,2026-09-18,Super.com,126,,v3
2026-09-18 03:49:30,Albion Hotel Auckland,2026-09-18,Expedia,130,Standard Double Room,v3
2026-09-18 03:49:30,Albion Hotel Auckland,2026-09-18,Official site,100,,v3
2026-09-18 03:49:30,Albion Hotel Auckland,2026-09-18,Super.com,86,,v3
2026-09-18 03:49:35,Ascotia Off Queen Auckland,2026-09-18,Booking.com,96,,v3
2026-09-18 03:49:35,Ascotia Off Queen Auckland,2026-09-18,Expedia,91,,v3
2026-09-18 03:49:35,Ascotia Off Queen Auckland,2026-09-18,Trip.com,88,,v3
2026-09-18 03:49:40,VR Queen Street Auckland,2026-09-19,Booking.com,176,Standard King Room,v3
2026-09-18 03:49:40,VR Queen Street Auckland,2026-09-19,Official site,181,,v3
2026-09-18 03:49:40,VR Queen Street Auckland,2026-09-19,Super.com,139,,v3
2026-09-18 03:49:46,VR Auckland City,2026-09-19,Booking.com,145,,v3
2026-09-18 03:49:46,VR Auckland City,2026-09-19,Hotels.com,145,Studio Apartment,v3
2026-09-18 03:49:46,VR Auckland City,2026-09-19,Super.com,115,,v3
2026-09-18 03:49:46,VR Auckland City,2026-09-19,Wotif,97,Lovely apartment with WiFi in vibrant central Auckland,v3
2026-09-18 03:49:54,Shakespeare Hotel Auckland,2026-09-19,Booking.com,89,,v3
2026-09-18 03:49:54,Shakespeare Hotel Auckland,2026-09-19,Hotels.com,88,"Double Room, 1 Queen Bed",v3
2026-09-18 03:49:54,Shakespeare Hotel Auckland,2026-09-19,Official site,110,,v3
2026-09-18 03:49:54,Shakespeare Hotel Auckland,2026-09-19,Super.com,77,,v3
2026-09-18 03:49:54,Shakespeare Hotel Auckland,2026-09-19,Wotif,77,Lovely apartment with WiFi in vibrant central Auckland,v3
2026-09-18 03:50:00,Auckland City Hotel,2026-09-19,Booking.com,150,Standard Queen Room,v3
2026-09-18 03:50:00,Auckland City Hotel,2026-09-19,Hotels.com,112,,v3
2026-09-18 03:50:00,Auckland City Hotel,2026-09-19,Official site,198,,v3
2026-09-18 03:50:00,Auckland City Hotel,2026-09-19,Super.com,85,,v3
2026-09-18 03:50:05,ibis budget Auckland Central,2026-09-19,Booking.com,115,Double Studio,v3
2026-09-18 03:50:05,ibis budget Auckland Central,2026-09-19,Official site,115,,v3
2026-09-18 03:50:05,ibis budget Auckland Central,2026-09-19,Super.com,95,,v3
2026-09-18 03:50:10,The Quadrant Hotel & Suites Auckland,2026-09-19,Agoda,166,,v3
2026-09-18 03:50:10,The Quadrant Hotel & Suites Auckland,2026-09-19,Booking.com,166,Deluxe Queen Studio,v3
2026-09-18 03:50:10,The Quadrant Hotel & Suites Auckland,2026-09-19,Official site,171,,v3
2026-09-18 03:50:10,The Quadrant Hotel & Suites Auckland,2026-09-19,Super.com,126,,v3
2026-09-18 03:50:10,The Quadrant Hotel & Suites Auckland,2026-09-19,Wotif,112,Lovely apartment with WiFi in vibrant central Auckland,v3
2026-09-18 03:50:16,Copthorne Hotel Auckland City,2026-09-19,Booking.com,159,Superior King,v3
2026-09-18 03:50:16,Copthorne Hotel Auckland City,2026-09-19,Official site,159,,v3
2026-09-18 03:50:16,Copthorne Hotel Auckland City,2026-09-19,Super.com,130,,v3
2026-09-18 03:50:21,Albion Hotel Auckland,2026-09-19,Expedia,130,,v3
2026-09-18 03:50:21,Albion Hotel Auckland,2026-09-19,Hotels.com,130,Standard Double Room,v3
2026-09-18 03:50:21,Albion Hotel Auckland,2026-09-19,Official site,100,,v3
2026-09-18 03:50:21,Albion Hotel Auckland,2026-09-19,Super.com,82,,v3
2026-09-18 03:50:21,Albion Hotel Auckland,2026-09-19,Wotif,82,Lovely apartment with WiFi in vibrant central Auckland,v3
2026-09-18 03:50:28,Ascotia Off Queen Auckland,2026-09-19,Bluepillow,91,,v3
2026-09-18 03:50:28,Ascotia Off Queen Auckland,2026-09-19,Booking.com,108,Queen Room,v3
2026-09-18 03:50:28,Ascotia Off Queen Auckland,2026-09-19,Super.com,85,,v3
2026-09-18 03:50:28,Ascotia Off Queen Auckland,2026-09-19,Wotif,85,Open Ascotia Off Queen in a new tab.,v3
2026-09-18 03:50:34,VR Queen Street Auckland,2026-09-20,Booking.com,104,,v3
2026-09-18 03:50:34,VR Queen Street Auckland,2026-09-20,Hotels.com,93,Suite · Suite,v3
2026-09-18 03:50:34,VR Queen Street Auckland,2026-09-20,Official site,107,,v3
2026-09-18 03:50:34,VR Queen Street Auckland,2026-09-20,Super.com,81,,v3
2026-09-18 03:50:39,VR Auckland City,2026-09-20,Booking.com,108,Studio Apartment,v3
2026-09-18 03:50:39,VR Auckland City,2026-09-20,Super.com,85,,v3
2026-09-18 03:50:44,Shakespeare Hotel Auckland,2026-09-20,Agoda,86,,v3
2026-09-18 03:50:44,Shakespeare Hotel Auckland,2026-09-20,Hotels.com,89,Double Room,v3
2026-09-18 03:50:44,Shakespeare Hotel Auckland,2026-09-20,Official site,110,,v3
2026-09-18 03:50:44,Shakespeare Hotel Auckland,2026-09-20,Super.com,80,,v3
2026-09-18 03:50:48,Auckland City Hotel,2026-09-20,Booking.com,104,,v3
2026-09-18 03:50:48,Auckland City Hotel,2026-09-20,Expedia,112,,v3
2026-09-18 03:50:48,Auckland City Hotel,2026-09-20,Official site,198,,v3
2026-09-18 03:50:48,Auckland City Hotel,2026-09-20,Super.com,85,,v3
2026-09-18 03:50:53,ibis budget Auckland Central,2026-09-20,Expedia,105,"Studio, 1 Double Bed",v3
2026-09-18 03:50:53,ibis budget Auckland Central,2026-09-20,Official site,87,,v3
2026-09-18 03:50:53,ibis budget Auckland Central,2026-09-20,Super.com,87,,v3
2026-09-18 03:51:00,The Quadrant Hotel & Suites Auckland,2026-09-20,Booking.com,144,,v3
2026-09-18 03:51:00,The Quadrant Hotel & Suites Auckland,2026-09-20,Hotels.com,144,Classic One-Bedroom Apartment,v3
2026-09-18 03:51:00,The Quadrant Hotel & Suites Auckland,2026-09-20,Official site,165,,v3
2026-09-18 03:51:00,The Quadrant Hotel & Suites Auckland,2026-09-20,Super.com,117,,v3
2026-09-18 03:51:00,The Quadrant Hotel & Suites Auckland,2026-09-20,Wotif,117,Open The Quadrant Hotel & Suites in a new tab.,v3
2026-09-18 03:51:06,Copthorne Hotel Auckland City,2026-09-20,Booking.com,129,,v3
2026-09-18 03:51:06,Copthorne Hotel Auckland City,2026-09-20,Hotels.com,129,"Superior Room, 2 Double Beds",v3
2026-09-18 03:51:06,Copthorne Hotel Auckland City,2026-09-20,Official site,106,,v3
2026-09-18 03:51:06,Copthorne Hotel Auckland City,2026-09-20,Super.com,106,,v3
2026-09-18 03:51:13,Albion Hotel Auckland,2026-09-20,Expedia,118,Standard Double Room,v3
2026-09-18 03:51:13,Albion Hotel Auckland,2026-09-20,Official site,99,,v3
2026-09-18 03:51:13,Albion Hotel Auckland,2026-09-20,Super.com,85,,v3
2026-09-18 03:51:13,Albion Hotel Auckland,2026-09-20,Wotif,85,,v3
2026-09-18 03:51:19,Ascotia Off Queen Auckland,2026-09-20,Booking.com,82,Queen Room,v3
2026-09-18 03:51:19,Ascotia Off Queen Auckland,2026-09-20,Super.com,68,,v3
2026-09-18 03:51:19,Ascotia Off Queen Auckland,2026-09-20,Trip.com,68,,v3
2026-09-18 03:51:24,VR Queen Street Auckland,2026-09-21,Booking.com,95,Standard King Room,v3
2026-09-18 03:51:24,VR Queen Street Auckland,2026-09-21,Hotels.com,84,,v3
2026-09-18 03:51:24,VR Queen Street Auckland,2026-09-21,Official site,75,Open VR Queen Street - Hotel & Suites in a new tab.,v3
2026-09-18 03:51:24,VR Queen Street Auckland,2026-09-21,Super.com,75,,v3
2026-09-18 03:51:31,VR Auckland City,2026-09-21,Booking.com,108,Studio Apartment,v3
2026-09-18 03:51:31,VR Auckland City,2026-09-21,Super.com,85,,v3
2026-09-18 03:51:38,Shakespeare Hotel Auckland,2026-09-21,Booking.com,92,,v3
2026-09-18 03:51:38,Shakespeare Hotel Auckland,2026-09-21,Hotels.com,84,Double Room,v3
2026-09-18 03:51:38,Shakespeare Hotel Auckland,2026-09-21,Official site,78,,v3
2026-09-18 03:51:38,Shakespeare Hotel Auckland,2026-09-21,Super.com,78,,v3
2026-09-18 03:51:44,Auckland City Hotel,2026-09-21,Booking.com,150,Standard Queen Room,v3
2026-09-18 03:51:44,Auckland City Hotel,2026-09-21,Hotels.com,123,,v3
2026-09-18 03:51:44,Auckland City Hotel,2026-09-21,Official site,198,,v3
2026-09-18 03:51:44,Auckland City Hotel,2026-09-21,Super.com,90,,v3
2026-09-18 03:51:49,ibis budget Auckland Central,2026-09-21,Booking.com,77,,v3
2026-09-18 03:51:49,ibis budget Auckland Central,2026-09-21,Official site,95,,v3
2026-09-18 03:51:49,ibis budget Auckland Central,2026-09-21,Super.com,77,,v3
2026-09-18 03:51:56,The Quadrant Hotel & Suites Auckland,2026-09-21,Booking.com,97,Open The Quadrant Hotel & Suites in a new tab.,v3
2026-09-18 03:51:56,The Quadrant Hotel & Suites Auckland,2026-09-21,Hotels.com,126,Deluxe Queen Studio,v3
2026-09-18 03:51:56,The Quadrant Hotel & Suites Auckland,2026-09-21,Official site,130,,v3
2026-09-18 03:51:56,The Quadrant Hotel & Suites Auckland,2026-09-21,Super.com,97,,v3
2026-09-18 03:52:03,Copthorne Hotel Auckland City,2026-09-21,Booking.com,129,Superior King,v3
2026-09-18 03:52:03,Copthorne Hotel Auckland City,2026-09-21,Official site,129,,v3
2026-09-18 03:52:03,Copthorne Hotel Auckland City,2026-09-21,Super.com,103,,v3
2026-09-18 03:52:08,Albion Hotel Auckland,2026-09-21,Booking.com,82,,v3
2026-09-18 03:52:08,Albion Hotel Auckland,2026-09-21,Hotels.com,129,Standard Double Room,v3
2026-09-18 03:52:08,Albion Hotel Auckland,2026-09-21,Official site,99,,v3
2026-09-18 03:52:08,Albion Hotel Auckland,2026-09-21,Super.com,82,,v3
2026-09-18 03:52:15,Ascotia Off Queen Auckland,2026-09-21,Agoda,82,,v3
2026-09-18 03:52:15,Ascotia Off Queen Auckland,2026-09-21,Booking.com,82,Queen Room,v3
2026-09-18 03:52:15,Ascotia Off Queen Auckland,2026-09-21,Super.com,65,,v3
2026-09-18 03:52:15,Ascotia Off Queen Auckland,2026-09-21,Trip.com,68,,v3
2026-09-18 03:52:19,VR Queen Street Auckland,2026-09-22,Booking.com,104,Standard King Room,v3
2026-09-18 03:52:19,VR Queen Street Auckland,2026-09-22,Official site,107,,v3
2026-09-18 03:52:19,VR Queen Street Auckland,2026-09-22,Super.com,82,,v3
2026-09-18 03:52:19,VR Queen Street Auckland,2026-09-22,Wotif,82,Open VR Queen Street - Hotel & Suites in a new tab.,v3
2026-09-18 03:52:26,VR Auckland City,2026-09-22,Booking.com,112,Studio Apartment,v3
2026-09-18 03:52:26,VR Auckland City,2026-09-22,Super.com,88,,v3
2026-09-18 03:52:26,VR Auckland City,2026-09-22,Wotif,73,Chic Princes Wharf Studio | City View | Parking,v3
2026-09-18 03:52:32,Shakespeare Hotel Auckland,2026-09-22,Booking.com,92,,v3
2026-09-18 03:52:32,Shakespeare Hotel Auckland,2026-09-22,Hotels.com,88,Double Room,v3
2026-09-18 03:52:32,Shakespeare Hotel Auckland,2026-09-22,Official site,110,,v3
2026-09-18 03:52:32,Shakespeare Hotel Auckland,2026-09-22,Super.com,79,,v3
2026-09-18 03:52:37,Auckland City Hotel,2026-09-22,Agoda,128,,v3
2026-09-18 03:52:37,Auckland City Hotel,2026-09-22,Booking.com,138,,v3
2026-09-18 03:52:37,Auckland City Hotel,2026-09-22,Official site,198,,v3
2026-09-18 03:52:37,Auckland City Hotel,2026-09-22,Super.com,92,,v3
2026-09-18 03:52:42,ibis budget Auckland Central,2026-09-22,Booking.com,99,Double Studio,v3
2026-09-18 03:52:42,ibis budget Auckland Central,2026-09-22,Official site,99,,v3
2026-09-18 03:52:42,ibis budget Auckland Central,2026-09-22,Super.com,82,,v3
2026-09-18 03:52:46,The Quadrant Hotel & Suites Auckland,2026-09-22,Booking.com,189,,v3
2026-09-18 03:52:46,The Quadrant Hotel & Suites Auckland,2026-09-22,Official site,146,Open The Quadrant Hotel & Suites in a new tab.,v3
2026-09-18 03:52:46,The Quadrant Hotel & Suites Auckland,2026-09-22,Super.com,146,,v3
2026-09-18 03:52:53,Copthorne Hotel Auckland City,2026-09-22,Booking.com,140,,v3
2026-09-18 03:52:53,Copthorne Hotel Auckland City,2026-09-22,Hotels.com,140,Superior Accessible 1 King or 2 Doubles,v3
2026-09-18 03:52:53,Copthorne Hotel Auckland City,2026-09-22,Official site,140,,v3
2026-09-18 03:52:53,Copthorne Hotel Auckland City,2026-09-22,Super.com,115,,v3
2026-09-18 03:52:58,Albion Hotel Auckland,2026-09-22,Hotels.com,129,Standard Double Room,v3
2026-09-18 03:52:58,Albion Hotel Auckland,2026-09-22,Official site,81,Chic Princes Wharf Studio | City View | Parking,v3
2026-09-18 03:52:58,Albion Hotel Auckland,2026-09-22,Super.com,81,,v3
2026-09-18 03:53:05,Ascotia Off Queen Auckland,2026-09-22,Booking.com,82,,v3
2026-09-18 03:53:05,Ascotia Off Queen Auckland,2026-09-22,Hotels.com,74,Queen Room,v3
2026-09-18 03:53:05,Ascotia Off Queen Auckland,2026-09-22,Official site,65,Open Ascotia Off Queen in a new tab.,v3
2026-09-18 03:53:05,Ascotia Off Queen Auckland,2026-09-22,Super.com,65,,v3
2026-09-18 03:53:05,Ascotia Off Queen Auckland,2026-09-22,Trip.com,68,,v3
2026-09-18 03:53:11,VR Queen Street Auckland,2026-09-23,Booking.com,115,One-Bedroom Suite,v3
2026-09-18 03:53:11,VR Queen Street Auckland,2026-09-23,Hotels.com,115,,v3
2026-09-18 03:53:11,VR Queen Street Auckland,2026-09-23,Official site,91,Open VR Queen Street - Hotel & Suites in a new tab.,v3
2026-09-18 03:53:11,VR Queen Street Auckland,2026-09-23,Super.com,91,,v3
2026-09-18 03:53:18,VR Auckland City,2026-09-23,Booking.com,107,Studio Studio Apartment,v3
2026-09-18 03:53:18,VR Auckland City,2026-09-23,Super.com,87,,v3
2026-09-18 03:53:24,Shakespeare Hotel Auckland,2026-09-23,Booking.com,92,Standard Queen Room,v3
2026-09-18 03:53:24,Shakespeare Hotel Auckland,2026-09-23,Hotels.com,85,,v3
2026-09-18 03:53:24,Shakespeare Hotel Auckland,2026-09-23,Official site,77,Parkside Hotel & Apartments,v3
2026-09-18 03:53:24,Shakespeare Hotel Auckland,2026-09-23,Super.com,77,,v3
2026-09-18 03:53:31,Auckland City Hotel,2026-09-23,Agoda,156,,v3
2026-09-18 03:53:31,Auckland City Hotel,2026-09-23,Booking.com,114,Parkside Hotel & Apartments,v3
2026-09-18 03:53:31,Auckland City Hotel,2026-09-23,Official site,248,,v3
2026-09-18 03:53:31,Auckland City Hotel,2026-09-23,Super.com,114,,v3
2026-09-18 03:53:38,ibis budget Auckland Central,2026-09-23,Booking.com,104,Twin Studio,v3
2026-09-18 03:53:38,ibis budget Auckland Central,2026-09-23,Official site,104,,v3
2026-09-18 03:53:38,ibis budget Auckland Central,2026-09-23,Super.com,84,,v3
2026-09-18 03:53:38,ibis budget Auckland Central,2026-09-23,Wotif,84,Parkside Hotel & Apartments,v3
2026-09-18 03:53:45,The Quadrant Hotel & Suites Auckland,2026-09-23,Booking.com,110,,v3
2026-09-18 03:53:45,The Quadrant Hotel & Suites Auckland,2026-09-23,Hotels.com,117,Deluxe Queen Studio,v3
2026-09-18 03:53:45,The Quadrant Hotel & Suites Auckland,2026-09-23,Official site,90,Open The Quadrant Hotel & Suites in a new tab.,v3
2026-09-18 03:53:45,The Quadrant Hotel & Suites Auckland,2026-09-23,Super.com,90,,v3
2026-09-18 03:53:51,Copthorne Hotel Auckland City,2026-09-23,Booking.com,149,Superior King,v3
2026-09-18 03:53:51,Copthorne Hotel Auckland City,2026-09-23,Official site,149,,v3
2026-09-18 03:53:51,Copthorne Hotel Auckland City,2026-09-23,Super.com,122,,v3
2026-09-18 03:53:51,Copthorne Hotel Auckland City,2026-09-23,Wotif,122,Parkside Hotel & Apartments,v3
2026-09-18 03:53:58,Albion Hotel Auckland,2026-09-23,Booking.com,81,Parkside Hotel & Apartments,v3
2026-09-18 03:53:58,Albion Hotel Auckland,2026-09-23,Expedia,129,Standard Double Room,v3
2026-09-18 03:53:58,Albion Hotel Auckland,2026-09-23,Official site,99,,v3
2026-09-18 03:53:58,Albion Hotel Auckland,2026-09-23,Super.com,81,,v3
2026-09-18 03:54:05,Ascotia Off Queen Auckland,2026-09-23,Bluepillow,69,,v3
2026-09-18 03:54:05,Ascotia Off Queen Auckland,2026-09-23,Booking.com,82,Queen Room,v3
2026-09-18 03:54:05,Ascotia Off Queen Auckland,2026-09-23,Expedia,82,,v3
2026-09-18 03:54:05,Ascotia Off Queen Auckland,2026-09-23,Official site,65,Open Ascotia Off Queen in a new tab.,v3
2026-09-18 03:54:05,Ascotia Off Queen Auckland,2026-09-23,Super.com,65,,v3
2026-09-18 03:54:11,VR Queen Street Auckland,2026-09-24,Booking.com,115,,v3
2026-09-18 03:54:11,VR Queen Street Auckland,2026-09-24,Hotels.com,104,Suite · Suite,v3
2026-09-18 03:54:11,VR Queen Street Auckland,2026-09-24,Official site,89,Open VR Queen Street - Hotel & Suites in a new tab.,v3
2026-09-18 03:54:11,VR Queen Street Auckland,2026-09-24,Super.com,89,,v3
2026-09-18 03:54:18,VR Auckland City,2026-09-24,Booking.com,112,Studio Apartment,v3
2026-09-18 03:54:18,VR Auckland City,2026-09-24,Super.com,86,,v3
2026-09-18 03:54:24,Shakespeare Hotel Auckland,2026-09-24,Agoda,85,,v3
2026-09-18 03:54:24,Shakespeare Hotel Auckland,2026-09-24,Booking.com,92,Standard Queen Room,v3
2026-09-18 03:54:24,Shakespeare Hotel Auckland,2026-09-24,Official site,82,,v3
2026-09-18 03:54:24,Shakespeare Hotel Auckland,2026-09-24,Super.com,82,,v3
2026-09-18 03:54:31,Auckland City Hotel,2026-09-24,Agoda,146,,v3
2026-09-18 03:54:31,Auckland City Hotel,2026-09-24,Booking.com,138,,v3
2026-09-18 03:54:31,Auckland City Hotel,2026-09-24,Official site,88,,v3
2026-09-18 03:54:31,Auckland City Hotel,2026-09-24,Super.com,88,,v3
2026-09-18 03:54:38,ibis budget Auckland Central,2026-09-24,Booking.com,95,Double Studio,v3
2026-09-18 03:54:38,ibis budget Auckland Central,2026-09-24,Official site,83,,v3
2026-09-18 03:54:38,ibis budget Auckland Central,2026-09-24,Super.com,83,,v3
2026-09-18 03:54:44,The Quadrant Hotel & Suites Auckland,2026-09-24,Booking.com,107,Deluxe Queen Studio,v3
2026-09-18 03:54:44,The Quadrant Hotel & Suites Auckland,2026-09-24,Expedia,117,,v3
2026-09-18 03:54:44,The Quadrant Hotel & Suites Auckland,2026-09-24,Official site,89,Open The Quadrant Hotel & Suites in a new tab.,v3
2026-09-18 03:54:44,The Quadrant Hotel & Suites Auckland,2026-09-24,Super.com,89,,v3
2026-09-18 03:54:51,Copthorne Hotel Auckland City,2026-09-24,Booking.com,121,,v3
2026-09-18 03:54:51,Copthorne Hotel Auckland City,2026-09-24,Expedia,149,"Superior Room, 1 King Bed",v3
2026-09-18 03:54:51,Copthorne Hotel Auckland City,2026-09-24,Official site,149,,v3
2026-09-18 03:54:51,Copthorne Hotel Auckland City,2026-09-24,Super.com,121,,v3
2026-09-18 03:54:58,Albion Hotel Auckland,2026-09-24,Bluepillow,86,,v3
2026-09-18 03:54:58,Albion Hotel Auckland,2026-09-24,Hotels.com,129,Standard Double Room,v3
2026-09-18 03:54:58,Albion Hotel Auckland,2026-09-24,Official site,86,,v3
2026-09-18 03:55:05,Ascotia Off Queen Auckland,2026-09-24,Booking.com,82,Queen Room,v3
2026-09-18 03:55:05,Ascotia Off Queen Auckland,2026-09-24,Official site,64,Open Ascotia Off Queen in a new tab.,v3
2026-09-18 03:55:05,Ascotia Off Queen Auckland,2026-09-24,Super.com,64,,v3
2026-09-18 03:55:05,Ascotia Off Queen Auckland,2026-09-24,Trip.com,68,,v3
2026-09-18 03:55:11,VR Queen Street Auckland,2026-09-25,Booking.com,144,Standard King Room,v3
2026-09-18 03:55:11,VR Queen Street Auckland,2026-09-25,Hotels.com,128,,v3
2026-09-18 03:55:11,VR Queen Street Auckland,2026-09-25,Official site,115,Open VR Queen Street - Hotel & Suites in a new tab.,v3
2026-09-18 03:55:11,VR Queen Street Auckland,2026-09-25,Super.com,115,,v3
2026-09-18 03:55:17,VR Auckland City,2026-09-25,Booking.com,169,One-Bedroom Apartment,v3
2026-09-18 03:55:17,VR Auckland City,2026-09-25,Super.com,130,,v3
2026-09-18 03:55:17,VR Auckland City,2026-09-25,Wotif,88,ibis budget Auckland Central - Double Studio,v3
2026-09-18 03:55:26,Auckland City Hotel,2026-09-25,Booking.com,347,Two-Bedroom Apartment - Split Level with Queen and Single,v3
2026-09-18 03:55:26,Auckland City Hotel,2026-09-25,Expedia,353,,v3
2026-09-18 03:55:26,Auckland City Hotel,2026-09-25,Official site,160,ibis budget Auckland Central - Double Studio,v3
2026-09-18 03:55:26,Auckland City Hotel,2026-09-25,Super.com,160,,v3
2026-09-18 03:55:33,ibis budget Auckland Central,2026-09-25,Booking.com,135,Twin Studio,v3
2026-09-18 03:55:33,ibis budget Auckland Central,2026-09-25,Official site,109,ibis budget Auckland Central - Double Studio,v3
2026-09-18 03:55:33,ibis budget Auckland Central,2026-09-25,Super.com,109,,v3
2026-09-18 03:55:39,The Quadrant Hotel & Suites Auckland,2026-09-25,Agoda,284,,v3
2026-09-18 03:55:39,The Quadrant Hotel & Suites Auckland,2026-09-25,Booking.com,284,Deluxe Queen Studio,v3
2026-09-18 03:55:39,The Quadrant Hotel & Suites Auckland,2026-09-25,Official site,293,,v3
2026-09-18 03:55:39,The Quadrant Hotel & Suites Auckland,2026-09-25,Super.com,220,,v3
2026-09-18 03:55:39,The Quadrant Hotel & Suites Auckland,2026-09-25,Wotif,220,Open The Quadrant Hotel & Suites in a new tab.,v3
2026-09-18 03:55:46,Copthorne Hotel Auckland City,2026-09-25,Booking.com,269,Superior 2 Double,v3
2026-09-18 03:55:46,Copthorne Hotel Auckland City,2026-09-25,Official site,207,ibis budget Auckland Central - Double Studio,v3
2026-09-18 03:55:46,Copthorne Hotel Auckland City,2026-09-25,Super.com,207,,v3
2026-09-18 03:55:53,Albion Hotel Auckland,2026-09-25,Hotels.com,154,Standard Double Room,v3
2026-09-18 03:55:53,Albion Hotel Auckland,2026-09-25,Official site,124,,v3
2026-09-18 03:55:53,Albion Hotel Auckland,2026-09-25,Super.com,101,,v3
2026-09-18 03:55:57,Ascotia Off Queen Auckland,2026-09-25,Booking.com,159,,v3
2026-09-18 03:55:57,Ascotia Off Queen Auckland,2026-09-25,Expedia,148,Queen Room,v3
2026-09-18 03:55:57,Ascotia Off Queen Auckland,2026-09-25,Official site,125,Open Ascotia Off Queen in a new tab.,v3
2026-09-18 03:55:57,Ascotia Off Queen Auckland,2026-09-25,Super.com,125,,v3
2026-09-18 03:56:04,VR Queen Street Auckland,2026-09-26,Booking.com,141,Standard King Room,v3
2026-09-18 03:56:04,VR Queen Street Auckland,2026-09-26,Official site,153,,v3
2026-09-18 03:56:04,VR Queen Street Auckland,2026-09-26,Super.com,118,,v3
2026-09-18 03:56:04,VR Queen Street Auckland,2026-09-26,Wotif,118,Open VR Queen Street - Hotel & Suites in a new tab.,v3
2026-09-18 03:56:10,VR Auckland City,2026-09-26,Booking.com,194,Studio Apartment,v3
2026-09-18 03:56:10,VR Auckland City,2026-09-26,Super.com,154,,v3
2026-09-18 03:56:10,VR Auckland City,2026-09-26,Wotif,97,Princes Wharf - Penthouse - Stunning Views,v3
2026-09-18 03:56:16,Shakespeare Hotel Auckland,2026-09-26,Booking.com,92,Standard Queen Room,v3
2026-09-18 03:56:16,Shakespeare Hotel Auckland,2026-09-26,Hotels.com,89,,v3
2026-09-18 03:56:16,Shakespeare Hotel Auckland,2026-09-26,Official site,110,,v3
2026-09-18 03:56:16,Shakespeare Hotel Auckland,2026-09-26,Super.com,72,,v3
2026-09-18 03:56:16,Shakespeare Hotel Auckland,2026-09-26,Wotif,72,Princes Wharf - Penthouse - Stunning Views,v3
2026-09-18 03:56:23,Auckland City Hotel,2026-09-26,Booking.com,161,,v3
2026-09-18 03:56:23,Auckland City Hotel,2026-09-26,Hotels.com,150,"Studio, Kitchenette",v3
2026-09-18 03:56:23,Auckland City Hotel,2026-09-26,Official site,227,,v3
2026-09-18 03:56:23,Auckland City Hotel,2026-09-26,Super.com,105,,v3
2026-09-18 03:56:23,Auckland City Hotel,2026-09-26,Wotif,105,Princes Wharf - Penthouse - Stunning Views,v3
2026-09-18 03:56:30,ibis budget Auckland Central,2026-09-26,Booking.com,122,Double Studio,v3
2026-09-18 03:56:30,ibis budget Auckland Central,2026-09-26,Official site,122,,v3
2026-09-18 03:56:30,ibis budget Auckland Central,2026-09-26,Super.com,101,,v3
2026-09-18 03:56:30,ibis budget Auckland Central,2026-09-26,Wotif,101,Princes Wharf - Penthouse - Stunning Views,v3
2026-09-18 03:56:36,The Quadrant Hotel & Suites Auckland,2026-09-26,Booking.com,136,,v3
2026-09-18 03:56:36,The Quadrant Hotel & Suites Auckland,2026-09-26,Hotels.com,136,Deluxe Queen Studio,v3
2026-09-18 03:56:36,The Quadrant Hotel & Suites Auckland,2026-09-26,Official site,140,,v3
2026-09-18 03:56:36,The Quadrant Hotel & Suites Auckland,2026-09-26,Super.com,104,,v3
2026-09-18 03:56:36,The Quadrant Hotel & Suites Auckland,2026-09-26,Wotif,104,Open The Quadrant Hotel & Suites in a new tab.,v3
2026-09-18 03:56:42,Copthorne Hotel Auckland City,2026-09-26,Booking.com,209,Superior King,v3
2026-09-18 03:56:42,Copthorne Hotel Auckland City,2026-09-26,Expedia,209,,v3
2026-09-18 03:56:42,Copthorne Hotel Auckland City,2026-09-26,Official site,209,,v3
2026-09-18 03:56:42,Copthorne Hotel Auckland City,2026-09-26,Super.com,167,,v3
2026-09-18 03:56:42,Copthorne Hotel Auckland City,2026-09-26,Wotif,167,Princes Wharf - Penthouse - Stunning Views,v3
2026-09-18 03:56:49,Albion Hotel Auckland,2026-09-26,Expedia,154,Standard Double Room,v3
2026-09-18 03:56:49,Albion Hotel Auckland,2026-09-26,Official site,124,,v3
2026-09-18 03:56:49,Albion Hotel Auckland,2026-09-26,Super.com,100,,v3
2026-09-18 03:56:49,Albion Hotel Auckland,2026-09-26,Wotif,100,Princes Wharf - Penthouse - Stunning Views,v3
2026-09-18 03:56:55,Ascotia Off Queen Auckland,2026-09-26,Booking.com,116,Easy Booking · Save Time and Money,v3
2026-09-18 03:56:55,Ascotia Off Queen Auckland,2026-09-26,Super.com,116,,v3
2026-09-18 03:56:55,Ascotia Off Queen Auckland,2026-09-26,Wotif,116,Open Ascotia Off Queen in a new tab.,v3
2026-09-18 03:57:02,VR Queen Street Auckland,2026-09-27,Booking.com,115,One-Bedroom Suite,v3
2026-09-18 03:57:02,VR Queen Street Auckland,2026-09-27,Official site,119,,v3
2026-09-18 03:57:02,VR Queen Street Auckland,2026-09-27,Super.com,95,,v3
2026-09-18 03:57:02,VR Queen Street Auckland,2026-09-27,Wotif,95,Open VR Queen Street - Hotel & Suites in a new tab.,v3
2026-09-18 03:57:08,VR Auckland City,2026-09-27,Booking.com,140,Studio Apartment,v3
2026-09-18 03:57:08,VR Auckland City,2026-09-27,Super.com,111,,v3
2026-09-18 03:57:15,Shakespeare Hotel Auckland,2026-09-27,Agoda,83,,v3
2026-09-18 03:57:15,Shakespeare Hotel Auckland,2026-09-27,Booking.com,76,Parkside Hotel & Apartments,v3
2026-09-18 03:57:15,Shakespeare Hotel Auckland,2026-09-27,Hotels.com,87,"Double Room, 1 Queen Bed",v3
2026-09-18 03:57:15,Shakespeare Hotel Auckland,2026-09-27,Official site,110,,v3
2026-09-18 03:57:15,Shakespeare Hotel Auckland,2026-09-27,Super.com,76,,v3
2026-09-18 03:57:21,Auckland City Hotel,2026-09-27,Agoda,131,,v3
2026-09-18 03:57:21,Auckland City Hotel,2026-09-27,Booking.com,92,Parkside Hotel & Apartments,v3
2026-09-18 03:57:21,Auckland City Hotel,2026-09-27,Official site,198,,v3
2026-09-18 03:57:21,Auckland City Hotel,2026-09-27,Super.com,92,,v3
2026-09-18 03:57:28,ibis budget Auckland Central,2026-09-27,Booking.com,76,Parkside Hotel & Apartments,v3
2026-09-18 03:57:28,ibis budget Auckland Central,2026-09-27,Official site,95,,v3
2026-09-18 03:57:28,ibis budget Auckland Central,2026-09-27,Super.com,76,,v3
2026-09-18 03:57:34,The Quadrant Hotel & Suites Auckland,2026-09-27,Booking.com,84,Open The Quadrant Hotel & Suites in a new tab.,v3
2026-09-18 03:57:34,The Quadrant Hotel & Suites Auckland,2026-09-27,Hotels.com,122,Deluxe Queen Studio,v3
2026-09-18 03:57:34,The Quadrant Hotel & Suites Auckland,2026-09-27,Official site,125,,v3
2026-09-18 03:57:34,The Quadrant Hotel & Suites Auckland,2026-09-27,Trip.com,84,,v3
2026-09-18 03:57:41,Copthorne Hotel Auckland City,2026-09-27,Booking.com,159,Superior 2 Double,v3
2026-09-18 03:57:41,Copthorne Hotel Auckland City,2026-09-27,Expedia,159,,v3
2026-09-18 03:57:41,Copthorne Hotel Auckland City,2026-09-27,Official site,131,Parkside Hotel & Apartments,v3
2026-09-18 03:57:41,Copthorne Hotel Auckland City,2026-09-27,Super.com,131,,v3
2026-09-18 03:57:47,Albion Hotel Auckland,2026-09-27,Hotels.com,124,Standard Double Room,v3
2026-09-18 03:57:47,Albion Hotel Auckland,2026-09-27,Official site,77,Parkside Hotel & Apartments,v3
2026-09-18 03:57:47,Albion Hotel Auckland,2026-09-27,Super.com,77,,v3
2026-09-18 03:57:53,Ascotia Off Queen Auckland,2026-09-27,Booking.com,86,Open Ascotia Off Queen in a new tab.,v3
2026-09-18 03:57:53,Ascotia Off Queen Auckland,2026-09-27,Expedia,100,King Room,v3
2026-09-18 03:57:53,Ascotia Off Queen Auckland,2026-09-27,Super.com,86,,v3
2026-09-18 03:57:53,Ascotia Off Queen Auckland,2026-09-27,Trip.com,91,,v3
2026-09-18 03:58:00,VR Queen Street Auckland,2026-09-28,Booking.com,110,One-Bedroom Suite,v3
2026-09-18 03:58:00,VR Queen Street Auckland,2026-09-28,Hotels.com,104,,v3
2026-09-18 03:58:00,VR Queen Street Auckland,2026-09-28,Official site,119,,v3
2026-09-18 03:58:00,VR Queen Street Auckland,2026-09-28,Super.com,90,,v3
2026-09-18 03:58:00,VR Queen Street Auckland,2026-09-28,Wotif,90,Open VR Queen Street - Hotel & Suites in a new tab.,v3
2026-09-18 03:58:07,VR Auckland City,2026-09-28,Booking.com,108,Studio Apartment,v3
2026-09-18 03:58:07,VR Auckland City,2026-09-28,Super.com,83,,v3
2026-09-18 03:58:07,VR Auckland City,2026-09-28,Wotif,74,ibis budget Auckland Central - Double Studio,v3
2026-09-18 03:58:13,Shakespeare Hotel Auckland,2026-09-28,Booking.com,86,,v3
2026-09-18 03:58:13,Shakespeare Hotel Auckland,2026-09-28,Hotels.com,84,Double Room,v3
2026-09-18 03:58:13,Shakespeare Hotel Auckland,2026-09-28,Official site,110,,v3
2026-09-18 03:58:13,Shakespeare Hotel Auckland,2026-09-28,Super.com,75,,v3
2026-09-18 03:58:13,Shakespeare Hotel Auckland,2026-09-28,Wotif,75,ibis budget Auckland Central - Double Studio,v3
2026-09-18 03:58:20,Auckland City Hotel,2026-09-28,Booking.com,111,Standard Room with Two Single Beds,v3
2026-09-18 03:58:20,Auckland City Hotel,2026-09-28,Official site,90,ibis budget Auckland Central - Double Studio,v3
2026-09-18 03:58:20,Auckland City Hotel,2026-09-28,Super.com,90,,v3
2026-09-18 03:58:27,ibis budget Auckland Central,2026-09-28,Booking.com,90,Double Studio,v3
2026-09-18 03:58:27,ibis budget Auckland Central,2026-09-28,Official site,90,,v3
2026-09-18 03:58:27,ibis budget Auckland Central,2026-09-28,Super.com,74,,v3
2026-09-18 03:58:27,ibis budget Auckland Central,2026-09-28,Wotif,74,ibis budget Auckland Central - Double Studio,v3
2026-09-18 03:58:33,The Quadrant Hotel & Suites Auckland,2026-09-28,Agoda,113,,v3
2026-09-18 03:58:33,The Quadrant Hotel & Suites Auckland,2026-09-28,Booking.com,113,Deluxe Queen Studio,v3
2026-09-18 03:58:33,The Quadrant Hotel & Suites Auckland,2026-09-28,Official site,85,Open The Quadrant Hotel & Suites in a new tab.,v3
2026-09-18 03:58:33,The Quadrant Hotel & Suites Auckland,2026-09-28,Super.com,85,,v3
2026-09-18 03:58:40,Copthorne Hotel Auckland City,2026-09-28,Booking.com,130,Superior King,v3
2026-09-18 03:58:40,Copthorne Hotel Auckland City,2026-09-28,Official site,130,,v3
2026-09-18 03:58:40,Copthorne Hotel Auckland City,2026-09-28,Super.com,106,,v3
2026-09-18 03:58:40,Copthorne Hotel Auckland City,2026-09-28,Wotif,106,ibis budget Auckland Central - Double Studio,v3
2026-09-18 03:58:46,Albion Hotel Auckland,2026-09-28,Expedia,124,Standard Double Room,v3
2026-09-18 03:58:46,Albion Hotel Auckland,2026-09-28,Official site,76,ibis budget Auckland Central - Double Studio,v3
2026-09-18 03:58:46,Albion Hotel Auckland,2026-09-28,Super.com,76,,v3
2026-09-18 03:58:53,Ascotia Off Queen Auckland,2026-09-28,Booking.com,82,Queen Room,v3
2026-09-18 03:58:53,Ascotia Off Queen Auckland,2026-09-28,Official site,64,Open Ascotia Off Queen in a new tab.,v3
2026-09-18 03:58:53,Ascotia Off Queen Auckland,2026-09-28,Super.com,64,,v3
2026-09-18 03:58:53,Ascotia Off Queen Auckland,2026-09-28,Trip.com,68,,v3
2026-09-18 03:58:59,VR Queen Street Auckland,2026-09-29,Booking.com,115,,v3
2026-09-18 03:58:59,VR Queen Street Auckland,2026-09-29,Hotels.com,102,Suite · Suite,v3
2026-09-18 03:58:59,VR Queen Street Auckland,2026-09-29,Official site,91,Open VR Queen Street - Hotel & Suites in a new tab.,v3
2026-09-18 03:58:59,VR Queen Street Auckland,2026-09-29,Super.com,91,,v3
2026-09-18 03:59:06,VR Auckland City,2026-09-29,Booking.com,74,Auckland Harbour Suites,v3
2026-09-18 03:59:06,VR Auckland City,2026-09-29,Super.com,86,,v3
2026-09-18 03:59:12,Shakespeare Hotel Auckland,2026-09-29,Agoda,84,,v3
2026-09-18 03:59:12,Shakespeare Hotel Auckland,2026-09-29,Booking.com,86,Double Room,v3
2026-09-18 03:59:12,Shakespeare Hotel Auckland,2026-09-29,Official site,76,Auckland Harbour Suites,v3
2026-09-18 03:59:12,Shakespeare Hotel Auckland,2026-09-29,Super.com,76,,v3
2026-09-18 03:59:19,Auckland City Hotel,2026-09-29,Booking.com,150,Standard Queen Room,v3
2026-09-18 03:59:19,Auckland City Hotel,2026-09-29,Hotels.com,125,,v3
2026-09-18 03:59:19,Auckland City Hotel,2026-09-29,Official site,92,Auckland Harbour Suites,v3
2026-09-18 03:59:19,Auckland City Hotel,2026-09-29,Super.com,92,,v3
2026-09-18 03:59:25,ibis budget Auckland Central,2026-09-29,Booking.com,90,,v3
2026-09-18 03:59:25,ibis budget Auckland Central,2026-09-29,Expedia,90,"Studio, 1 Double Bed",v3
2026-09-18 03:59:25,ibis budget Auckland Central,2026-09-29,Official site,73,Auckland Harbour Suites,v3
2026-09-18 03:59:25,ibis budget Auckland Central,2026-09-29,Super.com,73,,v3
2026-09-18 03:59:31,The Quadrant Hotel & Suites Auckland,2026-09-29,Agoda,113,,v3
2026-09-18 03:59:31,The Quadrant Hotel & Suites Auckland,2026-09-29,Booking.com,107,Deluxe Queen Studio,v3
2026-09-18 03:59:31,The Quadrant Hotel & Suites Auckland,2026-09-29,Official site,87,,v3
2026-09-18 03:59:31,The Quadrant Hotel & Suites Auckland,2026-09-29,Wotif,87,Open The Quadrant Hotel & Suites in a new tab.,v3
2026-09-18 03:59:38,Copthorne Hotel Auckland City,2026-09-29,Booking.com,139,,v3
2026-09-18 03:59:38,Copthorne Hotel Auckland City,2026-09-29,Expedia,139,Superior Accessible 1 King or 2 Doubles,v3
2026-09-18 03:59:38,Copthorne Hotel Auckland City,2026-09-29,Official site,139,,v3
2026-09-18 03:59:38,Copthorne Hotel Auckland City,2026-09-29,Super.com,114,,v3
2026-09-18 03:59:38,Copthorne Hotel Auckland City,2026-09-29,Wotif,114,Auckland Harbour Suites,v3
2026-09-18 03:59:44,Albion Hotel Auckland,2026-09-29,Expedia,124,Standard Double Room,v3
2026-09-18 03:59:44,Albion Hotel Auckland,2026-09-29,Official site,77,Auckland Harbour Suites,v3
2026-09-18 03:59:44,Albion Hotel Auckland,2026-09-29,Super.com,77,,v3
2026-09-18 03:59:51,Ascotia Off Queen Auckland,2026-09-29,Booking.com,82,Queen Room,v3
2026-09-18 03:59:51,Ascotia Off Queen Auckland,2026-09-29,Official site,65,Open Ascotia Off Queen in a new tab.,v3
2026-09-18 03:59:51,Ascotia Off Queen Auckland,2026-09-29,Super.com,65,,v3
2026-09-18 03:59:51,Ascotia Off Queen Auckland,2026-09-29,Trip.com,68,,v3
2026-09-18 03:59:57,VR Queen Street Auckland,2026-09-30,Booking.com,122,One-Bedroom Suite,v3
2026-09-18 03:59:57,VR Queen Street Auckland,2026-09-30,Hotels.com,110,,v3
2026-09-18 03:59:57,VR Queen Street Auckland,2026-09-30,Official site,96,Open VR Queen Street - Hotel & Suites in a new tab.,v3
2026-09-18 03:59:57,VR Queen Street Auckland,2026-09-30,Super.com,96,,v3
2026-09-18 04:00:04,VR Auckland City,2026-09-30,Booking.com,112,Studio Apartment,v3
2026-09-18 04:00:04,VR Auckland City,2026-09-30,Super.com,87,,v3
2026-09-18 04:00:04,VR Auckland City,2026-09-30,Wotif,84,Auckland Harbour Suites,v3
2026-09-18 04:00:10,Shakespeare Hotel Auckland,2026-09-30,Booking.com,92,,v3
2026-09-18 04:00:10,Shakespeare Hotel Auckland,2026-09-30,Expedia,103,Triple Room,v3
2026-09-18 04:00:10,Shakespeare Hotel Auckland,2026-09-30,Official site,110,,v3
2026-09-18 04:00:10,Shakespeare Hotel Auckland,2026-09-30,Super.com,78,,v3
2026-09-18 04:00:10,Shakespeare Hotel Auckland,2026-09-30,Wotif,78,Auckland Harbour Suites,v3
2026-09-18 04:00:17,Auckland City Hotel,2026-09-30,Booking.com,150,,v3
2026-09-18 04:00:17,Auckland City Hotel,2026-09-30,Hotels.com,138,"Standard Room, 1 Queen Bed",v3
2026-09-18 04:00:17,Auckland City Hotel,2026-09-30,Official site,198,,v3
2026-09-18 04:00:17,Auckland City Hotel,2026-09-30,Super.com,92,,v3
2026-09-18 04:00:17,Auckland City Hotel,2026-09-30,Wotif,92,Auckland Harbour Suites,v3
2026-09-18 04:00:23,ibis budget Auckland Central,2026-09-30,Booking.com,90,,v3
2026-09-18 04:00:23,ibis budget Auckland Central,2026-09-30,Expedia,90,"Studio, 1 Double Bed",v3
2026-09-18 04:00:23,ibis budget Auckland Central,2026-09-30,Official site,90,,v3
2026-09-18 04:00:23,ibis budget Auckland Central,2026-09-30,Super.com,72,,v3
2026-09-18 04:00:23,ibis budget Auckland Central,2026-09-30,Wotif,72,Auckland Harbour Suites,v3
2026-09-18 04:00:30,The Quadrant Hotel & Suites Auckland,2026-09-30,Booking.com,117,Deluxe Queen Studio,v3
2026-09-18 04:00:30,The Quadrant Hotel & Suites Auckland,2026-09-30,Expedia,117,,v3
2026-09-18 04:00:30,The Quadrant Hotel & Suites Auckland,2026-09-30,Official site,89,Open The Quadrant Hotel & Suites in a new tab.,v3
2026-09-18 04:00:30,The Quadrant Hotel & Suites Auckland,2026-09-30,Super.com,89,,v3
2026-09-18 04:00:37,Copthorne Hotel Auckland City,2026-09-30,Booking.com,139,Superior 2 Double,v3
2026-09-18 04:00:37,Copthorne Hotel Auckland City,2026-09-30,Official site,139,,v3
2026-09-18 04:00:37,Copthorne Hotel Auckland City,2026-09-30,Super.com,111,,v3
2026-09-18 04:00:37,Copthorne Hotel Auckland City,2026-09-30,Wotif,111,Auckland Harbour Suites,v3
2026-09-18 04:00:43,Albion Hotel Auckland,2026-09-30,Expedia,124,Standard Double Room,v3
2026-09-18 04:00:43,Albion Hotel Auckland,2026-09-30,Official site,95,,v3
2026-09-18 04:00:43,Albion Hotel Auckland,2026-09-30,Super.com,77,,v3
2026-09-18 04:00:43,Albion Hotel Auckland,2026-09-30,Wotif,77,Auckland Harbour Suites,v3
2026-09-18 04:00:50,Ascotia Off Queen Auckland,2026-09-30,Booking.com,82,Queen Room,v3
2026-09-18 04:00:50,Ascotia Off Queen Auckland,2026-09-30,Expedia,76,,v3
2026-09-18 04:00:50,Ascotia Off Queen Auckland,2026-09-30,Super.com,65,,v3
2026-09-18 04:00:50,Ascotia Off Queen Auckland,2026-09-30,Trip.com,68,,v3
2026-09-18 04:00:50,Ascotia Off Queen Auckland,2026-09-30,Wotif,65,Open Ascotia Off Queen in a new tab.,v3
2026-09-18 04:00:56,VR Queen Street Auckland,2026-10-01,Booking.com,122,Standard King Room,v3
2026-09-18 04:00:56,VR Queen Street Auckland,2026-10-01,Hotels.com,108,,v3
2026-09-18 04:00:56,VR Queen Street Auckland,2026-10-01,Official site,125,,v3
2026-09-18 04:00:56,VR Queen Street Auckland,2026-10-01,Super.com,95,,v3
2026-09-18 04:00:56,VR Queen Street Auckland,2026-10-01,Wotif,95,Open VR Queen Street - Hotel & Suites in a new tab.,v3
2026-09-18 04:01:03,VR Auckland City,2026-10-01,Booking.com,113,,v3
2026-09-18 04:01:03,VR Auckland City,2026-10-01,Hotels.com,117,Studio Apartment,v3
2026-09-18 04:01:03,VR Auckland City,2026-10-01,Super.com,90,,v3
2026-09-18 04:01:03,VR Auckland City,2026-10-01,Wotif,84,ibis budget Auckland Central - Double Studio,v3
2026-09-18 04:01:10,Shakespeare Hotel Auckland,2026-10-01,Booking.com,109,,v3
2026-09-18 04:01:10,Shakespeare Hotel Auckland,2026-10-01,Hotels.com,97,Double Room,v3
2026-09-18 04:01:10,Shakespeare Hotel Auckland,2026-10-01,Official site,130,,v3
2026-09-18 04:01:10,Shakespeare Hotel Auckland,2026-10-01,Super.com,87,,v3
2026-09-18 04:01:10,Shakespeare Hotel Auckland,2026-10-01,Wotif,87,ibis budget Auckland Central - Double Studio,v3
2026-09-18 04:01:16,Auckland City Hotel,2026-10-01,Booking.com,189,Standard Queen Room,v3
2026-09-18 04:01:16,Auckland City Hotel,2026-10-01,Hotels.com,148,,v3
2026-09-18 04:01:16,Auckland City Hotel,2026-10-01,Official site,95,ibis budget Auckland Central - Double Studio,v3
2026-09-18 04:01:16,Auckland City Hotel,2026-10-01,Super.com,95,,v3
2026-09-18 04:01:23,ibis budget Auckland Central,2026-10-01,Booking.com,108,Double Studio,v3
2026-09-18 04:01:23,ibis budget Auckland Central,2026-10-01,Official site,94,ibis budget Auckland Central - Double Studio,v3
2026-09-18 04:01:23,ibis budget Auckland Central,2026-10-01,Super.com,94,,v3
2026-09-18 04:01:29,The Quadrant Hotel & Suites Auckland,2026-10-01,Booking.com,121,Deluxe Queen Studio,v3
2026-09-18 04:01:29,The Quadrant Hotel & Suites Auckland,2026-10-01,Expedia,137,,v3
2026-09-18 04:01:29,The Quadrant Hotel & Suites Auckland,2026-10-01,Official site,149,,v3
2026-09-18 04:01:29,The Quadrant Hotel & Suites Auckland,2026-10-01,Super.com,109,,v3
2026-09-18 04:01:29,The Quadrant Hotel & Suites Auckland,2026-10-01,Wotif,109,Open The Quadrant Hotel & Suites in a new tab.,v3
2026-09-18 04:01:36,Copthorne Hotel Auckland City,2026-10-01,Booking.com,136,Superior 2 Double,v3
2026-09-18 04:01:36,Copthorne Hotel Auckland City,2026-10-01,Expedia,136,,v3
2026-09-18 04:01:36,Copthorne Hotel Auckland City,2026-10-01,Official site,110,ibis budget Auckland Central - Double Studio,v3
2026-09-18 04:01:36,Copthorne Hotel Auckland City,2026-10-01,Super.com,110,,v3
2026-09-18 04:01:43,Albion Hotel Auckland,2026-10-01,Bluepillow,98,,v3
2026-09-18 04:01:43,Albion Hotel Auckland,2026-10-01,Hotels.com,154,Standard Double Room,v3
2026-09-18 04:01:43,Albion Hotel Auckland,2026-10-01,Official site,98,ibis budget Auckland Central - Double Studio,v3
2026-09-18 04:01:50,Ascotia Off Queen Auckland,2026-10-01,Booking.com,109,,v3
2026-09-18 04:01:50,Ascotia Off Queen Auckland,2026-10-01,Expedia,100,Queen Room,v3
2026-09-18 04:01:50,Ascotia Off Queen Auckland,2026-10-01,Super.com,87,,v3
2026-09-18 04:01:50,Ascotia Off Queen Auckland,2026-10-01,Wotif,87,Open Ascotia Off Queen in a new tab.,v3
2026-09-18 04:01:56,VR Queen Street Auckland,2026-10-02,Booking.com,140,Standard King Room,v3
2026-09-18 04:01:56,VR Queen Street Auckland,2026-10-02,Hotels.com,140,,v3
2026-09-18 04:01:56,VR Queen Street Auckland,2026-10-02,Official site,110,Open VR Queen Street - Hotel & Suites in a new tab.,v3
2026-09-18 04:01:56,VR Queen Street Auckland,2026-10-02,Super.com,110,,v3
2026-09-18 04:02:03,VR Auckland City,2026-10-02,Booking.com,145,Studio Apartment,v3
2026-09-18 04:02:03,VR Auckland City,2026-10-02,Super.com,114,,v3
2026-09-18 04:02:03,VR Auckland City,2026-10-02,Wotif,114,Parkside Hotel & Apartments Auckland,v3
2026-09-18 04:02:09,Shakespeare Hotel Auckland,2026-10-02,Expedia,104,Double Room,v3
2026-09-18 04:02:09,Shakespeare Hotel Auckland,2026-10-02,Hotels.com,104,,v3
2026-09-18 04:02:09,Shakespeare Hotel Auckland,2026-10-02,Official site,93,Parkside Hotel & Apartments Auckland,v3
2026-09-18 04:02:09,Shakespeare Hotel Auckland,2026-10-02,Super.com,93,,v3
2026-09-18 04:02:15,Auckland City Hotel,2026-10-02,Agoda,158,,v3
2026-09-18 04:02:15,Auckland City Hotel,2026-10-02,Booking.com,155,Standard Queen Room,v3
2026-09-18 04:02:15,Auckland City Hotel,2026-10-02,Official site,208,,v3
2026-09-18 04:02:15,Auckland City Hotel,2026-10-02,Super.com,96,,v3
2026-09-18 04:02:15,Auckland City Hotel,2026-10-02,Wotif,96,Parkside Hotel & Apartments Auckland,v3
2026-09-18 04:02:22,ibis budget Auckland Central,2026-10-02,Booking.com,113,Double Studio,v3
2026-09-18 04:02:22,ibis budget Auckland Central,2026-10-02,Expedia,113,,v3
2026-09-18 04:02:22,ibis budget Auckland Central,2026-10-02,Official site,113,,v3
2026-09-18 04:02:22,ibis budget Auckland Central,2026-10-02,Super.com,93,,v3
2026-09-18 04:02:22,ibis budget Auckland Central,2026-10-02,Wotif,93,Parkside Hotel & Apartments Auckland,v3
2026-09-18 04:02:28,The Quadrant Hotel & Suites Auckland,2026-10-02,Agoda,145,,v3
2026-09-18 04:02:28,The Quadrant Hotel & Suites Auckland,2026-10-02,Booking.com,133,Deluxe Queen Studio,v3
2026-09-18 04:02:28,The Quadrant Hotel & Suites Auckland,2026-10-02,Official site,111,Open The Quadrant Hotel & Suites in a new tab.,v3
2026-09-18 04:02:28,The Quadrant Hotel & Suites Auckland,2026-10-02,Super.com,111,,v3
2026-09-18 04:02:35,Copthorne Hotel Auckland City,2026-10-02,Booking.com,172,,v3
2026-09-18 04:02:35,Copthorne Hotel Auckland City,2026-10-02,Expedia,172,"Superior Room, 1 King Bed",v3
2026-09-18 04:02:35,Copthorne Hotel Auckland City,2026-10-02,Official site,141,Parkside Hotel & Apartments Auckland,v3
2026-09-18 04:02:35,Copthorne Hotel Auckland City,2026-10-02,Super.com,141,,v3
2026-09-18 04:02:41,Albion Hotel Auckland,2026-10-02,Hotels.com,168,Basic Triple Room,v3
2026-09-18 04:02:41,Albion Hotel Auckland,2026-10-02,Official site,142,,v3
2026-09-18 04:02:41,Albion Hotel Auckland,2026-10-02,Super.com,115,,v3
2026-09-18 04:02:41,Albion Hotel Auckland,2026-10-02,Wotif,115,Parkside Hotel & Apartments Auckland,v3
2026-09-18 04:02:47,Ascotia Off Queen Auckland,2026-10-02,Expedia,119,King Room,v3
2026-09-18 04:02:47,Ascotia Off Queen Auckland,2026-10-02,Official site,119,,v3
2026-09-18 04:02:47,Ascotia Off Queen Auckland,2026-10-02,Super.com,93,,v3
2026-09-18 04:02:47,Ascotia Off Queen Auckland,2026-10-02,Wotif,93,Open Ascotia Off Queen in a new tab.,v3
2026-09-18 04:02:54,VR Queen Street Auckland,2026-10-03,Booking.com,153,,v3
2026-09-18 04:02:54,VR Queen Street Auckland,2026-10-03,Hotels.com,136,Standard King Room,v3
2026-09-18 04:02:54,VR Queen Street Auckland,2026-10-03,Official site,158,,v3
2026-09-18 04:02:54,VR Queen Street Auckland,2026-10-03,Super.com,121,,v3
2026-09-18 04:02:54,VR Queen Street Auckland,2026-10-03,Wotif,121,Open VR Queen Street - Hotel & Suites in a new tab.,v3
2026-09-18 04:03:00,VR Auckland City,2026-10-03,Booking.com,158,Studio Apartment,v3
2026-09-18 04:03:00,VR Auckland City,2026-10-03,Super.com,123,,v3
2026-09-18 04:03:00,VR Auckland City,2026-10-03,Wotif,102,Penthouse,v3
2026-09-18 04:03:06,Shakespeare Hotel Auckland,2026-10-03,Booking.com,109,,v3
2026-09-18 04:03:06,Shakespeare Hotel Auckland,2026-10-03,Hotels.com,100,Double Room,v3
2026-09-18 04:03:06,Shakespeare Hotel Auckland,2026-10-03,Official site,130,,v3
2026-09-18 04:03:06,Shakespeare Hotel Auckland,2026-10-03,Super.com,89,,v3
2026-09-18 04:03:06,Shakespeare Hotel Auckland,2026-10-03,Wotif,89,Penthouse,v3
2026-09-18 04:03:13,Auckland City Hotel,2026-10-03,Booking.com,177,,v3
2026-09-18 04:03:13,Auckland City Hotel,2026-10-03,Hotels.com,212,"Standard Room, 1 Queen Bed",v3
2026-09-18 04:03:13,Auckland City Hotel,2026-10-03,Official site,233,,v3
2026-09-18 04:03:13,Auckland City Hotel,2026-10-03,Super.com,108,,v3
2026-09-18 04:03:13,Auckland City Hotel,2026-10-03,Wotif,108,Penthouse,v3
2026-09-18 04:03:19,ibis budget Auckland Central,2026-10-03,Booking.com,122,Double Studio,v3
2026-09-18 04:03:19,ibis budget Auckland Central,2026-10-03,Official site,98,Penthouse,v3
2026-09-18 04:03:19,ibis budget Auckland Central,2026-10-03,Super.com,98,,v3
2026-09-18 04:03:25,The Quadrant Hotel & Suites Auckland,2026-10-03,Booking.com,152,Classic One Bedroom Apartment,v3
2026-09-18 04:03:25,The Quadrant Hotel & Suites Auckland,2026-10-03,Expedia,167,,v3
2026-09-18 04:03:25,The Quadrant Hotel & Suites Auckland,2026-10-03,Official site,172,,v3
2026-09-18 04:03:25,The Quadrant Hotel & Suites Auckland,2026-10-03,Super.com,127,,v3
2026-09-18 04:03:25,The Quadrant Hotel & Suites Auckland,2026-10-03,Wotif,127,Open The Quadrant Hotel & Suites in a new tab.,v3
2026-09-18 04:03:32,Copthorne Hotel Auckland City,2026-10-03,Booking.com,190,Superior 2 Double,v3
2026-09-18 04:03:32,Copthorne Hotel Auckland City,2026-10-03,Hotels.com,190,,v3
2026-09-18 04:03:32,Copthorne Hotel Auckland City,2026-10-03,Official site,156,Penthouse,v3
2026-09-18 04:03:32,Copthorne Hotel Auckland City,2026-10-03,Super.com,156,,v3
2026-09-18 04:03:38,Albion Hotel Auckland,2026-10-03,Hotels.com,168,Basic Triple Room,v3
2026-09-18 04:03:38,Albion Hotel Auckland,2026-10-03,Official site,142,,v3
2026-09-18 04:03:38,Albion Hotel Auckland,2026-10-03,Super.com,114,,v3
2026-09-18 04:03:38,Albion Hotel Auckland,2026-10-03,Wotif,114,Penthouse,v3
2026-09-18 04:03:45,Ascotia Off Queen Auckland,2026-10-03,Booking.com,119,Queen Room,v3
2026-09-18 04:03:45,Ascotia Off Queen Auckland,2026-10-03,Official site,119,,v3
2026-09-18 04:03:45,Ascotia Off Queen Auckland,2026-10-03,Super.com,94,,v3
2026-09-18 04:03:45,Ascotia Off Queen Auckland,2026-10-03,Wotif,94,Open Ascotia Off Queen in a new tab.,v3
2026-09-18 04:03:51,VR Queen Street Auckland,2026-10-04,Booking.com,89,Open VR Queen Street - Hotel & Suites in a new tab.,v3
2026-09-18 04:03:51,VR Queen Street Auckland,2026-10-04,Hotels.com,102,,v3
2026-09-18 04:03:51,VR Queen Street Auckland,2026-10-04,Official site,117,,v3
2026-09-18 04:03:51,VR Queen Street Auckland,2026-10-04,Super.com,89,,v3
2026-09-18 04:03:57,VR Auckland City,2026-10-04,Booking.com,84,ibis budget Auckland Central - Double Studio,v3
2026-09-18 04:03:57,VR Auckland City,2026-10-04,Super.com,107,,v3
2026-09-18 04:04:03,Shakespeare Hotel Auckland,2026-10-04,Booking.com,109,,v3
2026-09-18 04:04:03,Shakespeare Hotel Auckland,2026-10-04,Expedia,103,Double Room,v3
2026-09-18 04:04:03,Shakespeare Hotel Auckland,2026-10-04,Official site,130,,v3
2026-09-18 04:04:03,Shakespeare Hotel Auckland,2026-10-04,Super.com,92,,v3
2026-09-18 04:04:03,Shakespeare Hotel Auckland,2026-10-04,Wotif,92,ibis budget Auckland Central - Double Studio,v3
2026-09-18 04:04:10,Auckland City Hotel,2026-10-04,Booking.com,203,,v3
2026-09-18 04:04:10,Auckland City Hotel,2026-10-04,Hotels.com,203,"Standard Room, 1 Queen Bed",v3
2026-09-18 04:04:10,Auckland City Hotel,2026-10-04,Official site,102,ibis budget Auckland Central - Double Studio,v3
2026-09-18 04:04:10,Auckland City Hotel,2026-10-04,Super.com,102,,v3
2026-09-18 04:04:16,ibis budget Auckland Central,2026-10-04,Booking.com,104,,v3
2026-09-18 04:04:16,ibis budget Auckland Central,2026-10-04,Expedia,104,"Studio, 1 Double Bed",v3
2026-09-18 04:04:16,ibis budget Auckland Central,2026-10-04,Official site,88,ibis budget Auckland Central - Double Studio,v3
2026-09-18 04:04:16,ibis budget Auckland Central,2026-10-04,Super.com,88,,v3
2026-09-18 04:04:23,The Quadrant Hotel & Suites Auckland,2026-10-04,Booking.com,117,,v3
2026-09-18 04:04:23,The Quadrant Hotel & Suites Auckland,2026-10-04,Hotels.com,117,Classic One-Bedroom Apartment,v3
2026-09-18 04:04:23,The Quadrant Hotel & Suites Auckland,2026-10-04,Official site,94,Open The Quadrant Hotel & Suites in a new tab.,v3
2026-09-18 04:04:23,The Quadrant Hotel & Suites Auckland,2026-10-04,Super.com,94,,v3
2026-09-18 04:04:29,Copthorne Hotel Auckland City,2026-10-04,Booking.com,111,ibis budget Auckland Central - Double Studio,v3
2026-09-18 04:04:29,Copthorne Hotel Auckland City,2026-10-04,Expedia,136,,v3
2026-09-18 04:04:29,Copthorne Hotel Auckland City,2026-10-04,Official site,135,,v3
2026-09-18 04:04:29,Copthorne Hotel Auckland City,2026-10-04,Super.com,111,,v3
2026-09-18 04:04:35,Albion Hotel Auckland,2026-10-04,Expedia,124,Standard Double Room,v3
2026-09-18 04:04:35,Albion Hotel Auckland,2026-10-04,Official site,95,,v3
2026-09-18 04:04:35,Albion Hotel Auckland,2026-10-04,Super.com,77,,v3
2026-09-18 04:04:35,Albion Hotel Auckland,2026-10-04,Wotif,77,ibis budget Auckland Central - Double Studio,v3
2026-09-18 04:04:42,Ascotia Off Queen Auckland,2026-10-04,Booking.com,95,Queen Room,v3
2026-09-18 04:04:42,Ascotia Off Queen Auckland,2026-10-04,Official site,81,Open Ascotia Off Queen in a new tab.,v3
2026-09-18 04:04:42,Ascotia Off Queen Auckland,2026-10-04,Super.com,81,,v3
2026-09-18 04:04:48,VR Queen Street Auckland,2026-10-05,Booking.com,113,,v3
2026-09-18 04:04:48,VR Queen Street Auckland,2026-10-05,Hotels.com,100,Standard King Room,v3
2026-09-18 04:04:48,VR Queen Street Auckland,2026-10-05,Official site,117,,v3
2026-09-18 04:04:48,VR Queen Street Auckland,2026-10-05,Super.com,90,,v3
2026-09-18 04:04:48,VR Queen Street Auckland,2026-10-05,Wotif,90,Open VR Queen Street - Hotel & Suites in a new tab.,v3
2026-09-18 04:04:55,VR Auckland City,2026-10-05,Booking.com,139,Studio Apartment,v3
2026-09-18 04:04:55,VR Auckland City,2026-10-05,Super.com,109,,v3
2026-09-18 04:05:01,Shakespeare Hotel Auckland,2026-10-05,Expedia,106,Double Room,v3
2026-09-18 04:05:01,Shakespeare Hotel Auckland,2026-10-05,Hotels.com,106,,v3
2026-09-18 04:05:01,Shakespeare Hotel Auckland,2026-10-05,Official site,93,Auckland Harbour Suites,v3
2026-09-18 04:05:01,Shakespeare Hotel Auckland,2026-10-05,Super.com,93,,v3
2026-09-18 04:05:08,Auckland City Hotel,2026-10-05,Booking.com,194,Standard Room with Two Single Beds,v3
2026-09-18 04:05:08,Auckland City Hotel,2026-10-05,Expedia,134,,v3
2026-09-18 04:05:08,Auckland City Hotel,2026-10-05,Official site,213,,v3
2026-09-18 04:05:08,Auckland City Hotel,2026-10-05,Super.com,99,,v3
2026-09-18 04:05:08,Auckland City Hotel,2026-10-05,Wotif,99,Auckland Harbour Suites,v3
2026-09-18 04:05:14,ibis budget Auckland Central,2026-10-05,Booking.com,95,Double Studio,v3
2026-09-18 04:05:14,ibis budget Auckland Central,2026-10-05,Official site,79,Auckland Harbour Suites,v3
2026-09-18 04:05:14,ibis budget Auckland Central,2026-10-05,Super.com,79,,v3
2026-09-18 04:05:21,The Quadrant Hotel & Suites Auckland,2026-10-05,Booking.com,106,,v3
2026-09-18 04:05:21,The Quadrant Hotel & Suites Auckland,2026-10-05,Hotels.com,112,Classic One-Bedroom Apartment,v3
2026-09-18 04:05:21,The Quadrant Hotel & Suites Auckland,2026-10-05,Official site,128,,v3
2026-09-18 04:05:21,The Quadrant Hotel & Suites Auckland,2026-10-05,Super.com,92,,v3
2026-09-18 04:05:21,The Quadrant Hotel & Suites Auckland,2026-10-05,Wotif,92,Open The Quadrant Hotel & Suites in a new tab.,v3
2026-09-18 04:05:27,Copthorne Hotel Auckland City,2026-10-05,Booking.com,136,,v3
2026-09-18 04:05:27,Copthorne Hotel Auckland City,2026-10-05,Expedia,136,Superior Accessible 1 King or 2 Doubles,v3
2026-09-18 04:05:27,Copthorne Hotel Auckland City,2026-10-05,Official site,135,,v3
2026-09-18 04:05:27,Copthorne Hotel Auckland City,2026-10-05,Super.com,112,,v3
2026-09-18 04:05:27,Copthorne Hotel Auckland City,2026-10-05,Wotif,112,Auckland Harbour Suites,v3
2026-09-18 04:05:33,Albion Hotel Auckland,2026-10-05,Expedia,124,Standard Double Room,v3
2026-09-18 04:05:33,Albion Hotel Auckland,2026-10-05,Official site,76,Auckland Harbour Suites,v3
2026-09-18 04:05:33,Albion Hotel Auckland,2026-10-05,Super.com,76,,v3
2026-09-18 04:05:40,Ascotia Off Queen Auckland,2026-10-05,Booking.com,99,Queen Room,v3
2026-09-18 04:05:40,Ascotia Off Queen Auckland,2026-10-05,Super.com,81,,v3
2026-09-18 04:05:40,Ascotia Off Queen Auckland,2026-10-05,Wotif,81,Open Ascotia Off Queen in a new tab.,v3
2026-09-18 04:05:46,VR Queen Street Auckland,2026-10-06,Booking.com,113,Standard King Room,v3
2026-09-18 04:05:46,VR Queen Street Auckland,2026-10-06,Expedia,106,,v3
2026-09-18 04:05:46,VR Queen Street Auckland,2026-10-06,Official site,117,,v3
2026-09-18 04:05:46,VR Queen Street Auckland,2026-10-06,Super.com,90,,v3
2026-09-18 04:05:46,VR Queen Street Auckland,2026-10-06,Wotif,90,Open VR Queen Street - Hotel & Suites in a new tab.,v3
2026-09-18 04:05:54,VR Auckland City,2026-10-06,Booking.com,139,Studio Apartment,v3
2026-09-18 04:05:54,VR Auckland City,2026-10-06,Super.com,107,,v3
2026-09-18 04:05:54,VR Auckland City,2026-10-06,Wotif,84,,v3
2026-09-18 04:06:00,Shakespeare Hotel Auckland,2026-10-06,Booking.com,109,,v3
2026-09-18 04:06:00,Shakespeare Hotel Auckland,2026-10-06,Hotels.com,130,Double Room,v3
2026-09-18 04:06:00,Shakespeare Hotel Auckland,2026-10-06,Official site,130,,v3
2026-09-18 04:06:00,Shakespeare Hotel Auckland,2026-10-06,Super.com,91,,v3
2026-09-18 04:06:00,Shakespeare Hotel Auckland,2026-10-06,Wotif,91,,v3
2026-09-18 04:06:06,Auckland City Hotel,2026-10-06,Booking.com,173,,v3
2026-09-18 04:06:06,Auckland City Hotel,2026-10-06,Hotels.com,170,"Standard Room, 1 Queen Bed",v3
2026-09-18 04:06:06,Auckland City Hotel,2026-10-06,Official site,233,,v3
2026-09-18 04:06:06,Auckland City Hotel,2026-10-06,Super.com,108,,v3
2026-09-18 04:06:06,Auckland City Hotel,2026-10-06,Wotif,108,,v3
2026-09-18 04:06:13,ibis budget Auckland Central,2026-10-06,Booking.com,95,Double Studio,v3
2026-09-18 04:06:13,ibis budget Auckland Central,2026-10-06,Official site,95,,v3
2026-09-18 04:06:13,ibis budget Auckland Central,2026-10-06,Super.com,78,,v3
2026-09-18 04:06:13,ibis budget Auckland Central,2026-10-06,Wotif,78,,v3
2026-09-18 04:06:19,The Quadrant Hotel & Suites Auckland,2026-10-06,Booking.com,110,Classic One-Bedroom Apartment,v3
2026-09-18 04:06:19,The Quadrant Hotel & Suites Auckland,2026-10-06,Hotels.com,117,,v3
2026-09-18 04:06:19,The Quadrant Hotel & Suites Auckland,2026-10-06,Official site,134,,v3
2026-09-18 04:06:19,The Quadrant Hotel & Suites Auckland,2026-10-06,Super.com,94,,v3
2026-09-18 04:06:19,The Quadrant Hotel & Suites Auckland,2026-10-06,Wotif,94,Open The Quadrant Hotel & Suites in a new tab.,v3
2026-09-18 04:06:25,Copthorne Hotel Auckland City,2026-10-06,Booking.com,136,,v3
2026-09-18 04:06:25,Copthorne Hotel Auckland City,2026-10-06,Expedia,136,Superior Accessible 1 King or 2 Doubles,v3
2026-09-18 04:06:25,Copthorne Hotel Auckland City,2026-10-06,Official site,135,,v3
2026-09-18 04:06:25,Copthorne Hotel Auckland City,2026-10-06,Super.com,111,,v3
2026-09-18 04:06:25,Copthorne Hotel Auckland City,2026-10-06,Wotif,111,,v3
2026-09-18 04:06:32,Albion Hotel Auckland,2026-10-06,Hotels.com,124,Standard Double Room,v3
2026-09-18 04:06:32,Albion Hotel Auckland,2026-10-06,Official site,95,,v3
2026-09-18 04:06:32,Albion Hotel Auckland,2026-10-06,Super.com,76,,v3
2026-09-18 04:06:32,Albion Hotel Auckland,2026-10-06,Wotif,76,,v3
2026-09-18 04:06:39,Ascotia Off Queen Auckland,2026-10-06,Booking.com,99,,v3
2026-09-18 04:06:39,Ascotia Off Queen Auckland,2026-10-06,Expedia,94,Queen Room,v3
2026-09-18 04:06:39,Ascotia Off Queen Auckland,2026-10-06,Super.com,79,,v3
2026-09-18 04:06:39,Ascotia Off Queen Auckland,2026-10-06,Wotif,79,Open Ascotia Off Queen in a new tab.,v3
2026-09-18 04:06:45,VR Queen Street Auckland,2026-10-07,Booking.com,108,,v3
2026-09-18 04:06:45,VR Queen Street Auckland,2026-10-07,Hotels.com,96,Standard King Room,v3
2026-09-18 04:06:45,VR Queen Street Auckland,2026-10-07,Official site,86,Open VR Queen Street - Hotel & Suites in a new tab.,v3
2026-09-18 04:06:45,VR Queen Street Auckland,2026-10-07,Super.com,86,,v3
2026-09-18 04:06:52,VR Auckland City,2026-10-07,Booking.com,139,Studio Apartment,v3
2026-09-18 04:06:52,VR Auckland City,2026-10-07,Super.com,107,,v3
2026-09-18 04:06:52,VR Auckland City,2026-10-07,Wotif,84,ibis budget Auckland Central - Double Studio,v3
2026-09-18 04:06:58,Shakespeare Hotel Auckland,2026-10-07,Booking.com,109,Double Room,v3
2026-09-18 04:06:58,Shakespeare Hotel Auckland,2026-10-07,Expedia,102,,v3
2026-09-18 04:06:58,Shakespeare Hotel Auckland,2026-10-07,Official site,95,ibis budget Auckland Central - Double Studio,v3
2026-09-18 04:06:58,Shakespeare Hotel Auckland,2026-10-07,Super.com,95,,v3
2026-09-18 04:07:04,Auckland City Hotel,2026-10-07,Booking.com,212,,v3
2026-09-18 04:07:04,Auckland City Hotel,2026-10-07,Hotels.com,165,"Studio, Kitchenette",v3
2026-09-18 04:07:04,Auckland City Hotel,2026-10-07,Official site,108,ibis budget Auckland Central - Double Studio,v3
2026-09-18 04:07:04,Auckland City Hotel,2026-10-07,Super.com,108,,v3
2026-09-18 04:07:11,ibis budget Auckland Central,2026-10-07,Booking.com,95,Double Studio,v3
2026-09-18 04:07:11,ibis budget Auckland Central,2026-10-07,Official site,74,,v3
2026-09-18 04:07:11,ibis budget Auckland Central,2026-10-07,Wotif,74,ibis budget Auckland Central - Double Studio,v3
2026-09-18 04:07:17,The Quadrant Hotel & Suites Auckland,2026-10-07,Booking.com,112,,v3
2026-09-18 04:07:17,The Quadrant Hotel & Suites Auckland,2026-10-07,Hotels.com,112,Classic One-Bedroom Apartment,v3
2026-09-18 04:07:17,The Quadrant Hotel & Suites Auckland,2026-10-07,Official site,95,Open The Quadrant Hotel & Suites in a new tab.,v3
2026-09-18 04:07:17,The Quadrant Hotel & Suites Auckland,2026-10-07,Super.com,95,,v3
2026-09-18 04:07:24,Copthorne Hotel Auckland City,2026-10-07,Booking.com,137,,v3
2026-09-18 04:07:24,Copthorne Hotel Auckland City,2026-10-07,Expedia,137,Superior Accessible 1 King or 2 Doubles,v3
2026-09-18 04:07:24,Copthorne Hotel Auckland City,2026-10-07,Official site,113,ibis budget Auckland Central - Double Studio,v3
2026-09-18 04:07:24,Copthorne Hotel Auckland City,2026-10-07,Super.com,113,,v3
2026-09-18 04:07:30,Albion Hotel Auckland,2026-10-07,Expedia,124,,v3
2026-09-18 04:07:30,Albion Hotel Auckland,2026-10-07,Hotels.com,124,Standard Double Room,v3
2026-09-18 04:07:30,Albion Hotel Auckland,2026-10-07,Official site,77,ibis budget Auckland Central - Double Studio,v3
2026-09-18 04:07:30,Albion Hotel Auckland,2026-10-07,Super.com,77,,v3
2026-09-18 04:07:37,Ascotia Off Queen Auckland,2026-10-07,Booking.com,119,King Room,v3
2026-09-18 04:07:37,Ascotia Off Queen Auckland,2026-10-07,Official site,119,,v3
2026-09-18 04:07:37,Ascotia Off Queen Auckland,2026-10-07,Super.com,95,,v3
2026-09-18 04:07:37,Ascotia Off Queen Auckland,2026-10-07,Wotif,95,Open Ascotia Off Queen in a new tab.,v3
2026-09-18 04:07:43,VR Queen Street Auckland,2026-10-08,Booking.com,144,,v3
2026-09-18 04:07:43,VR Queen Street Auckland,2026-10-08,Hotels.com,129,Standard King Room,v3
2026-09-18 04:07:43,VR Queen Street Auckland,2026-10-08,Official site,149,,v3
2026-09-18 04:07:43,VR Queen Street Auckland,2026-10-08,Super.com,117,,v3
2026-09-18 04:07:43,VR Queen Street Auckland,2026-10-08,Wotif,117,Open VR Queen Street - Hotel & Suites in a new tab.,v3
2026-09-18 04:07:49,VR Auckland City,2026-10-08,Booking.com,187,Executive One-Bedroom Apartment,v3
2026-09-18 04:07:49,VR Auckland City,2026-10-08,Super.com,141,,v3
2026-09-18 04:07:56,Shakespeare Hotel Auckland,2026-10-08,Booking.com,109,,v3
2026-09-18 04:07:56,Shakespeare Hotel Auckland,2026-10-08,Expedia,98,"Double Room, 1 Queen Bed",v3
2026-09-18 04:07:56,Shakespeare Hotel Auckland,2026-10-08,Official site,88,Chic Princes Wharf Studio | City View | Parking,v3
2026-09-18 04:07:56,Shakespeare Hotel Auckland,2026-10-08,Super.com,88,,v3
2026-09-18 04:08:02,Auckland City Hotel,2026-10-08,Booking.com,212,,v3
2026-09-18 04:08:02,Auckland City Hotel,2026-10-08,Hotels.com,146,Standard Twin Room,v3
2026-09-18 04:08:02,Auckland City Hotel,2026-10-08,Official site,233,,v3
2026-09-18 04:08:02,Auckland City Hotel,2026-10-08,Super.com,107,,v3
2026-09-18 04:08:02,Auckland City Hotel,2026-10-08,Wotif,107,Chic Princes Wharf Studio | City View | Parking,v3
2026-09-18 04:08:08,ibis budget Auckland Central,2026-10-08,Booking.com,117,Double Studio,v3
2026-09-18 04:08:08,ibis budget Auckland Central,2026-10-08,Official site,99,Chic Princes Wharf Studio | City View | Parking,v3
2026-09-18 04:08:08,ibis budget Auckland Central,2026-10-08,Super.com,99,,v3
2026-09-18 04:08:15,The Quadrant Hotel & Suites Auckland,2026-10-08,Agoda,121,,v3
2026-09-18 04:08:15,The Quadrant Hotel & Suites Auckland,2026-10-08,Booking.com,121,Classic One-Bedroom Apartment,v3
2026-09-18 04:08:15,The Quadrant Hotel & Suites Auckland,2026-10-08,Official site,138,,v3
2026-09-18 04:08:15,The Quadrant Hotel & Suites Auckland,2026-10-08,Super.com,99,,v3
2026-09-18 04:08:15,The Quadrant Hotel & Suites Auckland,2026-10-08,Wotif,99,Open The Quadrant Hotel & Suites in a new tab.,v3
2026-09-18 04:08:21,Copthorne Hotel Auckland City,2026-10-08,Booking.com,154,Superior 2 Double,v3
2026-09-18 04:08:21,Copthorne Hotel Auckland City,2026-10-08,Hotels.com,154,,v3
2026-09-18 04:08:21,Copthorne Hotel Auckland City,2026-10-08,Official site,119,Chic Princes Wharf Studio | City View | Parking,v3
2026-09-18 04:08:21,Copthorne Hotel Auckland City,2026-10-08,Super.com,119,,v3
2026-09-18 04:08:28,Albion Hotel Auckland,2026-10-08,Expedia,154,,v3
2026-09-18 04:08:28,Albion Hotel Auckland,2026-10-08,Hotels.com,154,Standard Double Room,v3
2026-09-18 04:08:28,Albion Hotel Auckland,2026-10-08,Official site,119,,v3
2026-09-18 04:08:28,Albion Hotel Auckland,2026-10-08,Super.com,93,,v3
2026-09-18 04:08:28,Albion Hotel Auckland,2026-10-08,Wotif,93,Chic Princes Wharf Studio | City View | Parking,v3
2026-09-18 04:08:34,Ascotia Off Queen Auckland,2026-10-08,Bluepillow,102,,v3
2026-09-18 04:08:34,Ascotia Off Queen Auckland,2026-10-08,Booking.com,113,King Room,v3
2026-09-18 04:08:34,Ascotia Off Queen Auckland,2026-10-08,Official site,96,Open Ascotia Off Queen in a new tab.,v3
2026-09-18 04:08:34,Ascotia Off Queen Auckland,2026-10-08,Super.com,96,,v3
2026-09-18 04:08:41,VR Queen Street Auckland,2026-10-09,Booking.com,284,,v3
2026-09-18 04:08:41,VR Queen Street Auckland,2026-10-09,Hotels.com,257,Standard King Room,v3
2026-09-18 04:08:41,VR Queen Street Auckland,2026-10-09,Official site,292,,v3
2026-09-18 04:08:41,VR Queen Street Auckland,2026-10-09,Super.com,222,,v3
2026-09-18 04:08:41,VR Queen Street Auckland,2026-10-09,Wotif,222,Open VR Queen Street - Hotel & Suites in a new tab.,v3
2026-09-18 04:08:47,VR Auckland City,2026-10-09,Hotels.com,330,One-Bedroom Apartment,v3
2026-09-18 04:08:47,VR Auckland City,2026-10-09,Super.com,253,,v3
2026-09-18 04:08:53,Shakespeare Hotel Auckland,2026-10-09,Official site,274,Penthouse - One-Bedroom Apartment,v3
2026-09-18 04:09:00,Auckland City Hotel,2026-10-09,Agoda,253,,v3
2026-09-18 04:09:00,Auckland City Hotel,2026-10-09,Booking.com,263,Standard Queen Room,v3
2026-09-18 04:09:00,Auckland City Hotel,2026-10-09,Official site,159,Penthouse - One-Bedroom Apartment,v3
2026-09-18 04:09:00,Auckland City Hotel,2026-10-09,Super.com,159,,v3
2026-09-18 04:09:06,ibis budget Auckland Central,2026-10-09,Booking.com,221,Double Studio,v3
2026-09-18 04:09:06,ibis budget Auckland Central,2026-10-09,Official site,182,Penthouse - One-Bedroom Apartment,v3
2026-09-18 04:09:06,ibis budget Auckland Central,2026-10-09,Super.com,182,,v3
2026-09-18 04:09:13,The Quadrant Hotel & Suites Auckland,2026-10-09,Booking.com,259,Classic One Bedroom Apartment,v3
2026-09-18 04:09:13,The Quadrant Hotel & Suites Auckland,2026-10-09,Expedia,283,,v3
2026-09-18 04:09:13,The Quadrant Hotel & Suites Auckland,2026-10-09,Official site,292,,v3
2026-09-18 04:09:13,The Quadrant Hotel & Suites Auckland,2026-10-09,Super.com,215,,v3
2026-09-18 04:09:13,The Quadrant Hotel & Suites Auckland,2026-10-09,Wotif,215,Open The Quadrant Hotel & Suites in a new tab.,v3
2026-09-18 04:09:19,Copthorne Hotel Auckland City,2026-10-09,Booking.com,349,Superior 2 Double,v3
2026-09-18 04:09:19,Copthorne Hotel Auckland City,2026-10-09,Expedia,320,,v3
2026-09-18 04:09:19,Copthorne Hotel Auckland City,2026-10-09,Official site,265,Penthouse - One-Bedroom Apartment,v3
2026-09-18 04:09:19,Copthorne Hotel Auckland City,2026-10-09,Super.com,265,,v3
2026-09-18 04:09:26,Albion Hotel Auckland,2026-10-09,Hotels.com,214,Standard Double Room,v3
2026-09-18 04:09:26,Albion Hotel Auckland,2026-10-09,Official site,139,Penthouse - One-Bedroom Apartment,v3
2026-09-18 04:09:26,Albion Hotel Auckland,2026-10-09,Super.com,139,,v3
2026-09-18 04:09:32,Ascotia Off Queen Auckland,2026-10-09,Booking.com,155,King Room,v3
2026-09-18 04:09:32,Ascotia Off Queen Auckland,2026-10-09,Expedia,144,,v3
2026-09-18 04:09:32,Ascotia Off Queen Auckland,2026-10-09,Official site,124,Open Ascotia Off Queen in a new tab.,v3
2026-09-18 04:09:32,Ascotia Off Queen Auckland,2026-10-09,Super.com,124,,v3
2026-09-18 04:09:32,Ascotia Off Queen Auckland,2026-10-09,Trip.com,132,,v3
2026-09-18 04:09:38,VR Queen Street Auckland,2026-10-10,Booking.com,290,,v3
2026-09-18 04:09:38,VR Queen Street Auckland,2026-10-10,Hotels.com,263,Standard King Room,v3
2026-09-18 04:09:38,VR Queen Street Auckland,2026-10-10,Official site,299,,v3
2026-09-18 04:09:38,VR Queen Street Auckland,2026-10-10,Super.com,227,,v3
2026-09-18 04:09:38,VR Queen Street Auckland,2026-10-10,Wotif,227,Open VR Queen Street - Hotel & Suites in a new tab.,v3
2026-09-18 04:09:45,VR Auckland City,2026-10-10,Booking.com,590,Studio Apartment,v3
2026-09-18 04:09:45,VR Auckland City,2026-10-10,Super.com,452,,v3
2026-09-18 04:09:54,Auckland City Hotel,2026-10-10,Booking.com,319,,v3
2026-09-18 04:09:54,Auckland City Hotel,2026-10-10,Hotels.com,311,,v3
2026-09-18 04:09:54,Auckland City Hotel,2026-10-10,Official site,233,,v3
2026-09-18 04:09:54,Auckland City Hotel,2026-10-10,Super.com,233,,v3
2026-09-18 04:10:00,ibis budget Auckland Central,2026-10-10,Booking.com,279,,v3
2026-09-18 04:10:00,ibis budget Auckland Central,2026-10-10,Official site,236,,v3
2026-09-18 04:10:00,ibis budget Auckland Central,2026-10-10,Super.com,236,,v3
2026-09-18 04:10:07,The Quadrant Hotel & Suites Auckland,2026-10-10,Booking.com,337,Classic One-Bedroom Apartment,v3
2026-09-18 04:10:07,The Quadrant Hotel & Suites Auckland,2026-10-10,Official site,255,Open The Quadrant Hotel & Suites in a new tab.,v3
2026-09-18 04:10:07,The Quadrant Hotel & Suites Auckland,2026-10-10,Super.com,255,,v3
2026-09-18 04:10:14,Copthorne Hotel Auckland City,2026-10-10,Booking.com,399,Superior Accessible 1 King or 2 Singles,v3
2026-09-18 04:10:14,Copthorne Hotel Auckland City,2026-10-10,Official site,309,,v3
2026-09-18 04:10:14,Copthorne Hotel Auckland City,2026-10-10,Super.com,309,,v3
2026-09-18 04:10:21,Albion Hotel Auckland,2026-10-10,Hotels.com,333,Standard Room,v3
2026-09-18 04:10:21,Albion Hotel Auckland,2026-10-10,Official site,257,,v3
2026-09-18 04:10:21,Albion Hotel Auckland,2026-10-10,Super.com,197,,v3
2026-09-18 04:10:21,Albion Hotel Auckland,2026-10-10,Wotif,197,,v3
2026-09-18 04:10:27,Ascotia Off Queen Auckland,2026-10-10,Booking.com,320,King Room,v3
2026-09-18 04:10:27,Ascotia Off Queen Auckland,2026-10-10,Expedia,298,,v3
2026-09-18 04:10:27,Ascotia Off Queen Auckland,2026-10-10,Hotels.com,290,,v3
2026-09-18 04:10:27,Ascotia Off Queen Auckland,2026-10-10,Official site,273,Open Ascotia Off Queen in a new tab.,v3
2026-09-18 04:10:27,Ascotia Off Queen Auckland,2026-10-10,Trip.com,273,,v3
2026-09-18 04:10:34,VR Queen Street Auckland,2026-10-11,Booking.com,122,Standard King Room,v3
2026-09-18 04:10:34,VR Queen Street Auckland,2026-10-11,Expedia,122,,v3
2026-09-18 04:10:34,VR Queen Street Auckland,2026-10-11,Official site,125,,v3
2026-09-18 04:10:34,VR Queen Street Auckland,2026-10-11,Super.com,96,,v3
2026-09-18 04:10:34,VR Queen Street Auckland,2026-10-11,Wotif,96,Open VR Queen Street - Hotel & Suites in a new tab.,v3
2026-09-18 04:10:40,VR Auckland City,2026-10-11,Booking.com,112,Studio Apartment,v3
2026-09-18 04:10:40,VR Auckland City,2026-10-11,Super.com,90,,v3
2026-09-18 04:10:46,Shakespeare Hotel Auckland,2026-10-11,Booking.com,109,,v3
2026-09-18 04:10:46,Shakespeare Hotel Auckland,2026-10-11,Hotels.com,102,Double Room,v3
2026-09-18 04:10:46,Shakespeare Hotel Auckland,2026-10-11,Official site,130,,v3
2026-09-18 04:10:46,Shakespeare Hotel Auckland,2026-10-11,Super.com,91,,v3
2026-09-18 04:10:46,Shakespeare Hotel Auckland,2026-10-11,Wotif,91,Chic Princes Wharf Studio | City View | Parking,v3
2026-09-18 04:10:53,Auckland City Hotel,2026-10-11,Booking.com,161,Standard Queen Room,v3
2026-09-18 04:10:53,Auckland City Hotel,2026-10-11,Hotels.com,134,,v3
2026-09-18 04:10:53,Auckland City Hotel,2026-10-11,Official site,99,Chic Princes Wharf Studio | City View | Parking,v3
2026-09-18 04:10:53,Auckland City Hotel,2026-10-11,Super.com,99,,v3
2026-09-18 04:10:59,ibis budget Auckland Central,2026-10-11,Booking.com,95,,v3
2026-09-18 04:10:59,ibis budget Auckland Central,2026-10-11,Expedia,95,"Studio, 1 Double Bed",v3
2026-09-18 04:10:59,ibis budget Auckland Central,2026-10-11,Official site,80,Chic Princes Wharf Studio | City View | Parking,v3
2026-09-18 04:10:59,ibis budget Auckland Central,2026-10-11,Super.com,80,,v3
2026-09-18 04:11:06,The Quadrant Hotel & Suites Auckland,2026-10-11,Booking.com,102,Classic One-Bedroom Apartment,v3
2026-09-18 04:11:06,The Quadrant Hotel & Suites Auckland,2026-10-11,Hotels.com,108,,v3
2026-09-18 04:11:06,The Quadrant Hotel & Suites Auckland,2026-10-11,Official site,86,Open The Quadrant Hotel & Suites in a new tab.,v3
2026-09-18 04:11:06,The Quadrant Hotel & Suites Auckland,2026-10-11,Super.com,86,,v3
2026-09-18 04:11:12,Copthorne Hotel Auckland City,2026-10-11,Booking.com,136,Superior 2 Double,v3
2026-09-18 04:11:12,Copthorne Hotel Auckland City,2026-10-11,Hotels.com,136,,v3
2026-09-18 04:11:12,Copthorne Hotel Auckland City,2026-10-11,Official site,135,,v3
2026-09-18 04:11:12,Copthorne Hotel Auckland City,2026-10-11,Super.com,101,,v3
2026-09-18 04:11:12,Copthorne Hotel Auckland City,2026-10-11,Wotif,101,Chic Princes Wharf Studio | City View | Parking,v3
2026-09-18 04:11:19,Albion Hotel Auckland,2026-10-11,Expedia,124,Standard Double Room,v3
2026-09-18 04:11:19,Albion Hotel Auckland,2026-10-11,Hotels.com,124,,v3
2026-09-18 04:11:19,Albion Hotel Auckland,2026-10-11,Official site,95,,v3
2026-09-18 04:11:19,Albion Hotel Auckland,2026-10-11,Super.com,77,,v3
2026-09-18 04:11:19,Albion Hotel Auckland,2026-10-11,Wotif,77,Chic Princes Wharf Studio | City View | Parking,v3
2026-09-18 04:11:25,Ascotia Off Queen Auckland,2026-10-11,Booking.com,109,Queen Room,v3
2026-09-18 04:11:25,Ascotia Off Queen Auckland,2026-10-11,Expedia,109,,v3
2026-09-18 04:11:25,Ascotia Off Queen Auckland,2026-10-11,Official site,109,,v3
2026-09-18 04:11:25,Ascotia Off Queen Auckland,2026-10-11,Super.com,88,,v3
2026-09-18 04:11:25,Ascotia Off Queen Auckland,2026-10-11,Wotif,88,Open Ascotia Off Queen in a new tab.,v3
2026-09-18 04:11:31,VR Queen Street Auckland,2026-10-12,Booking.com,122,Standard King Room,v3
2026-09-18 04:11:31,VR Queen Street Auckland,2026-10-12,Hotels.com,108,,v3
2026-09-18 04:11:31,VR Queen Street Auckland,2026-10-12,Official site,95,Open VR Queen Street - Hotel & Suites in a new tab.,v3
2026-09-18 04:11:31,VR Queen Street Auckland,2026-10-12,Super.com,95,,v3
2026-09-18 04:11:38,VR Auckland City,2026-10-12,Booking.com,131,Studio Apartment,v3
2026-09-18 04:11:38,VR Auckland City,2026-10-12,Super.com,102,,v3
2026-09-18 04:11:38,VR Auckland City,2026-10-12,Wotif,84,ibis budget Auckland Central - Double Studio,v3
2026-09-18 04:11:44,Shakespeare Hotel Auckland,2026-10-12,Booking.com,104,Double Room,v3
2026-09-18 04:11:44,Shakespeare Hotel Auckland,2026-10-12,Hotels.com,120,,v3
2026-09-18 04:11:44,Shakespeare Hotel Auckland,2026-10-12,Official site,130,,v3
2026-09-18 04:11:44,Shakespeare Hotel Auckland,2026-10-12,Super.com,89,,v3
2026-09-18 04:11:44,Shakespeare Hotel Auckland,2026-10-12,Wotif,89,ibis budget Auckland Central - Double Studio,v3
2026-09-18 04:11:51,Auckland City Hotel,2026-10-12,Booking.com,156,Standard Queen Room,v3
2026-09-18 04:11:51,Auckland City Hotel,2026-10-12,Hotels.com,134,,v3
2026-09-18 04:11:51,Auckland City Hotel,2026-10-12,Official site,213,,v3
2026-09-18 04:11:51,Auckland City Hotel,2026-10-12,Super.com,100,,v3
2026-09-18 04:11:51,Auckland City Hotel,2026-10-12,Wotif,100,ibis budget Auckland Central - Double Studio,v3
2026-09-18 04:11:57,ibis budget Auckland Central,2026-10-12,Booking.com,104,Double Studio,v3
2026-09-18 04:11:57,ibis budget Auckland Central,2026-10-12,Expedia,104,,v3
2026-09-18 04:11:57,ibis budget Auckland Central,2026-10-12,Official site,104,,v3
2026-09-18 04:11:57,ibis budget Auckland Central,2026-10-12,Super.com,88,,v3
2026-09-18 04:11:57,ibis budget Auckland Central,2026-10-12,Wotif,88,ibis budget Auckland Central - Double Studio,v3
2026-09-18 04:12:04,The Quadrant Hotel & Suites Auckland,2026-10-12,Booking.com,97,Deluxe Queen Studio,v3
2026-09-18 04:12:04,The Quadrant Hotel & Suites Auckland,2026-10-12,Expedia,97,,v3
2026-09-18 04:12:04,The Quadrant Hotel & Suites Auckland,2026-10-12,Official site,100,,v3
2026-09-18 04:12:04,The Quadrant Hotel & Suites Auckland,2026-10-12,Super.com,75,,v3
2026-09-18 04:12:04,The Quadrant Hotel & Suites Auckland,2026-10-12,Wotif,75,Open The Quadrant Hotel & Suites in a new tab.,v3
2026-09-18 04:12:10,Copthorne Hotel Auckland City,2026-10-12,Booking.com,141,Superior 2 Double,v3
2026-09-18 04:12:10,Copthorne Hotel Auckland City,2026-10-12,Official site,107,ibis budget Auckland Central - Double Studio,v3
2026-09-18 04:12:10,Copthorne Hotel Auckland City,2026-10-12,Super.com,107,,v3
2026-09-18 04:12:16,Albion Hotel Auckland,2026-10-12,Hotels.com,124,Standard Double Room,v3
2026-09-18 04:12:16,Albion Hotel Auckland,2026-10-12,Official site,76,ibis budget Auckland Central - Double Studio,v3
2026-09-18 04:12:16,Albion Hotel Auckland,2026-10-12,Super.com,76,,v3
2026-09-18 04:12:23,Ascotia Off Queen Auckland,2026-10-12,Booking.com,109,Queen Room,v3
2026-09-18 04:12:23,Ascotia Off Queen Auckland,2026-10-12,Expedia,100,,v3
2026-09-18 04:12:23,Ascotia Off Queen Auckland,2026-10-12,Super.com,88,,v3
2026-09-18 04:12:23,Ascotia Off Queen Auckland,2026-10-12,Trip.com,93,,v3
2026-09-18 04:12:23,Ascotia Off Queen Auckland,2026-10-12,Wotif,88,Open Ascotia Off Queen in a new tab.,v3
2026-09-18 04:12:29,VR Queen Street Auckland,2026-10-13,Booking.com,122,,v3
2026-09-18 04:12:29,VR Queen Street Auckland,2026-10-13,Hotels.com,108,Standard King Room,v3
2026-09-18 04:12:29,VR Queen Street Auckland,2026-10-13,Official site,125,,v3
2026-09-18 04:12:29,VR Queen Street Auckland,2026-10-13,Super.com,95,,v3
2026-09-18 04:12:29,VR Queen Street Auckland,2026-10-13,Wotif,95,Open VR Queen Street - Hotel & Suites in a new tab.,v3
2026-09-18 04:12:36,VR Auckland City,2026-10-13,Booking.com,113,Studio Studio Apartment,v3
2026-09-18 04:12:36,VR Auckland City,2026-10-13,Super.com,90,,v3
2026-09-18 04:12:36,VR Auckland City,2026-10-13,Wotif,84,Auckland Harbour Suites,v3
2026-09-18 04:12:42,Shakespeare Hotel Auckland,2026-10-13,Bluepillow,90,,v3
2026-09-18 04:12:42,Shakespeare Hotel Auckland,2026-10-13,Booking.com,109,Double Room,v3
2026-09-18 04:12:42,Shakespeare Hotel Auckland,2026-10-13,Hotels.com,93,,v3
2026-09-18 04:12:42,Shakespeare Hotel Auckland,2026-10-13,Official site,130,,v3
2026-09-18 04:12:42,Shakespeare Hotel Auckland,2026-10-13,Wotif,90,Auckland Harbour Suites,v3
2026-09-18 04:12:48,Auckland City Hotel,2026-10-13,Booking.com,161,Standard Queen Room,v3
2026-09-18 04:12:48,Auckland City Hotel,2026-10-13,Hotels.com,152,,v3
2026-09-18 04:12:48,Auckland City Hotel,2026-10-13,Official site,100,Auckland Harbour Suites,v3
2026-09-18 04:12:48,Auckland City Hotel,2026-10-13,Super.com,100,,v3
2026-09-18 04:12:55,ibis budget Auckland Central,2026-10-13,Booking.com,104,,v3
2026-09-18 04:12:55,ibis budget Auckland Central,2026-10-13,Expedia,104,"Studio, 1 Double Bed",v3
2026-09-18 04:12:55,ibis budget Auckland Central,2026-10-13,Official site,104,,v3
2026-09-18 04:12:55,ibis budget Auckland Central,2026-10-13,Super.com,86,,v3
2026-09-18 04:12:55,ibis budget Auckland Central,2026-10-13,Wotif,86,Auckland Harbour Suites,v3
2026-09-18 04:13:01,The Quadrant Hotel & Suites Auckland,2026-10-13,Booking.com,113,Classic One-Bedroom Apartment,v3
2026-09-18 04:13:01,The Quadrant Hotel & Suites Auckland,2026-10-13,Hotels.com,113,,v3
2026-09-18 04:13:01,The Quadrant Hotel & Suites Auckland,2026-10-13,Official site,129,,v3
2026-09-18 04:13:01,The Quadrant Hotel & Suites Auckland,2026-10-13,Super.com,92,,v3
2026-09-18 04:13:01,The Quadrant Hotel & Suites Auckland,2026-10-13,Wotif,92,Open The Quadrant Hotel & Suites in a new tab.,v3
2026-09-18 04:13:08,Copthorne Hotel Auckland City,2026-10-13,Booking.com,159,Superior 2 Double,v3
2026-09-18 04:13:08,Copthorne Hotel Auckland City,2026-10-13,Hotels.com,159,,v3
2026-09-18 04:13:08,Copthorne Hotel Auckland City,2026-10-13,Official site,158,,v3
2026-09-18 04:13:08,Copthorne Hotel Auckland City,2026-10-13,Super.com,121,,v3
2026-09-18 04:13:08,Copthorne Hotel Auckland City,2026-10-13,Wotif,121,Auckland Harbour Suites,v3
2026-09-18 04:13:14,Albion Hotel Auckland,2026-10-13,Expedia,124,Standard Double Room,v3
2026-09-18 04:13:14,Albion Hotel Auckland,2026-10-13,Hotels.com,124,,v3
2026-09-18 04:13:14,Albion Hotel Auckland,2026-10-13,Official site,76,Auckland Harbour Suites,v3
2026-09-18 04:13:14,Albion Hotel Auckland,2026-10-13,Super.com,76,,v3
2026-09-18 04:13:20,Ascotia Off Queen Auckland,2026-10-13,Bluepillow,94,,v3
2026-09-18 04:13:20,Ascotia Off Queen Auckland,2026-10-13,Booking.com,109,,v3
2026-09-18 04:13:20,Ascotia Off Queen Auckland,2026-10-13,Expedia,100,Queen Room,v3
2026-09-18 04:13:20,Ascotia Off Queen Auckland,2026-10-13,Official site,94,Open Ascotia Off Queen in a new tab.,v3
2026-09-18 04:13:26,VR Queen Street Auckland,2026-10-14,Booking.com,122,Standard King Room,v3
2026-09-18 04:13:26,VR Queen Street Auckland,2026-10-14,Hotels.com,108,,v3
2026-09-18 04:13:26,VR Queen Street Auckland,2026-10-14,Official site,95,Open VR Queen Street - Hotel & Suites in a new tab.,v3
2026-09-18 04:13:26,VR Queen Street Auckland,2026-10-14,Super.com,95,,v3
2026-09-18 04:13:33,VR Auckland City,2026-10-14,Booking.com,117,Studio Apartment,v3
2026-09-18 04:13:33,VR Auckland City,2026-10-14,Super.com,91,,v3
2026-09-18 04:13:39,Shakespeare Hotel Auckland,2026-10-14,Booking.com,109,,v3
2026-09-18 04:13:39,Shakespeare Hotel Auckland,2026-10-14,Hotels.com,98,Double Room,v3
2026-09-18 04:13:39,Shakespeare Hotel Auckland,2026-10-14,Official site,88,The Quadrant Hotel & Suites,v3
2026-09-18 04:13:39,Shakespeare Hotel Auckland,2026-10-14,Super.com,88,,v3
2026-09-18 04:13:45,Auckland City Hotel,2026-10-14,Booking.com,128,Standard Room with Two Single Beds,v3
2026-09-18 04:13:45,Auckland City Hotel,2026-10-14,Official site,100,The Quadrant Hotel & Suites,v3
2026-09-18 04:13:45,Auckland City Hotel,2026-10-14,Super.com,100,,v3
2026-09-18 04:13:52,ibis budget Auckland Central,2026-10-14,Expedia,95,"Studio, 1 Double Bed",v3
2026-09-18 04:13:52,ibis budget Auckland Central,2026-10-14,Official site,95,,v3
2026-09-18 04:13:52,ibis budget Auckland Central,2026-10-14,Super.com,80,,v3
2026-09-18 04:13:52,ibis budget Auckland Central,2026-10-14,Wotif,80,The Quadrant Hotel & Suites,v3
2026-09-18 04:13:58,The Quadrant Hotel & Suites Auckland,2026-10-14,Booking.com,109,,v3
2026-09-18 04:13:58,The Quadrant Hotel & Suites Auckland,2026-10-14,Hotels.com,109,Classic One-Bedroom Apartment,v3
2026-09-18 04:13:58,The Quadrant Hotel & Suites Auckland,2026-10-14,Official site,89,Open The Quadrant Hotel & Suites in a new tab.,v3
2026-09-18 04:13:58,The Quadrant Hotel & Suites Auckland,2026-10-14,Super.com,89,,v3
2026-09-18 04:14:05,Copthorne Hotel Auckland City,2026-10-14,Booking.com,145,Superior 2 Double,v3
2026-09-18 04:14:05,Copthorne Hotel Auckland City,2026-10-14,Official site,110,The Quadrant Hotel & Suites,v3
2026-09-18 04:14:05,Copthorne Hotel Auckland City,2026-10-14,Super.com,110,,v3
2026-09-18 04:14:11,Albion Hotel Auckland,2026-10-14,Expedia,124,,v3
2026-09-18 04:14:11,Albion Hotel Auckland,2026-10-14,Hotels.com,124,Standard Double Room,v3
2026-09-18 04:14:11,Albion Hotel Auckland,2026-10-14,Official site,77,The Quadrant Hotel & Suites,v3
2026-09-18 04:14:11,Albion Hotel Auckland,2026-10-14,Super.com,77,,v3
2026-09-18 04:14:18,Ascotia Off Queen Auckland,2026-10-14,Bluepillow,94,,v3
2026-09-18 04:14:18,Ascotia Off Queen Auckland,2026-10-14,Booking.com,109,Queen Room,v3
2026-09-18 04:14:18,Ascotia Off Queen Auckland,2026-10-14,Official site,88,Open Ascotia Off Queen in a new tab.,v3
2026-09-18 04:14:18,Ascotia Off Queen Auckland,2026-10-14,Super.com,88,,v3
2026-09-18 04:14:24,VR Queen Street Auckland,2026-10-15,Booking.com,122,Standard King Room,v3
2026-09-18 04:14:24,VR Queen Street Auckland,2026-10-15,Hotels.com,108,,v3
2026-09-18 04:14:24,VR Queen Street Auckland,2026-10-15,Official site,96,Open VR Queen Street - Hotel & Suites in a new tab.,v3
2026-09-18 04:14:24,VR Queen Street Auckland,2026-10-15,Super.com,96,,v3
2026-09-18 04:14:30,VR Auckland City,2026-10-15,Booking.com,126,One-Bedroom Apartment,v3
2026-09-18 04:14:30,VR Auckland City,2026-10-15,Super.com,97,,v3
2026-09-18 04:14:30,VR Auckland City,2026-10-15,Wotif,84,The Quadrant Hotel & Suites,v3
2026-09-18 04:14:36,Shakespeare Hotel Auckland,2026-10-15,Booking.com,109,,v3
2026-09-18 04:14:36,Shakespeare Hotel Auckland,2026-10-15,Hotels.com,97,Double Room,v3
2026-09-18 04:14:36,Shakespeare Hotel Auckland,2026-10-15,Official site,130,,v3
2026-09-18 04:14:36,Shakespeare Hotel Auckland,2026-10-15,Super.com,87,,v3
2026-09-18 04:14:36,Shakespeare Hotel Auckland,2026-10-15,Wotif,87,The Quadrant Hotel & Suites,v3
2026-09-18 04:14:42,Auckland City Hotel,2026-10-15,Booking.com,194,Standard Room with Two Single Beds,v3
2026-09-18 04:14:42,Auckland City Hotel,2026-10-15,Expedia,134,,v3
2026-09-18 04:14:42,Auckland City Hotel,2026-10-15,Official site,213,,v3
2026-09-18 04:14:42,Auckland City Hotel,2026-10-15,Super.com,98,,v3
2026-09-18 04:14:42,Auckland City Hotel,2026-10-15,Wotif,98,,v3
2026-09-18 04:14:49,ibis budget Auckland Central,2026-10-15,Booking.com,108,Double Studio,v3
2026-09-18 04:14:49,ibis budget Auckland Central,2026-10-15,Official site,93,The Quadrant Hotel & Suites,v3
2026-09-18 04:14:49,ibis budget Auckland Central,2026-10-15,Super.com,93,,v3
2026-09-18 04:14:56,The Quadrant Hotel & Suites Auckland,2026-10-15,Booking.com,113,,v3
2026-09-18 04:14:56,The Quadrant Hotel & Suites Auckland,2026-10-15,Hotels.com,113,Classic One-Bedroom Apartment,v3
2026-09-18 04:14:56,The Quadrant Hotel & Suites Auckland,2026-10-15,Official site,93,Open The Quadrant Hotel & Suites in a new tab.,v3
2026-09-18 04:14:56,The Quadrant Hotel & Suites Auckland,2026-10-15,Super.com,93,,v3
2026-09-18 04:15:02,Copthorne Hotel Auckland City,2026-10-15,Booking.com,141,,v3
2026-09-18 04:15:02,Copthorne Hotel Auckland City,2026-10-15,Expedia,141,"Superior Room, 2 Double Beds",v3
2026-09-18 04:15:02,Copthorne Hotel Auckland City,2026-10-15,Official site,107,The Quadrant Hotel & Suites,v3
2026-09-18 04:15:02,Copthorne Hotel Auckland City,2026-10-15,Super.com,107,,v3
2026-09-18 04:15:08,Albion Hotel Auckland,2026-10-15,Expedia,154,Standard Double Room,v3
2026-09-18 04:15:08,Albion Hotel Auckland,2026-10-15,Hotels.com,154,,v3
2026-09-18 04:15:08,Albion Hotel Auckland,2026-10-15,Official site,94,The Quadrant Hotel & Suites,v3
2026-09-18 04:15:08,Albion Hotel Auckland,2026-10-15,Super.com,94,,v3
2026-09-18 04:15:15,Ascotia Off Queen Auckland,2026-10-15,Bluepillow,94,,v3
2026-09-18 04:15:15,Ascotia Off Queen Auckland,2026-10-15,Booking.com,109,Queen Room,v3
2026-09-18 04:15:15,Ascotia Off Queen Auckland,2026-10-15,Expedia,100,,v3
2026-09-18 04:15:15,Ascotia Off Queen Auckland,2026-10-15,Official site,87,Open Ascotia Off Queen in a new tab.,v3
2026-09-18 04:15:15,Ascotia Off Queen Auckland,2026-10-15,Super.com,87,,v3
2026-09-18 04:15:21,VR Queen Street Auckland,2026-10-16,Booking.com,167,,v3
2026-09-18 04:15:21,VR Queen Street Auckland,2026-10-16,Hotels.com,150,Standard King Room,v3
2026-09-18 04:15:21,VR Queen Street Auckland,2026-10-16,Official site,130,Open VR Queen Street - Hotel & Suites in a new tab.,v3
2026-09-18 04:15:21,VR Queen Street Auckland,2026-10-16,Super.com,130,,v3
2026-09-18 04:15:28,VR Auckland City,2026-10-16,Booking.com,184,Executive One-Bedroom Apartment,v3
2026-09-18 04:15:28,VR Auckland City,2026-10-16,Super.com,142,,v3
2026-09-18 04:15:28,VR Auckland City,2026-10-16,Wotif,102,Penthouse,v3
2026-09-18 04:15:34,Shakespeare Hotel Auckland,2026-10-16,Expedia,96,,v3
2026-09-18 04:15:34,Shakespeare Hotel Auckland,2026-10-16,Hotels.com,96,Double Room,v3
2026-09-18 04:15:34,Shakespeare Hotel Auckland,2026-10-16,Official site,85,Penthouse,v3
2026-09-18 04:15:34,Shakespeare Hotel Auckland,2026-10-16,Super.com,85,,v3
2026-09-18 04:15:40,Auckland City Hotel,2026-10-16,Booking.com,218,Standard Queen Room,v3
2026-09-18 04:15:40,Auckland City Hotel,2026-10-16,Expedia,186,,v3
2026-09-18 04:15:40,Auckland City Hotel,2026-10-16,Official site,298,,v3
2026-09-18 04:15:40,Auckland City Hotel,2026-10-16,Super.com,137,,v3
2026-09-18 04:15:40,Auckland City Hotel,2026-10-16,Wotif,137,Penthouse,v3
2026-09-18 04:15:47,ibis budget Auckland Central,2026-10-16,Booking.com,158,Double Studio,v3
2026-09-18 04:15:47,ibis budget Auckland Central,2026-10-16,Official site,135,Penthouse,v3
2026-09-18 04:15:47,ibis budget Auckland Central,2026-10-16,Super.com,135,,v3
2026-09-18 04:15:53,The Quadrant Hotel & Suites Auckland,2026-10-16,Booking.com,193,,v3
2026-09-18 04:15:53,The Quadrant Hotel & Suites Auckland,2026-10-16,Hotels.com,175,Classic One-Bedroom Apartment,v3
2026-09-18 04:15:53,The Quadrant Hotel & Suites Auckland,2026-10-16,Official site,199,,v3
2026-09-18 04:15:53,The Quadrant Hotel & Suites Auckland,2026-10-16,Super.com,146,,v3
2026-09-18 04:15:53,The Quadrant Hotel & Suites Auckland,2026-10-16,Wotif,146,Open The Quadrant Hotel & Suites in a new tab.,v3
2026-09-18 04:16:00,Copthorne Hotel Auckland City,2026-10-16,Booking.com,188,Superior 2 Double,v3
2026-09-18 04:16:00,Copthorne Hotel Auckland City,2026-10-16,Official site,158,Penthouse,v3
2026-09-18 04:16:00,Copthorne Hotel Auckland City,2026-10-16,Super.com,158,,v3
2026-09-18 04:16:06,Albion Hotel Auckland,2026-10-16,Expedia,168,,v3
2026-09-18 04:16:06,Albion Hotel Auckland,2026-10-16,Hotels.com,168,Basic Triple Room,v3
2026-09-18 04:16:06,Albion Hotel Auckland,2026-10-16,Official site,113,Penthouse,v3
2026-09-18 04:16:06,Albion Hotel Auckland,2026-10-16,Super.com,113,,v3
2026-09-18 04:16:13,Ascotia Off Queen Auckland,2026-10-16,Booking.com,165,Queen Room,v3
2026-09-18 04:16:13,Ascotia Off Queen Auckland,2026-10-16,Super.com,134,,v3
2026-09-18 04:16:13,Ascotia Off Queen Auckland,2026-10-16,Trip.com,141,,v3
2026-09-18 04:16:13,Ascotia Off Queen Auckland,2026-10-16,Wotif,134,Open Ascotia Off Queen in a new tab.,v3
